NORADID,数据点数,机动次数,平均高度_km,高度最小值_km,高度最大值_km
57996,74177,305,432.29,133.42,459.27
63038,38871,281,441.01,295.46,506.76
63046,39694,275,441.44,296.64,484.96
62957,40074,274,466.38,312.83,489.07
60372,72055,254,462.63,286.85,488.86
58244,94410,248,564.95,555.27,596.13
53222,73539,246,541.89,69.6,583.68
58599,80160,245,445.44,187.53,498.96
60373,71283,243,462.94,286.99,490.58
58946,94267,241,483.63,472.89,526.87
63023,39547,241,474.13,330.22,494.08
58106,99173,237,474.09,446.09,514.17
63638,20355,235,463.35,306.15,493.56
62120,46457,218,474.83,310.79,494.14
57664,60011,211,470.14,67.26,518.08
63120,36534,209,465.89,312.02,494.37
61927,47813,206,461.14,288.66,494.77
45785,52361,203,444.58,76.1,560.6
63047,39110,201,440.24,296.41,461.48
63024,38592,198,473.0,330.24,494.9
47670,68316,190,511.12,97.1,561.35
47651,66717,188,530.98,92.95,561.63
53223,66227,186,558.95,55.3,580.13
62321,44816,183,446.48,305.31,497.06
47977,61033,180,525.75,77.91,561.52
46770,67720,179,509.2,72.41,561.84
55713,21889,179,351.45,155.5,368.23
54786,24905,178,471.8,110.27,553.26
59837,84659,178,461.84,324.99,493.83
45221,67431,177,511.86,161.43,562.92
59094,27285,176,322.59,131.73,379.03
55409,74479,175,554.24,133.94,588.91
45732,28695,172,368.33,53.28,546.94
55363,65738,172,541.23,123.99,570.09
45547,30530,172,361.82,125.68,545.26
45372,30414,171,365.42,103.32,539.04
63073,38339,170,442.26,255.13,493.94
53549,27837,170,471.51,100.89,553.07
64251,14815,169,430.14,305.24,493.76
63653,22180,169,464.26,312.19,495.73
47607,66892,168,512.6,103.37,561.63
59666,88033,167,466.05,415.83,494.22
47996,59613,165,518.75,103.26,561.42
47917,64978,165,511.95,96.69,561.0
53990,25560,164,468.2,100.03,553.19
63635,22245,160,462.67,292.07,494.25
47835,28245,159,399.98,109.94,560.62
62856,39605,158,458.48,326.65,512.16
47768,59655,157,510.23,110.84,561.36
58479,46019,156,420.52,81.02,454.65
46759,79856,156,505.9,89.76,562.32
53818,62259,155,470.21,107.21,529.84
62958,40300,154,459.6,312.65,489.29
60447,70751,152,468.21,274.93,489.38
47777,89722,149,506.07,109.65,561.8
57846,58449,149,459.66,85.21,523.07
45691,24884,147,377.08,104.05,560.66
64384,10609,147,453.07,336.09,493.5
61968,48008,145,460.94,307.94,495.18
59940,86013,144,461.24,305.76,494.11
45401,83592,142,483.94,85.87,561.81
64250,13875,141,434.11,314.51,493.17
50824,35542,141,387.29,113.28,553.33
58888,31965,141,439.31,94.16,493.31
44764,51750,141,402.97,88.43,484.89
48147,25433,140,362.29,110.09,531.54
52547,71843,140,496.09,92.66,555.57
63703,21886,138,433.52,295.85,499.34
63048,40356,138,440.56,296.05,461.41
61975,47947,138,470.41,305.61,495.26
57431,80992,137,526.76,161.84,571.46
58805,29922,137,440.86,121.12,498.05
63071,38144,136,448.82,253.31,494.03
62866,39702,136,457.41,326.64,492.59
47394,59351,136,512.9,77.12,562.23
52261,55873,136,505.07,97.18,553.6
63655,23205,135,464.13,312.4,495.63
53865,56907,135,509.95,52.29,553.68
61679,51096,135,469.3,318.91,488.85
47737,20810,134,358.53,113.19,472.57
63656,21594,134,464.87,317.74,494.19
62953,40876,134,460.43,311.24,490.14
58802,62647,134,474.5,159.05,498.77
62808,40181,132,464.98,299.96,489.31
62922,38223,131,479.19,305.14,495.1
47564,83670,130,504.22,99.05,562.61
62860,38850,130,458.06,326.51,496.8
45411,70303,129,519.64,83.79,561.03
62826,38583,128,464.29,296.6,493.76
58832,95051,128,470.27,440.5,518.67
64115,15969,127,441.91,319.31,461.91
53281,56902,127,506.32,101.86,555.75
60362,72481,126,462.75,282.89,489.67
45713,12121,125,415.17,87.93,554.64
58108,106647,124,474.55,445.75,514.77
64009,17864,124,460.29,329.06,495.77
61716,51388,124,466.04,280.75,489.09
59382,90312,123,469.41,433.17,488.71
64267,15010,122,429.09,299.69,487.87
47885,59834,121,521.24,111.67,561.55
44720,87750,121,468.23,110.78,558.78
55490,92679,121,565.39,559.1,598.6
57823,96209,121,523.28,480.3,574.72
47597,68430,120,507.49,100.34,562.34
45683,64828,118,527.97,109.4,561.6
64365,11169,117,467.63,308.3,584.25
62304,44062,117,446.36,308.39,486.32
52696,53057,117,511.71,91.59,554.07
52683,52311,116,509.74,70.95,553.45
47897,28630,115,359.93,99.6,527.75
63652,22511,115,461.6,312.36,501.97
47665,62209,114,519.55,120.21,561.79
61067,19012,114,409.15,75.46,460.91
64241,16147,114,340.41,309.67,365.91
62736,38411,114,476.43,327.17,495.19
59635,92005,114,466.34,409.64,497.1
58772,96573,113,553.38,474.09,568.02
64183,15283,113,448.05,293.49,489.39
45562,57748,112,492.72,109.13,562.86
64178,14708,112,446.33,291.24,489.59
63643,21960,112,462.69,312.88,493.88
62862,38563,111,458.65,318.04,489.12
59749,89402,111,465.51,358.24,496.4
63644,21094,111,467.34,321.26,494.69
47580,90073,110,501.82,107.84,564.73
53021,50517,110,508.86,98.96,553.67
57295,83324,110,523.97,163.3,570.96
63648,21380,110,464.05,277.55,494.34
63446,30714,109,439.77,298.4,464.85
45574,18455,109,337.96,50.6,506.43
47636,65579,108,503.23,97.62,562.09
57844,99596,108,482.87,453.48,524.56
63700,22018,107,435.72,296.22,499.38
57304,87070,107,521.77,168.22,571.72
63068,36425,107,453.71,281.13,496.1
48480,25013,105,351.47,95.66,486.51
64226,14960,105,423.47,284.6,469.11
62318,39707,105,421.59,138.5,460.52
59736,87463,105,465.37,340.44,495.36
62821,39749,104,464.55,296.45,489.13
59183,69213,102,415.61,129.5,454.95
45659,10190,102,334.15,127.97,393.15
64116,16180,101,442.52,319.22,505.04
59609,88945,101,455.43,430.31,497.09
59197,93460,100,463.24,322.97,494.93
63093,41695,100,488.37,252.37,584.44
47888,72189,99,523.74,107.07,563.14
61681,52236,99,469.68,318.83,488.79
63433,29617,99,442.26,302.07,490.24
45559,33364,99,374.07,50.29,560.1
46534,77913,98,494.09,110.89,561.78
63086,39239,98,484.86,241.48,589.55
59585,90057,98,463.44,416.22,494.53
46031,56195,98,517.33,82.78,561.48
48008,83833,98,511.48,106.12,562.37
55695,21088,97,332.16,117.06,358.52
55710,24690,97,351.54,164.08,368.39
60347,75358,96,468.39,280.06,489.62
58854,98558,96,494.14,483.88,520.98
61675,51879,96,469.63,319.23,489.69
53714,56153,95,504.3,106.22,559.27
47846,20948,95,349.3,101.79,476.94
62955,39539,94,464.86,313.08,488.58
44944,37104,94,513.66,152.45,561.16
47372,55770,93,512.99,190.56,561.02
63078,41875,93,487.87,283.82,585.03
63020,40100,93,474.33,330.21,494.08
62952,39404,93,464.13,311.48,489.2
52495,62452,92,529.13,173.81,554.3
62311,43350,92,446.83,307.56,489.95
59618,87847,92,461.8,349.06,494.35
55578,66207,92,539.04,96.62,572.29
64111,15043,91,443.8,319.38,502.13
62809,37643,90,464.13,299.5,491.62
63976,19647,90,442.01,289.27,494.12
46722,6776,88,340.36,66.4,408.44
63972,19140,88,441.53,290.45,494.52
58803,98090,88,494.25,480.26,503.15
46704,9246,86,367.23,81.59,488.59
63096,41183,86,487.57,270.68,591.29
64373,10183,86,342.28,325.48,362.83
63031,39988,86,441.46,299.11,473.08
48446,33319,86,510.24,182.01,562.18
58789,101917,85,494.25,487.06,519.13
58036,97002,83,478.44,446.16,523.74
63824,21108,83,446.51,285.12,494.78
63714,23585,83,434.74,294.07,492.6
59935,13698,82,310.81,181.1,359.28
60443,72122,81,468.56,275.15,489.06
63084,40578,81,487.16,267.66,585.03
63721,22692,81,435.74,292.82,462.2
63634,22326,80,466.3,318.67,493.83
46037,74715,80,505.95,134.01,560.74
63820,21513,80,448.93,286.42,494.22
51797,20988,80,381.92,95.13,463.71
44719,97519,79,507.91,287.3,562.49
63087,40941,79,490.98,211.68,584.41
63439,28360,79,440.21,301.1,461.53
44945,79611,78,473.48,89.88,561.91
60031,83433,78,413.17,225.54,492.07
61916,50214,78,468.37,291.99,495.27
47177,62205,78,521.29,93.54,564.19
60340,72357,78,467.52,282.14,489.88
58107,99157,77,474.17,445.38,512.96
55298,37036,77,521.58,75.4,585.37
57994,98825,76,565.21,546.15,572.94
63705,22952,76,435.44,295.73,492.76
53133,54422,76,508.82,127.15,553.51
62770,39178,75,476.14,287.56,490.36
64689,9026,75,406.42,287.04,460.54
47153,64740,75,504.29,107.36,561.53
60154,81795,75,461.52,279.91,488.6
52460,56118,75,505.01,106.25,553.62
45681,15094,74,399.05,115.63,502.63
60311,60421,74,353.23,114.31,378.46
47599,28113,73,382.66,130.26,537.61
52279,5080,73,292.35,86.55,342.29
64110,16058,73,443.57,319.38,460.89
60287,72085,72,472.86,297.23,489.17
46754,50420,72,495.3,138.79,561.63
46779,62331,72,517.49,63.85,561.74
55705,21407,72,351.9,235.31,367.22
49764,23702,72,471.64,133.16,552.98
46327,90560,72,472.41,119.25,560.57
44746,30758,70,379.75,119.48,560.26
44740,70084,70,509.61,94.72,561.53
48014,74229,69,514.44,124.58,562.24
63844,20295,69,458.42,319.85,493.65
51730,56250,69,512.12,108.68,553.81
45678,62785,69,533.39,107.44,561.29
45692,34277,69,460.38,50.71,560.76
46069,73303,69,506.64,115.93,561.55
61510,58140,69,460.28,313.96,488.74
45092,71194,68,515.14,203.6,561.7
63650,20991,67,462.29,312.34,494.13
64258,14087,67,432.82,301.37,493.09
63515,28553,67,441.76,289.44,488.82
45745,76041,67,498.25,101.75,561.56
45214,31078,66,372.31,162.33,546.24
60430,70962,65,469.33,278.07,489.15
55768,85141,65,550.22,100.19,586.79
59606,87067,65,461.65,420.44,495.25
59638,89568,64,466.13,411.22,494.77
47751,22134,64,398.36,152.85,556.94
62495,38036,64,485.01,317.85,494.76
47900,22523,64,335.06,121.83,389.0
52881,29392,63,488.69,82.39,554.25
48146,8751,63,411.38,110.23,550.88
63092,41682,63,485.94,264.27,585.73
47626,90574,63,509.27,104.77,561.94
62118,44797,62,476.78,284.47,494.44
62501,36982,62,485.43,317.53,494.43
62920,36611,62,478.68,305.6,494.43
56771,67101,61,566.28,108.73,586.68
64225,15824,61,424.54,284.77,493.76
45771,65701,61,508.74,61.51,562.59
58892,97978,61,482.4,457.32,495.6
63708,23852,61,435.42,295.04,485.7
48110,67760,60,519.07,131.15,561.44
62925,35707,60,479.7,304.03,495.17
45658,24032,60,334.87,135.25,428.01
48697,23206,60,405.24,59.36,508.5
54189,12882,59,338.46,104.95,373.32
63967,18458,59,460.64,291.35,511.22
47398,52896,59,523.6,127.14,562.0
52381,54509,57,507.39,104.95,553.14
45400,58194,57,439.18,106.72,507.57
59607,87700,57,461.87,416.13,494.1
63022,37955,57,474.59,330.37,494.27
49150,75027,57,548.69,104.61,585.17
62301,43626,56,446.56,308.8,460.82
59169,92324,56,488.12,320.2,501.29
64215,14339,55,422.75,287.27,465.96
58792,8763,55,342.86,143.56,398.95
64455,10394,54,421.91,317.73,460.95
60375,70651,54,461.2,286.04,516.21
55391,75643,54,538.19,100.68,587.58
47173,96726,54,481.03,118.73,562.67
59894,87735,53,453.29,318.28,493.81
44729,4456,53,288.31,85.1,320.83
59034,98476,53,489.99,365.02,499.6
45666,72916,53,448.37,107.6,539.52
62964,38631,53,459.48,312.16,488.63
62865,38881,52,457.9,326.52,493.6
61529,55663,52,455.43,311.83,490.93
64108,15346,52,443.01,319.6,470.67
60345,74744,52,468.22,280.29,488.91
58115,99430,52,485.32,463.01,522.71
63851,19086,51,455.92,319.0,494.3
59035,100776,51,490.16,368.39,501.14
63798,20961,51,451.12,286.25,493.64
64174,15301,50,446.4,295.44,488.75
57808,100150,50,463.37,416.21,569.09
62322,42153,50,465.26,305.49,488.71
48003,83057,49,518.67,58.06,567.28
44763,65659,49,494.11,94.73,562.22
60022,87624,49,467.97,293.81,489.98
60310,69737,48,361.67,293.13,389.38
47152,93403,48,485.22,120.8,563.5
59941,88969,48,457.74,265.72,499.55
63715,22131,48,432.92,292.41,496.48
60341,75118,48,468.35,281.84,490.62
45767,55932,47,414.11,109.05,508.53
59753,76833,46,358.11,150.42,374.32
55707,21776,46,351.97,166.56,366.58
48664,73285,46,534.06,107.89,564.28
60599,68761,45,472.35,322.1,489.81
44713,36834,45,427.33,122.17,560.63
58046,98067,45,554.46,474.22,565.71
44939,27436,44,381.27,141.51,560.3
64237,14213,43,339.34,315.08,347.8
63188,32748,43,349.59,282.32,367.1
62307,44145,42,446.45,307.91,485.08
58778,98690,42,554.48,474.33,566.25
53284,57226,42,507.18,92.03,554.6
55712,22635,42,352.64,232.74,366.14
46756,64793,42,507.84,65.42,561.35
45748,82006,42,451.48,94.72,549.4
55678,68051,42,557.15,68.81,585.4
47726,59034,42,435.55,106.52,518.22
45059,23062,41,357.58,171.95,539.39
62823,39470,41,464.17,296.22,488.93
48387,52698,41,525.97,121.46,561.59
45733,47690,41,405.13,93.82,491.35
62039,49237,41,451.6,306.53,493.95
61961,47450,41,461.19,309.0,496.36
60370,72195,41,461.86,287.42,489.61
60103,84733,41,471.24,282.3,489.1
63077,41812,41,489.53,270.99,587.61
62813,37523,40,464.54,298.88,488.77
47663,82189,40,499.31,100.72,561.17
47162,88030,40,481.43,95.93,561.13
62508,36294,40,484.44,317.4,495.53
63121,36010,39,464.07,311.81,495.0
46126,69431,39,466.95,117.67,549.51
47633,68260,39,500.34,89.82,561.25
62121,44408,39,475.6,317.22,496.96
44926,32717,39,376.28,93.52,548.73
47550,68223,39,506.89,120.36,561.7
53148,12828,38,342.08,51.01,372.95
51460,55078,38,512.3,82.02,553.25
53271,13105,38,352.48,138.12,468.01
61706,53222,38,465.84,298.02,488.87
47598,67573,38,514.61,95.18,562.1
61513,56896,37,459.84,313.64,488.47
46118,81918,37,507.06,55.52,561.74
60149,78475,37,463.06,280.64,489.2
63651,21976,37,467.91,312.37,495.67
46363,79505,37,493.98,112.98,561.81
59796,2763,36,235.98,121.75,263.47
63088,41290,36,489.97,243.61,597.55
60276,75067,36,468.72,290.47,489.67
49142,80318,36,534.89,102.11,584.79
52624,57652,36,502.89,94.34,553.86
63646,22030,36,466.92,312.87,498.04
47668,73378,35,501.65,91.55,561.4
59001,4833,35,393.76,113.45,497.29
64494,9819,34,417.88,309.61,480.61
62996,37217,34,478.18,324.31,495.94
49726,30767,34,431.45,120.11,519.86
53482,109310,34,571.61,558.75,596.45
47134,51448,34,498.43,179.64,560.38
59841,87483,34,455.68,325.07,493.64
63857,19420,34,456.81,306.74,497.59
58843,95494,33,475.1,445.93,495.5
47602,71719,33,483.82,118.98,560.53
60075,4269,33,235.8,50.44,282.3
63448,28857,33,440.5,299.6,460.79
46365,3863,33,263.57,151.98,308.57
47148,91456,33,503.31,114.38,561.86
52481,51602,33,510.92,98.39,553.53
63032,39728,32,439.8,298.96,460.79
58896,96287,32,471.82,399.73,502.12
59171,92220,32,488.23,320.1,501.92
63196,34036,31,461.18,280.29,494.08
59651,90932,31,465.64,409.63,495.27
48661,19813,31,423.36,96.32,560.96
48645,69027,31,515.89,120.98,561.88
45698,21186,31,359.53,113.03,545.55
45743,52376,31,416.06,113.24,496.3
63363,29735,30,444.94,334.91,460.95
62956,39794,30,460.07,312.91,488.36
63456,30415,30,433.65,298.28,462.38
45566,79076,30,494.45,116.82,560.98
59675,89104,30,465.86,411.79,494.16
64259,15287,30,431.55,301.5,460.98
61729,49603,30,466.3,278.12,488.78
64238,13864,30,339.53,307.44,348.08
61934,35780,29,423.81,206.57,479.55
63704,23913,29,435.04,295.62,485.5
52601,97145,29,546.71,531.27,554.88
58517,96213,29,564.84,489.24,571.31
62926,36204,28,479.23,304.44,494.73
60136,81921,28,464.09,281.85,491.72
62948,37772,28,458.82,313.82,489.03
62505,36813,28,483.86,312.86,494.66
45556,83296,28,481.51,111.0,562.05
62949,39719,28,459.9,313.74,488.82
46545,77550,27,510.38,94.43,561.92
56354,119931,27,571.51,548.72,595.84
45776,85722,27,449.28,108.64,554.07
63875,19897,27,426.56,305.56,451.68
64493,9978,26,418.88,309.74,476.69
53749,67256,26,469.86,135.92,549.39
55595,89625,26,539.39,136.94,570.51
62284,43631,26,473.14,311.81,494.77
63869,21336,26,426.16,306.67,450.6
63379,28170,26,443.25,322.18,482.5
46030,57911,26,515.87,125.94,561.2
62998,36605,26,478.78,324.25,495.13
62131,46252,26,474.62,310.48,495.67
59803,87405,26,462.28,292.94,494.29
55642,15119,26,441.29,130.95,585.17
59576,91276,26,464.36,416.22,494.64
55699,22298,25,344.61,162.74,367.42
59307,91400,25,458.75,303.94,495.2
47578,63073,25,512.67,134.03,563.97
50847,52136,25,499.6,110.67,553.53
47629,81223,25,507.05,128.36,563.13
64176,14566,25,441.67,292.19,488.52
59168,92158,25,488.32,320.32,501.4
62043,48204,25,461.98,305.48,494.95
45707,86777,25,468.68,109.83,561.42
60432,70163,25,469.06,277.81,489.5
62962,39085,25,464.06,309.87,489.46
59766,90629,25,471.98,325.7,488.81
59800,89070,24,462.49,310.52,494.24
59633,85211,24,460.09,410.71,495.18
59090,94491,24,460.59,334.12,494.46
62051,46212,24,462.86,303.91,493.89
61863,48915,24,469.54,291.6,494.41
63389,29436,24,443.47,322.03,500.62
63640,21778,24,464.36,325.09,494.51
63781,19762,24,450.8,294.07,494.37
56415,100103,24,561.52,424.85,570.48
47675,62864,24,518.05,130.86,561.42
59656,89753,23,465.62,416.19,494.59
55415,64881,23,559.61,111.66,597.9
61713,52100,23,466.91,281.45,488.56
61064,60254,23,466.94,322.64,489.49
62037,46075,23,461.6,307.0,493.86
62109,45843,22,476.52,341.95,494.81
46703,71942,22,496.75,142.13,561.28
51890,76074,22,477.37,131.27,551.18
44966,68085,22,428.22,119.53,503.54
45193,24430,22,337.02,159.09,428.33
62899,37121,22,483.66,320.21,499.48
60199,81230,21,466.99,319.85,488.88
58844,95908,21,549.16,473.26,567.52
62997,36618,21,477.96,324.23,495.11
47740,57329,21,520.8,163.35,561.53
57103,57087,21,520.29,164.96,569.77
62994,38338,20,478.79,324.48,494.16
63639,20811,20,464.6,303.76,493.61
63872,20397,20,425.54,306.07,450.55
63785,21088,20,453.41,293.26,501.42
62960,40316,20,465.17,312.52,489.11
64207,14837,20,427.32,289.19,461.75
59639,89402,20,465.87,410.54,495.04
62574,36589,20,484.71,316.74,494.31
60076,5559,20,244.89,112.06,286.79
47554,64687,19,517.81,134.15,561.78
62568,36667,19,485.51,318.77,494.67
63118,35460,19,464.83,312.23,494.53
59620,88060,19,458.67,430.95,495.71
61867,48774,19,469.93,290.97,494.49
59392,91954,19,468.98,444.8,490.06
62488,37134,19,483.84,318.36,496.89
62023,48960,19,465.62,306.78,488.82
62966,37576,18,466.32,311.91,490.41
60359,73585,18,462.08,289.2,488.56
47865,59326,18,519.09,124.07,561.87
62151,41799,18,463.14,300.13,494.31
62309,44452,18,446.6,307.36,504.94
62604,36380,18,487.32,303.58,495.18
59612,88910,18,455.85,442.97,495.17
46589,64412,18,493.85,100.98,560.96
60603,68337,18,471.93,321.38,489.02
63647,21948,18,466.58,312.22,494.42
59004,99757,18,482.4,432.69,499.26
64104,15989,18,444.36,322.14,486.12
62129,47153,17,469.95,316.44,496.57
63883,19901,17,424.94,302.52,450.89
64021,17124,17,463.02,329.74,494.55
47892,61343,17,511.11,124.13,561.24
63719,24134,17,436.61,293.01,489.71
62892,38225,17,483.19,318.68,494.54
55314,101454,17,580.18,563.77,584.89
48028,73050,17,525.0,135.14,561.35
47552,96894,17,508.13,124.75,562.04
63203,30476,16,450.27,277.21,496.22
58714,98939,16,548.37,474.02,566.44
62283,44228,16,452.47,312.02,494.04
61913,49815,16,463.45,292.73,496.32
62127,45466,16,457.63,301.97,497.91
59093,95295,16,489.39,334.11,499.71
59797,88388,16,462.1,304.6,494.21
58826,95363,16,475.05,445.54,498.43
62844,36036,16,480.22,327.04,495.59
59222,94177,16,467.44,298.9,489.16
57944,98243,15,483.99,461.84,523.31
61701,52775,15,467.01,298.81,488.84
52570,56566,15,508.81,120.23,553.93
63443,28351,15,440.94,299.09,498.24
62961,40782,15,465.08,312.49,489.02
64728,8170,15,395.74,305.98,460.98
45082,30903,15,359.21,184.81,512.27
60338,73622,15,468.13,282.76,489.81
59636,91556,14,465.67,410.96,494.7
56334,105593,14,571.75,551.28,600.34
63868,21322,14,426.22,306.77,451.13
59387,93108,14,469.49,436.81,489.07
61624,53941,14,462.13,314.99,493.98
58948,98299,14,482.62,456.25,498.31
59005,97351,14,482.44,432.41,495.24
60740,65715,14,474.08,308.68,489.28
59798,87023,14,462.38,299.6,494.14
64016,17448,14,460.26,329.59,497.04
60037,85773,14,467.92,291.4,489.84
60126,80497,14,467.43,313.76,488.69
64144,14421,14,468.89,338.9,494.11
46580,84759,14,502.59,119.54,561.89
61926,48232,14,461.15,288.67,497.02
62040,48928,14,462.88,306.22,494.78
63506,27671,14,441.99,292.02,489.65
58895,100786,14,481.93,453.34,495.73
63658,21312,14,465.91,323.92,494.36
59934,87516,14,457.03,265.45,494.74
59907,86963,14,438.32,316.85,496.2
60374,72238,13,461.27,286.62,489.43
52124,55696,13,507.03,113.58,553.65
61972,48027,13,470.62,305.64,497.47
59200,94698,13,463.5,322.51,494.86
63067,35813,13,456.77,282.28,493.44
59033,100924,13,489.92,364.89,500.31
63773,21575,13,463.57,316.53,494.0
63876,19438,13,425.82,303.73,450.97
63873,19966,13,425.48,305.85,450.61
53217,84569,13,545.06,113.4,579.94
61702,52201,13,466.81,298.62,489.18
57943,98959,13,484.12,461.51,518.11
59963,83314,13,469.56,300.19,490.41
61959,46946,13,471.64,309.38,494.73
59936,88317,13,460.99,306.26,494.23
58718,97402,13,548.12,474.23,567.2
64667,9887,13,414.79,292.31,461.08
63380,29023,13,444.15,322.17,461.04
46138,68170,13,469.47,124.8,549.46
47387,33883,13,506.81,88.31,561.45
64192,13663,13,444.64,295.5,488.32
62965,38845,13,460.47,312.29,488.83
58382,96647,13,481.69,460.67,518.28
63649,21985,12,460.52,312.59,494.65
49168,75294,12,549.49,117.46,585.39
53211,83001,12,548.72,74.39,591.13
63035,38384,12,441.32,298.4,496.64
59937,87214,12,460.89,305.95,495.41
59017,97004,12,473.59,433.45,519.99
62861,38965,12,458.45,326.71,488.7
58042,97189,12,475.76,445.99,518.42
52558,77801,12,525.91,117.57,553.46
55953,83876,12,544.88,106.11,584.62
59044,98140,12,490.05,368.38,499.99
64101,14494,12,445.34,322.33,486.61
62951,40258,11,460.32,313.35,488.64
64109,15320,11,443.71,319.38,461.95
48660,58500,11,526.24,226.74,561.22
60139,81193,11,462.79,282.67,491.02
59619,90523,11,462.68,416.22,494.74
46723,97807,11,554.15,539.76,562.88
57852,96016,11,482.16,461.49,523.16
63378,27731,11,440.95,322.19,461.35
55639,103567,11,580.19,567.77,596.9
53477,109445,11,571.6,555.49,584.77
64271,14858,11,432.33,299.0,462.0
51145,54998,11,515.22,58.97,554.2
58765,100559,11,553.86,474.43,586.26
55929,66362,11,560.7,113.55,594.2
59851,82244,11,462.15,324.76,494.54
59671,87685,11,449.46,318.11,493.7
64224,15356,11,427.54,283.05,479.14
63019,40254,11,475.11,330.4,494.61
63025,36763,11,474.52,330.04,495.09
63044,39317,11,459.91,296.84,488.88
62148,45998,11,464.31,301.12,494.38
60112,81784,11,470.09,278.35,488.97
57140,35760,11,389.96,103.65,569.57
60108,79668,11,471.24,279.25,489.29
62313,42735,11,446.01,306.97,484.91
62106,40714,11,300.67,241.95,453.39
54069,27371,11,406.66,116.75,553.71
64188,15122,11,446.49,290.57,489.09
63372,29828,11,443.82,322.43,489.51
63069,37219,11,454.67,249.56,495.65
46755,93660,11,502.58,132.38,562.11
58784,99461,10,554.32,474.4,566.35
62745,38083,10,475.05,326.5,493.88
60349,73634,10,467.33,279.27,490.12
64130,16317,10,351.38,316.59,368.39
59212,95432,10,467.56,301.13,489.34
63849,19031,10,444.83,319.26,495.28
62049,49556,10,450.85,304.33,494.9
59096,96051,10,489.15,334.13,499.37
45232,69039,10,445.12,95.71,534.1
62047,48612,10,462.03,304.57,495.35
44732,72956,10,504.83,96.35,561.47
55417,77463,10,550.72,118.68,598.73
62896,39247,10,482.05,318.41,495.7
63881,19549,10,427.36,304.52,450.76
59038,98546,10,490.1,368.39,500.02
64216,15714,10,428.69,286.97,503.82
57433,94642,10,464.77,435.84,497.96
47813,13016,10,420.59,159.84,560.95
46078,69558,9,516.04,116.14,562.19
45079,13507,9,385.77,128.59,560.25
59263,91537,9,473.33,305.05,488.91
63079,40687,9,488.87,280.26,584.29
47396,16712,9,334.18,144.1,417.27
48588,58868,9,523.71,52.76,562.63
63040,39693,9,440.73,297.49,483.49
60026,84651,9,468.22,293.15,489.07
59959,86035,9,469.4,301.48,489.14
63519,27739,9,451.13,288.64,501.84
63711,23595,9,435.11,294.46,468.73
63323,31693,9,461.82,294.17,495.15
59251,59213,9,426.04,183.5,457.9
55745,63751,9,571.51,128.7,589.17
58216,49763,9,443.07,127.84,478.46
61635,53605,9,461.69,313.32,494.25
56380,92922,9,542.61,107.01,571.13
59886,83365,9,458.44,318.75,496.06
57954,98147,9,483.27,461.28,523.88
58523,98944,9,564.8,494.64,571.33
57790,98620,8,526.11,410.64,570.15
64356,11015,8,468.06,336.07,581.51
63879,21118,8,425.57,303.27,451.93
45787,80529,8,507.74,146.85,562.24
58887,96769,8,482.15,459.98,495.95
63767,21540,8,464.03,313.19,494.42
63871,20391,8,427.22,306.24,450.8
46707,73218,8,491.69,108.1,560.93
45560,69713,8,514.32,106.3,562.2
61640,50910,8,461.12,312.41,514.48
56099,85294,8,543.91,175.43,570.82
58785,95910,8,475.67,434.58,495.78
47766,98503,8,515.55,142.18,561.68
63884,19677,8,426.33,304.06,450.95
63885,20386,8,425.3,303.93,451.21
60017,87142,8,468.67,294.76,490.0
57855,96761,8,482.57,453.6,523.55
45704,22486,8,331.97,115.41,434.34
64179,13933,8,443.72,292.11,505.26
53507,83310,8,531.39,108.54,579.28
57674,59098,8,453.33,134.17,523.23
62053,44562,8,461.66,304.9,493.93
63072,36604,8,457.85,261.43,494.48
58779,100074,8,554.43,473.82,565.55
58375,98940,8,480.93,460.75,522.99
46793,62525,7,513.34,87.07,561.37
59925,83513,7,458.39,306.55,494.82
61860,50360,7,463.44,292.16,494.49
59199,90322,7,463.34,322.65,494.77
62873,38079,7,457.18,326.68,501.86
45541,69111,7,518.25,123.63,561.47
53989,52955,7,510.9,136.39,555.41
59685,89782,7,462.51,415.1,495.6
56093,53214,7,529.97,143.65,570.68
64363,10637,7,460.57,283.98,582.9
57048,59299,7,556.07,146.77,569.39
47820,71862,7,531.82,177.93,563.58
45661,70286,7,449.97,130.53,541.29
44914,73677,7,489.13,101.87,563.11
45073,85091,7,486.91,116.7,562.89
56473,71965,7,550.71,116.25,585.02
59236,95641,7,424.77,242.15,494.56
62135,46938,7,474.81,319.49,494.09
53157,95801,7,518.01,112.7,554.59
64118,16386,7,443.15,319.07,470.36
59692,64567,7,421.34,186.85,461.99
53593,89963,7,473.28,146.39,553.0
53625,53681,7,511.57,115.55,554.29
62212,44581,7,468.62,295.27,495.04
61861,46774,7,469.6,292.32,494.94
63001,39246,7,478.91,324.43,494.31
52088,94230,7,492.7,134.18,555.53
59704,90622,7,462.33,415.77,494.84
47673,61197,7,522.53,250.55,562.52
63559,25065,7,352.37,303.31,366.9
63082,40076,7,487.18,277.29,585.47
60736,68202,7,472.43,309.73,496.02
45586,100263,7,550.45,506.7,561.41
62820,38196,7,465.23,296.82,488.94
58549,99364,7,483.18,461.91,495.26
62772,38663,7,478.6,287.22,489.39
58730,85218,7,434.68,118.73,456.38
63459,28516,7,433.43,298.11,473.36
64170,14435,7,443.31,294.69,489.25
59740,87821,7,464.67,361.86,494.81
45693,96363,7,554.16,535.0,561.27
62117,44967,7,470.43,298.54,495.5
59732,85812,7,441.49,360.75,494.12
48585,59145,7,519.29,99.2,561.66
56326,110488,7,571.57,552.82,595.35
51728,68668,7,512.24,61.17,611.32
57668,94810,7,481.23,460.06,512.48
55749,93791,7,549.4,70.93,589.05
44920,60548,6,433.51,117.47,494.89
45396,68712,6,501.76,237.16,562.36
44952,80120,6,493.25,115.11,561.48
45052,89726,6,451.87,86.34,560.46
56798,82413,6,550.0,124.67,585.2
44767,69376,6,499.21,99.53,566.0
59875,111891,6,441.16,265.84,493.49
52701,55909,6,509.74,222.46,554.98
59866,88605,6,445.82,301.98,494.16
52691,53502,6,515.6,125.29,553.73
59083,108949,6,448.77,272.67,493.13
44915,58409,6,524.81,249.69,561.82
63365,29082,6,445.16,325.17,463.78
45680,71354,6,501.56,145.47,562.57
45364,45318,6,410.81,149.65,491.66
59792,62109,6,424.62,184.92,454.89
53063,102020,6,571.74,552.91,597.34
53486,107318,6,571.71,556.77,596.58
61963,49683,6,469.64,308.59,494.33
59783,85593,6,460.84,296.07,496.06
48476,56960,6,507.0,90.51,561.98
63481,26291,6,453.91,294.21,494.43
48587,57516,6,525.37,241.38,561.1
58728,66461,6,532.08,211.12,571.16
47549,80340,6,508.54,110.49,561.95
55697,29636,6,355.87,136.7,369.08
59738,89093,6,465.62,332.25,496.24
52308,42643,6,457.3,155.98,524.88
59939,81132,6,459.98,304.46,503.89
47586,61279,6,525.89,159.02,561.4
59262,84144,6,453.53,153.63,488.77
59929,85499,6,463.53,266.85,500.04
58833,59501,6,417.06,232.64,498.78
63037,40244,6,441.57,297.87,461.57
63641,21833,6,465.42,312.88,494.13
59662,90734,6,465.5,415.56,495.03
59648,91900,6,408.36,254.02,460.62
48279,73459,6,529.3,166.99,562.05
47811,57278,6,525.25,208.2,561.61
61727,52852,6,466.41,276.43,488.77
53618,68498,6,515.04,133.87,553.4
46675,58767,6,512.53,158.34,561.44
58712,99328,6,548.33,474.2,566.23
59657,88375,6,465.03,413.72,494.07
62827,36384,6,390.71,251.4,460.87
59647,89437,6,465.81,410.27,494.55
62286,45121,6,472.88,311.25,494.85
46584,60868,6,521.18,114.06,562.69
46561,62147,6,509.8,232.88,561.51
46550,60552,6,528.23,137.49,561.7
56390,58662,6,535.36,173.55,571.98
63802,19932,6,449.94,285.51,496.54
57941,100018,6,474.98,445.79,513.49
47869,57057,6,509.6,95.12,561.31
58037,99178,6,553.93,472.62,565.94
53146,78853,6,526.69,131.12,553.7
45550,64983,6,518.2,144.15,561.71
53227,107830,6,571.67,557.63,594.26
47863,73418,6,516.3,93.03,562.32
62739,36844,6,474.99,326.34,495.41
53862,57551,6,509.99,129.86,554.38
62855,39154,6,458.15,317.84,488.39
59879,82809,6,451.56,277.47,495.17
62746,36226,6,477.15,324.13,494.56
44921,75292,6,493.17,146.77,562.43
64735,7508,6,400.97,307.25,460.91
51796,28644,6,477.13,59.05,553.4
61856,49828,6,469.09,293.41,494.89
58047,97607,6,554.31,474.38,566.38
63660,20735,6,466.51,324.72,496.37
46766,72144,6,514.19,106.97,561.88
46760,61995,6,521.38,132.89,561.83
47138,64072,6,516.55,112.25,563.0
62967,37509,6,465.62,309.62,488.69
51978,55477,6,512.94,165.79,553.71
44924,12545,5,406.6,77.65,550.36
44932,90654,5,464.75,108.63,561.55
56106,57881,5,535.98,242.56,569.56
44757,64035,5,448.66,171.23,522.13
53260,80288,5,523.34,107.37,553.98
59042,97816,5,489.27,365.04,499.92
61625,51907,5,461.78,316.53,495.68
55270,62822,5,576.38,241.19,585.31
56303,19179,5,357.24,142.09,492.32
46380,60819,5,531.63,220.65,562.22
44715,60379,5,523.03,307.83,563.5
45407,73440,5,449.18,126.98,560.79
45409,73801,5,507.46,161.7,563.48
47594,56366,5,500.1,124.01,563.37
59872,15619,5,308.49,183.6,365.07
61550,56420,5,468.04,308.58,488.69
55482,56990,5,549.6,253.27,569.65
62747,37244,5,476.35,324.47,493.95
62751,36331,5,482.0,322.96,494.11
62752,37163,5,476.93,322.79,493.89
62755,37098,5,476.84,322.13,494.59
47864,59928,5,530.56,299.2,562.01
45393,59739,5,517.76,280.96,560.96
57671,97360,5,484.28,461.9,523.11
49172,83874,5,552.56,121.24,586.83
62154,42412,5,464.29,300.08,495.88
63201,30363,5,448.87,278.26,519.92
63200,31203,5,448.64,278.15,496.7
60440,71262,5,468.35,276.04,489.65
53490,107460,5,571.59,555.76,597.97
62182,48902,5,561.08,371.33,585.04
62147,45392,5,465.03,301.23,494.87
61960,47100,5,472.37,309.29,494.04
59219,95127,5,467.66,299.98,491.2
62176,47643,5,561.28,370.96,597.03
63122,35188,5,464.65,311.73,494.73
63466,25666,5,463.98,298.06,495.95
63474,26388,5,462.59,295.88,493.64
48461,62223,5,511.54,169.14,562.76
63465,25035,5,463.15,298.49,494.75
58799,28087,5,403.91,158.22,463.41
47646,58583,5,517.01,182.87,561.61
47642,57694,5,519.26,140.38,561.66
59793,59001,5,405.71,219.13,454.46
57535,93323,5,421.88,118.01,569.34
64614,9587,5,391.94,294.41,460.09
47634,84818,5,518.61,129.86,562.36
63442,28018,5,440.59,299.22,470.22
59733,89328,5,465.42,345.21,495.67
59730,87298,5,465.35,333.87,495.21
46071,59617,5,514.25,86.69,561.46
57822,26356,5,457.9,131.27,545.45
63081,41715,5,490.56,277.5,586.69
55709,30099,5,347.99,177.39,366.57
58105,103004,5,474.43,446.03,513.97
47403,67048,5,530.85,151.22,561.94
61977,49170,5,470.55,304.69,496.82
47600,63947,5,511.72,50.15,561.02
53503,105492,5,567.6,472.57,583.24
60588,68713,5,471.65,323.22,489.75
54072,58380,5,508.64,214.31,554.06
47561,79451,5,509.62,107.22,562.43
46122,60601,5,524.32,62.35,561.43
63965,19167,5,457.67,292.25,493.97
46125,97422,5,522.48,322.84,562.66
47620,57976,5,519.09,50.24,562.84
47129,78447,5,497.56,100.24,562.33
47149,84972,5,499.75,141.71,562.53
45579,74805,5,495.89,128.47,561.47
48429,61614,5,526.93,257.83,561.2
61973,48007,5,470.43,305.65,495.16
61970,48324,5,472.26,307.65,495.33
45750,58457,5,524.46,285.95,562.68
55646,77826,5,546.35,121.87,584.95
48335,59505,5,527.07,220.32,561.55
63642,20748,5,465.51,312.94,493.7
48403,66375,5,531.47,149.06,562.29
59698,88720,5,462.59,415.94,495.05
62170,47471,5,562.08,370.68,600.08
52091,56057,5,522.76,226.42,553.77
64228,14301,5,423.8,283.74,460.84
63636,22195,5,465.57,302.72,497.18
63517,27496,5,446.27,288.99,490.97
61920,49845,5,463.18,291.07,494.53
47659,96519,5,501.62,121.5,561.49
47660,62825,5,522.6,94.16,563.48
47677,61974,5,525.36,267.82,561.52
45196,97939,5,524.04,325.65,561.66
59535,89518,5,465.46,369.66,496.0
59673,90303,5,465.5,403.5,495.43
62863,39214,5,458.29,326.27,488.34
46711,59476,5,512.58,208.79,561.31
60320,71972,5,460.79,286.64,489.13
64151,15550,5,465.05,316.12,563.18
62872,40552,5,458.91,326.54,488.75
50160,54553,5,510.35,139.15,554.76
64464,10695,5,419.77,317.86,461.05
62970,39481,5,464.63,309.33,489.38
59404,90700,5,433.25,332.73,493.46
45546,61529,5,536.0,116.28,562.0
53987,57206,5,537.66,51.08,553.87
45545,60245,5,519.31,273.92,561.88
46163,76881,5,511.65,102.75,562.69
62950,39530,5,465.28,311.62,488.89
63661,20293,5,465.51,311.78,493.76
61858,48715,5,468.75,293.5,495.12
46149,42948,5,484.02,50.39,559.63
46148,77009,5,499.72,85.18,561.91
48296,58405,5,523.76,238.17,561.92
64097,14387,5,444.67,322.37,497.71
59906,87318,5,453.52,316.89,496.13
57845,60396,5,477.2,67.0,517.95
55279,96378,5,555.11,139.03,584.91
62196,54357,5,451.99,299.23,492.98
62193,44099,5,474.37,301.07,494.7
58167,96673,5,485.38,472.45,522.98
47141,59994,5,526.56,224.89,561.66
59804,87266,5,462.62,283.49,494.37
47775,58169,5,508.44,268.92,561.55
61521,55095,5,460.21,312.74,488.93
62847,38005,5,478.51,327.05,495.18
59572,86191,5,458.45,409.15,493.4
59578,88834,5,463.56,431.27,494.14
62494,37263,5,483.5,318.01,494.76
62502,36327,5,483.63,317.46,494.79
58719,98636,5,548.23,473.96,567.5
62503,38194,5,484.22,317.44,495.18
59586,105526,5,436.04,230.54,497.53
53427,61228,5,521.59,142.15,556.41
55412,66092,5,554.35,94.24,600.76
59861,37221,5,391.03,200.09,454.1
59186,93347,5,449.2,324.44,494.56
59080,100928,5,437.02,247.89,496.07
59085,94532,5,483.63,334.02,499.37
62816,36462,5,464.5,297.63,488.82
58711,97102,5,549.63,473.97,565.84
51982,54752,5,510.4,147.81,555.47
59887,80399,5,463.89,318.81,494.84
62811,38342,5,463.86,299.35,490.33
62817,39970,5,463.94,297.44,489.29
64171,14963,5,443.67,282.75,488.51
62778,38850,5,476.78,285.27,489.08
62774,38095,5,476.29,286.48,489.11
62738,37875,5,475.01,326.8,504.4
48036,70224,5,501.79,97.94,562.22
64186,13840,5,445.03,294.32,488.55
64185,15036,5,447.88,291.35,489.53
63806,20369,5,450.37,292.15,494.21
62526,34553,5,474.54,296.71,494.93
45089,59650,5,512.8,239.1,561.43
64191,14996,5,449.17,245.78,488.59
56543,73569,5,521.35,211.91,570.15
56691,31529,4,410.59,169.4,511.51
56359,108608,4,571.62,555.74,590.4
56341,110243,4,571.64,554.98,596.43
62527,38144,4,481.24,296.51,494.35
45065,51564,4,405.3,102.46,504.47
55759,67552,4,564.24,182.24,585.02
64490,9632,4,418.57,309.95,483.24
62569,38322,4,484.76,318.74,494.92
62754,37889,4,475.03,322.18,491.89
62750,37621,4,475.18,323.33,493.97
62753,39753,4,474.74,322.63,494.53
46554,57819,4,482.12,288.07,560.55
62777,36178,4,477.74,285.55,489.03
62779,38105,4,476.32,285.03,488.53
46364,60413,4,524.42,125.45,561.65
46577,61296,4,524.15,169.7,561.79
46546,71624,4,503.9,168.39,562.04
45058,75436,4,505.62,105.91,561.57
60097,82113,4,469.96,282.07,489.55
61629,52601,4,462.42,314.27,495.72
61622,54032,4,461.24,311.41,493.8
61630,49078,4,462.68,313.95,496.6
59024,100260,4,461.41,338.97,494.44
61523,56699,4,460.76,312.4,489.08
61524,56000,4,460.4,312.38,488.54
61546,55342,4,468.51,309.17,488.8
61531,53276,4,459.47,311.65,492.16
63839,20129,4,455.77,320.51,495.51
59876,90934,4,456.4,319.87,493.66
59877,86786,4,453.1,319.92,493.56
61549,54617,4,468.5,308.41,488.62
62807,39548,4,464.42,300.07,488.98
60109,81246,4,469.94,279.61,516.84
62735,38471,4,474.97,327.31,494.12
62740,36802,4,475.25,327.53,494.85
62741,36584,4,474.09,327.34,493.51
62742,38999,4,474.51,327.01,493.51
62601,35317,4,487.57,305.57,494.35
51723,9329,4,319.26,88.5,352.62
62764,38747,4,476.48,288.5,488.83
59617,89100,4,459.88,429.87,493.73
59632,90730,4,456.25,236.09,497.03
62607,36741,4,487.43,302.87,494.27
62769,39664,4,475.71,288.04,488.59
62773,39050,4,477.73,286.87,489.8
62761,37684,4,476.9,290.37,489.25
62762,39296,4,476.9,290.02,489.44
57937,99191,4,484.4,461.9,523.99
64324,11276,4,348.86,316.12,366.53
61711,52073,4,465.37,281.72,489.32
63819,20173,4,448.38,286.64,494.06
47995,100134,4,501.73,140.93,562.66
63815,19824,4,445.69,287.93,494.6
47860,59220,4,527.46,251.33,561.24
47914,59957,4,528.5,271.8,562.6
47913,58952,4,527.86,210.78,561.5
47980,58567,4,526.09,293.75,562.31
45770,38941,4,410.98,196.72,559.92
47985,59859,4,529.5,267.42,562.88
50803,59163,4,527.91,266.82,553.39
62867,40008,4,457.85,318.07,488.52
62768,39713,4,477.83,288.26,488.76
62815,38619,4,464.07,297.86,489.13
62818,39127,4,464.34,297.4,488.88
53465,107171,4,571.7,554.61,599.11
62812,37765,4,464.09,298.45,491.32
46751,77307,4,490.07,127.92,561.41
46692,59676,4,525.48,241.69,562.66
46694,70670,4,513.72,129.81,562.26
46679,98452,4,501.76,238.39,561.52
62828,38725,4,457.2,295.25,488.77
62824,37273,4,464.26,296.12,489.23
62825,39113,4,458.34,296.36,488.28
62491,37820,4,482.84,318.68,494.21
62493,38297,4,486.18,318.31,494.4
62497,35271,4,485.05,317.77,495.8
59545,89166,4,465.72,443.81,494.6
59568,90364,4,463.41,416.09,494.51
59553,89551,4,465.1,442.95,497.31
59658,92752,4,466.07,284.84,495.96
59645,86865,4,428.33,315.99,495.85
62859,39427,4,458.54,318.04,488.99
53907,58033,4,537.51,110.5,557.82
48034,74070,4,523.91,139.46,562.29
48016,86360,4,485.2,100.55,561.35
63807,19670,4,445.65,291.88,494.74
61723,46302,4,435.85,269.35,488.58
61725,52487,4,466.81,278.5,488.83
61846,50326,4,453.56,295.84,493.16
61678,53900,4,469.61,318.95,488.46
61848,49812,4,452.5,295.21,493.95
64460,10558,4,421.2,315.78,461.17
64463,10439,4,413.2,317.73,462.23
50811,52592,4,511.34,88.2,553.11
62963,38821,4,460.58,312.46,489.53
46752,59324,4,524.08,137.81,561.13
46741,61117,4,520.0,182.53,561.85
46747,59533,4,516.17,159.46,563.24
46716,85921,4,487.28,103.39,562.23
53428,56266,4,510.91,170.9,555.52
60346,73618,4,467.67,280.28,489.53
62897,37249,4,483.69,320.25,494.36
59556,90767,4,465.53,443.83,495.03
62871,40985,4,457.9,326.66,488.75
62894,36077,4,485.36,318.53,494.79
62214,45765,4,474.9,294.94,494.6
59649,65122,4,428.58,233.57,455.7
64193,14578,4,443.13,294.74,488.29
46789,59279,4,518.59,293.25,563.44
53085,103976,4,571.57,557.48,597.68
53064,102823,4,571.66,550.75,595.82
60435,70409,4,468.8,277.42,489.95
54769,59552,4,503.78,132.72,555.27
59891,86254,4,458.84,318.58,518.64
48021,98639,4,510.72,256.96,563.19
63769,21314,4,465.1,312.89,494.7
63787,21199,4,453.55,292.6,502.88
63912,18708,4,456.54,293.85,496.07
63866,21278,4,425.19,307.06,451.49
60377,71425,4,461.45,286.45,488.55
60369,69507,4,444.15,287.7,489.02
60314,68160,4,464.34,287.2,488.8
45548,60135,4,526.26,282.39,561.39
62923,38966,4,479.89,304.94,497.71
62924,34853,4,479.68,304.66,494.26
59408,50287,4,438.94,315.48,455.01
63000,36165,4,479.37,324.27,495.73
58379,98339,4,480.92,461.51,522.97
47137,82687,4,503.8,181.99,561.68
62174,47140,4,561.41,370.96,597.02
47144,60730,4,529.26,303.83,561.2
64081,15017,4,461.17,316.02,493.45
47151,60569,4,530.77,251.69,561.74
46798,61748,4,528.87,225.05,561.84
46788,57998,4,522.24,262.89,561.44
63045,39411,4,460.71,297.09,488.92
55742,106529,4,580.25,563.45,599.74
63701,23089,4,436.68,296.18,490.81
61528,52205,4,460.3,312.07,489.78
48281,60365,4,524.8,262.53,560.91
61717,51569,4,464.95,280.1,488.48
53597,44778,4,472.22,106.17,555.89
59848,85668,4,455.16,323.42,494.33
59801,88661,4,462.71,297.75,493.85
63813,19691,4,433.25,288.64,498.66
61726,51956,4,467.24,278.32,488.85
61728,51830,4,464.99,276.3,490.28
61714,52236,4,465.92,280.49,488.59
62160,44216,4,464.22,298.61,495.66
62161,43773,4,469.93,298.18,494.68
62133,45253,4,476.13,308.09,498.36
59962,85569,4,469.34,300.3,489.45
59946,56329,4,348.23,66.87,372.94
47363,60103,4,508.7,249.06,561.44
53046,102856,4,571.61,551.75,596.6
60018,84655,4,468.6,294.65,488.97
49152,73331,4,551.91,120.22,586.15
63198,32347,4,449.18,278.47,494.05
63199,31860,4,454.08,273.26,495.24
64078,14112,4,460.7,316.2,495.53
62165,50577,4,561.98,370.77,598.19
47174,56712,4,515.4,246.84,562.76
47402,60129,4,523.22,188.27,562.28
64013,16845,4,447.05,329.26,493.88
58780,27526,4,387.19,154.63,491.64
58776,95726,4,553.25,474.23,566.14
58782,98650,4,457.96,367.63,495.54
62110,43504,4,477.69,345.1,494.73
62124,46326,4,477.71,310.68,495.52
62103,47884,4,477.25,345.68,494.97
59214,94936,4,466.63,300.72,501.63
61862,48389,4,468.98,292.23,495.48
45182,99861,4,523.98,323.78,562.09
59903,86330,4,459.03,317.39,494.79
63637,22437,4,463.81,275.23,496.61
59205,93225,4,467.41,302.66,491.21
59207,96440,4,466.46,301.83,488.8
59192,95720,4,463.57,323.54,493.06
47761,57041,4,522.07,268.23,561.36
63910,19370,4,458.33,294.42,493.7
61526,53014,4,460.76,312.13,489.0
61527,55490,4,460.45,312.0,489.2
59893,85073,4,459.37,318.2,495.17
47795,56524,4,523.82,119.61,561.21
45682,73933,4,498.62,92.45,561.45
59305,90872,4,459.02,304.06,494.21
64249,13792,4,430.18,314.9,490.2
46133,57804,4,520.71,306.13,561.64
60596,67732,4,471.77,322.23,489.12
63971,20303,4,442.49,290.37,494.48
63973,19085,4,442.02,289.88,494.43
63974,19481,4,442.24,289.88,494.32
63961,18825,4,457.69,293.32,493.73
63962,18079,4,457.34,292.99,495.83
63963,19488,4,456.3,292.45,494.0
63964,18455,4,458.81,292.74,493.91
64085,15752,4,461.0,315.85,494.03
63969,19711,4,458.31,291.06,497.24
45690,68263,4,504.12,112.84,562.62
53741,94036,4,514.53,159.38,553.38
59741,90215,4,464.89,361.85,494.71
52338,63862,4,480.38,175.82,540.77
63371,28831,4,444.54,322.49,486.36
59750,89381,4,465.17,362.19,495.62
63412,24845,4,457.33,275.8,492.19
63405,26393,4,446.68,313.87,493.21
52533,57776,4,522.84,241.22,553.47
61933,50864,4,467.7,287.12,494.04
63575,23541,4,458.07,303.55,494.37
45769,45022,4,465.15,115.7,560.74
61854,50942,4,468.77,294.1,494.17
61855,49373,4,468.13,293.57,494.49
55281,105678,4,580.18,568.43,584.82
58071,92803,4,452.85,374.76,497.16
58048,99152,4,553.88,476.58,565.92
58998,93554,4,482.43,445.24,495.28
59933,86088,4,460.2,307.0,494.51
59900,84815,4,459.18,317.41,497.69
55344,47048,4,516.88,149.99,569.86
62033,46177,4,461.58,307.79,494.27
45205,97461,4,525.32,340.57,562.12
56812,106528,4,580.12,568.55,599.87
47601,58938,4,530.08,288.51,562.13
47603,60955,4,524.12,125.45,562.57
58828,93464,4,474.67,436.37,495.43
58835,97897,4,474.85,444.23,498.04
47557,57937,4,520.11,264.5,562.4
47558,85748,4,504.6,134.43,562.95
47635,59644,4,523.14,219.22,561.78
47654,95482,4,480.32,110.26,561.71
47560,94031,4,497.96,108.64,561.92
63997,15394,4,462.01,328.31,493.88
57439,84234,4,522.85,126.37,571.29
63472,27165,4,464.68,296.93,494.11
63478,25301,4,454.52,294.56,493.71
63475,25457,4,464.27,297.5,494.36
63437,28308,4,440.24,299.98,463.63
63421,24797,4,449.81,296.29,496.53
63471,26095,4,465.71,298.27,494.17
48389,28447,4,494.94,91.6,561.31
48369,68862,4,531.79,105.61,561.31
61982,47766,4,471.2,305.42,494.52
61969,48027,4,460.99,307.88,495.23
47571,74006,4,500.34,172.5,563.38
58033,98435,4,553.48,474.19,566.17
63568,24647,4,468.25,302.25,494.39
48393,60317,4,544.46,271.75,561.96
63574,3967,4,325.7,157.74,361.33
63561,24286,4,461.29,307.95,495.74
64334,11497,4,427.6,324.69,490.35
59799,89098,4,462.73,293.1,494.66
45373,71445,4,509.39,144.05,572.51
59223,94055,4,467.85,299.01,489.33
59786,87220,4,460.58,302.35,495.7
63468,26314,4,464.17,297.88,495.08
63469,26749,4,464.97,299.04,494.04
59252,90634,4,451.85,319.11,494.2
54171,74564,4,522.67,134.33,554.6
63505,24790,4,445.27,292.62,488.58
63486,25863,4,465.85,289.64,494.5
61923,50602,4,469.25,289.78,494.58
61974,49707,4,471.05,305.53,495.36
47735,94449,4,509.74,132.0,562.05
47674,59245,4,520.1,243.81,561.39
45099,60552,4,524.5,245.61,561.01
64276,14408,4,429.41,297.93,498.36
45391,34782,4,465.64,83.91,560.44
64482,9358,4,420.23,310.77,460.87
45380,60469,4,516.61,228.59,561.08
46350,9306,4,338.38,111.65,406.83
45049,51979,4,407.44,114.88,488.85
44733,60587,4,519.16,253.7,561.67
46532,61065,4,517.78,249.2,561.17
46370,62084,4,512.34,212.02,564.11
62489,39007,4,485.62,318.67,494.42
62312,44629,4,465.89,307.02,488.63
60270,73483,4,471.15,289.67,489.01
44940,96512,4,529.69,379.94,562.46
55952,117293,4,580.17,559.54,594.63
56466,103721,4,580.28,566.18,596.32
56330,79409,4,530.9,161.75,580.07
60284,73498,4,459.14,297.95,493.17
64182,15061,4,445.62,293.4,488.39
64184,14998,4,449.2,290.14,496.12
45068,91051,4,470.46,50.01,560.36
45078,59605,4,516.98,277.5,562.21
46334,61148,4,527.35,257.67,561.16
44922,100433,3,518.46,300.48,561.89
60110,81640,3,469.87,278.64,489.21
45076,25408,3,364.61,183.53,545.26
64189,14540,3,447.18,293.93,489.11
46341,60876,3,526.61,250.66,561.36
46332,40131,3,408.1,98.66,489.25
46151,84474,3,506.07,112.59,561.53
46152,30213,3,410.96,172.14,560.32
64180,14502,3,443.9,293.88,489.18
64187,15015,3,446.69,294.5,488.67
44931,23351,3,383.1,166.01,501.64
44721,99312,3,516.95,334.93,563.4
56355,105215,3,571.69,556.15,595.18
60273,73681,3,469.92,290.85,488.38
60262,75468,3,468.4,293.0,488.85
60265,73867,3,468.44,290.38,490.97
60269,75047,3,468.2,290.06,489.99
60128,79243,3,467.43,313.54,488.76
60129,82299,3,465.81,313.25,488.56
60151,82200,3,462.18,280.0,493.83
60145,82006,3,461.77,281.21,488.75
56544,93208,3,565.02,556.9,576.74
62487,39873,3,483.74,318.85,494.22
62492,38667,3,485.74,318.51,494.54
62558,38217,3,357.3,317.58,385.8
62523,38489,3,362.02,298.23,367.85
62525,37339,3,482.73,297.04,494.94
44737,65334,3,500.42,146.58,561.11
44969,93186,3,479.42,119.02,562.09
60077,84196,3,469.99,320.38,489.42
60115,81814,3,363.52,317.73,374.63
60288,73593,3,472.33,297.07,490.82
60299,75536,3,448.48,294.68,488.46
60300,74603,3,472.42,294.23,489.95
53210,103589,3,571.65,557.97,597.77
60293,72241,3,471.83,295.85,490.3
59028,97661,3,455.16,293.93,493.9
61525,53496,3,459.75,312.25,488.46
61545,55386,3,468.74,309.07,489.09
61628,49656,3,462.23,314.57,507.85
61666,52506,3,470.17,322.15,489.06
61634,54227,3,467.83,313.52,494.91
61621,55101,3,462.47,317.6,493.83
61627,52452,3,450.89,314.59,495.05
59865,87069,3,456.48,322.54,494.36
63830,21407,3,448.29,283.41,494.03
63838,18602,3,441.37,320.56,493.78
63822,21401,3,434.75,285.82,493.44
63823,20779,3,434.03,285.39,493.49
63846,20700,3,455.82,319.69,493.79
63825,20060,3,446.83,284.91,493.59
59016,94577,3,464.42,357.22,488.65
62810,40224,3,464.02,299.04,489.07
62775,38081,3,476.35,286.22,489.04
62737,37685,3,480.67,326.58,495.14
45053,30463,3,365.11,171.41,444.65
59867,86667,3,456.82,322.03,494.36
59869,88504,3,456.9,322.0,495.47
59889,87339,3,455.67,318.81,494.51
59863,87243,3,457.3,322.29,493.89
59794,88622,3,461.52,296.35,494.67
59752,88337,3,465.32,362.6,496.21
59791,88455,3,461.75,299.53,496.36
57464,81823,3,520.95,190.98,574.52
57435,86134,3,524.28,188.43,572.93
45371,25837,3,367.49,140.5,547.38
45236,102689,3,526.12,342.51,562.06
63645,21700,3,464.95,312.97,495.95
63573,25496,3,459.62,303.36,494.38
63467,24648,3,461.57,288.06,494.4
59250,89972,3,453.89,319.3,494.53
59241,94380,3,462.83,316.19,494.42
59245,91528,3,458.37,319.87,495.17
59231,92853,3,454.41,321.93,494.19
59785,93749,3,458.87,302.06,494.23
59789,84713,3,460.81,299.71,494.55
63500,27380,3,442.98,293.54,489.61
63503,25508,3,457.59,292.03,489.0
63518,26750,3,453.25,288.36,495.46
63504,27218,3,444.29,291.51,488.8
63511,27359,3,445.59,290.85,488.67
63512,26750,3,443.55,290.47,488.51
63571,23538,3,456.72,304.11,495.35
63572,24151,3,458.13,304.1,494.1
61962,48200,3,450.11,307.55,495.39
61964,47473,3,449.25,308.54,494.18
61965,49887,3,461.15,308.42,495.56
59795,90495,3,462.81,288.82,495.17
61953,50009,3,470.1,312.92,489.06
61956,48956,3,468.54,311.3,488.81
61957,50482,3,469.68,312.5,489.22
61958,48985,3,469.86,312.34,488.96
63470,25417,3,465.77,298.66,494.02
63479,25869,3,454.33,294.35,494.07
63477,25912,3,454.59,295.48,493.98
63462,25469,3,461.0,298.71,494.2
63464,25784,3,463.3,298.43,493.9
63483,25899,3,465.6,288.11,494.38
57299,96114,3,516.8,246.29,569.92
62025,49594,3,467.77,308.99,489.19
48394,57632,3,529.05,235.23,561.34
63595,20746,3,471.16,284.16,493.91
63581,23782,3,456.18,302.77,495.63
47574,73965,3,498.47,176.08,561.65
63424,24653,3,451.95,295.42,496.34
63416,23868,3,450.98,296.28,494.2
63422,23449,3,454.64,296.21,494.22
63485,22791,3,479.83,256.54,494.57
63562,23308,3,467.72,302.62,494.81
63563,25759,3,462.19,307.88,494.34
63564,25931,3,462.2,307.63,494.11
63565,23627,3,469.24,302.81,493.91
63566,23798,3,465.6,294.42,493.51
63582,25645,3,457.94,302.18,494.63
63567,23478,3,468.74,302.85,494.29
48402,28070,3,361.57,136.55,493.91
63654,21823,3,465.11,306.85,495.63
63657,19966,3,464.71,318.17,493.64
63659,18085,3,479.13,369.8,493.71
45708,72249,3,507.86,78.08,561.47
45709,28350,3,371.81,172.75,544.73
45757,58217,3,412.21,125.89,498.26
48322,58786,3,527.01,225.78,561.38
45714,27476,3,345.6,96.02,440.68
47595,57350,3,525.84,263.65,563.86
58834,96861,3,463.55,322.06,497.18
58836,96058,3,475.02,446.02,495.53
62035,43307,3,463.05,307.12,494.51
52360,97364,3,506.43,194.34,554.61
45684,60864,3,433.8,113.41,511.14
45688,57914,3,425.38,131.79,489.34
61066,61861,3,467.1,324.85,488.56
63954,18606,3,460.54,295.26,494.04
47562,61302,3,517.11,244.44,562.0
63955,18319,3,462.34,294.91,493.64
63959,18395,3,457.34,293.87,494.87
59930,88158,3,460.29,307.17,494.86
60586,68804,3,471.74,323.43,490.44
45204,99545,3,525.8,330.69,562.38
56815,73289,3,549.52,131.02,585.61
47645,60351,3,504.86,251.73,561.6
47647,90462,3,517.98,120.35,561.19
47591,59500,3,521.51,242.28,564.48
47658,59709,3,527.3,255.63,561.3
63960,18859,3,458.51,293.58,495.56
47637,57714,3,521.97,230.58,563.02
47639,60165,3,528.05,282.93,561.66
63953,18164,3,457.9,295.55,494.2
58837,69990,3,436.93,234.33,496.03
58841,96138,3,475.47,445.89,496.48
63977,19602,3,442.57,289.09,493.61
63994,16355,3,466.41,328.15,494.11
63996,17338,3,458.38,364.98,493.41
58829,99168,3,474.69,445.46,503.42
58831,94354,3,474.55,446.15,502.97
47644,36387,3,403.27,97.51,537.21
63461,25401,3,462.39,299.43,493.99
48600,81487,3,531.81,166.83,563.96
59744,91302,3,465.4,341.4,498.29
59745,89308,3,465.95,343.65,495.11
59746,88246,3,459.95,341.65,493.74
59748,87559,3,464.6,362.38,494.97
59731,91689,3,465.88,309.39,494.9
53748,59119,3,524.12,142.84,555.86
63578,23425,3,455.78,302.91,493.49
63579,24977,3,479.87,281.34,493.0
48313,59357,3,524.86,232.45,560.96
45672,38327,3,441.14,149.54,561.33
63407,24865,3,446.23,309.92,493.1
63413,24195,3,443.72,300.49,493.38
63399,25182,3,447.15,314.08,492.84
63460,26269,3,465.05,301.16,493.89
64265,13546,3,432.35,300.04,477.9
58040,100355,3,553.47,474.43,565.57
61853,50768,3,469.04,294.04,495.14
61857,49561,3,469.45,292.64,494.35
61859,46596,3,468.22,292.49,494.53
61931,48100,3,462.08,287.64,494.72
63576,24759,3,457.17,303.18,496.99
63577,23975,3,459.38,302.7,494.72
61070,62286,3,466.7,324.92,490.21
59902,84905,3,459.02,317.27,495.65
63927,19717,3,485.4,307.13,592.3
63905,18298,3,459.15,296.78,493.7
63906,17105,3,452.79,295.21,495.06
63908,17463,3,454.42,294.81,493.83
55284,104343,3,580.22,568.55,593.42
58931,95422,3,483.23,461.71,497.23
60601,68854,3,472.05,321.78,489.11
64385,10935,3,453.25,335.18,493.87
59269,90300,3,473.44,330.07,489.0
59298,92385,3,458.65,305.5,493.82
48680,74637,3,533.54,188.92,563.53
61262,58769,3,465.29,308.46,488.66
63895,18045,3,457.94,298.88,493.95
47801,27472,3,374.99,189.09,544.31
63970,18667,3,455.21,290.72,496.38
63975,19649,3,443.34,289.48,494.91
46081,60052,3,552.72,315.53,562.77
46132,60203,3,525.72,121.3,561.91
46135,97098,3,497.86,177.05,561.55
60594,66711,3,471.32,322.51,489.33
60595,68981,3,472.45,322.29,489.46
60600,69017,3,472.5,321.98,489.05
57842,95147,3,482.9,461.37,513.74
63409,25337,3,446.87,309.91,496.21
64001,16728,3,464.18,328.23,493.52
64040,17009,3,495.49,323.68,584.1
64084,14782,3,458.75,317.02,494.94
64086,15423,3,463.87,315.72,494.65
64077,15874,3,462.16,316.47,495.17
63966,19305,3,456.79,292.01,493.76
59737,88302,3,465.33,359.15,494.52
59742,89908,3,465.24,281.02,494.41
62054,46819,3,450.84,304.38,493.93
52299,58012,3,524.55,256.58,554.71
48879,31194,3,492.77,100.23,578.13
63324,29933,3,462.41,294.08,494.21
63366,29445,3,443.76,322.65,461.11
57840,98091,3,484.06,461.23,523.35
46768,60138,3,502.34,229.2,564.42
47164,68840,3,501.38,138.33,561.64
47165,59043,3,524.93,284.69,561.99
58724,99093,3,549.14,474.28,584.3
63968,18516,3,458.24,291.9,493.71
64012,17520,3,461.62,329.36,494.14
64028,17994,3,493.61,323.49,583.88
63999,15601,3,462.66,328.11,494.43
62122,44170,3,475.4,321.07,494.77
62104,45917,3,475.76,345.44,495.15
62125,46168,3,475.1,308.99,495.33
62126,43472,3,477.1,323.47,495.19
62107,46888,3,475.53,345.76,495.06
62108,44646,3,476.88,345.11,495.25
58731,95797,3,527.46,395.15,570.14
58770,97707,3,553.41,474.37,566.02
63775,19716,3,451.41,295.58,494.15
48141,61170,3,537.72,275.87,560.82
59195,92026,3,462.54,323.2,495.15
59202,97204,3,466.4,303.21,488.98
61914,49385,3,461.99,291.64,494.14
61864,47937,3,469.47,291.12,494.89
61866,47328,3,469.96,291.6,494.58
59257,94373,3,452.02,327.44,489.1
47803,73406,3,526.4,165.49,563.53
63917,17383,3,454.34,292.59,494.16
47757,60351,3,523.67,281.92,562.99
47763,56697,3,511.71,211.24,560.98
47764,57845,3,525.01,266.84,562.38
63909,17912,3,456.41,294.49,493.65
47744,14227,3,396.59,97.08,549.39
63710,22816,3,435.57,294.71,460.93
62137,47196,3,475.71,318.34,497.23
59170,88896,3,460.51,320.0,497.95
59190,92493,3,463.27,323.82,495.23
59172,91916,3,459.71,319.69,494.88
61715,52567,3,465.66,281.17,488.66
59855,84287,3,455.08,324.41,493.72
61718,50944,3,445.85,280.09,488.83
61719,54014,3,466.06,279.86,489.02
59951,63237,3,330.63,184.1,353.57
64036,18800,3,497.47,323.33,584.17
64038,18265,3,497.04,323.54,583.87
47360,24718,3,362.73,90.58,541.47
58773,98787,3,553.77,473.68,567.07
62145,44250,3,463.53,301.63,494.07
62146,43434,3,464.31,301.99,493.73
62136,44777,3,476.21,317.18,500.53
62155,47060,3,475.83,299.82,495.19
62140,45797,3,465.28,302.63,494.43
58235,97531,3,495.43,404.11,570.23
59964,88014,3,469.56,300.01,488.76
60019,84456,3,468.15,294.5,493.44
60024,82913,3,468.3,293.69,489.41
53499,107677,3,571.65,557.85,595.79
53488,123789,3,571.61,560.11,594.5
62150,44831,3,464.12,300.88,495.84
52285,96553,3,535.15,252.49,553.9
49170,58131,3,536.92,117.16,585.29
63119,33227,3,441.18,311.99,493.32
63074,34212,3,456.63,279.28,495.97
63202,32402,3,450.98,277.5,495.24
49149,77598,3,539.03,126.95,585.18
62152,45224,3,469.06,300.51,495.54
46785,58731,3,526.29,299.48,561.63
47175,61240,3,516.72,245.82,561.53
47163,59752,3,519.93,277.1,561.71
46767,60512,3,530.25,288.93,562.09
47139,59480,3,519.47,248.06,562.11
64080,14236,3,460.14,316.32,493.81
64083,15053,3,462.49,315.58,494.84
58351,4709,3,304.3,274.35,319.54
63065,38058,3,457.77,277.21,494.29
64433,11232,3,445.31,351.84,576.2
55704,12344,3,320.1,140.09,366.91
64420,11007,3,444.96,352.66,575.54
64390,11212,3,452.83,340.81,494.07
52003,59083,3,529.86,261.0,554.98
46781,60208,3,530.76,285.63,562.57
47124,59529,3,525.15,224.0,561.61
63707,21672,3,432.42,295.25,492.51
60943,65430,3,467.86,292.3,488.97
60937,66606,3,467.95,293.35,489.27
60938,68325,3,453.07,256.67,488.57
61530,55281,3,459.68,311.75,488.68
60940,67096,3,467.77,293.21,489.95
62177,48816,3,561.17,371.23,600.3
62183,49921,3,562.53,371.38,597.56
59852,85879,3,440.39,324.48,485.04
59802,85954,3,460.93,311.77,494.74
53617,56257,3,505.01,238.19,553.1
59189,96864,3,462.87,324.01,494.5
63712,22912,3,433.33,294.3,484.3
63720,22308,3,433.85,292.63,469.05
59198,91808,3,462.82,322.87,495.19
63698,23510,3,437.33,296.61,481.35
64136,14784,3,469.82,340.68,493.79
60368,73558,3,462.11,287.91,489.39
60371,70544,3,461.15,287.22,489.75
60330,75609,3,468.8,284.87,489.47
59007,95426,3,482.52,432.53,495.66
59012,96061,3,482.92,432.33,537.48
63859,21269,3,459.92,286.23,494.73
47842,63448,3,526.7,184.28,561.55
59312,90389,3,465.0,302.54,494.29
59313,92042,3,453.56,302.05,493.75
59300,88886,3,457.84,304.97,493.64
62927,39376,3,479.94,304.21,494.78
62898,39969,3,482.21,320.24,494.47
62921,36363,3,480.06,305.35,495.57
62954,38970,3,459.4,313.24,489.09
59687,86914,3,462.26,415.9,493.99
59702,89750,3,462.6,416.04,497.04
62999,36324,3,478.69,324.27,494.16
62968,40717,3,465.84,309.43,489.57
62969,38183,3,464.71,309.37,488.56
59309,87212,3,456.01,303.14,493.94
63066,38057,3,455.96,282.7,493.97
59310,90620,3,455.79,302.96,493.72
59311,4859,3,274.07,170.57,327.37
62175,49374,3,561.69,371.03,598.5
62172,48960,3,560.05,370.68,598.41
62180,50815,3,549.55,332.12,596.88
62181,48984,3,531.03,371.36,585.22
53776,89978,3,514.83,171.09,553.56
62168,49804,3,560.22,370.68,602.31
59682,90776,3,465.57,355.93,499.31
59701,91349,3,462.93,415.83,495.05
60350,75675,3,468.17,279.54,490.39
60351,74388,3,467.44,279.02,488.61
46169,93306,3,493.31,370.61,563.7
46161,85816,3,490.66,92.62,562.65
46162,58664,3,516.45,126.83,562.16
46147,59137,3,518.52,257.72,561.32
46791,59294,3,509.04,253.26,561.95
59689,87148,3,462.5,430.11,494.8
63778,19092,3,450.92,294.95,495.47
63779,20503,3,451.87,291.96,493.93
63780,21310,3,452.42,294.39,494.63
54782,52327,3,398.18,131.1,481.15
54765,56500,3,507.24,239.87,555.24
60360,74007,3,462.43,289.05,488.84
60363,69991,3,461.66,288.94,489.61
60348,73203,3,467.79,279.71,491.09
59878,89393,3,460.96,319.81,494.53
59880,85892,3,457.28,319.46,494.37
47902,58751,3,518.56,265.78,561.57
48026,55384,3,507.25,87.12,562.24
63764,22112,3,465.79,313.89,494.12
63786,20307,3,449.78,277.62,496.06
59174,96477,3,460.59,319.36,493.1
59179,92041,3,462.71,325.35,496.59
63867,20304,3,427.89,306.97,451.32
63897,17857,3,456.4,298.55,495.92
63898,17263,3,453.0,297.02,493.95
63899,18497,3,456.8,298.09,494.47
63900,18157,3,455.77,296.49,494.08
63904,17941,3,455.6,295.76,493.73
63891,17761,3,456.78,298.61,495.31
63911,18481,3,456.82,294.13,494.13
64141,15184,3,469.45,340.77,494.31
64143,14725,3,468.27,338.99,494.03
57681,96592,3,481.2,460.16,522.56
64483,9858,3,419.16,308.41,461.03
64465,10557,3,416.05,317.84,461.41
50201,93197,3,528.24,427.7,553.43
62846,36171,3,477.91,327.14,494.95
62848,35647,3,477.89,327.11,494.32
46772,61769,3,526.25,262.93,561.49
64120,16626,3,441.25,318.9,467.59
46726,59418,3,524.42,278.87,562.12
64137,14654,3,472.34,340.64,497.77
64138,14593,3,473.83,340.65,494.35
64139,14045,3,468.77,339.67,495.66
64140,14915,3,470.14,340.7,494.42
64114,16644,3,444.5,319.36,462.16
62875,38275,3,457.9,326.57,488.92
62893,39321,3,484.5,318.54,495.18
62895,36571,3,483.59,318.43,494.6
60356,72201,3,462.79,283.02,489.07
60344,74630,3,468.03,280.98,488.85
60316,69690,3,461.91,286.59,488.53
60318,73488,3,461.97,286.31,488.36
60321,71804,3,461.18,285.63,489.12
51961,57413,3,515.84,93.88,556.05
62234,45258,3,460.48,287.31,489.26
59676,89298,3,466.43,401.49,494.25
53821,93308,3,512.16,256.49,553.04
62197,43431,3,474.88,300.6,494.41
62199,44539,3,467.72,284.54,494.07
59654,89737,3,466.07,414.71,494.18
59655,85335,3,463.93,386.43,494.48
62849,36565,3,478.25,327.02,494.4
62854,37949,3,457.03,326.57,489.04
62858,38674,3,457.03,326.62,488.75
59579,88338,3,462.83,440.84,495.74
59583,89702,3,463.29,412.15,494.39
59567,88499,3,460.1,425.94,494.05
59570,88913,3,462.91,431.82,493.89
59652,89750,3,457.26,411.42,493.53
63803,20224,3,449.51,285.02,495.71
48031,57606,3,528.59,277.79,561.2
48033,70859,3,525.54,164.28,561.44
48122,58966,3,523.73,91.19,563.04
48020,60764,3,528.88,283.38,561.91
63914,17427,3,453.71,292.94,496.44
63915,19150,3,457.32,293.17,493.59
63916,18769,3,455.4,293.03,495.24
52582,58021,3,502.72,198.78,555.18
63805,20252,3,446.82,292.5,495.74
63789,20744,3,450.13,289.0,494.1
63808,20302,3,450.79,291.64,494.96
63810,19594,3,448.1,290.95,494.48
63811,20498,3,449.13,290.68,494.06
63812,18567,3,448.32,290.4,493.72
63794,21007,3,449.17,287.5,502.24
61676,53301,3,469.08,318.96,488.48
61662,53580,3,469.7,321.35,488.92
61663,53213,3,468.94,321.23,489.61
61682,53308,3,469.11,320.79,489.29
61847,50480,3,452.28,295.62,493.51
61849,50711,3,453.32,294.96,493.69
52613,33400,3,494.7,51.2,553.89
61673,51302,3,469.21,319.6,489.06
62782,40078,3,475.83,284.15,489.26
62783,37935,3,476.93,283.58,488.74
62822,40106,3,464.35,296.59,489.69
62864,39362,3,458.62,326.65,488.62
62868,37224,3,458.57,326.73,488.74
62870,38171,3,456.51,326.8,488.48
62766,38985,3,476.43,288.84,490.16
62767,39506,3,477.26,288.43,488.67
58515,98536,3,459.38,361.23,495.23
58591,74401,3,553.45,170.17,570.69
53181,77249,3,478.51,156.46,552.9
60036,84197,3,468.6,291.59,489.76
60057,86264,3,469.61,302.85,489.64
51107,53559,3,506.75,82.21,553.46
50833,39178,3,412.54,127.2,502.42
62814,37830,3,465.22,297.91,491.03
64172,14203,3,447.55,295.04,489.58
64175,14339,3,447.75,292.65,488.54
64157,16284,3,469.93,298.93,562.89
46682,60490,3,527.48,155.35,561.59
46684,60481,3,529.67,277.4,561.93
46686,8533,3,406.11,179.78,516.37
46591,58622,3,518.32,303.99,560.9
46671,61969,3,520.45,142.25,562.09
59640,85347,3,466.13,411.18,494.06
62305,42277,3,462.52,308.14,489.34
62504,37266,3,483.25,317.42,495.2
62281,42759,3,472.54,312.47,494.79
62496,36887,3,482.44,317.84,494.41
62498,37865,3,484.69,317.77,495.85
62500,40189,3,484.97,317.62,508.94
62819,38180,3,464.58,297.03,488.82
62765,37523,3,478.28,289.07,491.26
59642,89634,3,439.09,310.88,494.81
59643,88471,3,465.97,351.87,494.68
59605,86396,3,458.24,442.57,493.79
62744,37096,3,481.43,326.22,497.36
62605,37403,3,487.5,303.27,494.82
62606,38892,3,487.17,303.13,493.96
62806,38230,3,462.94,300.24,489.31
45783,44818,3,475.44,90.96,561.94
57916,24186,3,432.78,135.73,503.37
61677,51531,3,468.71,319.29,488.78
61712,51069,3,465.94,282.05,488.71
62776,37607,3,477.27,285.89,495.54
62758,38584,3,476.49,275.73,489.35
62759,39516,3,477.23,289.92,489.16
62763,38050,3,478.68,288.82,490.53
47912,62540,3,515.88,171.81,561.34
47979,57559,3,528.99,298.68,562.18
47992,59312,3,530.48,304.61,561.73
47999,27473,3,378.26,118.42,540.98
47880,59404,3,519.23,297.75,561.74
63816,20490,3,448.2,287.6,495.75
57881,56837,3,491.56,277.71,572.68
45782,48450,3,412.15,102.5,487.61
45777,57742,3,432.25,224.15,505.58
45762,53050,3,408.14,60.66,492.98
47866,58823,3,529.01,304.28,561.87
47982,60684,3,522.02,262.51,567.73
47991,60117,3,527.53,265.58,561.75
47875,59868,3,511.36,107.27,562.01
47918,59294,3,530.56,251.77,561.68
47905,60739,3,531.34,281.97,561.82
60135,80350,3,462.14,283.07,489.43
56459,105132,3,580.18,561.09,596.93
56360,108526,3,571.67,554.09,597.68
60130,82105,3,467.61,313.17,489.41
56357,108878,3,571.58,553.15,595.62
56769,102704,3,548.13,325.53,594.36
60257,74799,3,468.6,291.91,489.27
44743,60528,3,523.1,159.21,560.93
57670,95303,3,484.3,456.07,522.82
45067,97483,3,525.35,339.83,562.36
62521,37233,3,361.91,289.82,367.79
62522,36510,3,362.0,298.51,367.26
62507,38689,3,487.25,301.55,494.66
45066,61892,3,516.81,235.38,561.2
62510,37711,3,484.42,317.27,496.84
62499,39171,3,484.73,317.69,494.75
62602,38370,3,487.81,305.36,496.13
62570,40555,3,486.32,318.55,495.9
62748,38990,3,480.93,323.92,494.48
62749,38567,3,481.21,323.42,494.28
57675,96437,3,480.11,457.82,523.48
57679,95263,3,480.86,460.61,523.36
62529,38149,3,483.13,296.33,494.19
62530,40094,3,482.26,295.84,495.53
46583,59060,3,522.34,267.6,561.03
46570,40295,3,401.49,148.26,474.04
64152,15680,3,467.21,316.01,565.22
64145,14915,3,470.33,339.01,495.57
64148,15887,3,469.12,316.25,565.45
62780,40353,3,477.21,284.62,489.48
62781,38038,3,478.51,284.41,489.2
62784,38771,3,478.01,283.79,488.78
63929,19264,3,485.4,306.56,584.62
47729,33329,3,449.96,135.75,560.58
45184,65062,3,498.35,184.9,561.22
45103,26264,3,388.0,144.92,448.59
45181,99770,3,522.66,304.24,561.9
61921,48702,3,462.18,289.78,494.67
52466,75228,3,480.46,178.72,553.22
61980,48857,3,471.11,306.05,494.79
64257,14368,3,432.07,301.75,460.68
64261,13900,3,432.97,300.88,462.82
63933,20671,3,485.01,305.47,597.74
55282,104210,3,580.19,568.73,597.59
47664,59827,3,529.19,257.93,560.98
63935,21461,3,483.63,304.97,584.57
63936,21342,3,481.84,304.82,584.32
63941,19791,3,481.25,303.47,588.82
44766,60642,3,509.58,126.71,562.19
45050,25065,3,354.39,86.15,545.07
45402,27061,3,405.2,237.17,506.89
64480,9793,3,419.29,308.82,474.67
64481,9103,3,419.5,308.63,461.03
45381,95433,3,523.52,346.95,561.18
45094,97618,3,526.47,343.08,562.26
55632,102880,3,580.25,569.2,596.47
64177,14649,3,448.26,290.44,488.42
60201,77437,3,466.35,319.65,490.2
64167,15742,3,469.34,297.01,568.35
46374,58686,3,506.56,295.01,561.48
46361,60787,3,526.86,268.55,561.63
58419,97294,3,518.73,333.96,569.9
58377,96786,3,480.87,461.66,522.95
44760,58274,3,418.87,155.54,501.3
64920,1616,2,335.31,296.93,410.73
55934,109523,2,580.19,566.64,597.48
56805,105314,2,580.26,569.63,596.22
55946,105976,2,580.24,565.04,602.53
64779,6850,2,385.4,288.35,460.62
44954,98086,2,519.13,326.72,561.64
44959,63624,2,513.46,201.42,562.47
44967,39362,2,484.1,178.29,561.27
44943,26371,2,344.95,82.62,525.93
60148,81157,2,452.94,280.78,489.04
60153,80007,2,461.54,279.67,488.54
60197,74498,2,466.23,319.92,488.78
60198,76173,2,466.41,320.06,488.66
60263,77192,2,469.18,291.03,490.5
60282,75046,2,472.73,298.18,489.51
60283,77188,2,472.81,295.38,491.49
60271,72651,2,469.36,291.46,490.29
60272,74912,2,470.41,289.27,489.25
56118,93138,2,538.06,430.92,569.52
56114,59940,2,538.57,105.2,570.31
44917,99842,2,517.06,299.7,561.41
44918,24918,2,347.06,167.01,415.3
44934,98256,2,514.52,306.91,562.42
44938,25392,2,362.13,108.83,526.35
62509,37036,2,484.48,317.37,494.44
62511,38202,2,362.0,302.94,367.76
62512,38428,2,362.02,302.71,367.73
58388,100373,2,480.96,459.69,523.14
58390,96927,2,480.94,455.07,523.7
58392,98028,2,478.52,428.86,513.86
58393,95455,2,481.02,461.62,524.85
58394,95436,2,481.65,461.47,523.03
58384,95101,2,480.73,461.72,523.25
58440,98721,2,483.44,443.43,502.32
58410,95871,2,494.77,483.44,541.2
60106,83367,2,470.53,280.23,490.69
60107,81882,2,470.03,279.71,489.75
44970,97222,2,461.46,207.71,561.88
45045,13498,2,332.58,155.38,450.09
64745,8086,2,398.01,306.07,461.54
64748,8284,2,395.35,303.2,460.31
46140,59284,2,525.09,276.5,561.51
58386,96351,2,483.91,461.93,513.25
46574,97156,2,502.78,336.32,562.07
46547,29474,2,390.22,95.7,548.08
46581,100915,2,549.0,477.67,561.84
58535,99181,2,482.41,461.84,495.55
53212,99050,2,571.69,552.25,596.47
60092,82874,2,469.62,283.54,489.06
60095,82836,2,470.71,282.88,490.91
60111,83923,2,470.07,278.42,491.8
64173,15104,2,447.18,295.46,490.58
64158,16043,2,472.4,298.86,564.8
64159,16122,2,470.05,298.43,562.51
64146,16301,2,468.14,316.76,564.78
64147,15804,2,466.69,316.58,562.87
46548,38857,2,393.41,153.96,560.47
64153,16698,2,466.19,315.93,562.59
64154,16123,2,449.76,288.67,464.84
62287,43200,2,473.0,311.26,494.82
62288,44334,2,452.37,311.81,493.72
62289,41235,2,473.98,311.07,495.19
62302,43976,2,466.6,284.8,489.29
62306,43215,2,464.16,307.84,488.78
59641,85929,2,466.13,410.25,495.16
59547,87644,2,458.93,443.02,493.84
59549,87675,2,464.11,443.51,495.82
62857,41037,2,459.1,326.61,489.26
62869,38430,2,458.36,326.4,488.69
62834,37698,2,360.09,319.55,367.92
62842,37599,2,463.85,327.05,493.96
59601,91951,2,459.3,417.92,494.37
59603,88832,2,462.39,415.58,494.05
62506,35108,2,470.81,277.22,494.21
62282,42296,2,472.25,312.1,495.0
62743,38211,2,488.22,326.84,495.17
59621,85777,2,455.35,442.85,493.88
59608,88392,2,455.5,416.29,495.97
59610,87532,2,455.99,442.76,494.81
59622,89896,2,455.85,442.99,493.57
59631,88695,2,466.24,409.05,503.17
62760,40185,2,480.49,289.65,488.83
62771,38027,2,477.21,287.73,489.01
62590,37659,2,359.89,307.93,367.52
62592,36253,2,361.36,307.11,368.35
62593,38929,2,361.41,308.4,368.3
51122,15751,2,381.81,93.67,550.42
51119,20137,2,367.42,79.7,521.83
62598,38607,2,361.46,305.33,367.55
62599,37622,2,361.78,305.07,367.86
62600,36988,2,487.61,305.84,494.6
62262,46519,2,461.09,286.47,488.83
59669,93308,2,466.01,412.67,494.41
59691,89675,2,464.83,410.88,495.15
59397,87847,2,469.49,445.49,489.62
59399,88474,2,466.48,443.24,494.55
59420,90053,2,466.52,441.31,494.66
59409,86014,2,459.11,442.14,494.02
59430,87954,2,466.1,445.23,488.56
59566,88605,2,463.14,416.14,495.37
59665,27497,2,368.28,168.73,426.81
59674,85902,2,464.42,414.01,495.19
59664,88075,2,465.66,411.9,497.01
62209,44295,2,474.36,297.75,494.17
62228,43179,2,362.72,289.45,373.39
62215,43662,2,474.45,296.27,494.67
62231,45641,2,460.69,286.7,489.04
64461,11010,2,420.87,317.87,461.02
64484,9236,2,419.51,308.31,460.72
57789,93293,2,514.67,440.94,571.8
57705,94801,2,559.93,349.78,571.4
55669,100351,2,580.33,563.63,598.4
62874,38936,2,458.05,326.67,488.81
59538,90538,2,462.02,373.68,494.66
59564,86372,2,454.05,443.25,493.19
59554,90867,2,445.8,339.26,493.79
59580,87001,2,462.36,443.22,493.6
59582,93383,2,463.43,413.83,496.27
62835,37738,2,361.39,319.82,368.58
62843,37748,2,477.73,326.96,493.84
62845,36428,2,463.93,327.05,494.1
50826,29569,2,441.07,166.75,517.85
50810,18351,2,363.17,96.1,533.2
62158,44544,2,464.15,299.0,493.96
62179,49412,2,552.77,339.25,598.18
62166,46987,2,561.48,370.73,587.97
62167,48401,2,561.6,370.71,594.78
55700,27317,2,348.8,188.66,374.9
55701,21604,2,351.12,184.13,366.74
64389,10276,2,456.61,342.2,493.84
64391,10349,2,444.49,345.06,493.84
59703,88146,2,462.53,443.12,494.2
59724,92630,2,467.43,369.78,489.48
59711,87223,2,364.99,305.41,373.9
59712,88128,2,365.0,322.93,373.58
62169,48794,2,559.8,370.64,600.74
62171,47911,2,561.9,370.9,597.09
62156,43604,2,463.45,299.67,494.83
62157,45755,2,475.87,299.15,495.48
59316,90519,2,462.82,301.82,494.17
59376,92328,2,469.44,437.98,489.43
59308,91344,2,459.1,303.47,493.77
59393,91451,2,465.8,435.21,489.15
63021,39980,2,473.49,330.19,496.49
59412,86441,2,466.62,443.68,494.49
59695,88796,2,459.87,391.62,494.29
59683,93846,2,465.62,360.0,496.44
62959,40584,2,465.4,310.53,489.11
45554,90639,2,527.22,467.96,560.93
45557,98173,2,531.75,366.56,561.72
45563,96073,2,479.8,316.78,565.86
45553,100064,2,528.66,354.61,560.98
64477,9252,2,420.44,311.34,461.33
64459,10742,2,422.42,317.73,461.1
59301,92022,2,453.19,304.79,493.73
62141,45823,2,464.23,302.73,495.06
63197,29062,2,447.62,278.58,493.94
49162,48794,2,518.47,178.58,590.42
63278,31786,2,467.48,311.12,494.16
63279,31605,2,456.5,309.43,494.16
63280,30561,2,464.48,311.21,495.81
63281,31492,2,464.7,311.19,493.96
63070,37911,2,457.85,269.5,494.83
62204,43642,2,474.24,297.17,494.74
62192,41937,2,467.15,301.33,493.97
62132,47568,2,476.32,316.46,494.3
62134,44198,2,471.01,305.95,497.54
62139,47204,2,470.26,304.01,494.39
62123,46799,2,476.75,310.33,496.39
62143,46570,2,469.72,302.3,494.7
62153,42904,2,463.83,300.07,495.96
63018,39317,2,474.7,330.32,494.82
63050,39246,2,462.44,297.18,489.61
63051,37452,2,460.01,295.59,489.65
63039,40507,2,441.01,297.77,474.4
63043,38864,2,461.52,296.93,489.14
62200,44315,2,474.69,298.0,494.36
62201,44426,2,474.2,297.82,494.31
62202,44256,2,474.82,297.85,496.68
64392,10528,2,453.35,339.37,492.81
64425,11164,2,441.58,351.77,558.97
64427,10553,2,441.36,352.37,569.61
45587,96913,2,523.19,325.43,561.5
64451,10780,2,421.28,317.54,466.69
45667,25294,2,376.34,201.73,560.22
63123,36091,2,465.74,310.32,494.25
63036,40197,2,442.48,298.07,468.64
59270,96856,2,473.7,329.71,490.09
59271,92094,2,462.03,329.48,488.3
59272,91372,2,472.78,329.55,488.88
59273,87829,2,473.21,331.92,489.15
59296,88899,2,455.04,305.2,494.24
59297,91907,2,459.0,305.37,494.31
59299,90439,2,453.05,305.16,493.29
59302,88714,2,458.42,304.53,494.55
59256,94114,2,472.91,332.48,488.76
59258,92713,2,472.72,331.69,490.75
59259,91456,2,473.27,331.98,489.27
59260,92200,2,462.61,331.96,489.1
59264,93332,2,473.3,330.99,493.46
59266,95740,2,472.94,330.57,489.3
59267,93111,2,473.27,330.29,489.93
59268,91644,2,473.65,330.28,490.94
62105,22367,2,347.06,258.01,425.03
62128,46308,2,475.3,315.87,494.35
62048,46860,2,462.14,304.48,494.01
62050,46605,2,461.41,303.97,495.38
48689,58541,2,523.04,165.25,561.61
48675,58366,2,545.85,268.45,562.63
59254,91150,2,470.34,332.9,489.17
59255,95121,2,473.4,332.54,488.79
63091,41193,2,488.04,269.62,600.64
55670,99115,2,580.21,567.43,599.65
62162,47612,2,470.96,299.5,495.22
62149,46475,2,463.66,301.43,494.09
62100,45654,2,452.38,346.76,494.6
62101,46117,2,476.78,343.86,495.04
62102,39972,2,477.98,345.96,495.22
62070,45292,2,465.06,315.32,488.82
59735,90021,2,459.2,328.85,494.23
59739,91457,2,465.79,362.28,496.33
59747,88667,2,465.28,357.14,495.71
63388,28347,2,442.68,322.97,461.32
63376,26736,2,472.27,322.3,489.86
63403,27617,2,446.47,313.88,493.45
63404,27659,2,446.2,313.86,494.48
63406,26503,2,438.54,312.12,458.13
63374,28195,2,442.08,325.03,460.83
62055,47148,2,449.39,304.84,493.98
62052,48323,2,461.64,303.68,494.48
59734,87803,2,459.28,362.06,495.14
59723,93448,2,467.39,368.61,488.7
59725,91467,2,467.41,373.1,489.32
59726,89037,2,467.26,367.51,490.71
59727,92835,2,467.65,373.1,488.96
63408,27380,2,458.88,309.91,493.95
63325,32499,2,463.86,294.8,495.44
63283,29830,2,463.8,310.91,494.78
63286,30004,2,465.13,309.81,495.0
63329,29593,2,461.96,293.24,494.26
48677,26794,2,485.61,172.35,560.79
63370,30031,2,444.16,322.44,468.8
63373,28412,2,442.28,322.49,460.82
59303,89174,2,458.6,304.56,495.16
59304,91425,2,453.33,304.23,493.54
64379,10952,2,341.8,315.76,366.17
64383,9929,2,453.18,335.89,494.33
64386,10999,2,448.73,340.84,494.16
64388,8739,2,446.67,346.04,493.56
57843,95514,2,483.14,461.79,514.24
48647,58560,2,544.09,238.63,561.29
63463,25634,2,462.01,298.5,494.34
63482,25977,2,375.32,295.97,446.95
63484,27011,2,464.0,288.39,493.8
63480,26519,2,453.49,294.43,493.52
63417,23347,2,449.19,296.8,494.26
63419,25741,2,449.41,296.42,494.06
63420,25542,2,448.33,296.58,493.99
63423,22501,2,446.47,295.69,495.88
59772,89735,2,475.09,330.71,488.88
59782,88071,2,460.42,284.48,494.03
57308,98701,2,527.56,371.03,570.91
57293,33500,2,446.01,150.9,520.97
55782,104597,2,580.15,563.99,595.37
55783,104881,2,580.23,567.51,595.99
55784,106175,2,580.16,564.45,596.64
64607,9463,2,392.65,295.51,489.87
62017,47013,2,361.74,300.38,374.16
62018,45595,2,361.51,300.65,373.63
62021,48376,2,467.18,303.42,488.58
62009,48071,2,361.91,300.86,373.53
62026,49224,2,466.33,304.49,488.77
62034,49244,2,450.81,307.69,493.79
62038,48676,2,446.3,306.76,469.91
62024,50848,2,466.41,304.91,488.96
63384,28443,2,441.12,322.09,478.06
63414,23590,2,451.74,297.38,493.92
63415,27010,2,447.6,300.37,494.26
63402,27112,2,447.92,313.96,492.91
45588,95475,2,501.51,381.96,563.44
45662,54077,2,494.37,162.82,561.02
62015,47940,2,361.09,299.67,373.13
61976,48311,2,470.39,305.23,495.17
59242,92585,2,463.75,320.45,494.49
59243,90245,2,463.34,320.14,494.78
59244,89387,2,462.65,320.02,494.63
59246,87816,2,463.38,319.68,504.42
59247,93008,2,459.65,319.75,495.6
59248,89755,2,463.52,319.52,495.64
59249,91426,2,463.82,319.36,495.31
59253,89513,2,462.97,318.81,494.41
59788,85553,2,461.11,310.04,494.39
59232,90990,2,463.57,321.6,495.81
59233,91269,2,463.19,321.81,495.96
59234,89879,2,453.53,321.32,493.39
59235,90968,2,463.46,320.58,494.35
59238,92774,2,463.73,320.89,494.81
59239,91557,2,455.38,305.79,494.87
59240,93253,2,463.6,320.81,494.86
45233,99376,2,526.81,344.56,561.89
57666,97139,2,551.73,473.83,565.72
57667,96837,2,481.78,456.5,523.5
59751,91657,2,465.72,361.94,495.26
59790,89501,2,461.35,302.66,494.75
59769,89626,2,475.0,328.88,489.16
59771,90313,2,475.61,329.0,488.88
59787,86789,2,461.24,308.47,494.72
63434,27643,2,442.2,302.47,462.02
63435,28264,2,441.86,300.31,460.66
63450,25160,2,439.76,299.14,461.0
63451,27324,2,438.89,298.83,461.72
63453,24753,2,440.08,298.63,479.43
64618,9548,2,391.62,294.89,461.48
45219,86150,2,465.43,119.51,561.54
45226,97268,2,526.91,357.11,561.44
61981,46567,2,471.74,305.83,494.74
61919,49635,2,461.08,290.71,493.83
61890,50863,2,469.71,305.09,488.86
63588,24432,2,457.63,301.3,494.13
63589,24950,2,459.01,302.15,493.83
48372,26304,2,362.32,91.73,489.88
63583,25278,2,457.63,302.03,493.66
63584,23778,2,456.69,301.66,494.8
59220,97010,2,466.92,299.76,491.06
59221,95302,2,465.93,299.36,489.16
61955,49603,2,469.69,312.63,488.86
61943,49569,2,362.33,316.4,373.25
61966,48560,2,450.05,306.69,494.1
61971,49981,2,470.89,305.78,499.17
61978,48218,2,471.31,304.66,496.14
61979,49160,2,471.73,306.15,496.24
63499,26715,2,443.57,292.78,489.37
63501,27238,2,444.24,292.29,488.86
63502,26692,2,441.19,292.65,489.29
63508,28362,2,445.53,291.46,488.77
63509,27477,2,443.51,291.37,489.38
59237,92048,2,463.55,321.04,494.84
59215,96835,2,466.48,300.57,488.71
59217,96454,2,466.23,299.79,489.04
63473,26294,2,463.88,296.65,494.32
63570,24197,2,465.98,331.1,494.12
63496,27568,2,442.67,293.36,488.91
63498,25387,2,441.53,292.58,488.86
48463,56887,2,522.39,248.82,561.6
63487,27021,2,464.54,288.59,493.94
63495,27522,2,441.42,293.6,488.4
63513,28560,2,444.93,290.24,489.33
59204,96768,2,466.77,302.88,489.3
59208,96311,2,466.32,302.26,488.72
59210,97545,2,467.0,301.58,490.61
59213,99382,2,466.39,300.88,488.79
57847,95421,2,484.15,461.12,523.16
57848,94134,2,483.24,461.06,513.22
57853,94794,2,482.43,461.18,523.03
57854,95754,2,482.6,461.08,523.14
61889,51166,2,469.71,304.44,488.48
61893,50967,2,469.11,304.68,488.59
61912,48549,2,462.86,292.37,494.18
61915,49319,2,461.88,293.28,496.0
59845,86621,2,455.14,325.1,493.93
59193,95046,2,463.35,323.44,495.61
59196,95370,2,463.59,323.12,496.08
59203,95457,2,467.33,302.95,488.72
45735,95686,2,521.94,456.95,563.22
63580,24722,2,458.33,303.05,494.65
61891,51932,2,470.33,304.74,488.71
61928,49270,2,463.79,288.06,495.0
61929,50891,2,463.38,288.9,494.29
61932,51045,2,469.41,287.3,495.07
61865,51468,2,470.8,291.05,493.73
61852,52113,2,469.3,294.3,494.2
63585,25844,2,457.73,301.92,493.77
63587,23585,2,457.59,301.03,493.54
63591,24531,2,457.9,300.7,498.07
63593,24293,2,457.97,300.22,494.81
64331,11817,2,427.49,324.74,491.49
64333,11262,2,427.55,324.64,472.18
64335,12006,2,426.72,324.57,491.35
45734,56532,2,414.23,137.8,501.82
61709,52527,2,465.68,282.26,488.5
59079,96544,2,489.24,334.11,499.77
59152,102713,2,457.95,299.15,493.6
59182,95392,2,463.33,324.9,494.97
59180,96251,2,463.3,325.18,494.82
63770,20734,2,464.54,316.74,494.79
63722,21571,2,431.47,293.64,461.0
63768,20538,2,463.32,313.24,494.62
59191,92401,2,460.46,323.63,493.86
53596,78684,2,457.67,71.18,543.68
59838,87392,2,461.28,325.17,494.92
59840,86176,2,462.31,324.89,495.61
59857,86300,2,462.28,324.38,494.22
59860,84425,2,456.59,320.96,497.3
61720,52829,2,465.86,278.65,488.63
61708,52883,2,465.24,282.68,488.71
63697,22620,2,436.54,296.82,462.35
63717,22083,2,434.7,292.53,461.03
63718,21573,2,432.27,293.46,460.96
59184,93888,2,463.22,324.65,496.37
59185,94284,2,455.17,324.55,494.94
59187,96193,2,462.91,324.34,494.51
59188,96078,2,462.43,324.18,496.7
59206,96278,2,466.73,302.55,489.52
57857,98291,2,472.26,429.07,523.03
57859,97056,2,482.77,461.4,523.65
57860,99699,2,483.06,460.82,523.33
63776,20997,2,452.82,293.08,495.8
63784,21925,2,432.28,293.36,493.81
48302,55901,2,519.4,71.69,561.58
63699,22225,2,434.94,296.51,491.38
63709,23327,2,435.5,294.85,464.4
57927,91289,2,485.38,433.09,533.38
57918,96320,2,496.75,482.46,569.37
57936,98738,2,484.07,462.04,522.45
57939,97008,2,484.13,461.55,518.92
57970,94561,2,532.19,467.03,569.89
57947,99318,2,484.18,462.24,522.99
63814,20576,2,447.21,288.27,519.8
63818,21357,2,447.02,286.97,494.4
61672,52801,2,469.65,319.91,488.73
61674,52183,2,469.16,319.71,488.71
61661,51026,2,469.79,322.8,489.26
61680,53181,2,469.2,318.72,488.72
61704,52370,2,465.78,297.79,488.48
61698,54912,2,354.95,296.64,375.5
61700,54065,2,467.36,299.09,488.47
57929,65936,2,485.45,132.39,568.62
63799,20683,2,451.25,286.34,494.66
63800,20685,2,450.86,286.08,494.05
63804,22415,2,449.17,292.77,493.92
61721,52326,2,465.05,278.44,488.56
61722,51863,2,466.53,279.24,488.59
61724,51695,2,467.08,279.11,489.05
61850,49887,2,468.92,294.63,494.68
61851,50846,2,452.2,295.32,493.77
63788,21304,2,451.48,289.75,493.89
48002,59325,2,529.9,313.29,561.5
48030,59025,2,528.58,248.03,562.33
48108,12217,2,379.0,131.27,540.42
48103,18768,2,367.86,104.43,462.11
48092,59364,2,523.17,282.56,562.7
63791,19783,2,448.93,288.89,493.9
63795,21050,2,452.92,290.07,493.9
61636,52113,2,467.39,313.19,496.04
61637,52435,2,462.1,312.9,494.14
61534,52650,2,359.65,301.75,373.3
61535,54156,2,359.76,301.46,373.24
54794,71679,2,476.67,196.75,543.05
59015,100535,2,482.92,433.15,495.57
59032,96463,2,487.36,365.02,499.09
59036,98869,2,436.08,321.73,493.75
61587,55032,2,461.78,325.94,489.15
61593,53826,2,458.34,326.13,489.7
61638,52777,2,467.17,312.86,495.38
61639,51693,2,462.32,312.73,494.65
61641,52233,2,461.79,312.5,493.64
61643,49992,2,461.8,312.12,494.93
61665,52360,2,468.94,322.36,488.52
61668,54034,2,470.16,320.59,488.51
47891,59016,2,494.61,122.93,561.71
47877,60419,2,529.46,108.9,561.57
47878,59110,2,529.56,315.59,561.4
64339,11953,2,429.14,325.55,490.27
64347,10668,2,464.72,341.04,585.49
45775,44673,2,397.41,167.76,484.92
61623,52297,2,467.81,316.83,493.89
61626,53816,2,467.43,310.33,495.06
63821,20338,2,448.16,287.56,494.68
47994,58682,2,525.68,269.66,562.26
47998,60140,2,521.17,126.16,562.02
48013,57994,2,529.24,223.6,561.99
47867,61490,2,517.08,298.3,561.9
47989,60068,2,526.9,256.09,564.44
47990,61354,2,522.84,211.88,561.91
47876,58633,2,518.45,285.53,563.25
63890,18444,2,456.16,298.83,493.71
63893,19168,2,459.3,299.37,494.16
63894,17848,2,456.79,299.16,493.81
63901,19157,2,457.38,297.64,493.97
47829,94905,2,513.0,147.02,561.94
63858,19825,2,460.31,309.01,494.57
63862,19882,2,459.88,286.0,493.89
63863,20043,2,458.01,306.25,493.49
61591,53743,2,449.53,324.74,461.67
61592,54756,2,449.15,324.83,460.9
59862,86246,2,456.12,322.41,493.78
59864,87829,2,456.99,322.38,494.25
59897,83716,2,458.39,317.7,495.17
59890,83138,2,458.54,318.72,494.46
59892,84492,2,452.79,318.54,493.66
63903,18486,2,457.16,295.94,495.36
63841,17964,2,457.59,320.2,493.59
63842,18494,2,457.15,320.07,493.88
63843,18713,2,456.21,319.94,495.89
61547,54381,2,467.92,309.06,489.19
61548,55483,2,468.25,308.79,489.73
61551,53845,2,468.14,308.62,488.41
61589,54101,2,449.51,326.2,460.95
61590,53677,2,461.34,326.46,488.37
63826,20033,2,447.65,284.43,494.92
63827,21037,2,451.19,285.87,493.79
63828,20470,2,446.82,285.52,495.04
63837,19972,2,456.9,320.76,496.92
63847,20847,2,455.49,319.53,494.69
63831,22087,2,448.47,284.08,493.91
63854,20696,2,458.74,308.83,495.3
63856,19650,2,457.97,309.08,493.66
61009,61808,2,423.18,300.1,487.64
60942,65044,2,468.52,293.57,488.7
60939,64295,2,467.08,294.3,491.05
61003,63798,2,464.23,303.09,490.13
61004,65312,2,463.6,303.82,488.99
64279,13411,2,428.14,297.37,460.49
46041,67817,2,516.37,206.77,562.24
46042,66016,2,520.25,128.37,561.14
61520,54032,2,459.57,312.82,488.8
61261,60417,2,464.96,308.38,489.53
61509,54692,2,446.98,314.13,460.86
61516,55648,2,460.81,314.31,488.61
61518,55916,2,460.28,313.08,488.6
60917,65665,2,471.66,303.87,488.92
60918,64756,2,472.58,304.23,489.12
60922,65767,2,472.47,302.81,489.54
59895,88078,2,458.67,318.22,495.33
59896,88278,2,456.62,318.06,493.78
61259,61806,2,465.95,309.01,488.61
61260,59934,2,464.67,308.95,489.69
61249,56944,2,363.23,311.4,373.47
61256,57698,2,464.74,309.28,488.42
61257,58288,2,464.75,309.52,488.66
61519,55469,2,460.37,312.97,488.75
47743,58556,2,518.98,127.55,561.52
63913,18862,2,456.89,293.77,494.68
47756,58581,2,514.59,259.14,561.19
47666,55095,2,498.15,129.38,561.41
47671,58589,2,528.99,277.67,561.33
47769,59269,2,516.74,258.38,561.43
47774,58846,2,525.54,249.47,560.74
47781,59649,2,528.77,294.0,561.29
63940,20988,2,482.26,303.76,602.24
58889,95389,2,482.18,461.56,520.88
58891,93985,2,465.22,317.9,489.36
58881,97110,2,481.79,457.67,495.43
57948,98388,2,472.69,398.08,523.18
58035,94830,2,478.04,445.83,523.62
57980,93611,2,511.85,487.0,563.59
47556,98435,2,545.47,488.76,562.15
45101,21374,2,325.33,113.88,446.48
45178,57787,2,515.05,269.8,560.97
64718,9712,2,411.36,308.79,450.4
45194,97999,2,525.51,334.05,561.23
45199,30803,2,365.61,105.13,533.63
47661,60833,2,532.01,267.57,561.03
47727,59275,2,519.19,273.91,561.3
63934,20760,2,482.88,305.21,584.19
63907,17893,2,454.71,296.65,493.83
61068,63340,2,467.11,324.89,488.79
61069,60912,2,466.66,324.88,489.08
59898,86380,2,456.58,317.64,493.94
59904,86099,2,458.91,317.1,494.28
53510,73284,2,543.36,185.69,579.59
64720,10055,2,411.35,308.52,452.38
64715,9099,2,409.99,309.08,451.51
46049,13565,2,434.7,133.28,560.71
58030,93965,2,480.21,460.55,523.31
58044,96921,2,554.11,474.38,565.75
55308,74671,2,545.67,105.69,585.21
55293,106803,2,580.22,562.17,595.61
55276,105826,2,580.21,568.56,593.95
59003,45425,2,460.79,148.14,495.55
63928,18504,2,484.75,304.27,593.5
46072,12712,2,401.85,167.11,560.22
64222,15829,2,425.24,285.5,476.1
64255,12462,2,430.71,313.73,493.03
64246,13462,2,429.81,315.27,491.19
64247,13540,2,429.88,307.42,492.46
64248,14975,2,432.28,314.46,493.49
64262,15348,2,429.51,300.7,467.13
64263,13630,2,429.37,300.5,464.4
56801,105526,2,580.28,566.21,596.45
56802,106204,2,580.1,564.97,595.92
57242,98513,2,565.21,540.88,571.62
53534,57685,2,515.88,207.1,553.51
59928,88017,2,460.45,306.16,493.93
60442,70011,2,468.12,274.41,489.57
60598,67945,2,472.64,322.13,489.06
60602,68003,2,471.63,320.09,490.94
58842,97500,2,475.12,446.11,495.37
58827,98215,2,477.51,437.67,502.33
58869,98070,2,492.64,453.43,499.91
47551,60134,2,521.31,229.18,562.78
45191,62377,2,529.85,137.26,561.4
45192,99612,2,523.21,305.62,561.4
56840,98314,2,524.12,471.11,571.08
56841,97835,2,563.45,484.12,571.51
47575,59988,2,527.8,309.09,562.75
63956,17136,2,457.66,294.63,493.57
63957,17516,2,459.1,294.4,494.04
63958,17935,2,458.71,295.79,494.12
47640,60367,2,525.2,228.45,562.35
63995,16517,2,463.03,328.13,494.28
58830,93783,2,474.54,445.88,495.85
58838,95228,2,474.92,445.41,495.58
60016,83359,2,468.46,294.77,489.16
60025,83086,2,471.19,293.38,489.52
60406,70265,2,365.15,295.62,374.31
53067,85099,2,544.95,161.17,580.3
53051,104175,2,571.71,555.48,595.93
60437,70145,2,468.81,276.61,489.05
64221,15816,2,426.79,285.36,477.81
58154,96666,2,485.75,473.75,513.08
58775,99284,2,553.27,474.16,566.31
64034,18244,2,495.58,321.74,584.12
64035,18998,2,495.84,290.26,584.06
64025,19880,2,493.87,323.59,583.73
64026,18953,2,499.94,323.5,584.73
47181,19351,2,364.17,136.18,455.14
60593,68559,2,471.83,322.63,488.82
53502,104381,2,571.6,551.16,592.76
64005,17177,2,462.28,328.63,493.66
47548,59636,2,524.78,278.92,561.46
64018,16509,2,461.59,329.83,495.25
64019,16862,2,462.76,330.03,494.63
58152,96965,2,485.29,473.2,523.02
47167,60795,2,521.18,215.19,561.5
47170,60695,2,523.0,235.23,561.74
58769,97452,2,553.31,476.42,565.39
47579,61411,2,527.1,267.5,561.97
47585,68806,2,504.87,168.89,561.8
63998,16337,2,463.92,328.07,493.78
64031,18655,2,496.76,323.45,583.71
64069,15831,2,353.21,316.99,366.67
64042,18100,2,498.74,323.6,585.4
64047,18166,2,496.08,323.74,598.04
64000,16951,2,462.42,328.59,493.96
60355,71571,2,461.57,289.78,489.04
60361,71396,2,461.98,282.41,490.18
53088,104349,2,571.68,557.27,597.13
53080,103667,2,571.68,555.51,598.53
60367,74037,2,462.42,288.15,488.93
60329,74271,2,468.66,285.15,488.96
64142,14921,2,467.67,338.87,494.37
64128,15513,2,350.5,316.66,367.45
53066,104030,2,571.54,551.52,599.45
60444,70082,2,468.14,273.93,489.36
60445,70675,2,468.47,274.18,490.04
60446,70064,2,452.99,273.91,503.81
60434,71691,2,468.88,277.25,488.63
60436,69841,2,468.61,276.98,489.61
60364,72975,2,462.77,288.76,489.09
60365,72832,2,462.0,288.59,488.89
64098,16022,2,445.09,322.37,460.74
64103,16990,2,445.66,322.23,462.67
64106,15326,2,444.47,319.67,473.01
46166,15069,2,375.73,148.92,560.18
46158,12366,2,350.37,118.85,484.7
64194,14712,2,447.9,294.52,489.49
64195,13345,2,446.01,294.75,489.14
64196,14174,2,448.74,294.63,488.62
58380,95688,2,455.77,320.2,488.93
58374,96810,2,480.56,460.85,522.99
64079,15235,2,458.83,316.42,494.63
64082,15852,2,458.11,315.96,493.62
47136,60444,2,528.07,298.45,562.6
47155,62719,2,504.56,174.04,562.91
47128,58493,2,500.5,132.42,562.83
46787,39985,2,412.99,105.31,534.54
58713,99051,2,548.5,474.12,565.83
58716,94341,2,548.55,474.22,565.63
58717,99381,2,548.67,474.01,565.75
58720,95101,2,548.8,474.07,565.3
58721,97937,2,548.73,474.0,566.29
46586,60889,2,518.74,202.12,560.87
46673,26368,2,371.48,160.97,537.13
46677,31287,2,395.08,81.65,560.55
60073,4731,2,249.55,138.69,286.3
60290,73620,2,472.43,296.44,489.2
60291,74542,2,472.48,296.19,490.43
60292,75150,2,472.65,296.1,489.33
60277,76700,2,468.83,290.31,489.34
60278,74138,2,472.32,298.69,489.15
60279,76167,2,472.5,298.58,488.73
58534,99082,2,474.23,445.88,495.31
60317,73124,2,461.91,286.27,491.77
60319,70788,2,461.81,286.29,489.31
60336,70653,2,467.72,283.2,488.72
60337,11571,2,303.15,179.71,355.68
60357,13095,2,311.33,167.26,376.43
60342,73287,2,467.84,281.47,488.86
60029,83650,2,468.38,292.78,490.14
60034,85891,2,467.88,291.86,498.38
64132,16438,2,353.45,316.49,367.94
64105,15237,2,443.12,319.78,466.4
64121,15480,2,442.56,318.83,460.96
64127,14497,2,349.89,316.97,367.29
46719,97192,2,515.35,315.11,562.79
46757,43678,2,408.39,117.09,560.31
46748,59065,2,508.33,268.3,561.68
60315,72129,2,460.87,286.88,489.22
60255,74357,2,468.45,294.37,489.8
60266,72072,2,469.48,292.63,488.84
60267,74585,2,468.9,292.35,489.41
60268,73031,2,469.71,291.7,488.4
60274,75953,2,469.87,291.01,489.88
60261,75654,2,468.66,291.06,490.0
56347,104924,2,571.69,557.01,595.51
62513,38146,2,362.01,302.16,370.32
64749,8179,2,394.53,305.59,460.29
64764,6604,2,383.48,292.39,460.33
45075,75628,2,498.69,112.16,561.84
45090,98196,2,530.26,369.3,561.82
60131,81545,2,467.28,313.4,489.44
53218,103947,2,571.61,556.23,596.69
53221,105592,2,571.67,558.28,596.37
60245,1099,2,192.61,89.86,284.7
64162,16459,2,467.06,297.98,563.31
64163,16202,2,469.69,297.84,562.69
64169,17168,2,473.65,297.22,564.62
60200,78403,2,466.53,319.85,488.9
44716,101310,2,524.66,374.48,561.96
44759,100100,2,532.65,407.77,563.52
64181,14493,2,446.07,291.45,488.54
46345,98824,2,551.19,467.3,562.18
58492,93948,2,565.22,555.45,570.27
55437,44434,2,450.02,50.52,523.84
58455,101775,2,565.21,545.1,571.33
46368,24050,2,391.57,129.48,560.64
46358,44231,2,494.52,138.76,561.37
46538,101652,2,551.39,471.12,561.18
46543,97450,2,477.07,260.08,560.48
46544,79119,2,497.03,78.7,560.96
62587,36053,2,360.8,308.89,367.68
62563,36087,2,357.63,317.36,367.41
62594,38383,2,365.44,295.78,380.02
62595,38262,2,361.97,306.63,368.83
62571,38894,2,483.81,318.4,494.65
62572,37721,2,485.02,318.24,494.76
62573,37998,2,484.26,318.16,494.55
62603,36554,2,487.79,303.78,494.14
62314,41657,2,464.52,306.66,488.41
62315,43112,2,470.15,306.45,489.13
62490,39100,2,484.52,318.68,494.56
51853,81534,2,525.66,149.46,553.89
62564,37004,2,358.5,317.83,369.81
62567,36689,2,483.69,318.87,494.32
62531,37310,2,481.36,295.58,495.0
62555,36255,2,356.48,316.76,367.62
57676,96186,2,481.77,459.54,523.28
64479,9450,2,419.66,309.09,461.25
45398,97207,2,542.85,401.94,562.25
62515,37148,2,361.98,301.5,368.59
62516,39527,2,362.0,301.08,368.08
62517,37830,2,361.98,300.7,367.95
62559,38921,2,357.6,317.78,367.48
62524,37755,2,481.06,297.16,494.28
62514,38406,2,361.99,301.86,367.57
62519,39235,2,362.05,299.74,368.23
62520,38664,2,361.97,299.28,367.74
62528,39442,2,480.14,296.1,495.34
57669,97086,2,481.58,461.53,514.2
57680,96959,2,482.0,460.47,523.01
55748,108643,2,580.19,568.87,585.62
57673,89917,2,481.29,460.29,523.39
64931,1616,1,332.92,295.55,359.64
64933,1712,1,352.2,306.49,402.18
64934,1700,1,351.81,306.11,402.19
64935,1712,1,351.74,305.86,402.17
64936,1712,1,352.13,305.67,402.16
64922,1616,1,332.78,296.57,359.91
64923,1577,1,332.39,296.34,360.0
64924,1516,1,331.47,296.43,359.38
45210,100221,1,493.5,292.81,561.58
45186,102002,1,524.83,321.79,562.03
45188,97399,1,504.66,305.05,562.07
64731,7149,1,391.15,307.37,460.18
64711,9563,1,403.88,309.32,451.26
64713,9794,1,407.12,309.21,451.07
64716,9521,1,411.74,308.98,452.1
64701,8990,1,405.11,310.86,450.43
57303,95851,1,557.68,513.59,571.32
57091,94049,1,565.24,559.05,572.8
57058,96330,1,565.23,549.62,570.87
56838,94726,1,544.17,482.29,571.51
56808,101206,1,543.93,476.77,585.53
56804,107075,1,580.23,570.12,597.55
64740,7185,1,396.07,304.36,460.29
64742,6945,1,394.18,304.76,460.54
64610,9319,1,394.54,295.13,460.22
64612,9936,1,395.19,294.43,461.33
64598,9332,1,388.46,297.21,460.47
64603,9187,1,390.77,296.32,478.12
55927,105379,1,580.18,566.43,601.38
55930,104726,1,580.21,569.61,595.56
55786,106596,1,580.24,566.6,594.33
57341,97379,1,565.22,548.12,570.67
64676,8967,1,408.32,290.12,461.13
64677,9477,1,409.44,289.78,461.03
64678,9015,1,407.92,289.61,460.53
64679,9418,1,409.53,289.35,460.84
64613,9226,1,392.11,294.27,461.29
64620,10179,1,391.01,294.42,460.36
64605,9516,1,393.53,295.93,460.87
64609,9136,1,394.62,295.53,460.79
60294,75800,1,472.63,295.4,489.81
60295,74166,1,473.5,295.66,488.83
60297,72984,1,472.97,295.02,489.03
60298,74832,1,472.72,294.48,490.78
53209,102435,1,571.53,555.56,598.95
53201,102409,1,571.56,558.53,593.13
53202,104408,1,571.69,557.54,598.16
53196,113681,1,568.4,490.66,597.02
60102,82748,1,470.29,280.94,489.63
60091,83095,1,470.37,283.8,489.0
60093,82685,1,470.39,283.25,490.64
60094,84119,1,470.23,283.19,489.4
60305,70006,1,361.77,298.2,374.54
60306,70307,1,361.84,297.01,373.44
60307,70592,1,361.76,295.0,374.07
60308,70293,1,361.71,296.0,373.7
60122,82706,1,363.25,311.19,374.77
60127,83560,1,466.83,313.68,489.15
60105,83671,1,470.23,279.97,490.19
60096,83978,1,471.99,282.48,489.32
60098,81765,1,469.42,281.35,489.22
60099,82765,1,469.4,282.05,489.61
60100,82770,1,469.67,281.48,489.18
60101,84096,1,471.08,281.27,491.3
60142,79770,1,462.41,281.71,490.64
60275,75154,1,467.87,288.64,489.65
60264,73716,1,468.64,290.7,489.79
53232,104584,1,571.71,558.68,597.58
53216,103638,1,571.63,559.97,597.47
60259,72788,1,469.92,293.6,488.65
60260,73916,1,468.33,291.33,488.68
60132,81732,1,463.4,302.36,490.99
60030,88281,1,468.11,292.68,489.73
60033,79573,1,438.38,197.93,500.71
60358,73609,1,462.46,289.63,488.52
60343,73818,1,467.81,273.48,491.57
60334,73502,1,468.32,283.71,493.26
60335,72091,1,468.03,283.53,489.04
60339,73818,1,468.0,282.46,489.21
60309,69010,1,361.67,293.77,373.51
60044,80772,1,362.55,310.29,373.7
60035,84801,1,468.16,291.81,489.07
60038,85501,1,362.99,315.67,373.16
60039,84858,1,362.93,314.4,373.66
60040,83800,1,362.85,313.47,373.75
60041,85869,1,362.86,312.6,373.45
60042,82896,1,362.99,311.97,374.49
60028,88797,1,468.11,292.97,499.95
60061,81458,1,364.53,320.21,373.48
60064,81842,1,364.14,314.86,374.47
60067,81878,1,364.77,312.36,374.04
60052,85081,1,469.41,304.44,488.47
60053,86852,1,469.86,303.5,490.11
60054,84882,1,469.46,302.92,488.99
60055,84331,1,469.42,303.75,488.98
60043,82741,1,362.83,310.95,374.04
60285,74613,1,472.75,297.8,489.85
60286,74266,1,471.91,297.31,490.77
60289,77103,1,473.34,296.85,489.11
60280,73829,1,471.89,298.42,490.1
60281,73418,1,472.11,298.28,506.36
53466,109242,1,571.59,532.06,602.34
60070,80994,1,364.71,309.81,375.7
60072,3588,1,237.97,138.73,282.65
53474,107550,1,571.56,555.79,595.37
59944,86512,1,460.6,305.4,494.98
59945,84337,1,361.82,304.23,373.72
59947,84669,1,361.95,292.52,373.46
60913,62679,1,362.13,300.5,373.28
60914,63891,1,362.47,299.59,376.16
60739,65757,1,473.63,311.76,490.29
60732,64330,1,364.77,300.39,374.82
60417,71582,1,472.7,288.19,490.24
60404,71032,1,365.12,297.24,374.26
60405,68634,1,365.02,296.35,374.19
60020,86720,1,468.22,294.25,488.81
60021,86156,1,467.79,294.15,489.49
59960,85172,1,469.81,300.39,488.85
59961,85590,1,469.53,300.73,489.95
53496,107565,1,568.33,484.04,580.61
53070,102875,1,571.64,552.9,597.49
53059,101686,1,571.56,558.18,591.24
53060,101938,1,571.62,558.96,593.99
53043,103291,1,571.68,550.44,599.15
60411,70703,1,472.59,290.45,489.21
60412,68744,1,472.35,290.03,489.31
60414,70905,1,472.57,289.72,489.34
60416,71595,1,460.69,288.59,488.91
60376,72853,1,462.02,286.22,489.69
53081,103220,1,571.53,554.28,596.95
53072,104109,1,571.68,557.95,597.83
53076,103174,1,571.5,551.57,598.63
60366,72676,1,462.24,288.4,489.21
60433,70818,1,469.28,277.77,489.53
60438,71892,1,468.95,276.45,490.02
60439,68726,1,468.47,275.73,490.28
52997,58349,1,427.16,267.77,496.91
61005,65795,1,464.38,305.24,488.59
61007,87226,1,449.45,285.3,488.56
61008,65460,1,462.9,301.18,489.37
60944,65414,1,467.6,291.84,489.22
60991,64221,1,363.26,321.39,374.16
60929,63676,1,363.32,238.16,413.38
60919,66696,1,472.06,303.31,489.16
59924,87626,1,446.98,306.8,491.99
59926,86840,1,459.61,306.57,494.74
59927,86698,1,459.61,306.35,494.18
59899,86727,1,458.77,317.71,496.01
59901,86986,1,453.23,317.52,493.8
61060,58713,1,365.24,309.1,373.36
61063,62582,1,467.04,324.74,488.69
61010,64298,1,463.7,301.79,489.04
60590,68111,1,471.74,322.99,489.36
60591,68935,1,472.23,322.76,489.15
60441,70487,1,468.73,275.56,489.25
59942,87447,1,460.12,305.53,493.87
59943,87441,1,460.43,305.38,494.44
59932,95223,1,461.43,306.73,500.24
59922,90290,1,460.43,306.93,495.96
59923,87293,1,460.61,306.79,494.58
60734,63516,1,473.59,310.17,488.94
60737,65576,1,473.92,309.53,489.04
60604,68222,1,476.51,321.13,488.94
60592,68637,1,472.29,322.66,488.88
60597,69461,1,472.42,322.15,489.64
60584,67556,1,472.29,324.09,489.3
60585,68543,1,472.2,323.89,489.05
60587,66289,1,472.15,323.1,489.76
61541,52080,1,359.45,300.9,373.74
61543,55194,1,359.01,300.62,376.04
61544,52515,1,359.3,300.51,372.95
61532,49699,1,359.9,301.85,374.9
61533,53656,1,359.97,301.63,373.21
61536,50056,1,359.99,301.55,372.92
61537,53367,1,360.05,301.39,373.46
61538,52522,1,359.3,301.34,373.03
59888,85656,1,459.46,318.73,494.48
59870,85722,1,453.54,319.8,493.88
59871,87796,1,451.01,321.93,493.33
59873,84920,1,450.1,322.03,494.17
59868,90633,1,423.88,251.7,493.48
52689,93233,1,534.18,471.33,553.56
61580,54306,1,362.84,312.91,373.14
61574,51944,1,363.15,320.36,373.09
61255,56830,1,364.12,304.26,374.26
61258,57805,1,464.79,308.43,488.6
61245,57529,1,363.32,316.94,375.14
61248,56557,1,363.24,312.96,373.4
61252,57354,1,364.17,307.39,373.87
61065,60649,1,467.1,324.75,489.7
59905,87376,1,456.16,317.35,493.45
59885,84014,1,457.93,318.79,494.76
60921,64921,1,472.22,302.49,490.51
60923,66049,1,472.58,302.1,489.05
61515,52622,1,459.09,313.57,488.56
61522,55846,1,459.61,312.51,488.6
61511,53437,1,459.6,313.84,488.68
61512,55750,1,447.05,313.74,462.13
61514,55898,1,460.52,313.47,488.44
61254,58381,1,363.85,305.23,373.61
59846,84924,1,460.99,325.01,494.27
59847,87069,1,462.96,324.77,500.58
59849,85447,1,461.69,323.16,495.98
59853,86830,1,462.52,324.43,495.28
53611,96326,1,463.69,272.42,543.16
59842,84716,1,462.26,324.77,494.19
59843,85185,1,460.85,325.08,494.33
61892,49517,1,469.64,305.18,488.79
61670,51363,1,469.84,320.15,489.27
61671,52541,1,469.86,319.93,488.74
61845,49851,1,452.61,295.9,494.03
61705,50471,1,466.66,297.42,488.87
61707,53521,1,466.17,282.68,488.82
59854,85950,1,462.57,324.59,494.23
59856,88894,1,461.18,324.61,494.55
59858,85513,1,450.23,321.19,493.29
61710,51434,1,466.06,282.36,488.69
61697,49905,1,362.23,296.97,373.73
61691,51084,1,362.83,298.59,373.5
61692,50902,1,363.18,299.05,373.62
61693,50597,1,362.79,298.35,373.3
61694,49606,1,362.67,297.94,373.1
61696,48610,1,362.49,297.26,373.18
61669,53022,1,466.77,320.2,488.8
61664,53968,1,470.43,320.8,495.3
61667,51516,1,470.4,321.97,488.83
52677,96096,1,506.53,210.89,553.59
61642,52172,1,467.66,312.12,494.85
61631,51101,1,466.78,313.84,496.23
61632,53426,1,467.26,313.75,495.02
61633,52124,1,467.49,313.59,494.55
61588,55450,1,463.1,325.93,488.57
59784,90022,1,459.0,305.27,494.43
59767,88567,1,474.71,326.3,489.18
59768,91441,1,475.61,329.52,489.29
59770,90109,1,475.03,328.27,489.72
59757,89193,1,364.85,318.91,375.52
62041,47795,1,450.58,306.1,493.86
62042,48178,1,450.68,305.92,494.41
62027,49439,1,466.55,308.14,490.02
61930,49124,1,460.61,286.54,494.47
61917,50042,1,462.34,291.15,494.79
61918,51495,1,469.77,291.35,495.33
61922,51006,1,469.0,290.6,496.73
61967,48460,1,462.35,284.62,496.3
61952,52495,1,471.12,313.05,489.02
61954,51201,1,470.54,312.76,488.91
59836,87299,1,462.17,325.01,495.58
61947,49750,1,361.71,314.37,373.57
61948,50039,1,361.4,313.99,373.54
61949,50020,1,361.89,313.42,373.47
61939,50918,1,362.4,317.99,373.33
61940,50273,1,362.05,316.28,374.41
61941,50547,1,361.92,315.83,373.01
61924,49779,1,467.37,289.42,495.68
61925,47699,1,468.28,289.34,494.27
61886,48832,1,362.91,295.3,373.6
61887,49473,1,469.18,305.89,488.76
52555,92314,1,461.34,305.63,552.88
52545,5173,1,401.14,356.77,486.47
61875,49513,1,362.75,307.02,373.0
61879,49899,1,363.6,302.64,373.88
61944,50715,1,361.88,315.84,372.9
61946,50175,1,361.34,315.02,373.24
62067,45751,1,362.3,318.41,373.17
62068,47385,1,361.6,318.35,373.68
62058,49417,1,363.02,319.27,373.43
62059,49700,1,362.82,319.09,373.93
62060,47489,1,363.0,319.08,374.13
62044,45596,1,460.78,305.45,494.36
62045,44183,1,450.82,305.22,495.57
62046,46414,1,449.22,305.01,494.07
62074,44591,1,466.91,314.92,488.81
62075,46541,1,447.56,314.97,461.28
62076,46377,1,448.03,314.99,461.32
62061,47470,1,362.95,319.11,374.12
62063,48424,1,362.65,318.67,373.72
62064,45307,1,362.87,318.36,373.0
62065,48102,1,362.3,318.16,373.73
62066,49583,1,362.05,317.73,373.02
62013,47959,1,360.62,303.63,374.31
59743,89822,1,459.69,361.89,494.8
59717,88065,1,364.89,318.66,374.35
59719,87682,1,365.49,326.07,373.22
59720,87206,1,364.79,315.26,373.58
59722,91430,1,467.46,360.22,489.11
62071,48243,1,465.92,315.22,488.82
62073,45722,1,464.9,324.74,488.64
62032,49140,1,449.12,307.95,495.39
52349,94004,1,546.74,536.35,554.86
62020,47544,1,360.82,300.09,373.23
62022,49593,1,441.76,291.28,489.36
62008,48661,1,360.48,300.22,373.49
62010,47476,1,361.3,299.61,373.18
62011,48275,1,361.94,300.65,373.05
62012,46458,1,361.31,300.4,373.11
59686,89986,1,449.02,331.78,493.45
59688,87796,1,453.71,443.94,493.09
62232,45963,1,459.24,288.16,489.15
62236,46965,1,442.61,287.05,461.36
62267,45905,1,359.57,319.19,368.66
62223,44727,1,362.23,291.56,375.57
62224,44612,1,362.1,288.2,373.43
62226,44912,1,361.58,290.44,373.42
53796,93498,1,474.15,324.96,552.9
59699,89822,1,462.23,415.95,495.02
59700,89949,1,462.53,415.74,495.95
59690,88502,1,455.92,443.92,494.27
59693,87693,1,456.84,438.69,494.46
59694,90339,1,462.8,415.92,494.66
59697,88028,1,462.62,429.76,494.53
59684,90375,1,456.57,440.9,493.49
62159,45701,1,469.81,298.89,494.24
62142,44407,1,475.22,302.46,497.57
62144,43508,1,474.99,301.9,496.35
62184,49770,1,528.72,371.37,584.16
62194,43022,1,473.46,300.73,495.0
62178,49076,1,532.39,371.4,584.52
59710,89499,1,365.18,322.89,373.72
59715,87684,1,365.0,326.82,374.07
62036,47839,1,451.49,307.19,494.51
62130,45453,1,474.7,318.41,494.95
62115,46858,1,476.25,318.25,494.55
62116,46428,1,475.58,321.36,496.63
62119,45927,1,471.06,320.62,494.57
62114,45682,1,451.51,321.58,495.47
52291,94189,1,459.85,299.11,552.87
62069,46935,1,361.87,317.13,374.04
62285,41980,1,471.71,311.69,496.92
62276,43431,1,357.98,315.3,367.53
62277,42507,1,358.06,314.81,367.31
62278,44445,1,357.73,314.27,367.56
62279,43839,1,357.76,313.84,368.1
62280,43071,1,452.13,312.58,494.26
62268,44962,1,359.35,319.36,371.04
62269,44399,1,359.37,318.82,370.89
59653,87457,1,466.48,409.6,494.98
59659,89760,1,464.18,416.41,494.44
59646,85599,1,465.82,411.17,494.73
59650,86119,1,466.1,410.4,495.2
59637,85566,1,466.04,411.22,494.67
62303,43824,1,446.37,308.01,461.21
62308,42853,1,465.53,307.69,488.67
62310,43069,1,465.11,307.16,488.99
51959,96650,1,555.29,545.14,566.06
62205,43435,1,454.3,297.14,494.04
62207,45014,1,467.98,298.28,494.8
62208,42445,1,473.63,297.71,494.55
62210,42420,1,473.22,296.18,494.94
59663,92195,1,466.01,415.32,494.82
59667,87312,1,463.41,412.16,494.24
59668,91983,1,461.52,415.18,494.19
62227,46323,1,361.42,290.12,373.73
62229,45651,1,361.56,288.95,374.13
62213,44684,1,474.54,295.35,495.66
62218,44166,1,362.41,293.08,373.23
62219,45430,1,362.82,292.85,373.49
62220,43206,1,362.76,292.47,373.5
62222,43782,1,362.55,291.9,374.06
51979,96964,1,543.5,430.54,553.55
59634,87200,1,466.27,411.19,494.85
59615,90362,1,458.33,396.78,496.1
59613,86847,1,462.44,440.24,494.57
59584,90695,1,462.87,416.03,494.63
59602,87620,1,456.05,437.78,495.14
62839,37794,1,361.82,319.72,368.66
62840,38362,1,361.1,319.52,368.64
62841,35847,1,361.33,318.95,367.47
62588,38350,1,359.59,308.59,368.33
62561,37588,1,357.23,317.45,367.14
62562,36996,1,358.52,317.94,367.27
62565,37310,1,358.5,317.92,367.2
62566,36855,1,359.26,317.71,368.02
62554,36247,1,356.05,320.31,368.19
62597,37318,1,361.31,305.96,368.32
59644,89754,1,467.1,408.3,495.06
62317,43246,1,446.49,306.15,461.67
62556,37803,1,357.66,317.23,368.06
62557,37648,1,356.87,317.6,369.43
62560,36782,1,358.15,317.28,367.77
62518,39849,1,362.05,300.26,370.25
62589,37134,1,360.61,308.5,367.49
62591,38036,1,360.96,307.52,368.04
62596,35507,1,344.44,223.91,366.84
62270,45894,1,359.12,318.96,367.36
62271,44285,1,358.87,319.05,367.51
62272,44213,1,358.9,318.54,367.46
62273,41450,1,358.38,317.99,368.04
62274,45502,1,358.62,318.62,368.1
62319,43077,1,446.49,305.45,461.15
62320,43668,1,446.52,305.58,470.2
62316,43313,1,465.34,306.41,489.04
62890,36086,1,361.76,319.05,367.53
62882,37282,1,359.88,319.46,367.68
62883,39936,1,359.5,318.73,368.28
62884,38621,1,360.24,319.14,368.51
62885,38251,1,359.19,318.56,367.26
62886,38509,1,359.3,319.13,368.48
62887,37772,1,360.24,318.76,367.75
62888,38433,1,360.1,319.23,368.11
59437,88434,1,468.02,444.16,494.2
62907,36387,1,358.16,311.86,368.84
62908,37562,1,357.52,311.45,368.31
62909,38219,1,359.14,310.64,368.12
62910,37609,1,358.08,311.06,368.68
62911,37907,1,358.34,311.9,367.38
62912,36890,1,357.66,309.9,368.22
50174,92228,1,543.06,514.81,553.13
59574,87302,1,463.83,432.14,495.33
59555,91474,1,465.68,443.92,495.07
59546,88462,1,464.45,443.33,495.8
59550,87265,1,464.56,443.93,494.55
59537,89297,1,464.39,443.58,494.91
59539,92734,1,465.07,443.75,494.93
59540,90496,1,465.73,443.88,495.28
59543,88267,1,464.74,443.66,494.94
62829,37096,1,359.32,328.88,368.15
62831,38013,1,361.1,319.49,368.31
62832,37574,1,360.55,319.34,368.88
62833,37721,1,360.7,319.44,368.88
62836,36960,1,360.58,319.58,369.04
62837,37009,1,360.39,319.65,369.22
59581,89586,1,463.11,416.67,496.0
59573,89381,1,463.13,416.19,494.97
59407,89928,1,466.07,442.44,495.83
59410,89507,1,466.29,442.18,494.93
59411,88637,1,466.66,441.86,495.35
59398,87995,1,466.42,443.22,494.73
59400,87964,1,466.12,443.58,496.56
59401,89333,1,466.63,441.85,494.87
59402,87883,1,466.63,442.92,495.32
63011,38256,1,354.15,318.83,368.41
53937,57200,1,510.01,208.63,553.41
59413,88619,1,460.78,431.58,493.73
59415,87248,1,466.71,443.32,494.43
59416,88327,1,466.32,441.25,494.1
59418,89601,1,466.66,441.21,495.36
59419,89103,1,466.38,443.04,495.1
59405,85532,1,466.03,443.61,495.07
59406,89022,1,466.4,443.19,494.68
62919,36241,1,358.81,306.93,367.84
59431,90990,1,466.22,445.42,488.66
59432,94995,1,466.36,445.62,489.62
59434,90269,1,467.5,445.28,488.65
59435,89138,1,466.13,444.56,490.78
59422,86423,1,360.5,337.55,374.02
59427,90083,1,466.32,417.52,489.3
59428,28693,1,362.45,202.46,422.91
62889,37272,1,360.45,319.03,367.26
62879,37971,1,359.86,320.53,368.45
62880,39063,1,358.99,318.8,367.57
62881,37692,1,359.71,319.34,367.9
50157,94298,1,541.91,453.32,553.98
62913,35960,1,359.34,309.51,368.21
62914,37161,1,359.44,310.45,370.3
62918,37258,1,359.15,307.43,367.44
59314,89423,1,452.39,302.21,493.71
59315,88798,1,458.06,302.06,493.97
49448,5836,1,368.25,358.56,396.45
49449,96792,1,546.66,528.48,561.49
63053,36306,1,352.81,290.24,368.97
63057,36204,1,352.41,287.12,367.21
63058,37563,1,353.73,281.31,368.53
63049,39898,1,461.08,296.05,488.86
59383,73900,1,447.93,135.09,488.76
59384,89520,1,469.47,444.97,489.62
59385,88147,1,470.01,445.28,489.39
59386,91059,1,471.85,445.2,489.68
59317,90826,1,458.27,301.69,494.53
59318,88829,1,457.89,300.85,494.11
59375,90035,1,472.24,445.91,488.78
59378,89888,1,469.39,444.81,489.01
62982,37473,1,355.38,321.79,369.04
59403,88828,1,466.42,443.02,494.52
59388,92826,1,469.6,444.82,488.6
59390,90934,1,469.59,444.91,489.25
59391,89684,1,471.54,445.12,489.48
59394,88745,1,469.27,445.38,489.97
59379,89683,1,469.41,437.78,490.62
59381,90409,1,471.39,445.13,488.94
63009,36513,1,355.1,319.12,368.03
62995,37363,1,476.6,324.38,494.38
62983,37105,1,356.9,319.61,372.99
62984,36772,1,355.4,319.29,367.94
62985,38206,1,356.41,319.37,367.65
62986,37889,1,355.96,319.25,368.75
62988,35038,1,355.57,318.98,368.22
62990,36567,1,355.66,318.81,368.64
59265,95677,1,473.53,330.79,488.86
59261,93617,1,473.26,331.64,488.92
63381,27733,1,443.12,322.17,469.5
63382,28816,1,441.26,322.12,460.79
63368,29679,1,444.78,322.48,460.82
63369,28872,1,442.8,322.47,465.23
63327,30479,1,444.83,293.43,493.31
63364,29328,1,442.94,334.94,475.98
63190,30877,1,350.18,282.24,367.57
63191,31381,1,348.57,281.2,367.75
63192,31675,1,348.57,281.74,369.3
63194,33256,1,349.4,281.79,367.89
63184,32270,1,349.74,283.19,367.43
63186,32537,1,348.61,282.67,367.91
63117,35398,1,463.96,311.27,494.31
59306,90569,1,458.24,303.83,493.82
63094,40959,1,490.83,279.49,584.0
63080,39586,1,493.65,277.17,597.81
63309,30522,1,355.42,296.76,367.47
63282,30813,1,465.52,310.95,495.0
63268,32041,1,348.8,311.63,367.13
63272,31141,1,350.32,315.07,367.96
49163,105696,1,580.41,572.94,586.83
49140,41110,1,376.43,121.32,584.22
63041,39793,1,441.26,297.47,461.53
63029,40291,1,459.41,299.44,489.24
63034,39388,1,440.63,298.13,462.84
63108,35368,1,350.34,315.71,367.63
63109,34734,1,350.38,313.82,369.43
63111,37339,1,349.81,313.27,367.84
49412,53484,1,504.61,131.59,553.39
63107,36122,1,349.74,314.54,370.03
59216,96340,1,466.34,300.3,489.71
59218,98207,1,466.83,300.11,491.77
63548,25064,1,350.46,310.81,367.64
63549,27272,1,352.23,310.64,368.4
63507,28066,1,443.69,291.79,488.97
63510,29282,1,445.53,291.08,488.64
63493,28919,1,450.77,294.09,489.61
63494,27999,1,449.97,293.93,488.78
63425,26645,1,449.67,294.53,498.38
63426,28941,1,450.66,294.22,493.98
63436,27572,1,440.06,300.12,460.92
48565,94294,1,460.94,97.48,560.38
48561,12863,1,389.74,178.3,555.08
48486,21268,1,376.96,155.11,545.25
63476,27092,1,463.83,297.33,494.93
63458,28001,1,433.57,297.84,488.19
63401,27139,1,446.98,314.08,494.49
63383,26988,1,466.89,309.39,489.08
63385,28755,1,467.43,321.97,489.09
63387,28697,1,442.9,321.94,460.66
63377,27884,1,442.82,322.21,460.95
63438,29219,1,441.07,299.81,460.74
63440,28672,1,440.34,299.51,461.24
63445,29367,1,440.73,298.64,476.74
63319,34138,1,354.87,294.11,370.73
63321,30869,1,461.21,295.18,495.07
63284,30480,1,447.26,310.78,495.43
63285,31691,1,466.26,310.48,495.05
63308,30933,1,355.87,296.98,369.63
63410,22497,1,447.77,309.75,496.88
63411,26532,1,468.89,309.63,494.13
63400,27454,1,447.42,314.06,493.18
63665,22044,1,349.0,319.99,367.47
63670,21347,1,351.65,317.93,367.05
59209,96492,1,466.12,301.68,489.23
59211,96821,1,457.54,301.32,489.19
59194,94928,1,463.41,323.28,495.29
63723,20773,1,430.53,293.19,470.57
63713,22740,1,433.64,294.16,468.78
63702,23431,1,436.9,295.98,471.2
63590,25405,1,459.73,300.82,495.05
48383,22652,1,351.5,172.18,491.69
48366,101945,1,522.67,266.89,562.81
63684,21269,1,459.51,321.54,495.0
63685,21545,1,461.84,321.67,497.26
63686,21436,1,462.39,321.51,494.86
63677,21062,1,461.75,324.25,493.57
63678,22647,1,463.3,324.28,494.78
63555,24573,1,354.36,308.42,370.44
63556,23989,1,354.72,307.97,367.9
63558,24576,1,354.17,307.28,367.15
48409,27490,1,465.07,149.34,561.27
63516,27521,1,444.51,289.71,489.18
63592,24926,1,460.28,300.92,496.11
63594,23984,1,457.8,300.06,493.87
63586,25101,1,458.58,301.29,494.3
63497,28496,1,444.06,292.97,489.06
48456,24934,1,343.04,148.6,400.98
48451,24328,1,354.92,122.7,486.42
63569,23815,1,467.53,330.51,495.05
63551,23797,1,352.17,309.77,367.1
63552,24164,1,352.64,309.51,369.57
63553,24309,1,353.33,309.11,367.42
63554,24324,1,354.57,308.69,367.25
59091,4818,1,285.18,228.71,323.61
63809,22673,1,450.04,291.27,494.13
63790,21350,1,450.02,288.94,493.58
63792,21335,1,449.9,288.11,494.28
63793,21537,1,450.18,288.01,494.1
63796,19654,1,447.24,286.95,495.16
48118,42101,1,499.77,117.66,561.0
48109,4093,1,287.95,127.3,322.56
59178,94279,1,460.58,325.5,494.52
59181,94981,1,461.38,325.0,494.82
59158,98542,1,488.73,321.96,501.44
59160,101755,1,489.01,324.3,502.91
59153,95470,1,459.71,311.75,495.04
59086,98147,1,489.6,334.04,502.95
59087,101115,1,489.41,334.05,500.4
59088,98045,1,489.32,334.1,500.75
63777,23240,1,428.73,292.54,493.13
63765,22224,1,465.16,313.46,493.97
63771,21124,1,464.41,316.56,494.72
63757,21585,1,349.93,317.97,367.29
63759,22979,1,351.72,318.51,367.77
63761,22044,1,351.91,318.34,367.33
63762,21700,1,352.7,318.07,370.04
59173,92808,1,488.21,319.58,501.32
48307,18876,1,412.57,144.23,560.6
63680,22057,1,460.53,324.03,494.56
63681,22258,1,461.18,323.99,493.85
63682,22164,1,463.58,323.94,495.18
63683,22836,1,461.84,323.82,494.22
63782,20216,1,452.16,293.96,493.65
63783,20035,1,450.68,293.65,493.72
63774,23452,1,451.29,304.25,494.14
59019,97269,1,483.02,433.73,496.99
59008,96001,1,483.19,433.64,495.95
59009,98994,1,482.49,433.91,497.92
59010,96238,1,482.99,433.14,495.33
59014,97236,1,482.95,433.55,496.0
58999,97926,1,482.43,432.89,496.15
59000,95774,1,480.24,433.86,496.15
63888,21712,1,427.43,303.33,451.27
47889,59544,1,515.96,205.28,562.43
59074,99213,1,489.45,334.18,507.96
59040,100654,1,489.52,341.01,499.92
59027,99090,1,492.3,365.04,500.51
59029,98942,1,492.48,365.08,501.81
59030,98709,1,492.56,368.22,500.16
59031,97130,1,492.5,368.26,500.36
59018,93581,1,482.9,419.22,495.76
63853,20065,1,456.54,309.57,493.71
63855,19151,1,456.61,309.19,495.81
63845,19889,1,458.56,319.74,493.57
63848,19697,1,456.69,319.44,493.55
63832,21378,1,446.3,284.78,494.09
63836,19574,1,456.97,320.86,494.04
63840,19936,1,456.84,320.34,495.13
63829,20126,1,446.69,284.42,494.26
48005,26855,1,392.09,251.93,532.99
48011,11724,1,412.48,172.73,560.48
63817,22153,1,446.49,288.81,494.31
47881,59361,1,526.49,225.16,562.02
47868,75015,1,517.55,90.53,562.62
47871,59742,1,517.52,94.12,561.4
47909,58783,1,519.68,217.36,562.62
63852,471,1,237.9,184.76,260.72
58882,98958,1,481.93,461.76,495.7
58883,98310,1,481.86,461.29,495.71
63949,19308,1,484.51,301.45,585.31
63950,20761,1,480.8,301.25,588.27
63951,19621,1,480.88,300.93,586.22
63952,18610,1,458.1,295.69,494.09
63937,19443,1,483.72,304.61,595.98
63938,19605,1,484.05,304.4,584.07
63926,20623,1,486.67,307.44,585.44
59002,95056,1,483.31,433.67,496.11
58945,98404,1,453.66,353.82,495.51
58943,96973,1,481.44,446.24,495.61
58933,93955,1,483.22,461.88,502.68
58934,95309,1,483.24,461.38,496.08
58936,93514,1,483.63,473.86,519.23
58890,96463,1,479.95,436.51,496.12
63850,19175,1,459.72,319.12,494.27
63902,18466,1,455.13,296.03,493.65
63889,18789,1,431.72,300.29,450.47
63892,18272,1,456.52,298.45,493.77
63896,18199,1,455.3,297.62,499.16
63882,19861,1,427.16,302.78,450.79
63886,20330,1,427.31,303.79,451.07
63887,20570,1,426.22,303.54,450.56
63874,20451,1,425.97,304.26,450.93
63877,20849,1,426.07,305.38,451.16
63880,20377,1,426.46,303.02,450.73
63865,20413,1,425.6,307.24,451.9
63860,20629,1,458.48,308.7,494.06
63861,20317,1,457.45,306.41,493.71
63864,20638,1,425.71,305.93,451.32
47834,98297,1,554.18,543.71,569.24
58847,97301,1,548.17,474.3,566.44
58839,94713,1,470.1,445.97,495.49
64006,17163,1,460.18,328.88,493.79
63978,19369,1,442.88,288.82,493.69
63979,20232,1,442.06,288.45,494.65
47581,45389,1,419.44,166.34,560.52
47583,62062,1,523.1,264.77,562.3
47570,31609,1,394.38,176.52,560.24
47606,98094,1,549.07,468.42,561.68
58884,91543,1,469.01,391.03,488.95
58886,95900,1,482.08,461.36,495.72
55309,106203,1,579.79,568.37,589.57
58876,96746,1,481.6,460.72,495.7
58857,96332,1,483.71,401.61,501.08
58845,97434,1,548.91,473.89,565.6
58846,96574,1,475.09,445.92,496.66
47593,58976,1,512.74,271.21,561.72
47653,59363,1,527.25,271.55,562.44
63946,20570,1,481.62,302.18,584.19
63947,20148,1,482.16,301.93,584.43
47576,100113,1,540.19,468.61,562.79
47566,95506,1,539.56,489.16,562.72
47567,100108,1,492.02,279.82,561.48
47624,98859,1,551.92,483.79,563.66
63939,20187,1,482.21,304.07,586.39
63942,19634,1,485.08,303.22,584.45
63943,20426,1,483.68,302.91,586.8
63930,20793,1,485.54,306.29,593.76
63931,20079,1,484.72,305.99,585.48
63932,19364,1,484.95,305.89,584.15
47732,98012,1,524.93,325.87,562.16
47725,59236,1,521.68,243.45,561.04
58766,96401,1,551.31,474.15,566.82
58767,99746,1,553.03,472.42,565.61
58768,96973,1,555.6,512.19,566.31
58744,103654,1,495.94,485.69,528.92
58746,99868,1,492.42,465.25,529.16
58725,96795,1,548.81,472.92,565.63
58715,96179,1,548.09,474.15,565.67
47147,86761,1,473.11,150.77,560.41
64044,19068,1,500.77,323.71,584.3
64045,18360,1,497.61,323.9,584.0
64046,17874,1,495.37,323.82,584.0
47369,20016,1,347.76,95.91,473.68
64032,18991,1,494.57,321.73,583.58
64027,19144,1,495.12,323.54,593.65
58781,97204,1,554.14,472.81,565.57
58771,98787,1,551.92,474.07,565.71
64002,17742,1,465.29,328.5,494.07
64003,17486,1,459.38,328.41,493.34
64004,16661,1,460.48,326.93,494.2
64071,16785,1,351.81,316.75,366.94
64075,16084,1,350.12,315.75,367.36
64064,16774,1,352.23,318.0,367.51
64070,15393,1,351.63,316.66,367.73
64043,18271,1,495.65,323.63,586.11
64029,19151,1,500.01,323.5,584.02
64030,17211,1,496.95,323.48,586.61
64020,16483,1,462.82,329.93,493.54
64022,18634,1,493.05,321.82,600.44
64007,18606,1,460.69,328.9,496.39
64008,16593,1,461.73,328.9,493.61
64010,17605,1,464.56,329.04,493.77
64011,17234,1,462.12,329.16,494.12
58531,98925,1,482.35,461.68,495.62
58525,98274,1,564.83,490.24,572.56
58526,95941,1,564.82,489.34,570.67
58528,98480,1,564.81,489.12,570.49
58529,97925,1,564.81,488.69,570.37
58514,97001,1,564.95,490.2,572.4
46578,94484,1,541.05,492.05,563.01
46579,97850,1,551.07,468.33,562.53
64149,15541,1,468.38,316.39,562.64
64150,16140,1,463.86,316.17,562.85
64131,15480,1,350.3,316.37,366.67
64133,15373,1,352.17,316.77,367.52
55394,25928,1,503.04,153.57,586.02
58708,93028,1,362.46,337.67,374.08
58540,96303,1,482.71,462.09,495.32
58530,97476,1,564.69,488.83,570.61
46717,95122,1,540.81,487.97,561.61
64122,15539,1,443.28,318.89,461.72
64125,15095,1,352.09,318.26,367.69
64126,16175,1,352.33,316.77,367.3
64112,15244,1,443.61,319.37,464.06
64113,16351,1,443.26,319.34,470.43
64117,15306,1,441.47,319.12,461.62
64119,16159,1,442.81,318.95,461.67
47150,100597,1,526.37,401.42,563.52
64107,16038,1,444.94,322.01,466.31
64096,14918,1,440.79,322.42,460.71
64099,15968,1,444.88,322.31,472.03
64100,15301,1,445.22,322.27,461.33
64102,15338,1,446.22,322.28,460.56
46764,93921,1,499.46,385.26,561.52
46765,59576,1,519.5,299.37,562.51
58385,98579,1,480.62,460.98,523.13
58387,96652,1,481.64,459.83,513.15
58376,94758,1,480.84,461.49,523.08
58378,99674,1,471.06,432.71,523.23
46153,98562,1,507.05,350.92,562.69
46136,97008,1,546.59,420.87,562.35
46340,97618,1,551.75,512.73,562.42
46347,99065,1,550.39,501.32,562.61
58456,95401,1,537.27,482.79,570.1
58422,98668,1,497.29,482.36,570.05
58413,97394,1,564.15,488.88,570.39
58414,108967,1,565.21,556.98,571.95
58409,101321,1,496.04,486.86,528.31
58412,95295,1,495.46,482.45,527.85
58395,99853,1,481.54,460.24,523.2
58383,99384,1,480.97,460.75,523.12
64164,16134,1,471.16,297.56,562.93
64165,16326,1,466.88,297.46,565.92
64166,16343,1,467.68,297.1,566.28
46542,97496,1,528.72,445.63,564.92
46371,22518,1,390.4,158.56,561.1
58518,98671,1,564.98,521.12,570.87
58521,98043,1,564.82,496.51,570.16
58510,97828,1,564.91,489.47,569.92
46559,93959,1,541.84,488.45,561.68
46562,97409,1,551.75,515.22,563.04
46563,97273,1,551.48,521.24,561.92
64155,15799,1,467.83,299.23,565.16
64156,16026,1,471.15,299.11,573.21
64168,15160,1,464.72,296.79,563.06
64160,15932,1,469.65,298.73,562.48
64161,15174,1,470.76,298.19,564.24
64229,15335,1,442.6,298.8,461.04
64214,15343,1,427.46,287.66,461.09
64219,15093,1,426.67,286.32,461.67
64220,15287,1,425.85,287.2,461.25
64206,14692,1,428.03,289.58,461.52
64213,15262,1,423.82,287.95,474.99
64204,14875,1,425.17,291.37,475.05
64205,14625,1,424.49,291.2,461.3
58168,93443,1,485.12,473.31,523.41
58153,97067,1,485.05,473.06,523.09
58155,94157,1,485.21,473.49,522.76
58156,97686,1,485.02,473.5,523.16
58157,95425,1,485.29,460.89,523.23
58158,92053,1,485.47,472.31,523.05
58159,96866,1,485.21,472.52,524.36
64227,14769,1,421.99,283.97,461.71
58170,96853,1,485.46,472.49,523.65
58171,95363,1,485.29,472.9,522.74
58161,95985,1,485.33,471.53,523.03
58162,97394,1,485.07,473.13,523.02
58163,93217,1,477.73,445.25,513.91
58164,96767,1,485.35,472.49,522.98
58165,95892,1,485.32,473.69,522.72
58166,97003,1,485.46,472.99,523.95
46336,99922,1,551.38,473.91,562.04
46330,97564,1,549.4,482.09,562.34
64190,13576,1,443.92,295.93,489.97
58353,96020,1,498.65,486.62,569.17
55473,93903,1,486.21,364.28,558.5
58233,96466,1,565.25,558.8,578.0
58225,98329,1,501.7,483.62,538.54
58169,95239,1,485.56,471.44,522.96
64298,13269,1,448.48,338.16,1849.75
64299,12497,1,457.86,337.82,2353.99
64300,13043,1,448.3,338.39,1714.75
64301,12527,1,451.06,338.02,1957.74
64302,12668,1,450.51,338.23,1889.64
64303,13291,1,438.26,338.81,1106.91
64304,12981,1,444.95,338.39,1710.89
64291,13016,1,429.88,331.55,450.96
58099,96849,1,484.12,460.88,522.86
58100,100212,1,485.36,472.84,523.45
58069,101694,1,496.71,482.64,569.0
58045,97861,1,468.06,433.55,489.27
58039,97205,1,555.64,510.11,566.55
58041,94662,1,479.0,452.47,520.5
58031,97907,1,486.88,473.55,522.91
64297,13300,1,450.51,337.4,2319.57
64223,14837,1,425.54,285.49,471.31
58160,95414,1,485.36,473.53,523.28
58150,94629,1,485.43,472.68,523.1
58151,96329,1,485.64,473.89,514.84
58114,97570,1,485.68,473.04,523.2
58116,97279,1,485.84,473.46,523.76
58109,99572,1,485.42,473.18,522.95
58098,97259,1,485.16,472.43,523.84
46164,100451,1,549.58,492.92,565.43
64264,15038,1,435.01,300.22,468.33
64253,14426,1,431.63,313.91,493.87
64254,14322,1,432.39,313.71,492.92
64242,13892,1,337.9,316.38,347.61
64244,14761,1,336.88,315.37,366.14
64235,14870,1,340.65,316.72,347.72
46121,59251,1,515.3,223.95,561.47
64317,12460,1,352.84,326.68,367.32
64319,12005,1,349.81,318.1,366.87
64305,12965,1,437.75,338.6,1108.44
64306,12893,1,446.09,336.04,1748.58
64307,12573,1,443.24,337.6,1507.33
64308,13265,1,437.48,337.53,1204.38
64309,12770,1,437.02,339.65,1115.38
64310,12593,1,439.99,340.07,1019.5
57934,95023,1,527.51,409.28,569.38
57914,103891,1,497.04,482.14,550.64
55659,102776,1,580.27,570.74,596.94
64321,12604,1,353.5,316.6,367.56
64313,12832,1,452.29,338.86,2040.52
64314,12809,1,449.86,340.54,1909.86
64315,12963,1,440.98,340.13,1182.23
64316,12776,1,455.44,340.38,2392.38
55630,102890,1,580.22,568.18,596.01
57969,97256,1,564.29,475.95,570.86
57952,95836,1,484.13,459.59,523.35
57953,95748,1,483.61,461.76,523.32
57949,97430,1,484.25,461.93,523.87
57950,98961,1,484.56,462.08,523.8
57938,96134,1,482.05,460.29,522.85
57940,97351,1,484.21,473.28,514.0
64293,13113,1,427.6,330.98,451.45
64273,13965,1,430.7,298.59,461.49
64274,14357,1,430.31,298.42,461.21
64275,15008,1,433.59,298.19,460.7
64277,15151,1,431.46,297.89,462.62
64280,14307,1,429.52,297.47,460.6
64268,14980,1,429.31,299.51,461.08
64270,14273,1,430.56,299.29,465.99
57858,94144,1,482.95,459.51,524.55
57849,95648,1,484.02,461.5,523.35
57850,96826,1,483.18,461.97,513.67
57851,92817,1,483.96,461.8,522.77
57841,98642,1,483.0,461.12,514.29
64413,11029,1,441.09,352.36,558.64
64415,11332,1,443.54,352.4,560.69
64387,11104,1,447.34,345.44,493.95
55661,106074,1,580.19,568.68,594.04
55662,106322,1,579.22,570.87,587.95
55663,104049,1,580.23,567.82,595.45
55664,103885,1,580.21,564.68,597.73
55641,108024,1,580.41,572.02,587.42
55645,28996,1,495.88,129.72,584.54
55634,103963,1,580.13,564.07,597.42
57856,97092,1,482.98,461.32,523.37
64345,10948,1,463.0,344.0,581.32
64346,10512,1,467.55,344.11,583.95
45740,59069,1,516.08,259.82,561.67
45730,27171,1,380.72,244.45,560.47
45739,92200,1,497.25,422.46,560.9
64330,11814,1,429.76,324.9,454.87
64332,12595,1,427.95,325.02,491.27
64336,11601,1,427.95,324.42,455.84
64311,12932,1,448.93,339.77,1906.94
64312,12196,1,452.03,338.57,1916.82
45778,96875,1,463.54,261.44,561.0
45779,57679,1,416.45,211.2,485.93
45766,47263,1,402.9,123.8,471.16
64364,11326,1,464.58,347.91,581.57
64351,10550,1,459.13,338.71,582.46
64337,11378,1,426.44,324.61,456.32
57746,96717,1,565.39,557.76,572.69
57682,93682,1,482.22,460.74,522.39
64485,9345,1,417.34,308.18,462.67
64473,8779,1,418.9,308.12,460.86
64474,9394,1,420.85,308.02,460.86
64475,9048,1,420.99,311.64,461.59
64458,10532,1,421.32,317.56,460.87
45558,98902,1,530.68,347.47,561.67
64412,10821,1,445.07,352.17,572.06
55746,105593,1,580.19,570.6,590.89
55674,102022,1,580.25,568.22,596.42
55665,104060,1,580.2,569.12,593.07
55667,103694,1,580.11,570.8,594.66
55668,103414,1,580.2,566.87,597.13
55672,28218,1,490.56,91.11,579.37
55673,99791,1,580.17,569.79,590.98
64450,10099,1,420.25,317.45,460.81
64443,10330,1,420.46,317.56,460.44
64439,10474,1,428.05,317.38,460.34
64426,10624,1,441.43,352.05,564.87
64428,11518,1,443.11,352.92,548.72
64430,11535,1,444.58,352.13,557.09
64416,11794,1,440.94,352.7,541.76
64419,10980,1,443.24,353.05,574.29
64375,9652,1,342.05,322.65,366.06
64378,10855,1,340.27,317.08,346.56
64380,9556,1,340.66,316.54,365.92
45699,97653,1,535.68,456.3,562.05
64369,11019,1,465.62,348.21,581.18
64362,10407,1,463.81,347.28,582.94
45413,98734,1,551.93,460.9,562.01
45583,22729,1,349.48,183.77,503.86
57645,97739,1,498.6,483.17,568.97
57534,100592,1,498.29,486.34,568.94
57502,97226,1,547.55,499.22,572.39
45215,13710,1,327.05,196.6,391.96
64696,9511,1,414.15,311.77,451.65
64681,9476,1,409.53,288.88,460.11
64683,9717,1,410.67,288.29,461.38
64687,8470,1,406.2,287.51,472.86
57677,93908,1,480.5,460.63,523.51
57678,93183,1,473.05,434.12,522.66
55777,102394,1,580.25,566.25,596.42
55767,103249,1,580.24,564.68,598.11
55763,105411,1,580.23,570.89,595.98
57665,93587,1,480.93,460.41,517.63
57672,96221,1,481.61,460.12,522.89
57663,97483,1,482.77,460.34,523.26
45378,21482,1,332.82,140.97,425.34
64486,8972,1,416.01,308.16,460.73
64487,9371,1,418.22,310.27,460.4
64488,9421,1,419.86,310.1,460.51
64491,9128,1,416.3,309.88,460.49
64492,9622,1,417.6,309.82,460.27
64478,9773,1,421.08,309.0,460.49
57683,96276,1,484.99,461.37,524.17
45551,97652,1,533.28,439.03,568.29
64495,9656,1,408.86,309.28,438.06
64496,8883,1,414.58,309.43,460.63
64497,9674,1,416.41,309.24,460.8
64595,9412,1,389.82,298.04,460.9
64596,9033,1,394.39,299.11,460.62
45403,99087,1,538.19,372.31,562.52
45394,99589,1,543.41,405.35,561.61
55964,107338,1,582.78,568.35,589.93
55957,102374,1,580.26,567.97,597.21
56770,105469,1,580.14,569.42,595.09
56773,107235,1,580.21,566.44,596.69
56483,107398,1,580.17,568.42,593.38
56384,96641,1,565.24,555.7,574.16
56344,108535,1,571.69,558.76,594.9
64925,1616,1,332.88,296.16,359.71
64780,7287,1,385.15,288.12,461.35
64781,7262,1,381.48,287.72,446.2
64782,7180,1,382.76,287.47,449.86
64790,3173,1,370.63,314.18,439.46
64775,6787,1,384.66,289.57,460.24
64776,6849,1,385.87,289.34,460.16
64777,7083,1,387.95,288.96,460.37
56794,103478,1,580.24,560.62,597.29
64759,6769,1,384.14,293.75,449.87
64743,7749,1,399.07,306.33,461.13
64744,7773,1,396.03,303.46,460.23
64746,7759,1,398.53,303.22,453.31
64747,8105,1,383.68,305.89,420.57
64750,7983,1,401.47,305.74,460.12
64739,7482,1,397.59,306.88,460.27
44762,97440,1,522.47,344.27,562.35
64704,9904,1,413.81,310.44,452.27
64706,9351,1,410.77,310.13,450.79
45095,99113,1,528.63,346.72,562.72
45084,99318,1,531.61,366.21,562.34
45085,100668,1,527.48,343.3,562.93
64765,7054,1,386.84,292.13,461.8
64767,6935,1,383.46,291.66,445.48
64756,6530,1,385.61,294.47,460.04
60155,79985,1,462.63,279.54,488.74
60157,80739,1,462.3,275.8,488.55
60184,79078,1,364.35,318.65,373.53
60146,82822,1,461.45,281.03,489.68
60152,80829,1,462.17,280.15,489.19
60138,80315,1,461.19,282.19,491.35
60140,81108,1,462.34,282.14,491.51
60141,81024,1,462.01,281.94,488.9
44736,96029,1,543.55,468.29,561.45
44717,100239,1,553.18,466.41,561.87
64932,1712,1,352.36,306.67,402.17
60196,80983,1,466.11,320.19,489.75
60202,80700,1,466.91,319.49,488.88
60189,80509,1,364.81,309.73,373.99
60190,78487,1,364.8,308.3,373.71
60192,79423,1,364.73,306.82,373.51
44923,74319,1,427.45,167.71,506.8
56324,109112,1,571.65,556.53,595.28
56320,107680,1,571.59,557.85,580.9
56139,5315,1,466.49,375.56,554.41
64944,1830,1,350.69,304.24,402.22
44747,92282,1,490.49,446.86,549.01
44758,96865,1,507.96,410.66,562.29
44735,100123,1,518.87,325.84,562.24
64926,1616,1,332.87,295.4,359.66
64928,1616,1,332.88,296.0,359.66
64914,1576,1,332.06,298.04,359.64
64916,1616,1,332.36,297.62,359.49
64917,1616,1,332.41,297.37,359.84
64918,1616,1,332.63,297.13,359.71
64921,1616,1,332.65,296.73,360.06
44937,93935,1,441.44,215.57,551.14
65042,253,0,317.3,306.69,325.59
44714,102188,0,554.17,544.78,561.31
44723,100610,0,553.69,538.05,561.95
44724,99487,0,554.17,544.62,561.8
44725,96727,0,554.18,544.55,561.83
44726,100268,0,522.05,346.49,562.31
44734,97115,0,524.21,361.13,562.93
44741,97603,0,554.18,544.59,561.81
44744,96876,0,554.1,542.95,562.84
44748,99437,0,554.17,544.27,562.26
44751,98583,0,554.17,540.87,561.73
45054,98094,0,554.17,544.38,562.11
45057,97665,0,554.18,544.65,561.48
44761,100391,0,526.44,380.46,561.83
44765,98366,0,554.18,544.48,561.94
44768,97914,0,554.18,544.12,562.36
44771,98251,0,554.17,545.09,561.7
44772,99327,0,554.18,544.19,562.41
44925,96693,0,535.22,444.16,561.73
44951,5387,0,347.65,328.3,359.63
44961,98057,0,554.18,543.26,563.04
44968,97305,0,554.18,544.03,561.92
44972,91963,0,504.4,419.68,560.33
44973,96116,0,467.36,305.61,560.26
45044,98939,0,554.18,544.02,562.35
45047,98412,0,554.74,544.56,563.35
45048,94818,0,543.65,506.13,562.02
64864,3461,0,355.83,293.93,419.06
64865,3544,0,353.69,295.42,419.15
64904,1479,0,330.95,300.06,358.79
64905,1479,0,330.94,299.98,358.65
44941,98411,0,554.17,544.25,562.34
44942,88904,0,434.4,361.49,494.58
44946,5962,0,307.06,277.51,327.93
44949,99631,0,554.17,543.72,562.87
64856,3123,0,358.47,303.34,419.4
64857,3435,0,353.83,296.8,419.35
64858,3605,0,354.52,296.73,420.29
64859,3544,0,353.64,296.49,419.26
64860,3447,0,353.88,296.3,419.34
64861,3482,0,354.11,296.13,419.17
64862,3533,0,355.11,296.02,419.25
64863,3533,0,355.24,295.86,419.23
56288,96088,0,565.24,558.92,570.29
56289,96257,0,565.24,558.19,571.04
56290,96115,0,565.24,558.36,570.71
56291,97088,0,565.23,558.43,570.66
56292,97452,0,565.24,558.35,570.8
56293,93569,0,565.24,557.26,570.24
56294,95679,0,565.23,557.4,570.83
56295,94642,0,565.23,558.08,571.06
56142,93419,0,565.24,559.06,570.02
56143,97577,0,565.24,559.33,569.64
56144,94539,0,565.28,558.55,571.13
56145,6049,0,352.41,339.05,407.39
56146,93711,0,565.24,558.7,570.53
56147,93250,0,565.52,558.57,572.56
56148,95722,0,565.52,557.11,573.44
56287,99291,0,565.23,554.62,573.33
56133,91157,0,565.22,557.93,569.89
56134,95584,0,565.23,558.51,573.07
56135,6704,0,364.23,358.5,368.51
56136,94323,0,565.23,558.66,570.44
56137,96153,0,565.23,557.84,571.29
56138,93645,0,565.24,558.8,570.21
56140,95970,0,565.24,559.01,570.15
56141,94676,0,565.23,558.19,570.77
56125,95472,0,565.24,557.17,572.06
56126,97299,0,565.24,557.94,571.17
56127,96376,0,565.24,558.62,570.27
56128,96387,0,565.24,558.65,570.46
56129,95796,0,565.24,558.69,570.55
56130,92595,0,565.23,558.02,571.27
56131,96257,0,565.24,558.16,571.32
56132,89900,0,565.24,559.09,570.06
56336,108550,0,571.61,559.96,580.18
56094,96809,0,565.24,558.77,570.44
56095,95594,0,565.24,558.67,570.21
56096,97107,0,565.24,558.13,570.89
56097,96047,0,565.24,559.1,571.34
56098,95395,0,565.23,557.35,571.55
56100,98294,0,565.24,558.55,570.89
56101,96552,0,565.23,558.81,570.03
56325,107605,0,571.61,559.72,580.5
56327,104917,0,571.43,551.06,586.08
56328,108067,0,571.62,557.72,594.75
56329,107660,0,571.61,559.84,580.39
56331,106261,0,571.61,559.97,580.52
56332,108823,0,571.61,558.52,581.55
56333,107557,0,571.61,559.82,580.51
56335,110471,0,571.6,553.67,596.4
56305,97763,0,565.24,559.04,570.14
56306,98595,0,565.23,558.19,571.01
56317,107941,0,571.62,559.25,581.17
56318,109595,0,571.61,558.82,581.5
56319,110952,0,571.61,558.86,581.19
56321,126191,0,571.63,556.95,582.22
56322,108357,0,571.61,558.89,581.44
56323,109180,0,571.61,558.75,581.75
56296,112617,0,565.24,557.59,571.16
56297,96613,0,565.23,554.96,574.22
56298,99826,0,565.23,557.64,572.12
56299,97483,0,565.23,558.99,569.99
56300,97375,0,565.23,558.83,570.58
56301,96080,0,565.23,558.55,570.48
56302,99508,0,565.24,558.59,570.47
56304,97069,0,565.24,556.35,572.8
56342,109630,0,571.61,559.91,580.61
56343,109332,0,571.61,559.56,580.7
56345,125750,0,571.61,559.44,580.94
56346,108826,0,571.61,559.05,581.25
56348,110257,0,571.64,557.05,594.79
56349,108951,0,571.61,559.49,580.77
56350,108794,0,571.61,559.55,580.8
56351,110713,0,571.61,559.27,580.95
56121,96656,0,565.24,557.99,570.95
56122,96162,0,565.34,559.17,571.5
56123,96246,0,565.24,559.02,569.94
56124,96157,0,565.24,558.86,570.75
56337,106338,0,571.57,554.8,580.4
56338,106072,0,571.61,559.48,580.85
56339,108802,0,571.61,558.92,581.7
56340,106827,0,571.62,559.54,592.36
56111,91290,0,565.24,558.96,569.9
56112,95766,0,565.24,558.72,570.29
56113,96851,0,565.22,557.49,569.65
56115,93055,0,565.25,558.26,571.87
56116,94461,0,565.24,559.0,570.37
56117,94814,0,565.24,559.08,569.94
56119,95985,0,565.24,558.81,570.23
56120,94966,0,565.23,558.76,570.28
56102,96291,0,565.12,557.22,570.26
56103,95357,0,565.23,557.82,571.89
56104,96192,0,565.24,556.47,572.42
56105,95613,0,565.24,557.48,571.55
56107,95809,0,565.24,558.06,571.18
56108,98521,0,565.23,558.95,570.16
56109,97382,0,565.24,558.95,569.98
56110,96732,0,565.24,558.27,570.92
56395,94468,0,565.24,557.01,572.25
56396,97820,0,565.24,558.85,570.19
56397,97494,0,565.24,558.62,570.35
56398,96682,0,565.24,559.21,569.84
56399,94231,0,565.24,559.21,573.02
56400,95721,0,565.24,559.28,569.99
56401,94392,0,565.24,558.74,570.31
56403,95963,0,565.23,558.86,571.84
56386,99585,0,565.24,559.37,569.69
56387,95514,0,565.22,557.58,570.61
56388,95732,0,565.46,558.99,572.14
56389,96783,0,565.24,557.49,571.79
56391,97164,0,565.24,557.75,571.46
56392,97397,0,565.24,558.77,570.41
56393,93144,0,565.24,558.51,570.54
56394,95736,0,565.24,558.78,570.31
56376,96761,0,564.94,555.68,570.66
56377,97926,0,565.24,558.68,570.53
56378,96296,0,565.25,558.83,571.57
56379,95343,0,565.24,556.43,572.89
56381,97050,0,565.23,558.23,570.92
56382,96880,0,565.24,558.15,570.9
56383,95066,0,565.24,558.89,569.94
56385,96192,0,565.24,557.76,571.24
56352,108297,0,571.61,559.41,580.87
56353,108422,0,571.61,559.21,580.92
56356,107095,0,571.61,559.33,581.16
56358,108692,0,571.61,559.17,581.28
56361,109135,0,571.66,559.17,581.11
56362,108193,0,571.61,558.53,581.79
56374,98620,0,565.23,558.73,570.34
56375,94995,0,565.24,559.19,570.31
56429,92941,0,565.24,559.03,570.34
56448,103207,0,580.18,568.91,588.39
56449,106157,0,580.2,572.5,585.37
56450,104924,0,580.2,567.93,594.14
56451,108214,0,580.2,572.98,584.8
56452,104157,0,580.2,572.75,585.47
56453,103759,0,580.2,572.78,585.53
56454,104421,0,580.19,569.15,587.23
56421,95986,0,565.23,558.18,570.88
56422,95629,0,565.24,558.11,570.65
56423,96250,0,565.24,558.83,570.3
56424,95652,0,565.24,558.85,570.06
56425,98019,0,565.24,558.3,570.78
56426,94682,0,565.32,558.37,571.43
56427,95390,0,565.24,558.96,570.04
56428,95115,0,565.24,558.93,570.15
56412,96763,0,565.24,558.37,570.49
56413,92826,0,565.24,559.36,569.68
56414,99799,0,565.24,558.6,570.41
56416,95499,0,565.24,558.61,570.51
56417,98060,0,565.24,558.92,570.35
56418,96024,0,565.24,558.69,570.5
56419,95323,0,565.24,558.75,570.82
56420,92677,0,565.24,557.83,570.98
56404,97214,0,565.24,558.57,570.49
56405,94594,0,565.24,557.47,571.61
56406,97336,0,565.24,558.29,570.82
56407,95480,0,565.24,558.15,570.95
56408,95860,0,565.16,557.43,570.22
56409,95211,0,565.23,559.26,569.99
56410,97007,0,565.23,558.75,570.2
56411,94422,0,565.24,558.44,570.88
56482,106848,0,580.2,572.49,585.05
56484,102106,0,580.24,568.03,595.34
56485,103458,0,580.2,572.67,585.24
56486,104003,0,580.2,572.59,584.91
56487,102496,0,579.75,567.68,585.27
56488,106812,0,580.03,570.4,584.77
56489,105443,0,580.2,572.6,585.34
56490,103103,0,580.19,572.76,585.12
56474,104559,0,580.2,572.65,585.36
56475,106241,0,580.35,564.4,594.02
56476,103768,0,580.2,572.77,584.77
56477,101794,0,580.13,565.93,596.99
56478,102192,0,580.2,573.07,584.92
56479,102589,0,580.2,572.8,585.21
56480,100743,0,555.57,524.66,584.78
56481,116582,0,580.2,572.71,584.91
56464,103827,0,580.2,572.83,585.03
56465,101604,0,580.2,567.03,593.85
56467,100713,0,580.2,571.74,586.63
56468,106383,0,580.2,571.79,585.96
56469,100278,0,580.2,572.7,585.29
56470,103312,0,580.2,572.79,585.33
56471,103427,0,580.2,571.4,589.11
56472,104694,0,580.08,566.31,585.93
56455,103266,0,580.24,572.85,595.97
56456,104252,0,580.18,566.36,596.69
56457,105525,0,580.23,572.36,586.67
56458,105568,0,580.22,572.12,593.97
56460,106578,0,580.2,571.44,586.09
56461,104130,0,580.2,571.98,585.69
56462,101911,0,580.13,569.85,585.01
56463,107482,0,580.19,572.57,585.13
56520,96655,0,565.23,556.88,572.72
56521,94759,0,565.24,557.9,570.68
56522,96643,0,565.24,558.71,570.79
56523,95259,0,565.24,557.58,571.54
56524,92762,0,565.23,559.25,569.78
56525,96130,0,565.24,557.1,572.06
56526,94894,0,565.24,557.24,570.35
56527,97203,0,565.23,557.24,571.05
56511,96080,0,565.2,558.05,570.35
56512,96280,0,565.22,557.54,571.1
56513,95855,0,565.24,556.64,572.39
56515,97613,0,565.24,558.13,570.83
56516,93741,0,565.24,558.25,570.89
56517,96507,0,565.24,558.28,570.78
56518,95978,0,565.23,559.13,569.96
56519,97039,0,565.24,555.93,573.24
56503,95249,0,565.24,559.08,570.03
56504,93609,0,565.24,558.95,570.32
56505,96724,0,565.24,557.11,572.27
56506,97773,0,565.24,558.92,570.98
56507,97785,0,565.24,557.85,570.62
56508,97781,0,565.24,559.23,570.09
56509,94959,0,565.23,558.95,570.61
56510,96650,0,565.24,558.86,570.4
56491,105402,0,580.2,572.32,585.66
56492,104364,0,580.23,569.78,595.43
56493,104888,0,580.42,573.03,586.73
56494,102250,0,580.15,564.51,596.72
56495,103979,0,580.2,572.31,585.23
56496,102015,0,580.19,572.86,585.07
56497,101552,0,580.16,567.5,589.79
56498,104834,0,580.2,572.35,585.46
56554,93907,0,565.25,558.49,580.99
56555,94664,0,565.24,555.96,573.08
56556,95803,0,565.24,552.66,573.87
56557,98011,0,565.23,557.88,570.7
56558,96815,0,565.42,557.93,571.76
56688,97647,0,565.23,557.79,571.38
56689,96449,0,565.23,558.75,570.43
56690,96894,0,565.23,558.25,570.95
56546,96393,0,565.23,558.08,571.03
56547,97260,0,565.23,557.28,572.24
56548,96862,0,565.24,558.99,570.16
56549,96782,0,565.24,558.34,570.82
56550,97885,0,565.24,559.12,570.15
56551,96749,0,565.24,558.41,575.48
56552,96579,0,565.24,559.17,569.87
56553,94545,0,565.24,557.88,571.14
56536,96391,0,565.23,556.87,572.4
56537,96158,0,565.23,557.38,572.13
56538,96192,0,565.33,558.37,571.65
56539,95636,0,565.15,557.48,570.42
56540,96923,0,565.22,557.53,570.77
56541,95146,0,565.24,557.23,572.03
56542,95451,0,565.24,558.81,572.13
56545,97728,0,565.24,559.25,569.77
56528,97115,0,565.24,559.3,569.85
56529,97566,0,565.24,558.37,570.73
56530,96808,0,565.24,558.91,570.18
56531,97842,0,565.24,556.91,572.61
56532,95272,0,565.24,558.57,571.62
56533,94860,0,565.23,558.13,571.13
56534,95664,0,565.24,558.49,570.46
56535,94634,0,565.23,558.85,569.99
56778,107269,0,580.2,572.97,585.03
56779,111777,0,580.2,572.91,585.03
56780,114770,0,579.49,570.61,584.73
56781,108242,0,580.2,572.55,585.41
56782,105987,0,580.2,571.8,586.02
55935,107709,0,580.2,572.89,585.14
55936,106176,0,580.2,572.71,584.8
55937,108313,0,580.2,572.81,585.19
56709,95480,0,565.24,558.89,570.13
56767,105512,0,574.16,546.39,585.51
56768,106330,0,579.88,570.48,587.24
56772,105565,0,580.19,572.74,585.23
56774,107842,0,580.42,572.68,587.37
56775,101643,0,580.21,571.1,591.9
56776,114699,0,580.2,571.7,587.24
56777,113588,0,580.2,572.21,586.04
56701,93883,0,565.24,558.97,570.04
56702,94997,0,565.23,557.98,571.33
56703,94243,0,565.24,557.89,570.7
56704,95468,0,565.23,558.0,570.88
56705,96288,0,565.23,554.55,571.19
56706,94902,0,565.24,558.11,570.99
56707,97893,0,565.24,558.63,571.42
56708,95744,0,565.23,559.4,569.66
56692,97033,0,565.23,559.34,570.66
56693,93932,0,565.24,558.62,570.75
56694,94301,0,565.24,558.44,570.64
56695,93958,0,565.24,557.37,572.49
56697,94357,0,565.23,558.42,570.78
56698,95786,0,565.24,559.29,569.9
56699,94124,0,565.24,558.45,570.52
56700,95095,0,565.24,558.05,570.85
56784,107835,0,580.2,573.08,585.06
56785,106222,0,580.2,572.52,585.5
56786,105525,0,580.2,572.53,585.34
56787,107505,0,580.14,571.07,585.21
56788,104708,0,580.2,571.77,585.94
56789,105504,0,575.66,435.97,589.36
56790,106785,0,580.14,570.88,585.32
56791,105181,0,580.2,572.3,585.5
55958,104013,0,580.2,573.15,584.92
55959,102659,0,580.2,572.78,585.41
55960,103331,0,580.09,566.8,591.68
55961,104747,0,580.2,572.53,585.11
55962,108057,0,580.2,572.63,585.32
55963,104851,0,580.2,572.93,585.48
55965,103597,0,580.2,572.85,584.78
56783,110604,0,580.2,572.73,585.04
55947,103413,0,580.16,566.72,596.27
55948,106272,0,580.21,568.19,603.36
55949,104065,0,580.2,572.41,585.38
55950,103874,0,580.21,572.48,588.2
55951,103401,0,580.23,566.76,594.88
55954,104446,0,580.2,572.89,585.46
55955,106339,0,580.2,572.47,585.69
55956,104268,0,580.2,572.47,585.94
55938,108438,0,580.2,572.67,585.4
55939,106562,0,580.2,571.54,586.64
55940,108779,0,580.2,572.24,585.59
55941,104897,0,580.19,572.71,585.38
55942,105213,0,580.2,573.01,584.82
55943,108702,0,580.21,570.98,599.29
55944,104834,0,580.19,572.58,585.68
55945,106831,0,580.13,568.26,599.53
56832,96609,0,565.2,556.52,570.62
56833,94756,0,565.23,556.5,573.89
56834,98263,0,565.23,558.98,570.2
56835,95523,0,565.23,558.45,570.5
56836,96553,0,565.23,558.98,570.19
56837,99170,0,565.24,555.96,572.6
56839,99106,0,565.24,556.87,572.3
56842,97494,0,565.23,558.74,570.16
56817,107596,0,580.2,572.39,585.36
56818,107224,0,580.25,571.24,597.65
56823,95004,0,565.23,559.29,569.9
56824,98011,0,565.24,558.56,570.5
56825,95804,0,565.23,558.04,571.06
56826,96633,0,565.24,558.39,571.02
56827,98294,0,565.23,558.34,570.79
56828,99082,0,565.24,558.33,571.57
56806,101702,0,580.18,566.32,601.99
56807,104336,0,580.21,565.63,594.8
56809,110087,0,580.19,573.07,584.85
56810,106411,0,580.2,572.71,588.2
56811,107100,0,580.29,570.63,590.2
56813,106546,0,580.18,567.59,607.05
56814,106546,0,580.2,573.05,585.97
56816,108483,0,580.2,573.06,585.09
56792,105957,0,580.2,572.49,585.38
56793,104785,0,580.2,572.56,585.09
56795,106063,0,580.13,567.93,593.59
56796,106743,0,580.2,573.02,584.7
56797,106929,0,580.43,572.55,587.04
56799,105296,0,580.43,572.65,597.91
56800,108196,0,580.2,572.65,585.08
56803,107466,0,580.2,572.57,585.22
56898,95109,0,565.23,557.93,570.81
56899,97026,0,565.23,558.16,570.95
56900,92530,0,565.24,559.04,569.97
56901,107455,0,565.24,559.17,569.94
56902,94880,0,565.24,559.25,569.93
56903,94945,0,565.24,558.78,570.29
56904,94775,0,565.23,555.37,573.75
56905,96040,0,565.23,557.85,570.53
56890,97036,0,565.23,558.45,570.43
56891,94200,0,565.24,558.5,570.89
56892,95857,0,565.24,557.85,571.21
56893,95560,0,565.24,558.9,570.54
56894,96728,0,565.24,558.93,570.27
56895,97234,0,565.23,558.88,570.34
56896,94741,0,565.23,558.16,570.85
56897,95893,0,565.24,558.12,570.97
56882,93985,0,565.24,558.65,570.27
56883,96148,0,565.24,558.71,570.3
56884,95535,0,565.24,558.23,570.4
56885,96280,0,565.24,557.0,571.97
56886,98021,0,565.24,558.85,570.18
56887,95457,0,565.24,558.03,570.74
56888,92655,0,565.24,559.03,570.13
56889,97505,0,565.23,559.05,569.77
56843,97015,0,565.24,558.54,570.24
56844,95415,0,565.24,558.15,570.67
56876,97712,0,565.24,558.21,570.61
56877,95986,0,565.24,558.49,570.47
56878,96725,0,565.24,558.24,570.99
56879,94801,0,565.24,557.96,570.85
56880,94863,0,565.23,557.79,571.21
56881,99494,0,565.23,557.73,570.7
57051,95493,0,565.23,557.7,571.74
57052,97388,0,565.24,557.57,575.93
57053,97444,0,565.24,559.13,570.21
57054,95348,0,565.23,557.25,570.84
57055,97000,0,565.25,553.79,573.56
57056,96282,0,565.23,558.84,570.3
57057,96685,0,565.23,558.05,571.5
57059,95907,0,565.39,557.4,573.63
56922,97474,0,565.23,555.72,571.72
56923,95107,0,565.24,558.79,570.27
56924,95357,0,565.24,558.31,570.92
56925,95293,0,565.24,559.25,569.81
56926,94637,0,565.23,559.11,570.79
56927,98115,0,565.24,559.04,569.98
57049,96583,0,565.24,559.46,569.63
57050,96352,0,565.23,558.66,569.83
56914,96360,0,565.24,559.59,569.51
56915,96916,0,565.22,558.41,570.2
56916,97525,0,565.23,556.46,572.29
56917,96901,0,565.24,559.21,569.75
56918,95285,0,565.24,559.08,569.99
56919,96012,0,565.24,556.1,573.14
56920,94974,0,565.23,557.4,570.4
56921,96744,0,565.23,558.66,570.21
56906,94365,0,565.24,559.17,569.8
56907,93581,0,565.24,559.75,570.07
56908,98168,0,565.24,557.46,571.61
56909,97141,0,565.24,559.0,570.14
56910,95327,0,565.21,557.47,571.41
56911,94450,0,565.24,558.51,570.56
56912,95950,0,565.24,558.95,570.22
56913,94956,0,565.24,557.88,571.61
57084,93489,0,565.24,558.79,570.28
57085,92622,0,565.23,557.92,571.26
57086,97130,0,565.24,559.28,570.03
57087,91891,0,565.24,558.66,570.57
57088,94936,0,565.23,558.32,570.77
57089,93033,0,565.24,558.96,570.11
57090,91129,0,565.24,559.26,569.82
57092,94422,0,565.23,556.75,572.88
57076,95162,0,565.25,559.06,570.08
57077,94006,0,565.24,557.18,572.03
57078,94017,0,565.34,558.4,572.24
57079,96315,0,565.23,558.87,570.32
57080,94646,0,565.24,557.51,571.62
57081,96278,0,565.24,559.06,570.0
57082,95667,0,565.23,557.88,571.32
57083,95659,0,565.23,559.21,569.96
57068,96812,0,565.23,559.3,569.71
57069,95303,0,565.24,558.6,570.39
57070,90808,0,565.24,559.2,570.51
57071,98006,0,565.24,559.27,569.79
57072,98654,0,565.24,556.99,571.59
57073,93363,0,565.24,558.38,570.43
57074,94768,0,565.24,559.34,569.94
57075,96309,0,565.22,558.65,570.2
57060,94671,0,565.39,559.27,571.83
57061,93745,0,565.23,558.94,570.54
57062,93538,0,565.24,558.57,570.38
57063,98651,0,565.24,557.6,571.21
57064,94966,0,565.27,556.05,571.28
57065,96448,0,565.61,558.99,572.58
57066,93553,0,565.24,558.59,570.38
57067,93117,0,565.43,559.45,577.6
57124,96543,0,565.23,558.24,572.12
57125,93312,0,565.24,557.59,571.34
57126,96858,0,565.23,559.22,569.84
57127,94665,0,565.24,558.41,571.5
57128,104777,0,565.24,558.6,570.61
57129,92903,0,565.24,558.76,570.23
57130,95274,0,565.23,558.62,572.48
57131,93746,0,565.22,557.66,570.1
57116,90271,0,565.23,559.36,569.79
57117,93455,0,565.24,558.97,576.53
57118,94781,0,552.32,475.97,570.29
57119,96334,0,565.23,558.58,570.33
57120,94886,0,565.23,556.33,572.85
57121,96140,0,565.23,555.0,574.39
57122,92352,0,565.23,557.94,571.21
57123,92857,0,565.24,559.23,569.85
57108,96046,0,565.24,558.75,570.78
57109,93160,0,565.24,558.89,570.17
57110,95998,0,565.23,558.06,570.72
57111,93576,0,565.24,558.75,570.08
57112,94208,0,565.24,558.7,570.37
57113,92883,0,565.24,558.61,570.52
57114,95132,0,565.24,558.51,571.09
57115,92227,0,564.87,556.2,569.53
57093,97146,0,565.24,558.09,570.92
57094,92726,0,565.23,555.76,572.71
57101,95566,0,565.24,559.19,569.68
57102,92596,0,565.24,559.09,569.98
57104,94901,0,565.24,558.47,570.54
57105,96813,0,565.24,558.96,570.35
57106,92574,0,565.24,558.76,570.45
57107,92405,0,565.24,559.41,569.56
57218,97978,0,565.23,555.28,575.84
57219,96800,0,565.24,558.29,570.81
57220,101017,0,565.24,558.59,570.79
57221,96357,0,565.24,559.07,570.29
57222,99114,0,565.24,559.25,570.2
57223,95820,0,565.24,558.88,570.22
57224,99540,0,565.23,553.06,570.37
57225,98911,0,565.34,559.31,571.62
57149,93998,0,565.24,559.01,570.11
57150,96517,0,565.24,558.07,570.96
57151,94469,0,565.24,558.2,571.01
57152,94909,0,565.24,558.1,570.63
57153,96548,0,565.24,558.45,570.54
57154,104511,0,565.24,556.11,572.97
57155,107654,0,565.24,559.02,569.96
57156,96013,0,565.24,558.93,570.21
57141,98754,0,565.23,555.64,573.66
57142,94113,0,565.24,559.45,569.85
57143,94695,0,565.24,559.58,569.61
57144,93209,0,565.24,558.84,570.34
57145,93396,0,565.24,557.89,571.5
57146,90832,0,565.24,559.21,570.08
57147,96166,0,565.23,558.63,570.59
57148,94996,0,565.24,558.32,570.75
57132,94158,0,565.24,559.11,569.98
57133,93236,0,565.24,559.02,570.1
57134,94527,0,565.22,557.8,571.15
57135,93447,0,565.24,558.82,570.4
57136,95813,0,565.23,558.55,570.64
57137,93925,0,565.24,558.36,570.87
57138,97042,0,565.23,558.74,570.32
57139,94464,0,565.24,558.64,570.46
57251,94937,0,565.24,559.0,570.1
57252,93363,0,565.24,559.11,569.97
57253,95462,0,565.24,558.68,570.22
57254,96073,0,565.24,559.58,570.06
57255,95970,0,565.24,558.98,570.62
57256,94089,0,565.24,557.24,572.23
57257,97643,0,565.23,559.56,569.4
57258,95066,0,565.24,558.43,570.62
57243,94227,0,565.23,558.79,570.23
57244,98734,0,565.24,557.7,571.41
57245,94305,0,565.24,558.92,570.35
57246,97148,0,565.24,558.38,570.52
57247,98202,0,565.24,557.23,572.71
57248,98278,0,565.24,559.15,569.9
57249,95165,0,565.24,558.38,572.05
57250,94397,0,565.24,558.67,570.36
57234,98057,0,565.24,558.92,570.17
57235,96108,0,565.24,557.05,572.61
57236,95414,0,565.24,558.64,570.44
57237,97504,0,565.24,557.22,571.96
57238,98295,0,565.24,558.03,572.54
57239,97298,0,565.24,558.91,569.92
57240,93860,0,565.24,557.89,571.21
57241,93606,0,565.24,558.84,570.35
57226,95277,0,565.24,558.57,570.52
57227,95127,0,565.23,559.05,569.74
57228,95851,0,565.24,558.59,570.49
57229,97298,0,565.23,558.82,570.27
57230,98987,0,565.24,557.94,571.11
57231,96782,0,565.23,558.69,570.43
57232,95526,0,565.24,558.95,570.04
57233,96698,0,565.24,555.17,575.07
57330,92799,0,565.24,558.86,570.3
57331,95675,0,565.24,559.22,570.04
57332,104960,0,565.24,557.64,571.37
57333,95687,0,565.24,558.82,570.75
57334,92712,0,565.24,558.43,570.63
57335,96476,0,565.24,558.24,570.97
57336,96992,0,565.23,558.62,570.37
57337,91912,0,565.26,556.77,572.53
57305,95563,0,557.69,511.47,570.06
57306,90894,0,556.02,505.19,574.09
57307,93977,0,557.97,512.71,570.69
57309,93926,0,546.27,471.2,571.46
57310,98505,0,565.24,558.79,570.63
57311,95964,0,558.14,514.21,570.8
57328,92064,0,565.24,558.13,571.21
57329,95482,0,565.23,555.44,573.44
57292,96007,0,558.13,512.31,569.57
57294,98477,0,565.23,558.91,570.1
57296,94881,0,557.83,512.41,570.79
57297,94163,0,540.49,449.56,570.19
57298,93066,0,556.37,504.92,573.02
57300,95935,0,565.19,556.57,571.43
57301,95690,0,565.23,559.1,570.33
57302,96897,0,565.24,555.6,573.79
57260,94798,0,565.24,558.17,570.78
57261,96135,0,565.24,559.01,570.63
57262,95288,0,565.24,558.6,570.7
57263,97407,0,565.23,557.87,571.01
57264,95380,0,565.24,559.48,569.59
57265,100128,0,565.23,557.63,571.21
57290,98352,0,565.23,558.29,570.68
57291,97451,0,565.24,558.06,570.8
57363,96942,0,565.24,557.99,571.14
57364,97230,0,565.24,558.67,570.48
57365,94834,0,565.23,558.02,571.37
57366,98692,0,565.23,556.56,573.1
57367,95640,0,565.22,558.32,569.93
57368,94285,0,565.24,559.13,570.87
57369,93854,0,565.24,557.68,571.12
57370,97559,0,565.23,558.14,570.78
57355,97252,0,565.24,557.34,572.23
57356,94395,0,565.24,558.76,570.34
57357,94628,0,565.24,558.4,570.58
57358,93158,0,565.24,559.43,569.76
57359,93454,0,565.24,558.07,571.06
57360,98127,0,565.24,558.9,570.3
57361,95425,0,565.24,558.2,570.64
57362,96663,0,565.23,557.79,571.04
57347,94444,0,565.24,556.9,572.16
57348,94264,0,565.24,558.81,570.17
57349,95820,0,565.24,557.49,571.18
57350,97084,0,565.24,557.26,572.52
57351,93600,0,565.24,558.11,570.96
57352,95959,0,565.24,558.11,571.2
57353,95176,0,565.24,558.87,570.76
57354,96464,0,565.24,558.99,570.27
57338,92283,0,565.24,557.6,571.67
57339,96219,0,565.27,558.06,572.26
57340,94760,0,565.23,559.03,570.08
57342,96073,0,565.24,559.35,570.06
57343,95955,0,565.24,558.97,570.12
57344,95043,0,565.23,558.88,569.84
57345,95251,0,565.24,559.26,569.83
57346,95075,0,565.23,558.43,570.64
57417,97178,0,565.23,558.12,571.22
57418,95148,0,565.24,558.85,570.22
57430,93366,0,565.24,558.29,570.79
57432,99090,0,565.23,558.66,570.48
55780,106299,0,580.2,572.52,585.53
55781,105597,0,580.04,570.74,585.02
55785,105231,0,580.2,572.4,585.15
55787,106563,0,580.2,572.2,585.58
57409,97720,0,565.24,558.61,570.68
57410,95371,0,565.24,552.12,573.76
57411,94470,0,565.24,557.8,570.69
57412,97647,0,565.24,559.23,569.75
57413,95956,0,551.68,482.8,570.14
57414,95910,0,565.21,558.65,571.47
57415,96487,0,565.23,558.6,570.82
57416,96431,0,565.24,557.42,571.81
57379,97999,0,565.24,557.68,571.64
57380,98532,0,565.24,558.87,570.13
57381,94972,0,565.41,558.29,572.66
57404,95197,0,565.24,555.45,573.87
57405,96207,0,565.24,557.06,570.56
57406,93970,0,565.23,557.17,570.5
57407,95106,0,565.24,559.22,570.2
57408,92492,0,565.24,557.43,571.82
57371,93760,0,565.3,559.0,571.8
57372,97167,0,565.23,558.66,570.41
57373,98276,0,565.5,558.64,572.36
57374,97306,0,565.23,557.71,571.09
57375,96453,0,565.24,559.43,569.5
57376,92194,0,565.24,558.71,571.47
57377,95738,0,565.24,558.86,570.59
57378,95821,0,565.24,559.02,570.37
57438,93860,0,565.24,559.1,570.44
57440,94851,0,565.23,557.61,571.41
57441,91619,0,565.24,558.97,570.24
57442,95835,0,565.24,558.64,570.41
57443,97704,0,565.24,558.32,570.69
57444,95422,0,565.24,557.4,571.85
57445,94262,0,565.32,558.83,572.33
57446,94618,0,565.23,558.06,570.89
55926,108514,0,580.2,572.7,585.33
55928,104883,0,580.2,572.03,586.21
55931,103512,0,580.2,572.5,586.62
55932,106728,0,580.2,572.7,585.57
55933,105624,0,580.2,572.69,584.97
57434,98908,0,565.23,557.28,571.88
57436,93065,0,550.89,492.44,570.03
57437,97422,0,565.23,558.85,570.02
55918,106877,0,580.19,569.55,584.76
55919,104359,0,580.24,567.66,597.26
55920,104211,0,580.2,572.54,585.2
55921,107271,0,580.2,572.86,584.98
55922,106735,0,580.2,573.01,584.74
55923,107956,0,580.2,572.86,585.33
55924,105237,0,580.2,571.63,586.33
55925,104620,0,580.2,570.76,590.24
55788,105801,0,580.2,572.65,584.99
55789,105781,0,580.2,572.29,585.63
55790,105232,0,580.22,569.96,600.45
55791,107093,0,580.2,572.59,585.53
55914,107266,0,580.19,571.79,585.31
55915,102690,0,580.23,566.81,597.32
55916,103656,0,580.19,572.01,586.25
55917,103000,0,485.74,380.68,558.08
57495,99769,0,565.23,559.02,570.0
57496,108796,0,565.23,558.18,571.35
57497,111648,0,565.24,557.93,570.82
57498,95271,0,565.23,558.84,570.34
57499,109582,0,565.24,558.09,571.85
57500,98325,0,565.23,559.0,570.0
57501,97803,0,565.23,559.05,570.15
57503,98788,0,565.24,558.26,570.8
57470,96811,0,565.23,558.27,570.64
57471,97047,0,546.76,465.97,571.01
57472,95895,0,565.24,558.16,570.78
57473,97387,0,565.24,557.2,571.84
57474,96580,0,545.08,490.85,571.34
57475,96766,0,565.24,557.85,570.36
57476,98510,0,565.24,558.94,570.54
57477,98060,0,565.24,558.5,572.19
57460,95694,0,565.24,558.35,570.65
57461,97739,0,565.23,558.62,570.32
57462,94243,0,565.23,558.15,570.58
57463,99626,0,565.23,558.43,570.61
57465,96686,0,565.21,557.18,571.89
57467,96250,0,565.24,557.92,571.05
57468,93370,0,565.24,558.59,570.49
57469,94151,0,565.23,557.93,571.07
57447,97902,0,565.24,558.06,572.17
57448,95057,0,565.24,559.04,569.95
57449,94174,0,565.24,558.78,570.73
57450,97077,0,565.24,557.87,571.26
57451,95779,0,565.24,557.88,571.14
57457,95311,0,565.24,559.03,570.34
57458,99435,0,565.23,558.97,570.03
57459,94801,0,565.24,557.67,571.62
57532,101943,0,565.22,558.79,571.49
57533,96615,0,491.68,458.43,500.35
57602,94920,0,565.24,556.17,573.45
57603,99233,0,565.24,558.5,570.85
57604,94623,0,565.24,558.87,570.16
57605,96908,0,565.23,557.75,570.34
57606,94896,0,565.24,554.97,572.4
57607,97402,0,565.23,558.93,570.16
57524,98955,0,565.24,558.51,570.55
57525,98758,0,565.23,558.09,570.81
57526,100715,0,565.23,557.41,571.88
57527,96943,0,565.23,558.89,570.18
57528,98226,0,565.23,550.21,578.46
57529,96714,0,565.24,558.83,570.3
57530,97018,0,565.24,559.03,570.28
57531,99387,0,565.24,557.63,571.49
57512,97303,0,565.23,555.46,570.8
57513,97719,0,565.23,558.29,570.92
57514,96499,0,565.23,559.17,570.24
57515,97256,0,565.23,558.09,570.96
57516,96099,0,565.24,559.16,570.07
57521,95966,0,565.24,558.38,570.77
57522,97377,0,565.24,558.84,570.3
57523,97959,0,565.24,558.3,571.18
57504,95181,0,565.23,556.94,572.69
57505,97705,0,565.23,557.69,572.01
57506,98026,0,565.23,552.49,576.82
57507,96004,0,565.24,558.74,570.18
57508,96863,0,565.24,559.11,570.18
57509,97636,0,565.24,558.83,570.18
57510,96708,0,565.24,558.83,570.21
57511,98109,0,565.24,558.45,570.35
57641,95556,0,565.24,558.41,570.87
57642,95510,0,565.24,558.42,570.68
57643,97616,0,565.24,559.05,570.54
57644,97187,0,565.24,558.67,571.07
57646,94928,0,565.23,556.92,571.9
57647,94833,0,565.24,558.76,570.39
57648,94897,0,565.24,558.41,570.68
57649,5602,0,426.34,406.27,451.47
57633,97624,0,565.24,558.85,570.11
57634,96248,0,565.24,555.82,573.3
57635,98088,0,565.23,557.95,570.81
57636,97823,0,565.23,558.68,571.14
57637,94960,0,565.24,557.78,571.17
57638,96900,0,565.23,556.9,571.08
57639,95001,0,565.36,559.11,572.53
57640,94821,0,565.23,558.52,570.52
57616,98684,0,565.24,558.25,570.99
57617,98037,0,565.23,558.88,570.2
57618,94749,0,565.23,558.7,570.52
57620,97420,0,565.23,557.93,570.76
57621,97755,0,565.24,555.91,573.35
57622,95931,0,565.23,558.26,570.63
57623,97103,0,565.23,557.48,571.98
57632,97433,0,565.24,558.16,570.9
57608,97954,0,565.25,557.29,571.88
57609,96000,0,565.23,558.15,571.23
57610,96089,0,565.24,557.74,571.38
57611,98286,0,565.23,558.94,570.31
57612,97930,0,565.24,558.04,571.72
57613,94954,0,565.24,555.26,572.98
57614,94083,0,565.24,558.79,570.13
57615,97107,0,565.22,557.96,571.55
55774,105256,0,580.2,567.86,590.57
55775,103028,0,580.2,572.36,585.59
55776,106117,0,580.2,572.69,585.21
55778,103709,0,580.2,572.64,584.92
55779,105531,0,580.2,571.59,586.24
57698,99846,0,565.24,558.62,570.38
57699,97224,0,565.24,558.49,570.65
57700,95862,0,565.23,558.02,571.04
55764,105637,0,580.19,572.22,585.53
55765,106395,0,580.2,572.73,585.41
55766,106317,0,580.14,570.71,584.99
55769,107627,0,580.22,572.15,596.01
55770,107475,0,580.19,568.89,585.84
55771,106994,0,580.19,570.28,585.05
55772,103754,0,580.1,566.51,595.96
55773,103107,0,580.2,565.07,586.3
55754,105176,0,580.2,572.52,585.19
55755,105214,0,580.18,567.84,597.45
55756,106600,0,580.2,573.02,584.95
55757,106205,0,580.2,572.81,585.04
55758,105324,0,580.2,572.72,585.06
55760,103248,0,580.14,569.59,585.24
55761,101770,0,580.15,563.0,598.54
55762,105538,0,580.2,572.47,585.22
57650,96659,0,565.24,558.13,571.48
57651,97216,0,565.29,559.05,571.67
57652,93844,0,565.24,558.82,571.13
57653,96479,0,565.23,558.2,570.88
55750,107359,0,580.19,571.99,585.77
55751,106895,0,580.19,572.19,585.53
55752,106686,0,580.2,573.04,584.86
55753,103668,0,580.14,570.59,586.92
57739,95532,0,565.24,557.81,571.27
57740,91730,0,543.65,483.13,570.68
57741,94342,0,565.24,558.6,570.74
57742,98755,0,565.23,556.99,571.89
57743,96759,0,565.24,558.28,570.84
57744,95633,0,565.24,558.36,570.37
57745,95373,0,565.23,558.65,570.47
57747,97070,0,565.28,557.99,571.8
57719,99128,0,565.24,558.57,570.45
57732,95065,0,565.23,558.79,570.13
57733,96696,0,565.23,558.76,570.4
57734,95315,0,565.23,558.35,570.58
57735,95583,0,565.24,557.38,572.86
57736,99521,0,565.23,547.08,581.89
57737,95733,0,565.21,556.34,571.55
57738,97797,0,565.23,558.06,571.0
57711,97972,0,565.32,558.35,571.61
57712,99580,0,565.23,558.08,571.07
57713,98749,0,565.24,558.38,570.92
57714,93025,0,565.23,559.24,569.87
57715,102713,0,565.24,558.41,570.44
57716,95226,0,565.23,558.77,570.24
57717,101496,0,565.23,558.61,570.26
57718,95403,0,565.23,558.96,569.95
57701,98719,0,565.24,557.76,571.22
57702,98616,0,565.23,558.12,570.97
57703,98861,0,565.24,558.51,570.34
57704,94576,0,565.24,559.31,569.83
57707,98053,0,564.91,552.07,570.74
57708,97513,0,565.24,558.67,570.44
57709,94173,0,565.23,558.42,570.92
57710,98948,0,565.23,557.95,571.14
57791,98333,0,565.23,558.16,571.0
57809,97516,0,565.23,557.71,571.43
57810,95660,0,565.23,559.08,570.07
57811,97575,0,565.23,556.66,572.78
57812,96196,0,565.23,558.28,570.7
57813,92244,0,565.24,557.98,571.69
57814,97668,0,565.1,556.77,571.62
57815,95733,0,565.23,558.74,570.18
57781,96452,0,565.23,556.97,572.18
57782,96821,0,565.23,556.33,572.68
57783,99054,0,565.23,557.73,571.45
57784,95346,0,565.23,556.46,573.0
57785,97095,0,565.23,558.39,570.7
57786,97109,0,565.23,557.53,572.05
57787,97435,0,565.24,555.76,573.5
57788,97562,0,565.24,558.85,570.23
57773,95282,0,565.24,559.22,569.8
57774,96763,0,565.24,558.54,570.66
57775,96919,0,565.23,558.22,570.86
57776,97508,0,565.23,556.76,572.33
57777,97819,0,565.23,558.82,570.17
57778,97007,0,565.23,556.66,572.4
57779,98497,0,565.23,558.18,570.61
57780,98336,0,565.24,557.99,570.95
57748,97022,0,565.23,558.16,570.89
57749,96942,0,565.24,559.25,569.73
57750,98119,0,565.23,556.94,571.84
57751,96247,0,565.23,557.2,571.72
57752,97976,0,565.23,557.86,571.02
57753,99383,0,565.23,558.42,570.34
57771,98302,0,565.23,558.32,570.99
57772,97392,0,565.23,558.77,570.6
57868,100660,0,565.23,557.68,571.75
57869,94450,0,565.24,558.12,570.97
57870,95181,0,565.24,557.98,570.52
57871,94711,0,565.24,557.92,571.24
57872,93422,0,565.24,557.4,571.74
57873,95756,0,565.23,558.67,570.96
55633,102833,0,580.19,572.77,584.8
55635,103787,0,580.2,563.07,594.98
55743,107730,0,580.19,572.82,585.08
55744,103086,0,580.17,567.68,598.66
55747,104953,0,580.2,572.51,585.04
57829,94641,0,565.24,559.19,569.94
57864,97593,0,565.23,557.99,571.16
57865,96576,0,565.23,557.69,571.29
57866,96319,0,565.24,557.31,572.0
57867,96472,0,565.24,558.44,570.71
57826,96142,0,565.24,558.91,570.32
57827,94300,0,565.24,558.49,570.55
57828,96583,0,565.34,558.88,571.48
55671,104713,0,580.2,572.82,585.25
55675,101892,0,580.2,572.87,584.92
55676,103583,0,580.07,565.84,599.27
55677,103913,0,580.2,572.42,585.44
55741,106394,0,580.2,572.34,585.22
57816,93684,0,565.24,558.12,570.72
57817,97038,0,565.23,556.48,572.61
57818,97286,0,565.23,557.98,571.06
57819,96115,0,565.24,557.76,571.38
57820,96204,0,565.23,558.75,570.14
57821,94978,0,565.24,558.04,571.11
57824,95371,0,565.23,558.56,570.53
57825,96763,0,565.24,558.96,570.37
57879,93998,0,565.25,558.26,571.04
57880,95369,0,565.24,559.1,570.0
57882,95708,0,565.23,557.89,571.43
57883,97652,0,565.2,557.46,569.99
57884,97316,0,565.23,558.8,570.2
57885,95651,0,565.24,558.88,570.71
57891,96284,0,565.24,558.36,571.69
57892,97545,0,565.23,558.5,570.69
55657,102011,0,580.19,568.39,594.79
55658,106953,0,580.2,572.58,584.97
55660,103876,0,579.83,567.66,595.79
57874,95505,0,565.53,558.49,571.99
57875,94145,0,565.24,558.45,570.71
57876,95373,0,565.23,558.93,570.3
57877,110633,0,565.23,558.02,571.2
57878,95405,0,565.23,558.9,570.16
55649,107774,0,580.2,573.04,584.72
55650,102454,0,580.22,566.53,597.33
55651,106924,0,580.2,572.79,584.9
55652,107084,0,580.2,572.47,584.9
55653,103596,0,580.2,568.49,595.48
55654,105201,0,580.19,572.79,585.26
55655,103821,0,580.24,568.57,593.86
55656,105554,0,580.14,570.3,586.33
55636,107748,0,580.19,572.47,585.74
55637,105396,0,580.2,572.92,587.72
55638,102417,0,580.2,571.91,585.82
55640,107150,0,580.2,572.63,585.47
55643,105952,0,580.34,573.12,589.24
55644,107065,0,580.2,571.95,585.77
55647,105915,0,580.2,571.93,587.6
55648,106230,0,580.18,564.58,585.29
57920,95656,0,565.23,558.05,570.86
57921,97122,0,565.24,557.25,572.11
57923,96813,0,565.23,558.0,570.55
57924,97670,0,565.23,558.17,570.86
57925,96460,0,565.24,558.32,570.63
57926,97782,0,565.22,554.35,571.26
57928,97291,0,565.24,557.69,571.78
57930,96440,0,560.5,533.03,571.95
57909,96127,0,565.23,558.58,570.41
57910,98914,0,565.24,558.45,570.39
57911,98590,0,565.24,558.99,570.0
57912,96170,0,565.24,559.34,569.7
57913,96487,0,565.24,558.34,570.96
57915,95391,0,565.23,559.17,570.13
57917,100025,0,565.23,558.43,570.34
57919,98719,0,565.24,559.16,570.03
57901,98313,0,565.24,558.95,572.85
57902,95560,0,565.24,558.75,570.47
57903,100458,0,565.23,558.51,570.78
57904,96873,0,565.24,558.26,570.93
57905,96525,0,565.23,557.48,571.74
57906,99493,0,565.23,558.0,572.89
57907,98728,0,565.24,559.08,570.52
57908,96748,0,565.23,558.26,570.53
57893,97106,0,565.34,558.88,571.44
57894,99795,0,565.23,558.75,570.57
57895,101078,0,565.23,558.85,570.23
57896,96916,0,565.23,558.9,570.59
57897,97115,0,565.23,559.24,569.83
57898,98547,0,565.24,557.71,571.38
57899,95970,0,565.24,558.62,570.51
57900,97800,0,565.12,557.81,569.96
57982,95393,0,565.23,557.18,572.85
57983,95365,0,565.23,557.82,571.56
55596,94132,0,565.23,558.35,570.74
55597,96851,0,565.24,558.25,571.6
55598,92646,0,565.24,558.26,570.85
55599,96763,0,565.24,558.78,570.31
55600,94740,0,565.24,558.58,570.63
55601,96200,0,565.24,558.72,570.81
57973,98923,0,565.21,556.55,570.81
57974,95909,0,565.24,558.71,570.22
57975,96805,0,565.25,558.84,570.71
57976,97436,0,565.09,556.6,570.92
57977,98092,0,565.24,558.03,570.84
57978,97456,0,565.24,558.63,570.63
57979,96021,0,565.25,558.4,571.67
57981,95228,0,565.24,557.89,571.13
57955,97044,0,483.39,461.63,522.97
57964,95878,0,565.25,557.27,571.89
57965,96742,0,565.24,559.16,569.98
57966,96499,0,565.23,554.62,570.81
57967,97393,0,565.23,558.48,570.53
57968,98332,0,565.24,558.42,570.74
57971,95315,0,565.23,558.11,571.2
57972,96115,0,565.24,558.57,570.53
57931,98665,0,565.24,558.49,571.48
57932,99239,0,565.23,558.6,570.52
57933,97884,0,565.23,558.94,570.08
57935,98856,0,483.64,461.86,523.29
57942,96052,0,484.42,473.52,518.72
57945,97055,0,484.09,461.61,523.11
57946,98619,0,550.9,474.06,567.16
57951,97441,0,484.24,462.12,523.12
57984,95564,0,565.23,557.38,571.39
57985,96245,0,565.23,558.78,570.51
57991,95350,0,565.24,558.02,570.68
57992,96222,0,565.24,558.87,570.46
57993,95008,0,565.24,559.12,569.97
57995,99236,0,565.24,558.64,570.58
57997,95959,0,565.24,557.6,571.48
57998,99396,0,565.24,559.08,571.5
55619,96888,0,565.24,559.19,569.79
55620,95449,0,565.24,558.69,570.29
55621,96494,0,565.24,559.17,569.5
55622,96904,0,565.24,559.12,569.96
55623,94660,0,565.23,558.92,569.98
55628,104531,0,580.2,572.43,585.19
55629,103368,0,580.2,572.53,585.32
55631,102574,0,580.2,572.64,585.47
55611,95303,0,565.24,558.92,570.18
55612,93986,0,565.24,558.95,570.1
55613,95510,0,565.24,557.92,571.39
55614,95243,0,565.24,558.43,570.15
55615,97830,0,565.24,558.86,570.29
55616,98964,0,565.24,558.22,570.9
55617,95430,0,565.24,558.19,570.84
55618,95962,0,565.24,559.25,569.77
55602,98570,0,565.24,558.79,570.04
55603,96394,0,565.23,558.13,570.98
55604,94330,0,565.23,558.92,570.01
55605,96258,0,565.24,555.71,572.65
55607,93106,0,565.24,559.3,569.7
55608,93186,0,565.24,559.18,571.39
55609,97470,0,565.24,559.16,570.43
55610,94967,0,565.24,555.29,574.68
58055,94354,0,565.24,558.83,570.2
58056,97291,0,565.23,557.45,571.9
58057,96348,0,565.23,558.73,570.65
58058,95947,0,565.23,558.57,570.61
58059,97969,0,565.24,559.47,569.71
58060,96992,0,565.23,557.85,571.28
58061,96774,0,565.24,558.75,570.3
58062,97171,0,565.23,555.95,572.99
58032,96247,0,479.67,460.72,514.45
58034,97156,0,479.31,460.98,517.99
58038,99207,0,475.69,445.46,523.94
58043,104879,0,479.76,458.98,514.19
58051,109246,0,565.24,557.28,571.69
58052,96855,0,565.23,555.94,572.98
58053,96101,0,565.24,557.93,571.16
58054,106615,0,565.38,547.02,579.77
58007,95385,0,489.94,467.95,499.48
58008,98107,0,565.24,558.37,570.97
58009,97089,0,565.23,559.22,570.65
58010,97656,0,565.23,557.76,571.69
58011,97567,0,565.24,557.96,570.78
58012,97918,0,565.24,558.59,570.51
58028,95778,0,477.61,445.88,523.9
58029,97006,0,477.69,446.0,523.75
57999,97555,0,565.24,557.64,571.94
58000,95483,0,565.24,558.43,570.72
58001,97269,0,565.23,558.64,570.44
58002,98638,0,565.23,558.53,570.54
58003,97349,0,565.23,557.81,571.56
58004,95501,0,565.24,557.48,571.8
58005,97180,0,565.23,558.67,570.32
58006,98670,0,565.23,558.25,570.79
58091,99960,0,565.24,559.07,570.1
58092,96151,0,565.23,557.74,570.92
58093,100242,0,565.09,556.96,571.18
58094,94542,0,565.24,558.21,570.9
58095,96361,0,565.23,556.73,572.27
58096,97669,0,565.23,558.86,570.22
58097,101443,0,484.69,473.04,523.34
58101,100747,0,484.99,473.58,525.49
58083,98256,0,565.23,557.8,571.23
58084,97072,0,565.24,556.82,572.47
58085,96598,0,565.24,556.19,572.31
58086,98482,0,565.23,557.25,570.58
58087,96981,0,565.23,556.9,570.91
58088,96790,0,565.24,558.06,570.9
58089,100722,0,565.24,558.04,571.38
58090,94143,0,565.23,554.62,573.33
58075,94917,0,565.24,558.62,570.42
58076,97123,0,565.23,558.27,570.49
58077,96369,0,565.23,559.0,570.3
58078,93953,0,565.24,559.32,569.65
58079,95959,0,565.23,557.71,571.42
58080,99957,0,565.24,558.32,570.81
58081,94002,0,565.35,559.28,571.8
58082,96536,0,565.24,557.97,571.01
58063,100091,0,565.24,557.61,571.29
58064,94863,0,565.23,558.65,570.44
58065,96093,0,565.24,557.75,571.09
58066,97528,0,565.23,557.72,571.38
58067,98011,0,565.23,558.1,570.84
58068,100776,0,565.24,557.66,571.41
58070,96571,0,565.23,558.73,570.25
58072,99297,0,565.23,558.01,571.12
58134,97200,0,565.23,557.98,570.85
58135,98757,0,565.23,558.71,570.19
55497,94121,0,565.24,558.14,569.5
55498,95614,0,565.24,559.39,570.77
55499,98064,0,565.24,558.9,570.23
55500,94147,0,565.24,559.31,569.69
55501,96314,0,565.23,553.45,574.21
55569,98230,0,565.24,558.81,570.31
58126,95425,0,565.23,558.56,570.6
58127,98702,0,565.24,557.74,571.53
58128,97422,0,565.24,557.01,572.61
58129,97544,0,565.24,559.09,569.87
58130,101244,0,565.24,558.35,570.78
58131,100470,0,565.23,558.02,570.99
58132,95966,0,565.23,558.63,570.79
58133,98799,0,565.24,558.33,570.7
58118,94304,0,565.23,557.32,571.68
58119,97324,0,565.23,558.19,570.31
58120,100853,0,565.2,558.24,570.85
58121,97858,0,565.23,557.92,571.13
58122,94614,0,565.23,558.4,570.77
58123,94774,0,565.24,558.59,570.41
58124,95641,0,565.23,555.85,573.24
58125,94944,0,565.24,557.63,571.8
58102,98348,0,485.25,472.29,524.07
58103,99134,0,485.52,473.73,513.4
58104,98256,0,485.7,473.56,513.09
58110,97921,0,484.9,472.67,523.18
58111,96499,0,485.65,473.64,523.03
58112,96617,0,485.4,472.18,522.83
58113,95678,0,485.68,473.62,523.01
58117,98362,0,485.97,473.32,523.35
58136,94659,0,565.23,558.23,571.33
58137,97761,0,565.24,557.64,571.2
58138,97475,0,565.23,558.87,570.28
58139,97482,0,565.23,557.59,571.47
58140,95529,0,565.23,556.48,573.55
58175,97908,0,565.23,558.38,570.79
58176,96672,0,565.23,558.9,570.03
58177,100491,0,565.23,557.8,571.55
55587,98302,0,565.4,558.4,571.97
55588,94227,0,565.24,558.73,569.8
55589,96505,0,565.24,556.5,572.49
55590,94959,0,565.24,559.09,569.93
55591,96374,0,565.24,558.46,570.67
55592,98314,0,565.24,558.72,570.49
55593,97115,0,565.24,558.89,570.25
55594,99839,0,565.24,557.0,572.16
55579,97226,0,565.24,559.02,570.15
55580,95139,0,565.24,558.51,570.5
55581,96859,0,565.24,558.07,571.26
55582,96409,0,565.49,558.46,571.85
55583,95049,0,565.24,556.48,572.64
55584,94528,0,565.24,556.85,572.2
55585,96885,0,565.24,559.31,569.7
55586,96804,0,565.24,558.91,570.2
55570,96721,0,565.23,559.04,570.17
55571,95081,0,565.23,558.06,570.91
55572,99359,0,565.24,559.06,570.15
55573,95932,0,565.24,558.96,570.12
55574,98282,0,565.23,557.86,571.06
55575,96785,0,565.23,557.86,571.48
55576,97716,0,565.24,559.1,569.98
55577,96441,0,565.53,557.39,571.81
58210,93537,0,565.24,557.86,571.89
58211,94810,0,565.24,558.77,570.76
58212,96700,0,565.23,555.8,572.66
58213,94538,0,565.24,557.41,571.32
58214,95595,0,565.24,558.23,570.79
58215,95984,0,565.24,559.09,570.02
58217,96552,0,565.24,558.87,571.7
58218,96625,0,565.23,558.27,570.81
58194,97916,0,565.31,559.31,572.05
58195,95599,0,565.23,556.2,572.46
58196,100958,0,565.35,558.01,571.69
58197,95705,0,565.32,559.18,572.07
58206,94374,0,565.23,559.08,570.03
58207,96691,0,565.23,557.68,571.39
58208,98538,0,565.24,558.27,570.82
58209,93787,0,565.24,558.73,570.56
58186,98168,0,565.23,555.85,573.09
58187,96798,0,565.24,556.62,572.63
58188,98558,0,565.24,558.34,571.62
58189,97485,0,565.24,558.47,570.39
58190,99915,0,565.33,557.74,572.87
58191,96445,0,565.23,557.87,571.3
58192,96992,0,565.23,558.68,570.5
58193,96234,0,565.23,558.56,571.45
58178,98677,0,565.24,558.6,570.52
58179,94947,0,565.24,557.69,571.57
58180,93219,0,565.02,556.66,570.5
58181,97784,0,565.24,558.23,572.52
58182,96762,0,565.23,556.41,573.45
58183,97435,0,565.23,559.05,569.67
58184,95626,0,565.23,558.16,570.87
58185,98249,0,565.23,559.28,569.7
58248,85137,0,565.24,558.63,570.68
58249,94573,0,565.24,558.31,570.87
58250,97923,0,565.22,557.38,571.76
58251,95139,0,565.24,559.37,569.7
58252,94465,0,565.23,558.84,570.32
55463,97348,0,565.24,559.07,570.03
55464,97820,0,565.27,558.97,571.51
55465,95162,0,565.24,559.59,569.47
58239,96138,0,565.24,559.1,570.23
58240,94195,0,565.23,558.03,571.03
58241,93513,0,565.23,558.5,570.65
58242,96700,0,565.24,557.56,572.14
58243,94289,0,565.24,557.67,576.56
58245,93223,0,565.24,557.93,571.53
58246,96376,0,565.23,558.22,571.09
58247,94799,0,565.24,558.23,570.85
58228,96423,0,565.24,559.04,569.99
58230,93796,0,565.23,556.55,571.45
58231,96315,0,565.24,557.36,572.06
58232,90799,0,565.25,558.45,570.57
58234,94386,0,565.24,557.96,571.05
58236,94654,0,565.24,558.12,570.77
58237,95917,0,565.24,558.65,571.77
58238,96935,0,565.25,557.83,571.5
58219,96818,0,565.23,556.36,572.75
58220,97789,0,565.23,558.21,570.98
58221,96161,0,565.23,558.54,570.55
58222,94220,0,565.24,558.03,571.0
58223,96581,0,565.23,558.57,570.66
58224,96368,0,565.24,559.2,569.81
58226,97551,0,564.88,519.22,569.97
58227,96043,0,565.23,558.83,570.24
55494,95721,0,565.24,558.54,571.31
55495,97401,0,565.24,558.93,570.13
58352,99201,0,565.09,557.49,570.23
58354,96253,0,565.24,557.73,571.31
58355,97422,0,565.23,558.66,570.43
58356,98953,0,565.24,559.18,570.02
58357,95639,0,565.24,559.0,570.6
58358,98643,0,565.23,558.34,570.74
55485,94247,0,565.24,558.88,570.09
55486,93565,0,565.24,559.12,570.02
55487,95347,0,565.24,555.77,572.97
55488,94583,0,565.24,558.66,570.37
55489,95740,0,565.24,559.61,570.87
55491,95441,0,565.23,558.77,570.61
55492,96572,0,565.24,558.37,572.35
55493,93764,0,565.24,559.06,570.71
55475,98551,0,565.24,559.2,569.93
55477,93455,0,565.24,558.27,570.86
55478,96341,0,565.24,557.18,572.48
55479,95851,0,565.24,558.95,570.07
55480,94076,0,565.78,559.03,572.02
55481,95743,0,565.24,559.07,569.97
55483,97650,0,565.24,559.25,569.9
55484,94051,0,565.24,559.1,571.1
55466,96230,0,565.2,557.78,569.61
55467,99053,0,565.24,558.17,570.88
55468,95265,0,565.25,559.4,570.7
55469,94882,0,565.24,558.76,570.33
55470,99606,0,565.24,558.99,569.9
55471,96586,0,565.24,558.03,570.94
55472,95939,0,565.24,558.41,570.87
55474,93373,0,565.24,559.43,569.47
58408,100621,0,565.23,558.31,570.76
58411,98867,0,565.23,558.53,570.51
58415,97229,0,565.24,558.02,570.89
58416,97166,0,565.41,558.51,571.65
58417,96081,0,565.23,558.63,570.59
58418,97863,0,565.23,557.28,571.95
58420,98949,0,565.24,557.55,572.19
58421,102641,0,565.24,557.77,571.41
58389,95619,0,481.32,460.45,523.2
58391,98274,0,481.27,461.03,519.04
58402,98446,0,565.24,558.55,570.55
58403,95867,0,565.23,559.06,570.07
58404,96449,0,565.23,558.59,570.54
58405,95457,0,565.24,558.22,571.16
58406,101405,0,565.23,557.11,572.03
58407,100118,0,565.24,559.13,569.94
58367,95902,0,565.23,558.85,570.4
58368,95322,0,565.23,559.03,570.13
58369,96410,0,565.23,557.38,571.79
58370,96794,0,565.24,558.46,570.3
58371,98141,0,565.23,558.33,570.6
58372,98325,0,565.23,557.78,571.36
58373,96813,0,565.2,557.79,570.45
58381,97984,0,481.0,461.01,523.31
58359,97471,0,565.23,556.92,572.22
58360,96176,0,565.24,558.48,570.46
58361,97444,0,565.24,558.77,570.19
58362,98596,0,565.23,558.78,570.32
58363,98152,0,565.23,559.34,569.71
58364,98735,0,565.41,553.03,571.85
58365,96273,0,565.24,558.7,570.33
58366,98199,0,565.24,558.66,570.9
58475,98344,0,565.24,558.13,570.65
58476,98210,0,565.24,558.04,570.96
58477,97885,0,565.16,554.05,570.34
55421,105450,0,580.2,572.4,585.84
55422,104366,0,580.19,570.02,585.77
55423,103531,0,580.2,572.98,585.56
55425,103451,0,580.19,572.44,585.93
55426,106600,0,580.2,572.83,585.43
58452,98060,0,565.23,558.24,570.67
58453,98739,0,565.23,558.76,570.36
58454,99102,0,565.23,558.54,570.58
58457,98485,0,565.23,557.71,571.6
58458,97689,0,565.24,557.81,571.24
58459,99404,0,565.23,558.76,570.12
58473,97151,0,565.23,558.47,570.62
58474,97073,0,479.67,431.24,498.82
58444,97355,0,565.23,558.47,570.66
58445,97846,0,565.23,558.43,570.71
58446,97479,0,565.23,558.19,570.76
58447,98033,0,565.23,558.4,570.63
58448,95898,0,565.24,558.44,570.95
58449,98237,0,565.14,557.62,571.14
58450,97850,0,565.23,559.18,569.87
58451,96839,0,565.23,557.49,571.28
58423,94579,0,565.24,559.21,569.84
58424,96529,0,565.24,557.56,571.51
58437,99343,0,565.24,557.17,570.61
58438,100947,0,565.23,557.4,571.8
58439,107126,0,565.23,557.74,571.36
58441,96713,0,565.23,558.76,570.4
58442,95634,0,565.23,558.44,572.83
58443,97950,0,565.23,558.36,570.81
55461,97754,0,565.24,558.89,570.6
55462,96221,0,565.24,558.38,570.76
58478,98031,0,565.23,558.22,570.86
58480,98336,0,565.24,557.86,571.22
58481,97804,0,565.23,558.28,570.53
58482,96292,0,565.23,555.91,573.52
58483,101988,0,494.15,483.39,500.53
58484,97062,0,565.41,555.94,573.68
55453,94467,0,565.24,559.12,569.94
55454,95533,0,565.24,559.07,570.05
55455,95273,0,565.24,557.93,570.96
55456,93745,0,565.24,559.33,569.76
55457,96821,0,565.24,557.87,570.91
55458,96357,0,565.24,558.89,570.15
55459,95760,0,565.24,559.28,570.17
55460,95315,0,565.24,558.9,570.1
55435,99461,0,580.19,568.27,590.3
55436,102827,0,580.19,572.79,585.24
55438,105054,0,580.2,572.76,585.09
55439,101895,0,580.19,572.62,585.43
55449,94147,0,565.23,558.1,570.88
55450,96372,0,565.24,558.31,570.73
55451,93601,0,565.24,559.67,570.38
55452,96391,0,565.24,558.17,571.01
55427,107953,0,580.19,572.51,585.55
55428,105684,0,580.2,572.08,585.31
55429,106331,0,580.2,572.52,585.26
55430,101861,0,580.19,572.39,585.52
55431,106624,0,580.2,572.89,585.0
55432,101871,0,580.21,566.04,596.88
55433,102290,0,580.2,572.35,585.31
55434,104764,0,580.2,572.3,585.44
58537,96669,0,482.54,461.96,495.76
58538,95839,0,482.8,462.02,496.41
58539,97685,0,482.83,462.08,495.56
58541,98753,0,551.47,473.58,566.16
58542,95434,0,482.93,462.0,495.74
58543,97119,0,483.1,461.86,495.47
58544,96048,0,484.01,473.48,495.73
58545,97784,0,482.95,461.82,495.96
58519,95581,0,565.15,556.97,570.47
58520,96795,0,564.86,500.14,571.08
58522,96850,0,564.82,495.25,570.7
58524,96326,0,564.78,484.95,571.87
58527,94367,0,565.19,557.49,571.36
58532,96388,0,474.29,435.52,495.29
58533,100441,0,483.31,462.03,495.56
58536,96300,0,484.58,473.36,496.67
58494,99142,0,565.23,558.74,570.54
58495,97385,0,565.23,558.61,570.47
58508,96752,0,565.14,557.46,570.65
58509,96468,0,565.23,558.28,570.91
58511,93321,0,564.92,504.12,572.72
58512,96059,0,564.94,502.44,572.4
58513,97697,0,564.91,503.32,570.83
58516,96136,0,564.87,501.57,570.37
58485,97337,0,565.23,557.71,571.26
58486,98538,0,565.24,558.67,570.92
58487,98684,0,565.23,557.68,571.4
58488,97613,0,565.24,558.01,571.53
58489,96054,0,565.24,557.54,571.64
58490,96052,0,565.23,558.56,570.75
58491,100067,0,491.64,467.62,499.92
58493,99422,0,565.23,558.2,571.1
58609,98635,0,565.23,559.09,569.83
58610,98168,0,565.24,557.0,572.11
58611,97564,0,565.23,557.12,572.27
58705,97737,0,362.55,337.96,373.41
58706,95815,0,362.21,337.72,378.29
58707,93869,0,362.63,338.24,373.41
58709,90263,0,362.71,337.29,373.7
58710,91274,0,362.74,338.1,373.58
58601,94806,0,565.23,557.89,571.53
58602,102421,0,493.83,468.15,500.31
58603,98134,0,565.23,558.19,570.78
58604,93279,0,565.18,557.09,570.93
58605,95217,0,565.24,557.67,571.44
58606,98114,0,565.23,557.73,571.42
58607,98734,0,565.22,557.69,571.09
58608,94736,0,565.24,558.87,570.25
58592,97115,0,565.22,557.7,571.41
58593,98223,0,565.2,557.7,570.66
58594,98723,0,565.18,557.49,570.87
58595,97842,0,565.2,557.55,570.05
58596,95883,0,492.68,482.2,499.65
58597,95840,0,565.2,557.46,571.55
58598,95958,0,564.49,550.48,570.98
58600,95444,0,565.24,558.36,570.59
58546,96745,0,483.12,460.95,495.64
58547,96196,0,476.06,446.2,497.26
58548,95737,0,484.1,473.14,495.8
58550,95446,0,483.57,473.22,495.45
58551,96035,0,482.36,461.9,495.61
58552,95953,0,483.48,462.15,497.76
58589,99957,0,565.24,554.45,571.49
58590,97450,0,565.32,558.81,572.57
55419,105433,0,580.2,572.24,585.59
55420,106659,0,580.2,572.95,584.81
58722,98231,0,548.72,474.21,565.98
58723,97841,0,548.38,473.97,566.0
58729,94872,0,565.24,558.41,570.61
58732,97032,0,565.09,557.1,571.02
58733,97809,0,565.23,558.19,571.46
58734,96449,0,565.23,554.15,572.75
55407,103755,0,580.19,572.89,585.08
55408,104625,0,580.19,571.26,589.23
55410,107072,0,580.19,572.64,585.49
55411,104506,0,580.2,573.1,584.85
55413,106552,0,580.19,566.59,590.67
55414,105787,0,580.19,571.8,585.65
55416,106252,0,580.19,573.06,584.98
55418,104564,0,580.2,573.08,585.66
55399,105211,0,580.2,572.4,585.49
55400,103601,0,580.19,572.39,586.44
55401,104603,0,580.19,573.06,584.82
55402,104383,0,580.2,571.8,585.81
55403,104262,0,580.2,572.92,585.24
55404,105266,0,580.2,572.93,585.18
55405,105685,0,580.19,572.87,585.47
55406,104951,0,580.19,567.26,592.89
55385,95622,0,565.24,559.09,570.34
55386,94783,0,565.24,557.97,571.04
55392,104815,0,580.2,572.83,584.94
55393,106547,0,580.28,572.55,586.5
55395,105236,0,580.08,570.4,585.36
55396,104493,0,580.2,572.74,585.04
55397,107154,0,580.2,573.0,585.01
55398,105136,0,580.2,572.56,584.88
55352,93982,0,565.23,558.17,570.62
55353,95763,0,565.24,559.47,569.62
55354,92167,0,565.24,559.17,570.08
55355,96655,0,565.19,557.31,571.05
55357,99114,0,565.24,558.49,570.85
55358,94656,0,565.23,558.25,570.1
55359,94802,0,565.24,558.48,570.55
55360,93202,0,565.24,558.91,570.23
58783,96135,0,539.28,473.98,565.72
58786,99654,0,551.91,474.02,567.51
58787,98624,0,493.74,483.22,499.66
58788,97046,0,494.24,487.1,499.85
58790,95339,0,494.22,486.35,501.09
58791,102007,0,493.81,483.49,500.72
58793,96440,0,493.93,480.25,501.96
58794,102049,0,494.23,485.46,502.37
58743,97102,0,565.23,558.77,570.3
58745,96699,0,565.23,557.85,571.52
58747,94652,0,565.17,557.67,570.18
58748,95214,0,565.24,555.29,573.7
58749,97778,0,565.23,557.79,571.6
58750,95254,0,565.23,558.0,570.57
58774,100252,0,554.09,476.6,565.87
58777,95337,0,483.73,471.82,495.9
58735,94844,0,565.23,557.96,571.15
58736,95602,0,565.23,555.31,573.7
58737,97069,0,565.24,558.6,570.6
58738,95085,0,565.23,557.91,570.81
58739,98657,0,565.23,558.86,571.98
58740,95077,0,565.23,558.94,570.36
58741,94477,0,565.24,558.63,570.55
58742,96459,0,565.23,558.72,570.35
58796,95056,0,494.22,487.17,499.9
58797,96711,0,494.19,484.09,501.06
58798,94648,0,494.24,487.22,499.67
58800,97597,0,494.08,483.78,500.64
58801,95524,0,494.22,486.59,500.4
58804,97091,0,494.23,486.16,500.69
58806,102140,0,494.23,487.38,499.7
58807,102216,0,494.16,483.86,499.35
55378,96151,0,565.24,558.91,570.02
55379,94415,0,565.24,559.39,570.57
55380,92443,0,565.24,558.98,570.26
55381,97040,0,565.23,559.01,570.02
55382,93564,0,565.24,557.9,571.32
55383,94592,0,565.24,559.07,569.85
55384,91792,0,565.24,558.35,570.17
58795,98627,0,494.03,483.65,500.64
55370,96234,0,565.24,559.23,569.83
55371,94433,0,565.24,558.65,570.73
55372,93878,0,565.24,558.52,570.48
55373,92105,0,565.24,558.45,570.68
55374,96666,0,565.24,555.73,573.41
55375,96341,0,565.24,559.13,569.89
55376,94089,0,565.26,558.6,571.12
55377,98447,0,565.24,558.9,570.56
55361,93630,0,565.23,557.86,569.63
55362,92519,0,565.24,558.76,570.13
55364,95345,0,565.24,558.45,570.51
55365,94472,0,565.24,559.21,569.88
55366,93021,0,565.24,558.22,570.9
55367,94636,0,565.24,559.48,569.56
55368,92159,0,565.24,558.08,571.15
55369,99009,0,565.24,557.97,571.16
58878,92878,0,481.77,460.06,495.65
58879,99117,0,463.02,422.42,495.74
55310,104128,0,580.2,572.28,585.53
55311,104307,0,580.2,572.81,584.87
55312,103985,0,580.24,569.13,593.37
55313,105893,0,580.21,572.77,594.66
55315,107584,0,580.2,572.5,585.51
55316,106882,0,580.2,573.0,585.19
58868,99432,0,494.18,484.01,500.78
58870,94678,0,493.21,483.03,501.59
58871,100874,0,493.7,483.43,499.58
58872,102878,0,493.58,481.88,501.85
58873,96436,0,493.91,483.82,500.05
58874,96659,0,494.12,484.28,500.01
58875,96663,0,493.28,482.82,500.01
58877,97407,0,483.51,461.63,496.1
58860,99709,0,493.64,483.48,499.72
58861,99702,0,493.85,483.6,500.87
58862,98177,0,493.97,483.04,500.24
58863,96930,0,493.1,483.46,499.26
58864,102131,0,493.83,482.61,500.6
58865,96470,0,494.06,483.76,501.85
58866,98617,0,493.34,483.32,500.68
58867,100858,0,493.83,483.32,500.24
58808,101324,0,494.17,484.06,500.8
58809,99539,0,494.23,487.18,499.92
58840,97531,0,486.34,465.92,500.8
58853,97337,0,493.95,481.78,501.14
58855,95379,0,493.83,483.12,499.89
58856,100815,0,493.89,483.23,500.58
58858,97442,0,494.06,484.21,500.3
58859,102504,0,494.06,483.75,500.76
58885,94729,0,482.79,461.5,495.66
58893,96973,0,482.18,461.19,496.44
58894,95082,0,482.31,460.46,495.63
58897,96529,0,482.38,461.68,495.85
58932,95266,0,483.23,461.9,495.38
58935,95197,0,483.61,472.98,496.13
58937,97596,0,483.59,473.39,495.35
58938,95403,0,483.67,473.69,497.47
55345,95939,0,565.23,558.59,570.45
55346,93779,0,565.24,558.71,570.42
55347,94500,0,565.23,558.36,570.51
55348,95069,0,565.24,559.1,569.93
55349,95124,0,565.25,557.74,571.85
55350,93576,0,565.24,558.82,570.06
55351,94083,0,565.24,558.63,570.39
58880,98875,0,474.4,445.91,495.18
55336,93171,0,565.4,559.07,572.2
55337,91773,0,565.24,558.83,570.6
55338,95275,0,565.24,559.3,569.78
55339,96996,0,565.24,559.35,569.78
55340,89929,0,565.14,557.57,570.05
55341,93493,0,565.24,557.89,571.36
55342,92064,0,565.24,559.01,569.77
55343,94278,0,565.24,558.41,570.96
55317,104301,0,580.2,572.58,585.08
55318,106454,0,580.2,572.02,585.45
55319,105393,0,580.2,572.67,585.06
55331,92746,0,565.24,559.83,569.24
55332,95687,0,565.24,556.85,572.39
55333,93495,0,565.24,559.28,569.64
55334,93801,0,566.65,559.43,573.11
55335,96295,0,565.24,558.58,570.46
55303,106093,0,580.2,572.64,585.36
55304,106754,0,580.2,572.49,585.84
55305,103123,0,580.19,572.76,585.46
55306,107339,0,580.2,572.94,585.3
55307,106493,0,580.19,572.87,585.23
58947,96907,0,483.66,471.36,496.2
58949,96287,0,483.86,472.51,496.14
58951,94930,0,482.31,459.62,495.71
55292,106718,0,580.19,571.38,586.23
55294,104598,0,580.19,569.76,584.97
55295,105867,0,580.2,572.88,585.23
55296,105450,0,580.2,572.93,585.33
55297,107408,0,580.2,572.84,585.21
55299,105366,0,580.2,572.07,585.6
55300,106324,0,580.2,570.7,585.38
55302,105163,0,580.2,572.3,585.96
55283,105432,0,580.19,570.99,585.11
55285,103173,0,580.18,567.82,595.83
55286,105851,0,580.2,572.49,585.31
55287,107112,0,580.11,570.83,585.29
55288,103054,0,580.16,567.87,596.48
55289,106999,0,580.2,572.74,586.66
55290,107550,0,580.2,572.71,585.33
55291,106454,0,580.42,572.83,590.55
58939,96601,0,483.63,473.66,495.32
58940,94979,0,483.59,471.39,497.3
58941,96939,0,483.59,472.57,495.65
58942,95184,0,483.65,473.09,498.12
58944,94796,0,483.82,473.0,495.21
55277,107166,0,580.19,572.35,585.74
55278,105487,0,580.2,572.88,585.02
55280,103810,0,580.56,572.14,588.93
54806,95969,0,546.73,537.8,553.88
54807,95236,0,546.73,537.6,553.76
54808,95241,0,546.74,536.22,555.25
54809,98181,0,546.73,537.83,553.6
54810,98105,0,546.73,537.81,553.63
54811,102111,0,546.65,537.48,553.72
55269,104481,0,580.2,572.72,585.21
55271,105584,0,580.2,572.44,585.3
54798,96716,0,546.73,536.78,554.72
54799,95222,0,546.73,536.95,554.51
54800,97520,0,546.73,537.95,553.6
54801,96578,0,546.74,537.24,554.25
54802,101226,0,546.73,538.02,553.57
54803,94870,0,546.73,537.8,553.45
54804,96178,0,546.73,538.05,553.54
54805,96868,0,546.74,537.43,554.2
54789,95179,0,546.73,537.47,554.02
54790,95198,0,546.73,536.73,554.72
54791,94751,0,546.74,537.24,554.26
54792,96040,0,546.73,536.57,554.61
54793,96126,0,546.73,537.6,553.8
54795,95907,0,546.74,536.78,554.59
54796,98952,0,546.73,536.87,554.43
54797,98814,0,546.73,537.2,554.22
58952,97110,0,483.57,473.38,496.03
59006,97811,0,482.59,432.57,495.82
59011,99037,0,483.08,432.96,495.55
59013,100493,0,483.03,434.03,502.98
59023,100335,0,492.7,368.26,501.7
59025,103363,0,492.6,364.92,500.34
54787,96906,0,546.73,536.67,554.69
54788,96873,0,546.73,537.18,554.15
59157,96002,0,490.33,322.0,502.25
59159,90738,0,488.19,321.67,500.51
59161,92546,0,488.2,324.12,499.42
59162,95751,0,488.11,321.64,499.5
59163,89847,0,488.06,323.92,500.21
59164,89491,0,487.7,320.82,501.19
59165,87585,0,487.68,320.74,500.04
59166,90048,0,487.83,320.92,499.73
59082,95925,0,489.26,334.09,501.16
59084,97145,0,489.41,334.04,504.15
59089,95630,0,489.52,334.13,500.27
59092,101908,0,489.99,334.1,500.11
59095,101749,0,489.56,334.11,500.89
59154,99925,0,488.74,325.04,501.77
59155,95812,0,490.37,322.36,500.49
59156,101278,0,490.46,322.14,501.33
59043,93153,0,490.02,365.13,499.39
59045,95718,0,490.05,365.21,500.38
59046,97484,0,490.09,365.05,500.35
59075,93388,0,488.89,334.11,500.01
59076,93301,0,489.01,334.09,499.38
59077,96973,0,489.1,334.09,499.82
59078,96242,0,489.31,334.1,499.49
59081,97909,0,489.24,334.16,500.24
55272,106047,0,580.11,570.38,587.07
55273,105459,0,580.12,570.9,585.54
55274,106303,0,580.2,572.56,585.47
55275,103437,0,580.16,568.9,599.35
59026,104190,0,492.72,368.43,502.42
59037,95847,0,492.02,349.5,500.29
59039,94215,0,492.19,365.15,501.04
59041,93582,0,490.25,368.32,500.09
54780,94794,0,546.73,537.38,554.0
54781,95446,0,546.73,536.65,554.9
54783,97111,0,546.73,537.16,554.14
54784,96478,0,546.73,537.51,554.06
54785,92534,0,546.74,536.27,555.24
59201,98149,0,466.46,303.33,489.69
54175,94946,0,546.73,537.09,554.66
54176,93742,0,546.73,537.51,553.9
54772,98224,0,546.73,537.86,553.63
54773,95679,0,546.73,537.11,554.2
54774,95536,0,546.73,537.26,555.07
54775,96283,0,546.73,537.33,553.93
54776,94706,0,546.73,537.67,553.86
54777,96478,0,546.74,537.11,554.27
54778,97044,0,546.74,537.09,554.4
54779,97068,0,546.73,537.69,553.76
54762,93395,0,546.73,537.72,553.66
54763,94009,0,546.74,537.53,553.94
54764,97263,0,546.73,537.55,554.03
54766,92258,0,546.73,537.68,554.06
54767,96678,0,546.73,537.67,553.79
54768,94689,0,546.73,537.48,553.84
54770,95341,0,546.73,536.43,555.03
54771,98581,0,546.73,536.11,555.37
59167,94288,0,488.16,321.05,501.65
54207,94627,0,546.73,536.75,554.59
54208,93200,0,546.74,537.43,554.16
54209,92282,0,546.74,536.61,554.98
54758,96070,0,546.73,536.4,554.98
54759,96240,0,546.73,537.66,554.24
54760,92163,0,546.74,538.23,553.32
54761,94161,0,546.73,537.83,553.89
54202,95065,0,546.73,537.62,553.75
54203,90574,0,546.73,537.83,553.46
54204,96583,0,546.73,537.53,553.9
54205,97201,0,546.73,536.9,554.35
54206,94846,0,546.73,537.52,553.96
54091,93143,0,546.73,537.64,553.67
54092,91917,0,474.72,424.99,527.72
54093,92358,0,546.73,537.45,553.96
54194,94542,0,546.73,537.98,553.42
54195,94223,0,546.74,537.2,554.28
54196,94347,0,546.73,537.82,553.59
54197,5545,0,321.83,299.45,352.12
54198,90607,0,546.74,537.29,554.09
54199,96316,0,546.73,538.03,553.53
54200,94304,0,546.73,537.66,553.79
54201,93847,0,546.73,537.73,553.87
54185,92795,0,546.73,537.49,554.06
54186,93057,0,546.73,537.56,553.9
54187,92648,0,546.73,537.6,553.88
54188,95079,0,546.73,536.96,554.14
54190,94004,0,546.73,537.42,554.03
54191,94361,0,546.73,537.1,554.17
54192,96245,0,546.74,537.93,553.8
54193,88499,0,546.74,537.13,554.82
54177,96140,0,546.73,537.92,553.6
54178,92258,0,546.73,538.11,553.39
54179,95127,0,546.73,537.87,553.66
54180,94475,0,546.73,537.08,554.4
54181,96145,0,546.73,536.57,554.96
54182,91178,0,546.73,536.69,554.76
54183,94209,0,546.58,533.29,553.46
54184,97697,0,546.89,537.08,557.89
54170,92396,0,546.74,537.5,554.19
54172,95203,0,546.73,537.05,554.73
54173,95945,0,546.73,537.57,553.94
54174,91887,0,546.74,537.9,553.56
54059,93476,0,546.73,536.53,554.89
54060,95893,0,546.73,536.23,555.2
54061,93998,0,546.62,531.68,555.41
54062,91730,0,546.73,537.0,554.43
54162,95289,0,546.73,536.84,554.45
54163,92895,0,546.73,536.88,554.65
54164,93409,0,546.73,537.81,553.99
54165,95802,0,546.73,538.05,553.49
54166,93239,0,546.73,537.65,554.05
54167,96830,0,546.73,537.85,553.8
54168,94237,0,546.74,537.79,553.92
54169,96820,0,546.73,538.01,553.63
54102,92458,0,546.73,537.5,553.84
54103,93538,0,546.73,537.47,554.05
54104,93608,0,546.65,533.5,553.43
54157,93590,0,546.73,537.85,553.96
54158,99237,0,546.73,537.82,553.56
54159,95336,0,546.73,537.07,554.26
54160,92510,0,546.73,537.81,554.18
54161,97520,0,546.73,537.1,554.41
54094,93904,0,546.73,537.02,556.06
54095,93081,0,546.73,538.16,553.36
54096,90103,0,546.73,536.88,554.5
54097,95633,0,546.73,537.01,554.52
54098,95077,0,547.01,536.69,558.49
54099,95517,0,546.73,536.99,554.77
54100,94429,0,546.73,536.46,554.31
54101,94204,0,546.73,537.82,553.73
54089,93771,0,546.73,537.31,554.2
54090,93657,0,546.73,537.5,553.98
59374,88800,0,471.96,445.22,490.15
59377,92000,0,437.3,329.16,488.5
59380,91225,0,472.29,445.62,489.22
53991,94342,0,546.73,537.69,553.77
53992,92458,0,546.73,537.29,554.11
53993,96892,0,546.73,537.55,553.92
54081,93509,0,546.72,537.09,554.86
54082,93314,0,546.73,537.56,554.02
54083,89941,0,546.73,536.94,554.48
54084,94161,0,546.73,537.74,553.78
54085,94152,0,546.74,538.06,553.6
54086,91316,0,546.74,537.94,554.36
54087,95743,0,546.71,533.7,555.75
54088,94223,0,546.73,536.95,554.48
54073,92924,0,546.73,537.95,553.49
54074,93081,0,546.73,535.99,555.49
54075,92087,0,546.73,537.6,554.28
54076,94017,0,547.33,537.41,558.12
54077,91642,0,542.8,523.62,554.22
54078,95146,0,546.73,537.19,554.21
54079,94813,0,546.73,537.42,553.88
54080,94380,0,546.73,537.57,553.96
54063,92472,0,546.73,537.42,554.17
54064,93847,0,546.74,537.35,553.92
54065,93138,0,546.73,536.76,554.68
54066,92255,0,546.74,536.19,560.23
54067,95003,0,546.73,537.91,553.56
54068,92949,0,546.73,535.53,556.27
54070,95712,0,546.73,537.13,554.3
54071,97859,0,546.52,533.19,553.69
54053,95831,0,546.74,538.01,553.43
54054,94884,0,546.74,537.49,553.93
54055,92629,0,546.74,536.78,554.65
54056,92948,0,546.73,537.4,554.15
54058,91192,0,546.73,536.8,554.61
59389,91470,0,469.52,444.74,489.13
59414,87526,0,463.83,443.4,494.24
59417,88084,0,461.91,438.53,495.46
54010,94594,0,546.74,538.16,553.37
54011,94361,0,546.73,537.03,554.27
54012,94913,0,546.73,536.71,554.54
54013,94599,0,546.74,537.09,554.47
54014,5391,0,401.9,358.3,481.96
54015,96016,0,546.73,536.33,554.83
54051,94461,0,546.74,537.49,554.06
54052,92935,0,546.73,537.78,554.15
54002,94537,0,546.73,537.65,553.93
54003,95027,0,546.73,537.92,553.57
54004,95641,0,546.73,537.46,554.09
54005,97111,0,546.73,537.14,554.38
54006,95179,0,546.74,537.38,554.12
54007,95222,0,546.73,537.52,553.65
54008,94570,0,546.73,537.29,554.2
54009,96759,0,546.73,537.23,554.25
53994,96949,0,546.74,537.45,553.93
53995,94794,0,546.73,538.03,553.47
53996,94023,0,546.73,536.89,554.22
53997,92948,0,546.73,537.69,553.74
53998,94704,0,546.73,537.67,553.83
53999,94794,0,546.74,537.32,554.12
54000,94499,0,546.73,537.28,554.25
54001,5461,0,410.72,358.72,491.94
53984,93452,0,546.73,537.51,553.94
53985,93338,0,546.73,537.69,553.71
53986,92558,0,546.73,537.92,553.55
53988,95936,0,546.73,537.86,553.53
59421,88405,0,360.74,338.19,373.32
59423,87519,0,360.63,337.77,373.32
59424,87318,0,360.75,338.11,373.23
59425,88491,0,360.67,338.08,373.22
53976,94437,0,546.73,538.1,553.38
53977,93795,0,546.73,537.68,553.68
53978,93305,0,546.74,537.94,553.48
53979,94518,0,546.74,537.7,553.57
53980,94908,0,546.73,536.92,554.46
53981,94518,0,546.73,537.94,553.57
53982,93738,0,546.73,538.1,553.43
53983,95498,0,546.73,537.78,553.64
53968,95084,0,546.73,537.89,553.77
53969,94323,0,546.74,538.17,553.41
53970,93785,0,546.73,537.75,553.82
53971,94992,0,534.6,448.46,556.76
53972,5401,0,366.84,358.15,372.85
53973,93243,0,546.73,537.52,553.99
53974,94023,0,546.73,537.55,553.86
53975,94970,0,546.73,536.99,554.0
53933,94085,0,546.74,536.21,555.19
53934,93419,0,546.73,537.56,553.76
53935,92539,0,546.73,536.94,554.58
53936,93676,0,546.73,537.08,554.29
53964,93433,0,546.73,536.57,554.99
53965,96102,0,546.73,537.89,553.64
53966,95450,0,546.74,538.25,553.59
53967,98286,0,546.73,537.48,553.96
53903,91963,0,546.73,538.0,553.44
53904,92039,0,546.73,537.12,554.28
53905,95027,0,546.74,538.02,553.42
53906,93647,0,546.47,533.5,554.38
53908,93195,0,546.74,536.54,555.05
53909,93105,0,546.73,537.71,553.71
53910,91622,0,497.94,440.13,553.29
53911,93514,0,546.73,537.22,554.37
59565,91073,0,464.28,439.1,494.28
59569,90094,0,460.15,440.47,494.44
59571,91249,0,463.05,444.71,493.61
59575,88597,0,459.76,443.01,494.42
59577,86478,0,463.45,415.65,496.03
53900,93828,0,546.74,537.76,553.59
53901,95974,0,545.43,490.65,554.17
53902,95669,0,546.74,537.02,554.43
59534,88489,0,455.53,443.09,494.87
59536,89283,0,465.3,444.01,494.93
59541,89013,0,464.73,443.14,495.15
59542,91708,0,464.63,443.08,494.88
59544,89900,0,465.3,443.02,494.39
59548,90948,0,464.69,443.57,495.0
59551,88828,0,464.21,443.31,493.68
59552,88788,0,464.53,443.69,501.95
59426,90105,0,361.58,338.09,373.09
59429,89899,0,467.44,444.66,488.77
59433,90089,0,467.85,444.53,492.18
59436,88291,0,466.15,440.82,489.33
59438,88786,0,466.11,435.44,488.78
59439,90941,0,466.14,444.42,489.39
59440,32826,0,350.32,215.83,376.15
59441,89156,0,466.55,445.17,488.44
59623,88242,0,459.74,442.07,495.06
53854,93333,0,546.73,537.72,553.73
53855,93278,0,546.73,537.75,553.65
53856,95298,0,546.73,536.58,554.91
53857,97325,0,546.73,537.36,554.36
53858,95308,0,546.73,537.8,553.84
53859,94732,0,546.73,536.8,554.47
53860,94632,0,546.73,537.38,553.68
53929,93597,0,546.91,538.08,557.97
53930,95893,0,546.73,537.32,554.01
53931,93847,0,546.73,537.92,553.59
53932,91849,0,546.74,537.3,554.13
59604,88209,0,456.54,443.04,493.18
59611,89441,0,456.12,443.08,495.9
59614,89918,0,458.56,442.86,493.66
59616,91025,0,459.28,442.73,493.79
53920,94261,0,546.74,535.78,555.64
53922,92096,0,546.74,537.46,553.96
53923,94746,0,546.74,536.75,554.81
53924,91264,0,546.73,537.6,553.8
53925,95336,0,546.73,537.43,553.95
53926,94461,0,546.73,537.41,553.87
53927,93290,0,491.84,381.91,553.76
53928,95260,0,546.73,537.59,553.75
53912,95236,0,546.74,537.44,553.95
53913,92082,0,546.73,537.04,554.34
53914,92943,0,546.73,537.2,554.47
53915,94984,0,546.73,537.63,553.84
53916,98486,0,546.73,536.98,554.51
53917,92277,0,546.74,538.09,553.23
53918,95750,0,546.74,537.68,553.72
53919,93538,0,546.73,536.55,554.71
59661,87027,0,464.48,412.27,495.09
53823,94532,0,546.73,537.55,553.79
53824,93873,0,545.95,523.74,555.97
53825,95427,0,546.73,537.57,553.84
53826,92558,0,546.73,537.25,554.12
53827,93062,0,546.73,537.64,553.74
53828,96326,0,546.73,536.67,554.69
53829,94475,0,546.73,537.13,554.21
53893,92420,0,547.21,537.66,558.23
53894,92848,0,546.74,537.59,553.9
53895,92534,0,546.73,537.32,554.23
53896,93571,0,546.73,537.71,553.93
53897,95170,0,546.73,537.33,554.29
53898,93466,0,546.74,534.59,556.89
53899,94599,0,546.73,536.92,554.28
59660,88976,0,463.95,412.1,494.82
53871,93733,0,546.73,537.89,553.6
53886,92158,0,546.74,537.8,553.59
53887,93571,0,546.73,537.36,554.04
53888,93048,0,546.74,537.53,553.84
53889,90778,0,546.73,537.35,554.08
53890,94356,0,546.73,537.51,553.79
53891,91378,0,546.73,536.1,555.41
53892,94223,0,546.73,536.81,554.65
53861,92601,0,546.73,536.64,554.89
53863,95455,0,546.73,537.47,554.16
53864,96083,0,546.73,537.9,553.63
53866,96002,0,546.73,536.4,555.05
53867,97397,0,546.73,537.8,553.58
53868,97677,0,546.74,535.31,556.24
53869,96026,0,546.73,537.87,553.66
53870,94827,0,546.73,538.27,553.48
59670,90350,0,464.1,414.66,494.48
59672,90709,0,464.04,415.52,495.78
59696,91473,0,463.52,417.44,495.53
59708,87219,0,364.41,318.78,377.05
53775,91849,0,546.74,537.56,554.0
53777,93600,0,546.73,537.46,553.92
53778,95536,0,546.73,537.36,554.05
53779,92791,0,546.74,537.64,553.81
53846,94889,0,546.74,537.19,554.11
53847,94461,0,546.74,537.46,553.81
53848,95379,0,546.73,537.07,554.5
53849,92439,0,546.73,537.43,554.01
53850,95693,0,546.73,538.25,553.27
53851,95931,0,546.73,537.59,553.93
53852,96050,0,546.73,536.71,555.02
53853,96835,0,546.73,536.68,554.55
53838,95146,0,546.73,537.23,554.25
53839,94323,0,546.74,537.49,554.04
53840,91069,0,546.73,536.73,554.79
53841,93319,0,546.73,537.25,554.17
53842,96735,0,546.73,537.62,553.85
53843,95888,0,546.73,537.18,554.38
53844,96321,0,546.74,534.28,558.23
53845,93471,0,546.74,536.67,555.07
53830,97049,0,546.73,537.86,553.62
53831,93243,0,546.74,537.28,554.15
53832,93438,0,546.73,537.63,553.84
53833,92220,0,546.73,537.87,554.29
53834,95065,0,546.73,536.57,554.83
53835,92691,0,546.73,537.43,554.02
53836,95084,0,546.73,536.68,554.95
53837,95546,0,546.73,537.03,554.38
53820,94404,0,546.73,537.02,554.48
59709,85415,0,365.14,326.98,374.12
59713,86355,0,364.86,325.31,374.51
59714,85813,0,364.92,324.8,375.12
59716,85343,0,364.86,326.88,374.89
59718,86361,0,364.81,326.85,374.13
59721,92169,0,467.48,372.65,489.21
53718,98286,0,546.73,536.4,554.24
53800,91216,0,546.73,537.54,553.86
53801,93963,0,546.44,533.56,554.1
53802,96197,0,546.73,536.63,554.78
53803,94014,0,546.73,537.9,553.67
53804,96378,0,546.73,537.79,553.69
53805,94280,0,546.73,537.43,554.08
53806,97891,0,546.73,536.23,555.34
53819,92439,0,546.73,537.82,553.66
53790,93947,0,546.74,537.15,554.21
53792,97294,0,546.97,535.52,558.32
53793,96557,0,546.77,536.65,557.49
53794,96169,0,546.73,537.41,554.02
53795,94270,0,546.74,537.68,553.82
53797,94727,0,546.73,536.35,555.21
53798,95831,0,546.73,537.92,553.54
53799,96716,0,546.73,537.34,554.05
53780,93595,0,546.73,537.46,554.14
53781,97339,0,546.73,537.85,553.68
53782,96483,0,546.73,537.1,554.35
53783,97387,0,546.73,537.7,553.78
53784,95398,0,546.73,536.69,554.85
53786,95521,0,513.69,277.2,564.83
53787,93828,0,546.73,537.03,554.41
53789,96164,0,546.73,537.54,553.92
53746,94337,0,546.73,537.03,553.73
53750,93036,0,546.7,533.83,553.95
53773,96440,0,546.74,537.54,553.78
53774,95498,0,546.73,537.48,553.83
59754,87553,0,364.76,318.42,375.32
59755,88695,0,365.02,318.62,374.62
59756,87290,0,364.73,319.67,382.62
59758,89342,0,364.8,318.71,375.38
53736,95850,0,546.73,537.9,553.49
53737,93263,0,535.61,448.22,554.06
53738,91720,0,546.73,537.55,553.85
53740,95988,0,546.73,537.26,554.0
53742,98229,0,546.74,537.37,554.11
53743,95479,0,546.73,535.86,555.72
53744,93548,0,546.73,535.1,556.38
53745,99233,0,546.73,537.72,553.7
53728,93861,0,546.73,537.38,554.1
53729,93676,0,546.73,538.0,553.48
53730,93990,0,546.73,537.58,553.8
53731,93043,0,546.73,537.2,554.04
53732,94656,0,546.73,537.4,553.57
53733,92786,0,546.73,537.78,553.74
53734,94846,0,546.73,536.24,555.17
53735,94216,0,546.72,536.13,557.12
53719,95945,0,546.73,537.51,553.8
53720,94913,0,546.74,537.53,553.87
53721,96231,0,546.73,537.78,553.48
53722,97187,0,546.73,537.83,553.79
53723,95612,0,546.73,538.06,553.43
53724,94104,0,546.73,537.35,554.08
53726,97577,0,546.73,536.94,554.56
53727,95764,0,546.73,537.34,553.74
53701,94094,0,546.73,538.19,553.52
53702,96530,0,546.73,537.73,553.8
53703,95222,0,546.73,537.63,553.79
53704,95241,0,546.73,536.44,554.43
53705,96140,0,546.73,537.78,553.85
53706,95084,0,546.74,537.85,553.68
53707,95160,0,546.74,537.74,554.2
53708,95736,0,546.73,538.01,553.58
53635,94475,0,546.73,537.84,553.49
53636,101326,0,546.57,536.92,554.13
53637,94418,0,546.73,537.74,553.68
53638,93923,0,546.73,536.9,554.61
53639,97035,0,546.74,537.38,554.09
53640,96778,0,546.73,536.96,554.33
53641,96578,0,546.73,538.07,553.47
53700,97363,0,546.73,537.92,553.5
53627,97044,0,546.73,537.67,554.35
53628,96949,0,546.73,537.86,553.73
53629,96797,0,546.73,536.94,554.49
53630,94808,0,546.73,537.1,554.06
53631,94537,0,546.73,537.36,554.07
53632,92886,0,546.73,537.6,553.92
53633,95745,0,546.73,537.45,553.95
53634,93557,0,546.74,537.92,553.69
59759,90383,0,364.7,318.54,375.47
59760,90994,0,364.74,318.22,373.55
59761,89144,0,364.77,318.14,373.66
59762,87572,0,364.69,318.15,373.54
59763,89157,0,364.64,314.2,373.63
59764,85943,0,364.5,313.35,374.2
59765,90565,0,364.57,312.69,374.03
53626,94147,0,546.73,537.52,553.73
53610,98895,0,546.73,536.73,554.54
53612,96397,0,546.74,537.76,553.8
53613,96478,0,546.74,537.21,554.34
53616,92943,0,546.73,537.95,553.52
53619,94137,0,546.74,537.69,553.94
53620,95635,0,546.73,537.64,553.96
53621,94399,0,546.73,537.44,554.27
53622,92244,0,546.73,537.04,554.42
53602,95189,0,546.73,537.55,553.88
53603,95184,0,546.73,537.43,553.88
53604,92139,0,546.73,537.47,553.92
53605,92049,0,546.73,537.58,553.84
53606,94318,0,546.73,536.91,554.39
53607,94175,0,546.73,537.96,553.46
53608,95869,0,546.74,538.2,553.33
53609,96968,0,546.73,537.95,553.5
59844,87259,0,461.69,324.68,494.01
53591,95669,0,546.73,537.66,553.65
53592,96259,0,546.73,537.6,553.86
53594,94656,0,546.74,537.64,553.76
53595,94147,0,546.73,537.74,553.72
53598,92748,0,546.73,538.06,553.56
53600,95812,0,546.73,537.72,553.81
53601,92829,0,546.73,536.39,555.15
53709,95817,0,546.73,538.06,553.37
53711,96616,0,546.73,536.48,555.04
53712,93709,0,546.73,536.9,554.61
53713,92896,0,478.7,323.96,553.43
53715,96264,0,546.73,537.2,553.95
53716,99290,0,546.73,537.64,553.84
59835,87599,0,461.9,325.03,493.96
59839,86787,0,462.87,323.68,494.55
53570,94656,0,546.74,537.65,553.91
53571,94708,0,546.73,537.79,553.71
53572,94965,0,546.73,537.8,553.62
53573,94751,0,546.73,537.99,553.4
53574,94237,0,546.73,537.54,554.07
53575,95398,0,546.74,537.97,553.53
53576,93961,0,546.74,536.89,554.59
53577,95184,0,546.73,537.69,553.73
53562,95360,0,546.73,538.05,553.33
53563,95622,0,546.73,537.63,553.76
53564,96359,0,546.73,537.68,553.93
53565,94756,0,546.73,537.73,553.64
53566,92215,0,546.73,537.81,553.65
53567,96892,0,546.73,537.57,554.03
53568,92886,0,546.73,537.54,554.08
53569,93062,0,546.73,537.45,553.84
53554,97325,0,546.74,537.65,553.57
53555,95079,0,546.74,536.44,555.17
53556,95517,0,546.73,537.69,553.94
53557,98386,0,546.73,537.61,553.9
53558,94280,0,546.73,537.75,553.65
53559,93452,0,546.73,537.96,553.36
53560,95750,0,546.73,537.29,554.21
53561,95032,0,546.74,537.57,553.88
53623,94732,0,546.73,536.28,555.26
53624,94394,0,546.73,537.37,553.9
59850,87456,0,462.03,323.2,496.02
59859,87488,0,459.55,315.34,493.88
59874,88310,0,456.69,321.6,494.41
53551,95555,0,546.73,536.5,554.72
53552,98562,0,546.73,537.71,553.85
53553,95631,0,546.74,537.22,554.29
53542,94142,0,546.73,538.04,553.42
53543,96383,0,546.73,537.42,554.2
53544,92434,0,546.73,537.69,553.74
53545,97615,0,546.73,537.42,554.24
53546,94851,0,546.74,538.08,553.45
53547,95912,0,546.74,537.54,553.82
53548,96026,0,546.73,537.24,554.41
53550,96107,0,546.74,537.18,554.24
53533,94732,0,546.74,537.53,553.91
53535,97658,0,546.73,537.97,553.49
53536,96202,0,546.73,537.81,553.66
53537,96183,0,546.73,537.81,553.64
53538,99004,0,546.73,536.92,554.58
53539,95907,0,546.73,536.36,555.17
53540,95651,0,546.73,538.1,555.04
53541,95146,0,546.73,537.94,553.52
53508,104935,0,571.6,560.3,579.82
53509,107244,0,571.6,560.39,580.21
53527,92783,0,519.96,428.36,553.71
53528,93371,0,546.73,537.86,553.48
53529,96064,0,546.73,537.67,553.71
53530,95160,0,546.73,537.69,553.74
53531,93899,0,546.73,536.65,554.78
53532,96573,0,546.73,537.2,554.21
53578,95046,0,546.73,537.68,553.82
53579,93985,0,546.73,537.61,553.74
53588,96982,0,546.73,537.56,553.63
53589,95198,0,546.73,537.7,553.67
53590,95593,0,546.73,537.58,553.95
53504,108754,0,571.6,560.23,579.89
53505,108098,0,571.6,560.42,579.78
53506,107672,0,571.6,560.28,579.97
53487,107810,0,571.51,553.2,594.89
53489,106391,0,571.57,550.15,596.23
53491,107763,0,571.57,554.32,589.31
53492,108772,0,571.6,560.26,579.86
53493,109104,0,571.66,552.37,581.6
53494,109056,0,571.59,553.82,595.6
53495,107295,0,571.6,558.3,582.11
53497,106604,0,571.62,553.73,594.99
53476,107139,0,571.59,559.9,580.64
53478,108193,0,571.59,560.42,580.09
53479,105200,0,571.65,556.78,598.2
53480,107491,0,571.6,560.57,579.67
53481,106440,0,571.59,559.87,580.51
53483,106771,0,554.67,398.7,585.32
53484,108239,0,571.59,560.22,580.04
53485,108335,0,571.59,560.5,579.8
59955,82735,0,361.49,298.84,373.55
59956,85448,0,361.59,298.31,373.91
59957,84835,0,361.68,297.91,373.55
59958,84277,0,468.97,301.18,489.34
53471,108097,0,571.59,560.0,580.27
53472,109153,0,571.6,560.33,580.7
53473,109083,0,571.6,559.05,589.14
53475,107592,0,571.59,560.13,580.3
59931,88726,0,459.5,306.9,494.46
59938,85846,0,459.75,304.72,494.11
59948,85046,0,362.29,302.54,373.19
59949,82981,0,361.51,301.75,379.52
59950,81860,0,361.93,301.36,374.07
59952,85806,0,361.84,300.61,373.34
59953,84351,0,361.66,300.03,374.96
59954,84394,0,361.78,299.45,374.28
53413,91292,0,546.73,536.94,554.6
53414,94889,0,546.73,536.54,554.96
53415,93529,0,546.73,538.25,553.26
53416,93752,0,546.73,537.16,554.11
53417,96925,0,546.73,537.93,553.53
53418,95284,0,546.73,537.1,554.11
53419,97049,0,546.73,536.72,554.46
53420,98581,0,546.73,537.47,554.07
60062,81314,0,364.19,318.33,374.9
60063,79023,0,364.12,315.94,376.68
60065,81330,0,364.06,313.85,375.53
60066,82662,0,364.06,313.2,376.45
60068,81450,0,364.71,311.38,373.86
60069,78888,0,364.53,310.42,375.42
60071,81752,0,364.54,309.01,373.93
60074,3552,0,244.45,138.67,285.28
60047,82689,0,362.76,307.97,373.81
60048,82500,0,362.74,294.54,373.38
60049,85059,0,362.51,306.52,373.8
60050,85270,0,362.89,306.12,373.25
60051,85773,0,469.42,304.17,489.8
60056,85576,0,469.4,303.76,489.54
60059,81543,0,364.43,325.26,373.75
60060,82320,0,364.46,318.88,374.95
53498,104911,0,571.51,550.87,585.07
53500,107962,0,571.6,560.35,579.87
53501,108199,0,571.59,560.18,579.77
60023,87599,0,468.14,293.49,488.96
60027,88593,0,467.69,293.03,489.39
60032,83410,0,468.01,292.16,492.32
60045,83564,0,362.81,309.33,374.82
60046,82670,0,362.87,308.85,373.99
60116,81104,0,363.45,315.76,375.42
60117,81111,0,363.27,314.75,375.36
60118,79476,0,363.17,313.91,374.52
60119,80596,0,363.24,313.21,374.87
53288,95869,0,546.73,536.92,554.34
53289,95422,0,546.73,537.3,554.04
53290,95548,0,546.84,535.08,555.81
53291,94551,0,546.74,537.29,553.97
53467,105078,0,571.65,558.63,597.85
53468,109415,0,571.54,550.74,589.43
53469,108360,0,571.6,559.54,580.77
53470,107095,0,571.6,560.47,579.62
60078,3956,0,235.55,134.9,282.03
60104,83399,0,470.51,267.07,491.05
60113,82490,0,363.67,319.39,374.13
60114,79513,0,363.46,319.42,373.64
53431,95617,0,546.73,537.8,553.61
53432,95479,0,546.73,537.45,553.99
53433,94242,0,546.74,537.87,553.59
53434,95215,0,546.73,536.05,555.77
53435,94572,0,546.73,538.02,553.46
53436,98329,0,546.73,538.09,553.57
53438,95571,0,546.73,538.02,553.69
53439,94481,0,546.73,537.63,553.69
53421,97201,0,546.73,537.41,553.93
53422,94323,0,546.73,537.77,553.9
53423,94537,0,546.74,537.68,553.74
53424,95008,0,546.73,537.34,553.79
53425,94180,0,546.73,537.26,554.19
53426,94523,0,546.73,537.85,553.59
53429,92844,0,546.73,537.9,553.9
53430,96283,0,546.74,537.38,554.35
53409,99623,0,546.73,537.95,553.51
53410,93390,0,546.74,537.16,554.4
53411,95284,0,546.74,537.32,554.34
53412,95812,0,546.73,537.93,553.56
60120,77619,0,362.98,312.19,373.33
60121,82288,0,363.02,310.26,373.83
60123,80978,0,363.21,309.77,374.2
60124,80563,0,363.72,309.19,374.16
53401,94518,0,546.73,537.52,553.95
53402,96283,0,546.73,537.9,553.71
53403,93766,0,546.73,537.15,554.1
53404,93876,0,546.73,537.45,553.93
53405,94180,0,546.73,537.46,553.81
53406,91240,0,546.73,537.85,553.68
53407,95821,0,546.08,531.82,554.09
53408,92058,0,546.73,537.65,553.8
53393,95446,0,546.73,537.57,553.76
53394,95717,0,546.73,535.71,553.79
53395,96630,0,546.73,537.11,554.02
53396,97734,0,546.73,537.66,553.87
53397,96811,0,546.73,538.0,553.39
53398,95346,0,546.73,536.32,554.85
53399,95493,0,546.73,538.22,553.19
53400,92196,0,546.73,537.1,554.4
53292,94380,0,546.73,537.48,553.85
53293,95374,0,546.73,534.26,557.24
53294,95764,0,546.74,537.58,554.16
53388,92986,0,546.73,536.37,555.18
53389,95536,0,546.73,537.64,553.53
53390,92253,0,546.73,537.72,553.95
53391,91254,0,546.73,537.59,553.88
53392,93825,0,546.73,538.05,553.45
53275,96992,0,546.73,537.33,554.07
53276,95688,0,546.73,537.58,553.5
53277,96183,0,546.73,536.71,554.37
53278,95717,0,546.73,535.47,556.17
53280,95103,0,546.73,537.68,553.68
53282,93081,0,546.74,537.96,553.68
53283,97377,0,546.73,537.85,553.59
53285,95555,0,546.73,537.76,553.58
53265,94304,0,546.73,537.17,554.28
53266,97006,0,546.73,537.37,554.03
53267,97401,0,546.73,537.42,554.0
53268,94280,0,546.73,537.14,554.09
53269,94808,0,546.74,537.04,555.27
53272,94951,0,546.73,534.02,560.52
53273,96321,0,546.73,537.95,553.59
53274,95555,0,546.73,535.13,556.28
53256,96859,0,546.73,537.82,554.04
53257,95831,0,546.73,537.35,553.92
53258,92948,0,546.73,537.52,554.04
53259,94832,0,546.74,537.5,554.5
53261,96202,0,546.73,537.87,553.68
53262,96050,0,546.73,537.37,554.08
53263,96559,0,546.73,538.14,553.31
53264,97244,0,546.73,537.69,553.62
60125,81459,0,362.85,308.4,374.66
60137,80697,0,462.16,282.64,489.18
60143,85119,0,461.95,281.59,489.46
60144,80937,0,461.82,281.31,490.39
60147,81689,0,461.37,280.76,488.79
60150,83168,0,461.69,280.42,488.81
53254,93547,0,546.74,535.23,556.24
53255,95265,0,546.73,537.22,554.07
53231,108103,0,571.6,558.51,582.32
53233,104894,0,571.57,554.15,594.14
53234,106884,0,571.6,559.94,580.07
53242,95636,0,546.73,537.71,553.86
53243,93657,0,546.73,538.03,553.52
53244,95836,0,546.73,537.73,553.63
53245,5304,0,425.93,358.64,510.98
53246,95436,0,546.73,537.19,554.21
53219,104252,0,571.6,560.19,579.86
53220,104443,0,571.59,560.24,579.97
53224,106276,0,571.6,560.24,579.87
53225,108349,0,571.61,559.9,593.42
53226,103030,0,571.6,560.27,579.95
53228,105102,0,571.6,560.03,579.98
53229,105479,0,571.61,557.12,587.81
53230,107211,0,571.59,554.52,579.81
60191,78163,0,364.68,307.08,374.08
60193,79245,0,364.81,304.72,375.07
60194,79116,0,364.6,303.81,374.43
60195,78853,0,364.58,302.36,378.15
60244,157,0,117.28,80.72,154.88
60256,73161,0,469.86,291.52,489.56
60258,74410,0,468.36,291.56,489.72
53215,103232,0,571.59,559.21,580.3
53286,96311,0,546.73,534.5,557.19
53287,94751,0,546.73,536.33,554.88
60156,79677,0,462.41,279.25,488.58
60183,79322,0,364.4,320.68,377.84
60185,77977,0,364.21,318.84,375.9
60186,79269,0,364.15,314.86,376.04
60187,77228,0,364.27,312.92,376.22
60188,77552,0,364.93,311.38,373.98
53204,104074,0,571.53,557.03,585.87
53205,104197,0,571.59,559.62,580.55
53206,102768,0,571.6,559.82,580.46
53207,105252,0,571.59,560.05,580.48
53208,103276,0,571.6,560.51,580.43
53213,103712,0,571.59,559.62,580.65
53214,102591,0,571.6,560.44,580.06
60296,74739,0,472.75,295.03,490.17
53193,102719,0,571.6,559.97,580.26
53194,106173,0,571.6,559.35,580.98
53195,105870,0,568.35,496.7,580.97
53197,104478,0,571.6,559.99,580.18
53198,104574,0,571.6,560.56,579.61
53199,103438,0,571.6,560.49,579.73
53200,104119,0,571.58,554.79,586.83
53203,102182,0,571.6,560.09,580.39
53180,95707,0,546.73,537.06,554.55
53182,96716,0,546.73,537.67,553.78
53183,95902,0,546.73,538.2,553.3
53184,93400,0,546.73,537.23,554.57
53189,104276,0,571.59,549.69,596.81
53190,102527,0,571.6,559.44,580.6
53191,106502,0,571.6,560.36,579.94
53192,105978,0,571.6,560.22,579.97
53247,95384,0,546.73,538.06,553.43
53248,94147,0,546.73,537.09,554.03
53249,95950,0,546.73,536.95,554.52
53250,95165,0,546.73,538.1,553.34
53251,96667,0,546.73,537.92,553.52
53252,97539,0,546.73,536.17,555.23
53253,95060,0,546.74,537.71,553.8
53179,95812,0,546.73,537.62,553.74
53166,95430,0,546.61,530.98,555.36
53167,95555,0,546.73,537.77,553.76
53168,94613,0,546.73,537.27,553.96
53169,95655,0,546.74,537.43,554.23
53170,96578,0,546.73,537.22,553.97
53171,95407,0,546.73,538.13,553.38
53172,95631,0,546.73,537.5,553.93
53173,95493,0,546.73,536.51,554.8
53158,94023,0,546.73,537.67,553.6
53159,94708,0,546.73,537.48,554.04
53160,98043,0,546.73,536.55,554.75
53161,96927,0,546.73,536.87,554.62
53162,94998,0,546.74,538.06,554.3
53163,94218,0,546.74,538.08,553.43
53164,97696,0,546.73,538.03,553.57
53165,95341,0,546.73,536.14,555.29
53149,98243,0,546.73,538.06,553.44
53150,94232,0,546.73,537.51,553.97
53151,96354,0,546.74,537.72,553.77
53152,93029,0,546.73,537.94,553.5
53153,94908,0,546.73,537.92,553.74
53154,96540,0,546.73,537.73,553.7
53155,98481,0,546.74,538.18,553.32
53156,96050,0,546.74,536.73,554.75
60301,70520,0,361.78,304.17,374.2
60302,75519,0,361.95,301.97,374.78
60303,69918,0,361.83,299.46,373.88
60304,71701,0,361.96,299.95,373.74
60312,71865,0,362.44,291.42,374.22
60313,73185,0,362.73,290.43,374.04
60331,73327,0,459.07,284.63,489.04
53147,96083,0,546.74,537.4,554.03
53139,97068,0,546.73,536.45,555.09
53140,94718,0,546.73,537.47,553.89
53141,95931,0,546.73,537.21,554.19
53142,96007,0,546.73,538.05,553.55
53143,97753,0,546.73,537.23,554.07
53144,96659,0,546.73,537.4,554.07
53145,97772,0,546.73,536.41,554.61
60398,68241,0,364.4,302.85,373.91
53086,99076,0,571.61,560.27,579.96
53087,101726,0,530.27,279.49,580.01
53132,97696,0,546.73,537.02,554.29
53134,97325,0,546.73,537.88,553.53
53135,94979,0,546.73,537.33,554.1
53136,97515,0,546.73,537.64,553.97
53137,93609,0,546.73,536.93,554.66
53138,97039,0,546.74,537.71,553.68
53074,103310,0,571.61,559.93,580.89
53075,104720,0,571.6,559.71,580.54
53077,99339,0,550.5,494.46,580.37
53078,116541,0,571.61,559.9,580.42
53079,101705,0,571.61,559.82,580.28
53082,98518,0,571.61,559.9,580.27
53083,100746,0,571.61,559.43,581.13
53084,103655,0,571.61,560.17,580.06
53174,95721,0,546.73,537.87,553.64
53175,96978,0,546.73,537.78,553.72
53176,96007,0,546.73,538.2,553.38
53177,93585,0,546.73,537.72,553.97
53178,96668,0,546.73,537.26,554.13
60332,73801,0,467.76,283.96,490.78
60333,74208,0,468.47,284.34,488.77
53073,102429,0,566.01,537.29,581.92
53055,101387,0,571.61,560.07,580.21
53056,100684,0,571.61,560.59,579.77
53057,101809,0,571.6,559.72,580.62
53058,102810,0,571.58,552.23,591.98
53061,102968,0,571.6,559.68,580.58
53062,101520,0,571.6,559.39,580.92
53065,102298,0,571.61,559.34,581.14
53068,101691,0,571.6,559.81,580.75
53045,103600,0,571.62,560.28,579.98
53047,102723,0,571.6,560.19,579.98
53048,99925,0,571.57,555.59,595.14
53049,101447,0,571.61,560.28,580.11
53050,101349,0,571.61,560.32,579.84
53052,102773,0,571.61,558.35,580.13
53053,100159,0,571.61,560.34,579.9
53054,101643,0,571.61,559.89,580.77
60410,71187,0,364.73,292.74,373.84
60413,73250,0,472.62,288.78,490.09
60415,68919,0,472.32,289.09,489.28
60418,70749,0,472.15,287.99,489.16
53036,93609,0,546.73,538.08,553.41
53037,93695,0,546.73,537.36,554.15
53038,95384,0,546.73,537.81,553.71
53044,100681,0,571.61,560.09,580.16
60399,67588,0,364.21,301.6,373.79
60400,67605,0,364.12,300.5,374.59
60401,66655,0,364.18,299.6,374.19
60402,67812,0,363.95,298.7,373.37
60403,69712,0,365.11,297.93,373.26
60407,70675,0,364.91,294.39,373.14
60408,68524,0,364.86,293.8,375.01
60409,68988,0,364.71,293.18,373.95
60738,66430,0,473.7,309.3,489.72
53003,94261,0,546.73,537.56,553.83
53004,95184,0,546.73,537.59,553.78
53005,94518,0,546.73,537.85,553.59
53006,93062,0,546.73,537.82,553.89
53007,94680,0,546.73,536.39,555.16
53008,94917,0,546.73,537.59,553.85
53009,94418,0,546.74,537.83,553.73
60726,64322,0,365.22,307.04,373.7
60727,63000,0,365.22,305.88,373.13
60728,63159,0,365.2,305.03,374.27
60729,64677,0,365.14,303.93,374.97
60730,64329,0,365.15,302.96,373.73
60731,63977,0,364.99,302.03,373.86
60733,66977,0,473.42,309.93,488.76
60735,66752,0,474.15,309.9,488.92
60583,68102,0,471.89,323.58,490.03
60589,70470,0,472.99,323.08,489.34
60720,63750,0,365.53,315.95,373.31
60721,64186,0,365.46,313.63,374.4
60722,65785,0,365.45,311.78,374.4
60723,63039,0,365.12,308.28,373.44
60724,63204,0,365.25,309.97,373.52
60725,62101,0,365.23,308.46,373.95
53069,100860,0,571.6,558.71,581.46
53071,104081,0,571.62,559.9,588.11
60425,68908,0,469.3,279.67,489.52
60426,68457,0,469.2,279.46,488.9
60427,72276,0,469.65,278.51,490.43
60428,69843,0,469.46,279.3,489.5
60429,69257,0,469.13,278.77,489.81
60431,70894,0,469.61,279.01,489.11
60903,63552,0,361.95,317.25,373.52
60904,65063,0,362.02,315.63,373.73
60905,65074,0,362.53,313.53,373.35
60906,62540,0,362.62,312.16,374.06
60907,62721,0,362.85,310.97,373.47
60908,62116,0,362.65,309.91,373.19
60909,65202,0,362.97,304.11,374.33
60910,63320,0,362.65,303.12,373.92
53027,94023,0,546.73,537.43,553.87
53029,94775,0,546.73,537.95,553.53
53030,93000,0,546.73,537.51,553.98
53031,94694,0,546.74,537.97,553.5
53032,95422,0,546.73,537.24,554.18
53033,92125,0,546.73,537.04,554.13
53034,92772,0,546.73,537.28,554.26
53035,92648,0,546.73,537.57,553.8
53018,91868,0,546.73,536.56,554.51
53019,96012,0,546.73,538.18,553.44
53020,96112,0,546.73,537.93,553.85
53022,99599,0,546.73,537.64,553.78
53023,94832,0,546.73,537.36,554.37
53024,97382,0,546.73,535.85,555.05
53025,92158,0,546.73,537.26,554.17
53026,95222,0,546.73,538.12,553.42
53010,96160,0,546.68,533.65,555.33
53011,95479,0,546.73,537.58,553.76
53012,93695,0,546.73,538.1,553.36
53013,93985,0,546.73,538.08,553.41
53014,91002,0,546.73,537.6,553.72
53015,93999,0,546.73,537.77,553.53
53016,94123,0,546.73,538.14,554.04
53017,95674,0,546.73,537.11,554.19
60997,65650,0,336.18,282.84,372.62
60998,61524,0,364.51,309.93,373.3
60999,63734,0,364.02,308.95,373.42
61000,61637,0,364.19,307.97,374.16
61001,64793,0,363.9,307.05,373.91
61002,62527,0,363.85,306.03,373.76
61006,65288,0,463.67,303.84,489.32
52868,91668,0,546.73,536.96,554.5
60936,65688,0,364.14,291.99,373.82
60941,64392,0,467.85,291.56,489.41
60990,122,0,99.96,50.33,152.03
60992,62272,0,363.79,303.52,373.56
60993,60250,0,364.43,315.41,374.16
60994,62301,0,364.23,314.73,373.52
60995,62668,0,364.23,311.79,373.57
60996,62611,0,364.16,309.45,373.51
60927,63364,0,363.44,302.18,373.42
60928,63485,0,363.7,299.88,374.03
60930,64227,0,363.35,297.71,375.3
60931,61932,0,363.31,296.67,373.24
60932,62857,0,363.17,295.96,373.22
60933,63819,0,363.13,295.21,375.26
60934,63463,0,363.2,294.36,374.22
60935,63420,0,364.0,293.5,373.35
60911,62295,0,362.49,302.22,373.41
60912,62942,0,362.57,301.27,373.15
60915,62285,0,361.98,298.99,373.65
60916,66528,0,472.82,304.54,489.29
60920,64316,0,472.5,303.68,489.94
60924,65688,0,363.87,305.35,373.81
60925,65098,0,363.64,303.62,373.45
60926,64975,0,363.43,301.02,373.88
52998,95836,0,546.73,537.23,554.38
52999,94732,0,546.74,537.95,553.7
53000,93828,0,546.73,537.43,553.88
53001,93614,0,546.73,537.17,554.28
53002,96273,0,546.73,535.54,555.52
61050,61805,0,364.05,330.8,373.49
61051,58514,0,364.16,327.11,374.46
61052,59738,0,364.26,323.11,373.55
52989,93376,0,546.73,537.03,554.22
52990,92867,0,546.73,537.98,553.57
52991,93300,0,546.73,537.82,553.68
52992,94813,0,546.73,537.39,554.1
52993,96735,0,546.73,536.69,555.81
52994,95508,0,546.73,537.84,553.61
52995,96502,0,546.73,537.72,553.68
52996,96878,0,547.08,537.67,558.12
52877,95731,0,546.73,537.25,554.43
52878,95374,0,546.73,536.66,554.52
52879,96511,0,546.73,537.64,553.77
52880,96002,0,546.73,537.88,553.57
52882,95652,0,546.47,533.4,554.33
52986,93871,0,546.73,537.71,553.72
52987,92434,0,546.73,537.66,553.75
52988,93490,0,546.73,538.08,553.44
52869,94532,0,546.74,536.87,554.66
52870,93828,0,546.73,536.69,554.81
52871,94351,0,546.73,537.27,554.14
52872,94004,0,546.74,537.59,553.8
52873,95812,0,546.74,536.94,554.61
52874,96507,0,540.64,433.36,554.74
52875,96392,0,546.72,531.8,553.92
52876,95755,0,546.73,537.58,554.2
52845,93493,0,546.73,536.11,554.13
52846,92615,0,546.74,538.14,553.38
52847,94965,0,546.73,537.36,553.93
52848,94599,0,546.73,537.4,554.08
52849,98581,0,546.73,537.72,553.76
52850,95721,0,546.73,537.21,554.24
52851,96987,0,546.74,537.71,553.92
52852,96873,0,546.73,536.05,555.12
52837,96402,0,546.73,535.9,555.68
52838,94865,0,546.73,536.64,554.87
52839,95736,0,546.73,537.83,553.56
52840,93762,0,546.86,537.21,557.94
52841,92415,0,546.73,536.87,554.45
52842,93514,0,546.73,537.27,554.27
52843,93181,0,546.73,537.43,554.05
52844,92929,0,546.73,537.54,553.86
61062,56468,0,365.0,307.29,373.72
61243,56468,0,363.38,323.04,373.87
61244,56835,0,363.22,319.74,373.42
61246,56453,0,363.44,319.27,373.29
61247,58018,0,363.42,314.86,374.5
61250,58428,0,362.84,310.0,373.36
61251,58195,0,364.31,308.54,373.8
52836,94120,0,547.14,537.03,557.89
61053,60252,0,364.22,319.58,374.27
61054,59007,0,364.33,317.28,373.12
61055,61340,0,364.28,315.79,375.16
61056,58617,0,364.12,314.09,373.9
61057,60209,0,365.32,312.7,373.36
61058,58253,0,365.19,311.28,374.0
61059,56686,0,365.06,310.43,373.94
61061,58762,0,365.27,308.29,373.27
61579,52903,0,362.91,314.33,373.15
61581,49863,0,364.05,311.62,375.23
61582,48475,0,364.08,310.34,373.17
61583,50156,0,363.8,309.1,373.1
61584,51551,0,364.02,307.9,373.27
52684,95241,0,546.73,537.29,553.99
52685,95003,0,546.73,537.94,553.56
52686,94575,0,546.73,538.01,553.52
61517,55302,0,461.44,297.79,488.72
61539,51930,0,360.3,301.25,378.0
61540,52350,0,359.99,301.1,373.25
61542,54601,0,359.81,300.78,373.3
61575,53157,0,363.04,318.21,373.53
61576,51734,0,362.95,318.67,373.52
61577,52099,0,363.12,317.24,373.64
61578,49104,0,362.71,316.2,373.57
52861,95893,0,546.73,537.92,553.93
52862,95008,0,546.74,537.25,554.04
52863,95203,0,546.73,537.23,554.06
52864,97601,0,546.73,536.88,554.57
52865,95260,0,546.74,537.96,553.69
52866,95365,0,546.73,537.29,554.06
52867,94237,0,546.73,537.47,553.94
61253,57564,0,363.92,306.32,375.45
52853,94675,0,546.73,537.82,553.67
52854,94261,0,546.73,537.82,553.51
52855,95593,0,546.74,537.59,553.78
52856,95864,0,546.73,536.96,554.65
52857,95883,0,546.74,537.13,554.45
52858,94489,0,546.73,537.72,553.77
52859,95179,0,546.73,536.19,555.24
52860,94827,0,546.73,537.9,553.63
61585,52398,0,363.86,307.07,373.69
61586,50310,0,363.72,305.85,373.08
52646,92872,0,546.73,537.35,554.13
52647,93966,0,546.73,537.47,553.8
52648,94299,0,546.73,537.68,554.07
52649,98205,0,546.73,536.89,554.4
52650,96121,0,546.73,537.5,553.95
52656,98995,0,546.74,537.74,553.67
52707,96973,0,546.73,537.46,555.03
52708,95493,0,546.73,538.07,553.32
52830,93790,0,546.73,537.56,553.89
52831,95151,0,546.73,537.18,554.27
52832,98029,0,546.73,537.29,554.1
52833,95579,0,546.73,537.69,554.05
52834,95598,0,546.73,538.09,553.43
52835,95736,0,546.73,537.38,554.12
52698,98096,0,546.73,538.05,553.27
52699,95165,0,546.73,537.52,553.81
52700,95650,0,546.73,537.7,553.63
52702,96882,0,546.73,537.68,553.93
52703,97496,0,546.73,537.9,553.53
52704,96887,0,546.73,537.06,554.22
52705,95198,0,546.73,538.16,553.34
52706,96078,0,546.73,537.65,553.7
52687,94903,0,546.73,535.96,555.55
52688,95412,0,546.73,537.66,553.81
52690,97025,0,546.74,537.82,553.74
52692,94679,0,546.73,537.43,554.02
52693,94927,0,546.73,537.65,553.67
52694,93804,0,546.73,537.67,553.7
52695,97001,0,546.73,537.46,554.0
52697,97163,0,546.73,536.72,554.83
52682,94156,0,546.73,537.13,554.39
61687,48258,0,363.07,300.31,373.85
61688,49165,0,362.98,300.15,374.52
61689,49427,0,363.14,299.67,373.43
61690,51294,0,363.24,299.51,373.19
61695,49690,0,362.36,297.76,373.22
52614,94523,0,546.74,537.87,553.64
52615,97515,0,546.73,537.88,553.78
52673,94332,0,546.73,536.9,554.44
52674,94161,0,546.73,537.23,554.37
52675,95117,0,546.73,538.08,553.44
52676,95945,0,546.73,537.89,553.61
52678,94034,0,546.73,538.18,553.64
52679,94732,0,546.73,538.19,553.26
52680,94413,0,546.48,533.38,553.31
52681,96473,0,546.73,537.23,554.1
52665,96226,0,546.73,537.74,553.6
52666,96659,0,546.73,537.88,553.69
52667,94489,0,546.73,537.46,554.03
52668,95279,0,546.73,537.91,553.71
52669,93133,0,546.73,537.84,553.47
52670,96241,0,546.73,536.67,554.48
52671,96644,0,546.73,538.15,553.41
52672,94261,0,546.73,538.23,553.39
52657,95474,0,546.73,536.17,554.95
52658,97049,0,546.73,535.8,555.44
52659,95731,0,546.73,537.73,553.69
52660,95298,0,546.73,536.75,554.46
52661,98048,0,546.73,537.63,553.89
52662,96240,0,546.74,536.97,554.66
52663,94441,0,546.73,536.8,555.29
52664,91858,0,546.73,537.32,554.06
52641,95593,0,546.74,538.05,553.51
52642,97758,0,546.73,537.18,554.36
52643,94670,0,546.73,537.32,554.34
52644,95617,0,546.73,537.28,554.36
52645,93923,0,546.73,537.73,554.07
61699,51911,0,361.95,297.22,373.52
61703,50916,0,466.19,298.45,489.21
52574,92491,0,546.73,537.49,553.72
52633,93752,0,546.73,535.43,555.9
52634,96540,0,546.73,537.33,553.99
52635,94732,0,546.73,537.18,554.18
52636,94304,0,546.73,537.69,553.67
52637,97720,0,546.73,537.62,553.77
52638,97301,0,546.73,537.91,553.91
52639,94418,0,546.73,537.21,554.34
52640,95636,0,546.73,536.19,554.8
52625,96673,0,546.73,537.86,553.6
52626,93742,0,546.73,537.7,553.87
52627,94147,0,546.73,536.65,554.67
52628,96864,0,546.73,535.84,555.62
52629,96059,0,546.73,537.61,553.76
52630,96916,0,546.73,538.03,553.43
52631,97082,0,546.73,537.38,554.11
52632,94156,0,546.73,536.95,554.53
52616,93942,0,546.73,537.54,553.91
52617,93224,0,546.73,537.41,554.12
52618,94651,0,546.73,536.63,555.14
52619,94375,0,546.73,536.8,554.8
52620,95089,0,546.73,537.34,554.09
52621,96165,0,546.74,536.45,556.22
52622,94889,0,546.73,537.04,554.16
52623,94280,0,546.73,537.68,553.65
52610,93571,0,546.73,537.37,554.11
52611,94237,0,546.73,537.33,554.06
52612,94128,0,546.73,537.0,554.45
61874,49544,0,364.0,308.35,373.12
61876,48628,0,363.83,305.76,373.03
61877,51203,0,364.02,304.6,373.14
61878,50159,0,363.67,301.49,373.17
61880,49705,0,363.54,301.61,373.44
52602,95179,0,546.73,536.59,554.76
52603,96892,0,546.73,537.34,554.12
52604,96416,0,546.73,538.0,553.6
52605,94961,0,546.73,537.28,554.12
52606,96207,0,546.73,537.29,554.22
52607,93314,0,546.74,537.99,553.49
52608,93804,0,546.73,538.02,553.43
52609,91516,0,546.73,537.92,553.49
52584,107687,0,546.73,536.89,554.32
52585,93952,0,546.73,537.93,553.6
52586,95127,0,546.73,538.24,553.17
52587,94410,0,546.73,537.61,554.61
52588,94280,0,546.73,538.27,553.37
52598,95346,0,546.73,537.54,553.96
52599,96164,0,546.73,536.23,555.09
52600,95812,0,546.73,534.79,556.88
52575,96655,0,544.25,476.64,553.6
52576,94856,0,546.73,536.4,554.79
52577,97977,0,546.73,537.97,553.99
52578,96787,0,546.73,537.45,553.93
52579,96183,0,546.73,537.61,553.91
52580,96583,0,546.74,537.91,553.51
52581,95342,0,546.73,537.28,554.17
52583,93414,0,546.73,536.37,554.81
52565,94061,0,546.73,537.55,553.94
52566,95122,0,546.73,537.73,553.77
52567,95932,0,546.73,536.89,556.32
52568,93993,0,546.73,537.34,554.08
52569,96735,0,546.73,537.83,553.58
61882,47826,0,363.3,299.88,373.32
61883,50753,0,363.34,298.27,373.04
61884,48751,0,363.29,299.18,373.36
52556,91937,0,502.44,435.4,543.18
52557,95612,0,546.73,537.37,553.98
52559,94537,0,546.73,537.68,553.82
52560,94142,0,546.73,537.87,553.37
52561,92610,0,546.73,537.49,553.96
52562,94028,0,546.73,537.19,554.31
52563,91730,0,546.73,538.04,553.49
52564,93043,0,546.73,537.72,553.53
52546,94200,0,546.73,537.73,553.75
52548,96160,0,546.73,538.02,553.43
52549,96026,0,546.73,537.79,553.71
52550,96827,0,546.73,536.53,554.99
52551,95398,0,546.73,536.69,554.79
52552,96540,0,546.73,538.04,553.45
52553,95788,0,546.73,538.1,553.51
52554,92605,0,546.74,538.07,553.51
61881,47804,0,363.37,300.68,373.26
52538,94418,0,546.73,538.14,553.36
52539,94256,0,546.73,536.67,553.46
52540,93395,0,546.73,537.6,553.85
52541,97225,0,546.73,537.49,553.82
52542,95964,0,546.73,537.69,553.79
52543,94870,0,546.73,536.72,554.46
52544,93343,0,546.74,538.16,553.4
52501,95660,0,546.73,537.65,553.93
52502,93885,0,546.73,537.73,553.76
52503,99442,0,546.56,533.39,553.85
52534,95398,0,546.73,537.5,553.99
52535,93200,0,546.73,537.93,553.6
52536,94194,0,546.73,536.55,554.66
52537,94618,0,546.73,537.95,553.6
61935,49064,0,467.59,286.62,494.49
52492,97282,0,546.73,537.87,553.67
52493,96126,0,546.73,537.29,554.26
52494,95146,0,546.74,537.79,553.69
52496,95160,0,546.73,537.32,554.1
52497,93609,0,546.73,537.63,553.81
52498,97382,0,546.73,536.44,554.93
52499,94580,0,546.73,534.69,556.95
52500,91497,0,546.74,537.04,554.94
52484,94808,0,546.73,537.45,554.01
52485,97577,0,546.74,538.25,553.53
52486,96359,0,546.73,536.86,554.42
52487,94865,0,546.73,537.04,554.42
52488,96088,0,546.73,538.09,553.67
52489,94713,0,546.73,538.02,553.51
52490,95336,0,546.73,537.01,554.55
52491,93262,0,546.74,537.7,553.74
61885,50429,0,363.21,295.97,373.57
61888,50347,0,469.25,305.65,488.97
52477,92515,0,546.73,537.62,553.71
52478,97068,0,546.73,537.84,553.71
52479,93390,0,546.73,537.22,554.14
52480,97011,0,546.73,537.73,553.59
52482,96102,0,546.73,538.04,553.55
52483,94946,0,546.73,537.97,553.58
52468,97049,0,546.73,537.9,553.66
52469,95337,0,546.74,537.24,555.22
52470,95013,0,546.73,538.04,553.39
52471,94023,0,546.73,538.19,553.87
52472,95522,0,546.73,538.09,553.36
52473,94651,0,546.73,536.59,555.0
52474,96397,0,546.73,537.71,553.76
52475,94691,0,546.73,538.11,553.54
52458,97501,0,546.73,537.19,554.52
52459,94342,0,546.73,537.77,554.71
52461,93733,0,546.73,537.55,553.98
52462,96359,0,546.73,537.56,553.89
52463,95308,0,546.73,536.67,555.0
52464,95560,0,546.73,537.23,554.27
52465,93809,0,546.73,537.98,553.47
52467,91849,0,546.73,537.59,553.69
52383,94727,0,546.73,538.12,553.37
52451,93119,0,546.73,537.53,553.93
52452,97063,0,546.73,538.11,553.7
52453,94085,0,546.73,536.78,554.16
52454,93847,0,546.74,537.38,554.15
52455,95774,0,546.73,536.46,555.04
52456,96126,0,546.73,537.87,553.7
52457,94285,0,546.73,537.72,553.97
61942,49921,0,361.84,315.32,374.02
61945,50664,0,362.07,315.39,373.96
61950,50897,0,361.57,290.39,373.32
61951,49026,0,361.63,312.6,374.79
52378,94494,0,546.73,536.82,554.49
52379,94161,0,546.73,538.0,553.46
52380,95122,0,546.73,538.07,553.47
52382,95674,0,546.73,537.02,554.43
52368,95436,0,546.74,537.28,554.8
52369,95498,0,546.73,536.78,554.35
52370,95674,0,546.74,537.16,554.43
52371,96559,0,546.73,537.71,553.79
52372,96502,0,546.73,536.84,554.38
52373,94946,0,546.74,538.07,553.43
52374,94908,0,546.73,538.09,553.73
52375,95379,0,546.73,536.19,555.37
52359,94670,0,546.73,536.8,554.79
52361,92106,0,546.74,537.48,553.84
52362,95712,0,546.73,537.91,553.62
52363,93343,0,546.73,537.12,554.28
52364,94956,0,546.73,536.96,554.4
52365,97225,0,546.73,537.51,553.98
52366,93233,0,546.74,536.82,554.76
52367,94946,0,546.73,537.69,553.85
52350,93048,0,546.74,537.99,553.62
52352,95598,0,546.73,538.19,553.39
52353,95912,0,546.73,537.2,554.08
52354,93125,0,519.99,164.95,553.4
52355,92572,0,546.74,536.82,554.63
52356,94799,0,546.73,537.29,554.08
52357,94751,0,546.73,537.73,553.72
52358,95731,0,546.73,537.2,554.18
52476,96270,0,546.73,532.87,554.15
62014,49071,0,361.78,300.73,374.59
62016,48272,0,361.19,300.55,373.66
62019,49216,0,361.24,300.28,373.62
52345,95146,0,546.73,537.63,553.73
52346,96530,0,546.73,532.61,558.68
52347,94085,0,546.73,537.86,553.7
52348,96635,0,546.73,536.34,554.73
52336,94613,0,546.73,537.43,554.11
52337,94147,0,546.73,537.73,553.73
52339,94261,0,546.73,538.18,553.42
52340,96402,0,546.74,537.78,553.74
52341,94851,0,546.73,536.26,555.21
52342,94575,0,546.74,537.84,553.59
52343,95103,0,546.73,537.95,553.64
52344,95260,0,546.73,536.36,555.13
52311,97753,0,546.72,537.65,553.74
52312,93124,0,546.74,538.13,553.36
52313,95117,0,546.73,538.29,553.35
52331,93566,0,546.73,537.64,553.88
52332,95022,0,546.73,537.11,553.81
52333,96873,0,546.73,537.86,553.75
52334,93571,0,546.73,538.22,553.31
52335,92282,0,546.73,537.79,553.75
52302,95227,0,546.73,537.66,553.95
52303,94175,0,546.73,537.14,554.41
52304,91454,0,546.73,538.01,553.52
52305,93823,0,546.73,537.66,553.8
52306,95484,0,546.73,537.88,553.73
52307,96240,0,546.73,537.58,553.84
52309,96840,0,546.73,537.23,554.26
52310,93871,0,546.73,537.68,553.76
52376,96730,0,546.73,537.85,553.82
52377,96188,0,546.74,537.54,553.83
62057,48443,0,363.34,318.9,373.73
52296,94608,0,546.73,536.52,554.89
52297,94827,0,546.73,537.42,553.88
52298,96226,0,546.73,538.19,553.41
52300,95341,0,546.73,537.43,554.11
52301,95864,0,546.74,537.39,554.03
52273,95003,0,546.74,537.53,553.95
52274,96949,0,546.73,538.22,553.35
52275,96226,0,546.73,537.32,554.39
52276,96973,0,546.73,536.99,554.23
52278,95152,0,546.74,537.51,553.93
52280,95869,0,546.73,537.18,554.13
52281,96568,0,546.73,537.84,553.57
52282,94204,0,546.73,538.03,553.49
52265,93695,0,546.73,537.96,553.52
52266,94023,0,546.73,538.05,553.42
52267,96937,0,546.75,536.4,555.38
52268,93043,0,546.73,536.51,554.67
52269,95265,0,546.73,537.99,553.94
52270,93193,0,546.73,537.86,553.6
52271,93338,0,546.73,536.53,555.02
52272,96237,0,546.73,536.6,554.97
62094,44739,0,361.52,345.46,367.93
62095,45058,0,361.46,345.81,368.77
62096,46164,0,361.34,345.45,368.86
62097,46256,0,361.2,346.03,367.62
62098,44190,0,361.06,345.63,367.76
62099,44672,0,360.96,345.97,369.12
52263,96264,0,546.73,537.52,553.88
52264,94418,0,546.73,537.41,553.81
62062,47241,0,362.05,317.92,373.57
62072,47859,0,465.19,315.34,488.99
62088,48630,0,362.41,346.27,368.7
62089,47987,0,362.26,346.15,367.23
62090,48214,0,362.11,345.33,368.22
62091,46140,0,361.93,345.91,367.78
62092,44860,0,361.84,345.83,368.97
62093,44938,0,361.7,345.67,367.11
52122,94827,0,546.73,537.17,554.21
52123,94109,0,546.6,536.1,553.4
52125,96283,0,546.73,537.74,553.94
52126,98757,0,546.73,537.33,553.97
52127,93728,0,546.73,537.58,553.67
52129,96497,0,546.74,537.25,554.45
52131,96759,0,546.73,536.27,555.23
52132,97006,0,546.73,537.47,553.87
52114,94232,0,546.73,537.67,553.77
52115,94056,0,546.73,537.38,553.94
52116,95227,0,546.73,537.75,553.69
52117,94439,0,546.73,537.94,553.43
52118,94975,0,546.73,533.95,557.4
52119,96478,0,546.73,537.45,554.08
52120,96673,0,546.73,536.73,554.39
52121,94142,0,546.73,520.39,566.22
52293,95360,0,546.73,537.27,554.08
52294,95855,0,546.73,537.57,553.75
52295,96288,0,546.73,537.64,553.72
52108,96578,0,546.73,538.15,553.41
52110,92962,0,546.73,537.55,553.75
52111,96159,0,546.73,538.16,553.55
52112,96459,0,546.73,536.91,554.67
52113,94870,0,546.73,537.75,553.7
52283,93062,0,546.73,538.36,553.36
52284,93224,0,546.73,537.63,553.74
52286,95674,0,546.73,537.34,554.76
52287,97734,0,546.73,537.59,554.1
52288,95293,0,546.74,538.24,553.71
52289,94518,0,546.73,536.94,554.57
52290,96321,0,546.74,537.65,553.84
52292,95574,0,546.74,537.99,553.77
52089,94361,0,546.72,537.71,553.73
52090,97182,0,546.73,537.67,554.11
52092,99200,0,546.73,537.82,553.96
52093,95926,0,546.73,537.6,553.85
52094,96930,0,546.73,537.7,553.81
52095,102301,0,546.63,537.06,554.3
52096,95222,0,546.73,537.25,554.48
52098,96830,0,546.74,537.8,553.57
51995,95417,0,546.74,536.4,555.0
51996,95460,0,546.73,538.06,553.5
51997,95745,0,546.72,534.1,553.58
51998,96335,0,546.73,538.1,553.3
51999,99266,0,546.73,537.78,553.62
52000,96288,0,546.73,537.08,554.08
52001,95926,0,546.73,536.92,554.48
52002,94656,0,546.73,536.91,554.69
52262,94751,0,546.73,537.71,553.7
62173,48819,0,526.55,370.88,585.35
51989,94984,0,546.73,537.56,553.66
51990,94784,0,546.73,537.82,553.78
51991,97106,0,546.73,537.0,554.69
51992,93671,0,546.73,537.47,554.15
51993,95474,0,546.73,537.97,553.46
51994,94807,0,546.73,535.74,556.09
52133,96887,0,546.73,537.89,553.48
52134,97910,0,546.74,537.83,553.6
52135,97011,0,546.73,538.14,553.4
52136,96668,0,546.73,537.26,554.22
52137,93771,0,546.74,537.56,553.86
52138,96935,0,546.73,537.73,553.74
52139,93171,0,546.73,537.94,553.81
52140,95793,0,546.73,538.01,553.47
51971,97955,0,554.49,544.53,563.01
51972,99473,0,554.19,544.9,561.47
51973,95311,0,554.19,545.36,562.68
51974,95678,0,554.19,545.19,561.21
51975,101287,0,553.73,541.0,561.05
51976,91838,0,503.54,394.85,553.44
51977,95417,0,546.73,537.92,553.48
51980,95436,0,546.73,537.34,553.8
51962,97366,0,554.19,544.7,561.83
51963,96380,0,550.85,539.74,561.37
51964,98725,0,554.19,544.92,561.32
51965,97649,0,555.29,544.92,565.56
51966,97952,0,554.19,545.14,561.58
51968,95415,0,554.19,545.47,560.71
51969,98078,0,554.82,545.4,564.49
51970,97703,0,554.19,544.62,561.96
62198,43515,0,473.88,298.11,495.4
62203,41109,0,473.22,297.58,495.48
62206,45870,0,473.85,296.68,494.61
62211,45727,0,474.37,295.8,494.74
51956,97353,0,550.84,539.92,560.83
51957,96638,0,555.31,545.22,566.44
51958,96252,0,550.85,539.51,560.62
51960,97795,0,555.31,545.07,566.04
52100,95688,0,546.73,536.58,554.87
52101,95032,0,546.74,537.6,553.78
52102,95978,0,546.73,537.42,553.93
52103,93271,0,546.73,537.75,553.95
52105,95650,0,546.73,537.5,554.07
52106,94073,0,546.73,535.4,555.84
52107,92634,0,546.73,537.35,554.22
62195,43129,0,473.77,300.79,494.62
51878,96930,0,546.73,536.21,555.26
51879,93776,0,546.73,536.17,555.25
51880,95341,0,546.73,538.16,553.4
51881,97382,0,546.73,537.58,553.89
51882,93576,0,546.73,536.26,555.17
51883,94504,0,546.73,537.48,553.92
51884,96668,0,546.73,536.78,554.7
51885,93909,0,546.73,536.86,554.82
51870,95303,0,546.73,537.58,553.89
51871,94261,0,546.73,537.87,553.61
51872,96811,0,546.73,536.92,554.25
51873,92281,0,546.73,537.1,554.38
51874,95041,0,546.73,537.45,553.93
51875,96364,0,546.73,537.88,553.53
51876,97710,0,546.73,538.25,553.27
51877,95374,0,546.73,536.38,555.05
62225,44132,0,361.77,290.69,374.65
62230,47250,0,361.5,288.55,373.42
62233,45653,0,442.2,287.53,460.92
62235,44639,0,442.35,286.91,461.01
62275,43899,0,358.34,318.21,368.38
51867,93799,0,546.73,536.42,555.17
51868,94456,0,546.73,537.47,553.83
51869,94437,0,546.73,536.95,554.46
51981,97653,0,546.73,537.72,553.71
51983,96931,0,547.1,537.18,556.13
51984,97101,0,546.86,537.65,557.72
51985,94594,0,546.73,537.2,554.25
51986,96402,0,546.73,537.78,554.19
51987,95888,0,546.73,537.48,553.97
51988,95022,0,546.73,537.66,553.95
62221,46154,0,362.68,292.09,375.25
51812,97082,0,546.73,536.79,554.58
51813,95598,0,546.73,537.1,554.38
51814,93314,0,546.73,536.65,554.88
51815,93062,0,546.73,537.06,554.47
51816,93714,0,546.74,537.13,554.57
51852,93576,0,546.73,537.46,553.91
51854,93067,0,546.73,537.58,554.01
51855,92829,0,546.73,537.93,553.61
51804,93238,0,546.73,537.98,553.37
51805,93733,0,546.73,537.17,554.31
51806,5251,0,358.96,324.47,418.79
51807,91468,0,546.73,537.96,553.51
51808,93595,0,546.73,535.68,555.83
51809,92643,0,546.74,537.71,553.73
51810,93457,0,546.73,536.95,554.57
51811,93276,0,546.73,537.82,553.63
51895,95222,0,546.73,537.63,553.81
51896,94794,0,546.74,535.34,556.11
51897,95441,0,546.73,536.68,554.77
51898,92001,0,546.73,537.32,554.43
51799,93095,0,546.73,537.05,554.3
51801,92258,0,546.73,537.94,553.47
51802,94542,0,526.22,436.8,554.71
51803,92724,0,546.73,536.89,554.64
51886,98614,0,546.73,537.85,553.68
51887,107487,0,546.73,537.38,553.96
51888,97401,0,546.73,537.47,554.1
51889,93990,0,546.73,537.41,554.92
51891,93471,0,546.73,537.29,554.03
51892,93809,0,546.73,536.19,555.54
51893,94399,0,546.73,537.01,554.36
51894,95117,0,546.73,537.43,554.25
51780,90526,0,546.73,537.1,554.3
51781,96064,0,546.74,537.09,554.69
51782,95141,0,546.73,538.08,553.53
51783,93980,0,546.73,537.99,553.83
51784,91463,0,546.73,537.44,554.22
51785,91040,0,546.74,536.59,554.85
51786,95379,0,546.73,537.3,554.08
51787,93823,0,546.74,536.99,557.59
51772,93124,0,546.73,537.57,553.84
51773,93566,0,546.73,536.94,554.36
51774,94689,0,546.73,537.08,554.35
51775,92962,0,546.74,536.36,555.06
51776,96126,0,546.73,536.34,554.81
51777,93514,0,546.73,537.46,553.89
51778,94513,0,546.73,537.27,554.1
51779,92791,0,546.73,537.27,554.14
51864,95265,0,546.73,537.54,553.77
51865,95317,0,546.73,537.85,553.86
51866,94499,0,546.73,536.12,555.4
51759,94394,0,546.74,536.73,554.66
51768,92548,0,546.74,537.71,553.75
51769,93852,0,546.74,536.34,555.11
51770,94323,0,546.74,535.68,555.81
51771,95869,0,546.73,537.35,554.04
51856,94166,0,546.74,536.85,554.53
51857,95322,0,546.73,537.44,553.99
51858,94147,0,546.73,537.99,553.65
51859,95688,0,546.73,536.26,555.18
51860,93866,0,546.73,537.85,553.55
51861,92115,0,546.74,538.01,553.75
51862,96478,0,546.75,536.98,554.52
51863,96887,0,546.73,537.82,553.63
51744,94756,0,546.73,536.91,554.65
51745,95693,0,546.74,537.56,553.92
51746,93181,0,546.73,536.96,554.7
51747,94494,0,546.73,537.21,554.27
51748,93904,0,546.73,536.95,554.46
51749,93676,0,546.73,537.45,554.45
51750,93010,0,546.73,536.76,554.73
51751,95988,0,546.73,537.26,554.12
51736,94813,0,546.73,535.68,555.44
51737,93985,0,546.73,536.82,554.55
51738,103847,0,546.74,537.99,553.53
51739,95731,0,546.73,536.98,554.46
51740,96630,0,546.73,536.59,556.79
51741,94789,0,546.73,537.42,554.11
51742,94613,0,546.74,537.67,553.76
51743,97601,0,546.73,537.53,553.97
51798,93690,0,546.73,535.83,555.64
51727,95165,0,546.73,537.05,554.55
51729,94080,0,546.73,537.5,553.9
51731,95170,0,546.73,535.64,555.76
51732,93828,0,546.73,537.36,554.14
51733,92667,0,546.74,538.15,553.45
51734,97011,0,546.73,537.45,553.93
51735,92458,0,546.73,536.55,554.82
51788,93533,0,546.73,536.47,555.05
51789,91340,0,546.73,537.25,554.33
51790,94223,0,546.73,538.24,553.18
51791,92529,0,546.74,537.83,553.73
51792,92553,0,546.73,537.86,553.47
51793,94879,0,546.73,538.05,553.43
51794,95617,0,546.73,537.56,553.89
51795,92946,0,546.74,536.64,555.4
51714,92962,0,546.7,536.99,554.14
51715,94318,0,546.73,535.64,555.97
51716,93538,0,546.73,537.89,553.6
51717,94210,0,546.73,536.86,555.02
51718,96264,0,546.73,537.85,553.81
51719,94266,0,546.74,537.59,553.94
51720,94670,0,546.74,536.82,554.6
51721,95165,0,546.73,537.0,554.56
51462,95022,0,546.73,537.23,554.03
51463,95355,0,546.73,537.46,553.95
51464,93362,0,546.73,537.37,553.94
51465,94618,0,546.73,537.37,553.94
51467,95041,0,546.73,536.62,554.94
51468,95460,0,546.73,536.21,555.35
51469,93200,0,546.73,537.16,554.45
51472,94180,0,546.73,537.43,553.68
51146,93257,0,546.73,536.26,555.13
51147,94995,0,546.6,534.18,554.05
51148,95736,0,546.73,536.67,554.88
51149,92049,0,546.74,537.38,554.1
51150,94837,0,546.73,536.68,554.55
51151,92164,0,487.17,374.1,554.41
51152,95707,0,546.73,537.89,553.65
51461,94085,0,546.73,536.86,554.64
51752,93695,0,546.74,537.74,553.71
51753,94418,0,546.73,536.84,554.72
51754,95774,0,546.74,537.73,553.61
51755,95165,0,546.73,536.36,555.03
51756,94599,0,546.73,537.72,553.75
51757,91321,0,546.73,537.64,553.77
51758,93219,0,546.73,538.16,553.33
51144,93966,0,546.75,537.97,554.77
51134,95360,0,546.73,536.91,554.17
51135,93633,0,546.65,535.03,554.22
51136,93067,0,546.73,537.34,554.03
51137,95322,0,546.73,537.7,553.76
51138,92791,0,546.73,536.63,555.06
51139,93799,0,546.74,537.12,554.43
51140,93424,0,546.73,537.81,553.72
51141,92510,0,546.73,537.09,554.13
51126,92653,0,546.74,536.83,554.52
51127,93476,0,546.73,537.67,553.75
51128,96654,0,546.73,536.52,554.77
51129,93733,0,546.73,537.19,554.29
51130,96259,0,546.73,536.14,555.16
51131,98096,0,546.73,537.35,553.89
51132,96107,0,546.73,536.8,554.69
51133,94261,0,546.73,537.61,553.81
51116,98909,0,546.73,537.86,553.7
51117,94848,0,546.73,537.4,555.7
51118,96321,0,546.73,537.77,553.88
51120,95612,0,546.73,537.3,554.19
51121,92729,0,546.73,537.36,554.17
51123,92929,0,546.74,537.1,554.45
51124,95051,0,546.73,536.27,555.02
51125,91892,0,546.73,536.38,555.22
51722,92044,0,546.74,537.54,553.85
51724,90531,0,546.74,536.49,554.93
51725,93747,0,546.73,537.6,553.81
51726,91892,0,546.74,537.68,553.86
51112,94052,0,546.73,537.28,554.06
51113,95750,0,546.73,537.27,554.29
51114,97030,0,546.73,537.18,554.32
51115,95774,0,546.73,537.58,553.86
51104,95160,0,546.73,537.19,554.31
51105,95517,0,546.73,538.01,553.57
51106,98010,0,546.73,537.64,553.69
51108,104951,0,546.74,536.99,554.84
51109,93863,0,546.73,535.59,555.59
51110,95574,0,546.73,537.02,554.33
51111,95793,0,546.73,537.8,553.77
62830,38280,0,359.72,322.04,368.87
50843,97025,0,546.73,538.31,553.22
50844,96792,0,546.74,536.29,555.09
50845,96302,0,546.73,536.69,554.03
50846,97887,0,546.73,537.96,553.94
50848,95793,0,546.73,537.7,553.81
50849,96497,0,546.73,537.17,554.3
50850,96792,0,546.73,537.56,553.78
50851,96307,0,546.74,537.65,553.89
50835,94480,0,546.73,537.87,553.67
50836,96297,0,546.74,536.7,554.56
50837,96188,0,546.74,537.09,554.31
50838,94263,0,493.17,394.04,553.04
50839,93519,0,546.73,537.43,554.03
50840,96140,0,546.73,537.95,553.66
50841,95579,0,546.73,537.45,553.96
50842,97344,0,546.73,537.66,554.06
51142,93652,0,546.73,537.49,554.04
51143,95736,0,546.73,537.06,554.28
50828,92824,0,546.73,537.26,554.04
50829,98486,0,546.73,534.02,557.4
50830,94199,0,546.74,537.63,553.87
50831,95222,0,546.73,536.9,554.39
50832,93252,0,546.74,537.83,553.61
50834,96502,0,546.75,534.99,555.99
50823,94318,0,546.73,536.55,554.65
50825,96021,0,546.73,536.48,554.67
50827,96502,0,546.73,536.32,554.97
62891,37367,0,361.6,319.03,369.6
50168,96887,0,546.74,537.97,553.59
50169,91849,0,546.73,537.87,553.51
50170,93438,0,546.73,537.84,553.58
50171,97639,0,546.73,537.59,553.71
50815,96059,0,546.74,537.86,554.36
50816,95669,0,546.73,538.08,553.48
50817,95203,0,546.73,536.34,554.73
50818,96678,0,546.74,537.23,554.35
50819,105736,0,546.73,537.43,554.03
50820,94475,0,546.73,536.61,554.56
50821,96259,0,546.73,536.92,554.49
50822,95612,0,546.73,538.02,553.38
50805,96578,0,546.73,536.48,554.95
50806,95084,0,546.73,537.41,553.96
50807,5463,0,355.73,339.18,369.49
50808,94256,0,546.73,537.08,554.4
50809,94651,0,546.73,537.23,554.24
50812,96730,0,546.73,537.84,553.58
50813,93754,0,538.46,504.51,554.14
50814,96064,0,546.74,537.33,554.04
62838,36756,0,360.42,319.58,369.29
50202,94908,0,546.73,538.05,553.44
50203,95303,0,546.73,538.04,553.46
50204,93124,0,546.73,537.36,554.1
50205,94394,0,546.74,538.12,553.32
50206,94318,0,546.73,536.86,554.58
50207,93804,0,546.73,537.95,553.54
50804,95303,0,546.73,537.54,554.34
50198,92615,0,546.73,538.1,553.53
50199,95769,0,546.74,538.05,553.32
50200,94251,0,546.73,537.47,553.84
62915,37799,0,359.76,308.68,368.12
62916,38002,0,359.58,308.16,367.33
62917,35701,0,358.85,307.8,367.88
49750,96083,0,546.73,536.61,554.96
49751,94437,0,546.73,537.88,553.67
50190,92924,0,546.73,537.33,554.11
50191,94047,0,546.73,536.82,554.61
50192,95750,0,546.73,536.01,555.46
50193,94137,0,546.73,537.37,553.99
50194,91410,0,518.08,441.22,553.38
50195,96459,0,546.73,537.65,553.87
50196,4915,0,351.49,333.1,365.05
50197,95170,0,546.74,533.53,558.14
50181,96012,0,546.73,537.9,553.71
50182,95969,0,546.74,537.36,554.18
50183,94670,0,546.73,537.88,553.94
50185,93376,0,546.73,536.79,554.18
50186,96225,0,546.73,535.14,556.28
50187,97135,0,546.73,538.03,553.6
50188,100283,0,461.67,256.94,543.25
50189,95103,0,546.73,537.64,553.76
50172,92534,0,546.73,536.17,554.76
50173,94889,0,546.74,537.3,553.93
50175,96497,0,546.74,537.87,553.45
50176,92915,0,546.74,537.86,553.59
50177,94908,0,546.74,537.97,553.34
50178,94297,0,546.73,537.21,554.24
50179,93162,0,546.73,537.49,553.89
50180,95536,0,546.73,537.23,554.31
50165,97396,0,546.73,536.77,554.76
50166,94142,0,546.73,537.67,553.77
50167,97696,0,546.73,536.4,555.02
62981,37076,0,354.7,328.4,367.76
62987,37322,0,356.45,319.55,367.78
62989,38422,0,356.69,319.07,367.35
62991,38008,0,356.87,317.59,369.03
62992,35763,0,356.9,318.67,367.77
49769,94789,0,546.74,537.46,554.01
49770,97615,0,546.73,537.68,553.79
49771,93652,0,546.73,537.77,553.91
50156,93400,0,546.73,537.39,554.39
50158,96384,0,546.73,535.51,555.98
50159,95117,0,546.73,537.77,553.72
50161,95536,0,546.73,537.58,553.99
50163,94875,0,546.73,537.96,553.47
49760,90702,0,546.74,537.33,553.93
49761,93219,0,546.73,538.16,553.37
49762,94632,0,546.73,537.48,553.92
49763,94020,0,546.73,534.37,557.15
49765,93457,0,546.73,538.12,553.37
49766,96083,0,546.73,537.14,554.19
49767,95693,0,546.74,537.75,553.68
49768,96264,0,546.73,537.44,553.87
49752,95398,0,546.73,537.81,553.63
49753,92786,0,546.73,538.06,553.41
49754,95807,0,546.73,537.04,554.25
49755,92134,0,546.73,538.2,553.31
49756,93076,0,546.73,538.29,553.45
49757,93138,0,546.73,537.95,553.56
49758,93691,0,546.73,537.62,553.83
49759,97101,0,546.73,537.43,554.02
49742,94594,0,546.73,537.43,554.15
49743,96754,0,546.73,538.04,553.32
49744,95612,0,546.73,536.73,554.63
49745,96259,0,546.73,537.79,553.76
49746,92315,0,546.74,536.65,555.12
49747,94941,0,546.73,538.01,553.9
49748,95121,0,546.53,533.39,553.42
49749,92577,0,546.73,538.22,553.26
49734,93882,0,546.73,536.33,555.19
49735,95912,0,546.73,536.98,554.63
49736,94099,0,546.74,537.21,554.41
49737,94004,0,546.73,536.65,554.84
49738,92523,0,546.82,537.82,557.82
49739,94080,0,546.73,536.41,554.87
49740,95750,0,546.73,538.09,553.57
49741,92805,0,546.73,538.19,553.22
49725,95969,0,546.73,536.8,554.52
49727,96478,0,546.73,536.23,554.96
49728,94770,0,546.73,537.57,553.86
49729,96002,0,546.74,536.98,554.3
49730,94808,0,546.73,537.87,553.58
49731,5926,0,331.08,301.38,370.73
49732,92791,0,546.73,538.02,553.42
49733,96492,0,546.73,537.52,553.8
62993,35948,0,356.31,318.45,367.5
49455,94423,0,546.73,537.86,553.51
49456,95498,0,546.73,536.92,554.06
49457,92667,0,546.73,537.21,554.2
49458,94613,0,546.73,537.48,554.01
49459,95079,0,546.73,537.22,554.11
49460,95793,0,546.73,537.51,554.53
49724,95721,0,546.73,536.31,554.89
49422,94469,0,547.02,536.64,558.23
49423,96830,0,546.73,537.07,554.4
49424,93890,0,546.73,537.51,554.12
49425,95912,0,546.73,537.63,553.92
49426,93057,0,546.73,536.75,554.63
49427,94261,0,546.73,537.58,553.47
49428,97139,0,546.73,536.8,554.67
49430,94442,0,546.73,537.39,553.85
63055,35846,0,352.56,289.66,368.0
63056,38757,0,353.45,288.3,367.79
63059,36609,0,353.08,287.03,367.11
63060,35887,0,353.02,286.14,369.04
63061,36460,0,352.2,285.8,367.15
63062,35881,0,352.86,284.67,367.56
63063,34294,0,352.09,284.25,367.14
63064,36483,0,351.88,283.77,367.72
63015,38899,0,353.7,319.05,367.59
63016,37651,0,353.49,317.44,369.26
63017,39767,0,354.4,318.55,368.87
63030,37802,0,460.99,299.25,488.91
63033,38937,0,440.76,298.65,475.09
63042,40754,0,439.91,297.31,461.65
63052,36455,0,353.05,291.33,367.54
63054,36982,0,353.81,288.88,367.08
63005,39527,0,354.02,329.96,367.5
63006,40274,0,355.28,321.83,368.22
63007,39175,0,353.64,319.45,367.17
63008,40230,0,354.71,318.47,368.02
63010,38560,0,355.21,318.59,368.08
63012,37690,0,354.28,318.36,368.31
63013,39245,0,354.05,318.55,367.8
63014,39653,0,355.17,318.67,368.52
63089,42645,0,489.78,283.98,592.19
63090,42094,0,488.68,277.89,584.88
63095,41426,0,489.52,282.08,585.01
63097,41822,0,487.42,279.34,584.09
63098,42663,0,489.05,274.74,584.29
63104,36524,0,350.32,315.96,367.86
63105,34770,0,351.22,315.4,367.14
63106,34773,0,351.14,315.02,366.95
49447,94946,0,546.73,537.29,554.08
49450,96383,0,546.74,537.78,553.87
49451,92667,0,546.74,537.67,560.71
49452,94713,0,546.73,537.07,554.31
49453,93966,0,546.73,537.9,553.75
49454,91830,0,546.73,537.28,553.74
63083,41060,0,488.63,285.59,584.04
63085,42404,0,488.93,282.21,584.58
49439,6417,0,346.5,336.23,353.02
49440,93324,0,546.73,537.44,554.04
49441,95046,0,546.73,537.6,553.97
49442,96069,0,546.73,537.35,553.53
49443,94470,0,546.74,537.97,553.51
49444,96050,0,546.73,536.0,555.28
49445,93693,0,546.74,534.83,569.56
49446,94846,0,546.73,537.68,553.67
49431,95274,0,546.67,533.61,553.47
49432,92596,0,546.73,537.8,553.81
49433,94808,0,546.73,537.35,553.99
49434,94242,0,546.73,537.67,554.01
49435,94575,0,546.73,538.0,553.59
49436,95907,0,546.73,538.0,553.54
49437,94404,0,546.74,536.65,555.12
49438,93585,0,546.73,538.1,553.72
49418,93709,0,546.74,537.64,553.92
49419,95065,0,546.73,536.86,554.76
49420,93038,0,546.73,537.49,554.03
49421,93276,0,546.73,537.54,553.67
63110,35706,0,349.52,313.46,367.78
63112,34985,0,350.49,312.81,378.24
63113,37868,0,349.86,312.28,367.0
63114,37411,0,350.01,312.4,367.11
49409,94266,0,546.73,535.56,556.05
49410,97924,0,546.73,537.48,553.76
49411,94328,0,546.73,533.91,558.68
49413,94737,0,546.74,537.86,554.09
49414,95593,0,546.73,535.53,554.72
49415,96559,0,546.74,537.5,553.92
49416,95964,0,546.73,537.39,553.93
49417,95826,0,546.73,537.66,553.84
49175,105604,0,580.62,573.07,586.66
49176,101863,0,580.2,572.66,585.05
49177,103633,0,580.19,572.49,585.56
49178,103442,0,580.2,572.75,585.13
49179,104957,0,580.2,572.61,585.71
49180,103054,0,580.19,569.12,586.27
49181,106930,0,580.19,572.23,586.43
49408,95812,0,546.75,538.15,554.13
49164,104260,0,580.19,571.42,587.21
49165,105248,0,580.2,572.22,585.48
49166,105721,0,580.39,572.66,586.54
49167,107329,0,580.2,571.6,587.83
49169,106819,0,580.19,568.04,587.38
49171,108217,0,579.39,565.84,585.04
49173,104369,0,580.2,572.85,585.37
49174,99169,0,506.14,395.47,570.03
49151,102426,0,580.2,572.74,585.54
49153,103411,0,580.2,572.21,585.63
49154,103267,0,580.39,572.93,586.7
49155,102523,0,580.19,572.62,585.05
49156,101564,0,580.2,572.17,585.41
49157,108185,0,580.19,572.73,585.25
49158,97701,0,504.67,446.52,549.56
49159,105623,0,580.2,572.5,585.9
49139,102213,0,580.2,572.62,585.16
49141,104501,0,580.2,572.71,585.57
49143,103527,0,580.41,572.62,587.04
49144,105148,0,580.19,572.29,585.46
49145,106138,0,580.2,570.3,587.29
49146,105049,0,580.39,572.06,587.38
49147,105013,0,580.2,572.89,585.27
49148,103740,0,580.39,571.42,586.87
63195,32430,0,349.46,281.35,368.85
49132,106260,0,580.09,571.03,592.59
49133,106767,0,580.2,572.61,585.12
49134,106549,0,580.2,572.26,585.56
49135,101061,0,580.2,572.94,585.14
49136,105455,0,580.54,551.79,586.69
49137,102668,0,580.4,572.72,586.7
49138,106069,0,580.2,571.71,585.67
63115,38872,0,349.82,311.89,369.13
63116,37815,0,349.32,311.54,368.72
63124,37130,0,465.9,310.12,494.33
63183,33079,0,349.68,283.28,367.22
63185,31298,0,348.68,282.86,368.77
63187,32298,0,349.57,282.43,367.13
63189,31797,0,348.7,282.22,367.99
63193,31059,0,348.4,281.63,368.52
63320,31509,0,437.12,295.22,492.95
63322,31853,0,461.62,295.94,494.52
63326,30743,0,461.58,294.53,494.45
63328,31985,0,444.79,292.91,496.43
63367,27044,0,464.6,302.65,488.97
48670,97414,0,554.17,544.81,561.31
48671,100372,0,554.52,544.54,563.15
48672,98768,0,554.17,544.76,561.69
63311,31590,0,356.18,296.08,366.95
63312,33093,0,356.09,295.91,369.74
63313,33400,0,355.92,295.57,368.22
63314,31995,0,355.34,295.32,368.81
63315,31526,0,355.09,294.99,367.81
63316,32608,0,355.85,294.84,372.47
63317,32551,0,354.24,294.44,367.53
63318,32669,0,354.38,294.24,368.07
63273,32506,0,348.64,314.76,370.93
63274,31765,0,350.57,318.04,368.02
63275,31476,0,349.2,317.89,368.37
63276,31109,0,350.8,317.16,368.17
63277,31256,0,350.51,317.08,367.54
63287,30676,0,463.68,311.74,494.51
63307,32453,0,355.38,297.09,369.35
63310,32641,0,356.16,296.4,368.5
49160,104240,0,580.19,569.69,588.03
49161,104210,0,580.2,572.86,584.97
63265,30978,0,349.24,309.54,368.19
63266,33873,0,349.45,311.97,367.54
63267,31356,0,350.01,311.28,368.12
63269,31620,0,350.03,310.97,367.22
63270,30899,0,350.56,316.07,367.73
63271,32122,0,351.36,315.44,369.7
63386,28368,0,467.04,296.94,489.09
48638,5005,0,424.98,358.66,507.41
48639,100296,0,554.18,543.66,563.18
48640,98346,0,554.16,544.29,562.05
48641,99430,0,554.17,545.07,561.18
48642,98323,0,554.17,544.49,561.75
48643,97999,0,554.16,544.54,561.87
48644,98773,0,554.17,544.04,562.34
48693,96033,0,554.17,543.66,562.63
48694,98724,0,554.17,544.57,562.06
48695,99325,0,554.19,545.48,561.0
48696,101015,0,554.17,544.39,561.72
48880,120179,0,571.6,559.63,580.45
48881,109428,0,571.6,559.87,580.21
49131,103355,0,580.2,572.33,585.14
63375,27998,0,442.61,322.35,460.95
48684,99152,0,554.17,544.23,562.24
48685,96671,0,554.17,543.49,562.9
48686,96465,0,554.17,544.12,562.45
48687,100650,0,554.17,544.01,562.51
48688,99015,0,554.17,543.2,563.26
48690,99473,0,554.17,544.46,561.9
48691,98051,0,554.17,544.14,562.38
48692,99096,0,554.17,544.6,561.91
48673,97764,0,554.17,543.67,562.68
48674,97384,0,554.17,543.54,562.82
48676,98357,0,554.17,544.62,561.63
48678,96757,0,554.17,545.03,561.47
48679,97002,0,554.17,544.58,561.57
48681,97602,0,554.17,544.08,562.42
48682,103920,0,554.05,544.78,561.28
48683,97543,0,554.17,544.53,561.8
63449,28783,0,435.28,299.36,461.4
63452,28497,0,434.31,298.97,460.85
48571,99070,0,554.17,544.25,562.05
48572,96551,0,554.17,544.82,561.51
48573,98128,0,554.17,544.82,561.64
48574,99645,0,554.17,544.52,561.74
48575,99604,0,554.16,544.8,561.6
48576,99416,0,554.17,544.87,561.62
48666,97587,0,554.17,543.95,562.32
48667,100065,0,554.17,543.33,565.28
48668,97140,0,554.17,544.45,561.85
48669,94862,0,554.16,544.7,561.62
63418,26052,0,447.63,297.04,495.14
63441,29166,0,437.99,299.34,461.12
63444,29046,0,440.05,300.25,460.83
63447,28738,0,439.51,298.26,461.38
48655,97092,0,554.17,544.57,561.7
48656,100571,0,554.17,544.31,561.98
48657,98668,0,554.17,544.51,561.79
48658,96751,0,554.17,544.2,562.26
48659,96264,0,554.17,544.75,561.52
48662,98118,0,554.17,542.84,565.17
48663,98808,0,554.17,544.5,561.85
48665,5302,0,414.06,358.8,500.56
48646,97729,0,554.17,544.37,562.15
48648,97324,0,554.17,544.79,561.75
48649,97888,0,554.17,544.32,562.01
48650,99949,0,554.17,544.51,561.82
48651,100006,0,554.17,544.56,561.93
48652,98544,0,554.17,544.83,561.59
48653,99998,0,554.17,544.28,562.01
48654,99513,0,554.17,543.46,562.94
63457,29824,0,435.12,297.63,467.43
48472,98013,0,554.17,543.36,562.9
48473,100476,0,554.17,544.0,562.62
48474,96271,0,554.17,544.79,561.73
48475,94513,0,522.61,452.68,561.22
48478,98864,0,554.17,544.67,561.85
48479,99253,0,554.17,544.27,562.3
48481,100201,0,554.17,543.96,562.36
48597,97057,0,554.17,544.48,562.11
48598,5770,0,366.84,358.51,372.9
48599,5243,0,436.36,358.71,524.99
48602,98403,0,554.17,544.85,561.51
48603,97312,0,554.17,543.96,562.53
48604,97313,0,554.17,544.62,561.63
63454,28413,0,434.73,298.55,460.83
63455,29709,0,435.88,298.44,461.07
48586,97190,0,554.17,543.92,562.38
48589,98542,0,554.17,544.52,561.88
48591,5014,0,516.06,440.15,547.71
48592,98148,0,554.17,544.63,561.76
48593,100659,0,554.17,544.56,561.71
48594,96685,0,554.17,543.6,562.87
48595,97423,0,554.17,544.72,561.54
48596,97976,0,554.16,544.34,562.07
48577,98090,0,554.17,544.46,562.03
48578,100073,0,554.16,544.6,561.68
48579,5435,0,463.04,380.58,535.55
48580,98575,0,554.17,544.49,561.79
48581,97840,0,554.16,543.86,562.41
48582,98433,0,554.17,544.34,562.1
48583,97528,0,554.17,544.02,562.55
48584,98234,0,554.17,544.13,562.22
48443,99170,0,554.17,544.72,562.84
48444,99622,0,554.17,543.31,562.65
48445,97956,0,554.17,544.57,561.61
48447,5286,0,365.06,350.46,372.98
48448,25005,0,352.01,173.78,487.3
48449,102441,0,554.17,544.78,561.53
48450,99326,0,554.17,544.88,561.55
48452,98617,0,554.17,544.5,561.95
48567,5374,0,438.11,358.18,525.58
48568,99640,0,554.17,544.49,561.95
48569,100605,0,554.17,544.72,561.58
48570,98129,0,554.18,544.39,562.02
48439,99526,0,554.17,543.76,562.59
48440,98913,0,554.17,544.04,561.76
48441,99717,0,554.17,543.93,562.13
48442,103537,0,554.18,545.12,561.26
48556,97132,0,554.17,544.98,561.44
48557,97029,0,554.17,544.37,561.98
48558,98311,0,554.17,544.2,562.07
48559,5278,0,438.81,358.85,530.24
48562,99422,0,554.17,543.83,562.59
48563,98273,0,554.17,544.94,561.53
48564,99356,0,554.17,545.31,561.13
48566,97795,0,554.17,544.01,562.08
48482,101949,0,554.17,545.14,561.38
48483,96471,0,554.18,545.13,561.29
48484,91656,0,499.48,395.97,560.6
48485,97109,0,554.17,544.75,561.65
48487,100326,0,554.17,544.21,562.05
48553,100254,0,554.17,544.36,562.17
48554,97993,0,554.69,544.45,562.97
48555,96114,0,554.17,545.14,561.27
48401,96145,0,554.17,544.7,561.57
48404,99180,0,554.17,542.53,562.26
48405,95475,0,554.17,544.42,561.94
48406,98541,0,554.17,542.03,564.43
48407,90914,0,515.04,430.32,558.57
48408,99104,0,554.17,544.78,561.6
48410,96061,0,554.17,544.5,561.68
48411,99741,0,554.17,544.71,561.65
63550,25762,0,353.18,310.11,368.19
48392,96785,0,554.17,544.33,562.12
48395,95884,0,554.17,543.58,562.8
48396,96762,0,554.17,542.51,563.96
48397,97018,0,554.17,544.17,562.08
48398,98871,0,554.17,543.64,562.8
48399,95217,0,554.17,542.54,564.04
48400,98357,0,554.17,543.77,562.53
48465,98060,0,554.17,544.61,561.76
48466,97511,0,554.17,544.31,561.83
48467,95762,0,554.17,544.81,561.52
48468,101399,0,554.17,543.71,562.31
48469,96758,0,554.17,544.26,562.14
48470,96789,0,554.24,543.87,562.6
48471,100464,0,554.17,544.49,561.85
63514,26914,0,444.5,289.94,488.95
48453,98898,0,554.17,544.15,561.92
48454,97045,0,554.17,543.86,562.98
48455,98538,0,554.17,544.35,561.84
48458,99125,0,554.17,544.52,561.92
48459,99705,0,554.17,544.47,561.9
48460,95283,0,542.32,498.2,561.57
48462,98445,0,554.17,532.36,571.74
48464,98022,0,554.17,544.16,562.23
48374,98835,0,554.17,544.74,561.59
48375,98828,0,554.17,544.72,561.73
48376,97006,0,554.17,544.59,561.87
48377,101034,0,554.44,543.92,563.25
48378,99540,0,554.17,544.28,561.98
48379,98029,0,554.17,543.86,562.66
48380,97309,0,554.17,544.55,561.9
48381,97118,0,554.17,544.01,562.46
48363,90358,0,518.45,435.75,560.33
48364,97462,0,554.17,543.91,562.45
48365,99039,0,554.17,544.52,561.98
48367,96151,0,554.17,544.56,561.85
48368,99322,0,554.17,545.15,561.3
48370,97431,0,554.17,543.91,562.58
48371,99485,0,554.17,543.07,563.53
48373,96793,0,554.18,543.75,562.61
48436,97290,0,554.17,544.24,562.19
48437,97477,0,554.18,544.08,562.1
48438,100966,0,554.3,544.55,565.84
63557,24151,0,354.12,307.75,368.84
63560,24588,0,352.9,306.92,368.3
48360,100452,0,554.17,544.85,561.41
48361,97343,0,554.17,544.59,561.51
48362,100150,0,554.17,544.46,561.98
48412,95349,0,554.17,543.79,562.67
48428,98992,0,554.17,544.26,561.18
48430,5313,0,421.52,358.55,499.16
48431,101579,0,554.17,544.2,562.39
48432,100480,0,554.17,544.52,561.77
48433,95478,0,554.17,543.55,562.5
48434,100563,0,554.17,544.56,561.72
48435,101914,0,554.17,543.27,563.05
48330,98966,0,554.17,544.33,562.12
48331,99752,0,554.17,544.16,562.29
48332,98446,0,554.16,543.98,562.31
48333,98760,0,554.17,545.34,561.06
48334,97117,0,554.17,544.39,561.87
48353,100559,0,554.17,544.23,562.05
48354,101025,0,554.17,544.9,561.43
48355,102472,0,554.18,544.28,562.02
48321,101279,0,554.17,544.08,562.83
48323,99718,0,554.17,544.33,561.92
48324,5906,0,364.5,352.37,372.73
48325,97861,0,554.17,544.64,561.8
48326,97534,0,554.17,544.46,561.94
48327,99510,0,554.17,544.23,562.27
48328,99855,0,554.17,544.56,561.59
48329,98144,0,554.17,542.71,563.35
48312,104315,0,554.17,544.33,562.06
48314,99313,0,554.16,544.4,562.05
48315,97971,0,554.17,545.1,561.36
48316,100296,0,554.17,544.13,562.37
48317,99974,0,554.17,544.28,561.93
48318,98098,0,554.17,545.12,561.28
48319,100224,0,554.17,544.19,562.16
48320,99135,0,554.17,544.14,562.11
48382,101877,0,554.17,544.64,561.68
48384,5938,0,368.87,355.44,405.29
48385,99588,0,554.17,544.61,561.77
48386,96921,0,554.17,544.16,562.32
48388,99898,0,554.17,544.88,561.53
48390,100477,0,554.17,543.8,562.72
48391,97002,0,554.17,545.11,561.4
48311,98432,0,554.17,543.68,562.57
48289,98354,0,554.17,544.72,561.71
48290,100409,0,554.17,544.39,561.99
48291,97286,0,554.17,544.61,561.72
48292,96482,0,554.17,544.66,561.64
48293,98552,0,554.17,544.21,562.39
48294,100211,0,554.17,543.67,562.57
48295,100342,0,554.16,544.74,561.52
48297,5749,0,406.47,358.24,490.58
48280,98230,0,554.17,543.62,562.92
48282,98431,0,554.17,545.14,561.36
48283,100222,0,554.17,543.78,562.43
48284,100214,0,554.17,544.63,561.84
48285,5628,0,408.41,357.93,489.95
48286,100211,0,554.16,543.64,562.59
48287,97350,0,554.17,544.85,561.5
48288,98858,0,542.5,362.3,562.24
63669,22833,0,351.06,317.61,367.84
63671,21509,0,351.38,317.94,367.05
63672,22002,0,350.48,317.89,368.64
63673,23253,0,350.28,317.73,367.78
63674,22568,0,350.2,318.07,372.6
63675,21290,0,348.95,318.14,366.65
63676,23644,0,349.88,318.09,367.35
63679,22406,0,460.89,324.16,493.78
48356,99286,0,554.17,543.05,563.24
48357,98483,0,554.3,544.43,563.26
48358,97697,0,554.17,544.22,562.2
48359,100016,0,554.17,544.52,561.79
63664,23078,0,349.95,326.78,367.74
63666,21623,0,351.5,318.25,367.98
63667,22799,0,351.57,318.64,368.13
63668,21954,0,351.35,318.26,367.96
48124,98040,0,554.17,542.6,564.05
48125,100970,0,554.17,544.17,561.86
48126,99751,0,554.17,544.98,561.36
48127,98561,0,554.17,544.06,562.5
48128,97821,0,554.17,545.03,561.57
48129,101207,0,554.18,543.53,562.8
48130,98550,0,554.47,543.24,563.09
48131,97196,0,554.17,541.8,564.09
63754,23503,0,352.53,318.48,367.99
63755,23149,0,352.72,317.71,368.67
63756,23159,0,351.95,318.43,368.29
63758,23488,0,352.61,318.18,368.37
63760,22696,0,350.56,318.22,368.33
63763,22325,0,351.86,317.28,371.24
63766,21893,0,467.0,313.54,496.37
48123,97172,0,554.17,544.7,561.78
48308,5194,0,407.81,358.32,491.28
48309,99620,0,554.17,545.02,561.31
48310,96725,0,554.17,543.92,562.31
63706,22439,0,432.82,295.39,463.69
63716,23776,0,434.1,293.85,460.7
63751,23033,0,353.11,318.06,368.79
63752,21639,0,351.45,318.81,368.56
63753,23862,0,350.67,318.36,366.94
48298,99104,0,554.17,544.73,561.73
48299,101768,0,554.17,544.81,561.54
48300,100484,0,554.17,544.96,561.49
48301,96543,0,554.17,544.58,561.77
48303,98823,0,554.76,544.24,563.1
48304,98476,0,554.17,544.24,561.87
48305,98507,0,554.2,544.43,565.19
48306,96557,0,554.17,543.7,562.67
48097,98637,0,554.17,544.8,561.51
48098,100402,0,554.17,544.09,562.37
48099,99582,0,554.17,541.33,565.18
48100,98386,0,554.17,543.65,562.43
48101,98056,0,554.17,543.52,562.82
48102,98368,0,544.97,353.98,562.74
48104,99777,0,554.17,543.5,562.22
48105,100117,0,554.17,544.2,562.04
48151,100257,0,554.16,544.91,561.46
48276,97377,0,554.17,543.87,562.47
48277,103377,0,554.17,545.17,561.22
48278,98602,0,554.17,544.55,561.78
48093,98255,0,554.17,544.68,561.78
48094,96869,0,554.17,543.93,562.38
48095,98342,0,554.17,544.05,562.16
48096,97024,0,554.17,544.72,562.15
48140,99533,0,554.17,544.84,562.81
48142,98182,0,554.16,544.48,561.89
48143,101888,0,554.17,544.2,562.34
48144,96807,0,554.17,544.29,561.67
48145,98204,0,554.17,544.75,561.69
48148,98117,0,554.17,544.83,561.72
48149,100046,0,554.17,544.89,561.48
48150,99341,0,554.17,545.04,561.33
48132,101979,0,554.17,544.07,561.87
48133,100781,0,554.17,544.76,561.53
48134,97967,0,554.17,544.59,561.71
48135,97925,0,554.17,542.67,563.8
48136,99966,0,554.17,544.63,561.88
48137,97275,0,554.17,544.73,561.47
48138,102578,0,554.17,543.3,563.05
48139,97658,0,554.17,545.24,561.11
47898,96267,0,554.17,543.83,563.65
47901,97411,0,554.17,544.53,561.81
47903,98602,0,554.17,544.46,561.88
47904,97753,0,554.17,544.13,562.27
47907,98554,0,554.17,544.46,562.07
47908,99840,0,554.17,544.53,561.79
47910,99524,0,554.17,544.28,561.99
47911,102428,0,554.18,544.3,561.83
48010,99193,0,554.17,540.52,565.73
48018,95504,0,500.53,368.39,565.63
48019,99667,0,554.18,543.42,562.86
48022,98565,0,554.17,541.79,564.52
48023,95423,0,554.17,544.79,561.49
48027,5488,0,325.54,290.78,348.28
48029,98489,0,554.17,545.05,561.34
47896,97685,0,554.17,544.22,562.59
48119,96711,0,554.17,543.52,562.39
48120,100000,0,554.17,544.9,561.49
48121,98105,0,554.18,544.8,561.8
63797,21585,0,465.92,300.37,495.56
47993,99193,0,554.17,542.76,563.57
47997,97592,0,554.17,544.7,561.68
48000,94961,0,554.17,544.23,562.08
48009,97800,0,554.17,543.78,562.88
48106,95706,0,554.17,544.47,561.69
48107,98479,0,554.17,544.4,561.75
48111,100161,0,554.17,543.62,562.03
48112,99614,0,554.17,543.94,562.72
48113,98648,0,554.17,544.6,561.8
48115,97370,0,554.17,544.23,562.44
48116,99563,0,554.17,544.26,561.99
48117,98520,0,554.17,544.9,561.6
47823,97351,0,554.17,544.8,561.66
47824,96798,0,554.17,544.4,562.03
47825,99825,0,554.17,544.26,562.16
47826,95566,0,554.17,544.26,562.1
47827,98577,0,554.17,543.7,562.58
47828,100545,0,554.17,543.71,562.73
47830,98950,0,554.18,544.26,562.8
47831,98629,0,554.18,544.63,571.31
47895,98696,0,554.17,543.64,562.9
47815,98694,0,554.17,543.62,562.83
47816,98112,0,554.17,542.52,564.42
47817,98748,0,554.17,544.67,561.62
47818,98193,0,554.17,544.31,562.64
47819,99806,0,554.17,544.25,562.11
47821,98431,0,554.17,545.07,561.25
47822,97993,0,554.17,544.11,562.2
47873,97848,0,554.17,544.02,562.34
47874,100947,0,554.17,544.6,561.96
47879,96965,0,554.18,544.06,562.52
47882,93321,0,508.81,420.03,560.55
47883,101654,0,554.17,543.43,563.08
47884,98806,0,554.18,544.37,561.93
47887,99377,0,554.18,544.52,562.49
47894,100275,0,554.18,543.9,562.9
47915,5872,0,366.79,357.94,372.91
47916,96781,0,554.17,544.84,561.68
47919,97328,0,554.17,544.26,562.24
47978,99671,0,554.17,541.63,564.69
47981,96559,0,554.17,544.62,561.7
47861,100541,0,554.17,544.68,561.61
47862,99063,0,554.17,542.63,563.63
47870,96431,0,554.18,544.71,561.8
47796,102891,0,554.17,544.07,562.49
47797,97561,0,554.17,544.58,561.73
47798,97497,0,554.17,544.64,561.75
47799,97351,0,554.17,544.63,561.68
47800,99932,0,554.17,544.68,561.54
47802,96470,0,554.17,543.52,562.67
47804,96688,0,554.17,545.02,561.42
47805,101214,0,554.17,543.49,562.82
47787,100015,0,554.17,543.41,562.84
47788,97823,0,554.17,544.24,562.25
47789,99931,0,554.17,544.88,561.47
47790,97983,0,554.17,544.42,561.85
47791,96840,0,554.17,543.71,562.71
47792,99272,0,554.17,544.89,561.56
47793,97818,0,554.17,544.09,562.37
47794,5679,0,407.02,358.35,489.46
47843,97544,0,554.17,544.3,562.23
47844,100655,0,554.17,544.65,561.79
47845,97454,0,554.17,542.46,564.03
63870,20938,0,424.44,306.45,450.72
63878,20548,0,424.96,303.36,452.08
47776,93979,0,554.17,544.98,561.44
47778,98236,0,554.17,544.17,562.24
47780,97125,0,554.17,544.66,561.63
47832,97469,0,554.17,544.04,562.32
47833,99042,0,554.17,544.64,561.98
47836,99247,0,554.17,543.94,562.63
47837,99825,0,554.17,544.78,561.47
47838,98913,0,554.17,544.45,562.17
47839,97347,0,554.17,545.12,561.26
47840,98424,0,554.17,542.26,564.28
47841,97519,0,554.17,544.36,562.13
47667,98235,0,554.17,544.47,561.89
47672,99347,0,554.17,544.15,562.17
47676,96424,0,554.17,543.59,562.68
47679,93404,0,533.12,479.1,560.39
47722,98450,0,554.17,544.58,561.81
47723,97338,0,554.17,544.94,561.47
47724,97454,0,554.17,544.46,561.97
47728,99197,0,554.17,545.08,561.32
47754,96845,0,554.18,544.78,561.4
47760,99235,0,554.17,544.12,562.35
47762,97290,0,554.17,544.74,561.53
47767,98783,0,554.17,544.44,561.89
47770,97769,0,554.17,544.28,562.29
47771,97821,0,554.17,544.74,561.58
47772,97515,0,554.17,544.73,561.74
47773,98343,0,554.17,544.79,561.59
47745,96992,0,554.17,544.61,561.66
47746,97467,0,554.17,545.11,561.21
47747,97187,0,554.18,544.93,561.36
47748,98047,0,554.18,544.84,561.41
47749,98599,0,554.17,542.61,563.27
47750,95268,0,554.17,542.18,564.26
47752,98438,0,554.17,543.99,562.46
47753,96942,0,554.18,544.85,561.6
47806,98649,0,554.17,544.83,564.69
47807,97481,0,554.17,544.84,562.24
47808,97740,0,554.17,545.14,561.28
47810,99465,0,554.17,544.17,562.25
47812,98084,0,554.18,540.72,566.39
47814,96995,0,554.17,543.67,562.73
47741,5387,0,485.78,432.39,544.54
47742,97048,0,554.17,541.72,564.8
47589,98266,0,554.16,543.55,561.85
47590,98106,0,554.17,543.32,562.85
47592,99352,0,554.17,544.29,562.01
47596,97701,0,554.17,544.13,562.37
47604,97677,0,554.17,544.26,562.31
47621,95379,0,554.17,543.96,561.94
47622,98012,0,554.17,544.43,562.07
47623,100830,0,554.17,544.33,561.91
47650,100283,0,554.17,544.68,561.72
47652,96304,0,554.17,543.88,562.61
47655,97177,0,554.17,544.72,561.79
47656,97947,0,554.17,544.44,561.76
47657,96884,0,554.17,544.58,561.64
47662,98485,0,548.57,479.55,562.07
47587,99558,0,554.17,542.84,563.33
47588,100939,0,554.17,544.39,561.95
63945,21190,0,481.66,299.85,584.7
63948,20690,0,484.04,301.65,584.37
47632,97294,0,554.17,542.49,563.85
47638,97696,0,554.17,544.88,561.48
47641,96462,0,554.17,544.66,561.6
47643,100538,0,546.81,491.46,563.03
47648,95306,0,554.17,543.7,562.87
47649,98524,0,554.17,545.01,561.45
47730,99220,0,554.17,544.41,561.9
47731,98224,0,554.17,545.4,560.98
47733,100655,0,554.17,543.26,563.41
47734,97148,0,554.17,543.94,562.51
47736,98826,0,554.17,544.36,561.96
47738,5802,0,333.56,298.88,357.51
47739,99376,0,554.17,544.67,561.58
63944,19705,0,481.18,302.64,584.38
47392,98673,0,554.17,545.04,561.38
47393,99802,0,554.17,542.86,563.62
47395,99274,0,554.17,544.06,562.31
47397,99874,0,554.17,544.36,562.1
47399,100843,0,554.17,543.7,561.94
47400,99979,0,554.17,544.21,562.13
47401,97186,0,554.17,545.09,561.52
47404,101691,0,554.17,544.13,562.23
47383,98832,0,554.18,542.62,570.9
47384,101164,0,554.17,544.04,562.4
47385,100038,0,554.17,543.95,562.53
47386,98718,0,554.17,543.41,563.09
47388,101276,0,554.17,544.37,562.2
47389,100315,0,554.17,544.32,561.75
47390,99192,0,554.17,543.58,562.62
47391,100452,0,554.17,544.53,561.88
47568,98515,0,554.17,544.24,562.16
47572,97594,0,554.17,544.78,561.52
47573,99143,0,550.39,493.14,562.49
47577,100491,0,554.17,544.16,562.34
47582,100936,0,544.33,461.47,562.52
47380,98075,0,554.17,544.14,562.35
47381,101030,0,554.17,544.13,562.08
47382,97487,0,554.17,543.78,562.95
47625,96987,0,554.16,542.46,563.84
47627,100563,0,554.17,545.12,561.35
47628,100387,0,554.17,541.09,565.22
47630,99732,0,554.17,542.19,564.31
47555,99182,0,554.17,544.68,561.65
47559,100162,0,554.17,542.86,563.69
47563,101042,0,554.17,544.28,562.21
47565,99276,0,554.17,543.95,562.56
47362,97834,0,554.17,544.17,562.21
47366,96190,0,554.17,544.04,562.33
47367,98997,0,554.17,543.4,562.84
47368,101092,0,554.17,543.75,562.69
47370,98541,0,548.59,467.21,562.3
47371,96381,0,554.17,543.68,562.5
47373,98783,0,554.17,545.14,561.38
47374,99353,0,554.17,544.92,561.23
47353,98496,0,554.17,544.34,561.99
47354,101739,0,554.17,544.59,561.51
47355,97021,0,554.17,544.24,562.09
47356,100495,0,554.17,544.55,561.65
47357,100107,0,554.17,544.75,561.68
47358,98743,0,554.18,544.34,562.08
47359,91867,0,504.35,422.53,560.97
47361,101624,0,554.17,544.49,561.66
64024,18129,0,490.82,321.83,584.68
64033,18220,0,495.01,323.46,584.15
64037,19007,0,496.14,321.65,586.62
47178,97777,0,554.17,544.78,561.72
47179,105308,0,554.17,544.73,561.92
47350,4883,0,423.63,359.0,507.19
47351,98640,0,554.17,543.93,562.4
47352,100325,0,554.17,544.15,562.11
47405,100271,0,554.17,544.0,562.36
47406,99694,0,554.17,544.08,562.15
47407,100184,0,554.17,543.36,563.08
47408,101363,0,554.17,545.04,561.33
64014,18645,0,465.04,329.4,494.11
64015,17317,0,460.73,329.53,494.19
64017,17713,0,461.89,329.72,500.57
64023,18215,0,499.08,323.54,583.54
46782,95150,0,554.17,544.3,561.76
46783,5527,0,385.84,356.14,444.18
46784,99193,0,554.17,544.28,562.15
46786,97585,0,554.17,544.65,561.95
46790,95926,0,554.17,543.0,563.67
46792,98623,0,554.17,544.11,562.19
46794,98169,0,554.17,543.51,562.77
46796,97422,0,554.17,544.19,562.08
47135,98849,0,554.17,543.72,562.92
47143,99664,0,554.17,544.37,562.1
47157,99472,0,554.17,544.82,561.51
47158,99865,0,554.17,544.66,561.83
47161,98614,0,554.17,544.77,561.95
47171,98382,0,554.17,544.07,562.18
46758,103765,0,554.17,543.52,562.83
46780,95878,0,554.17,543.57,562.8
64066,15303,0,350.86,317.47,367.28
64067,16274,0,350.8,318.44,367.71
64068,16143,0,352.87,317.33,369.39
64072,17096,0,349.84,315.17,366.72
64073,17371,0,352.4,316.61,366.91
64074,17146,0,351.78,316.94,367.4
64076,16355,0,349.92,315.61,366.54
47133,99986,0,554.17,543.29,563.33
47375,98582,0,554.17,543.5,563.08
47376,98166,0,554.17,543.92,562.27
47377,99029,0,554.17,544.4,562.01
47378,98835,0,554.17,542.89,563.38
47379,98703,0,554.17,543.91,562.55
64039,18413,0,500.44,323.6,584.04
64041,18590,0,494.57,323.64,583.82
64065,17740,0,351.98,318.64,368.5
46687,102444,0,554.17,544.27,562.11
46689,97669,0,554.26,544.56,565.2
46690,101050,0,554.17,543.73,562.38
46691,101812,0,554.17,543.85,562.19
46693,93582,0,485.43,342.74,561.06
46696,99549,0,554.17,543.92,562.41
46698,99827,0,554.73,544.32,563.59
46699,98090,0,554.17,543.46,563.22
46746,98837,0,554.17,544.47,561.98
46749,97680,0,554.17,543.26,563.23
46753,97271,0,554.17,544.02,562.44
46588,99700,0,554.17,544.02,562.31
46672,98289,0,554.17,544.41,562.11
46674,96140,0,554.17,544.03,562.4
46681,99058,0,554.17,544.65,561.64
46685,98379,0,554.17,544.8,561.6
46714,97321,0,554.17,544.31,561.94
46715,96216,0,554.17,544.56,561.65
46718,97388,0,551.99,516.94,561.48
46725,100236,0,554.17,544.1,562.34
46727,80365,0,554.17,544.8,561.58
46740,99204,0,554.18,544.53,562.11
46743,97546,0,554.17,543.62,562.85
46744,98212,0,554.17,543.54,562.98
47122,97141,0,554.17,544.72,561.62
47126,96746,0,554.17,544.37,563.74
64123,14965,0,352.11,327.7,367.58
64124,16020,0,350.57,320.09,367.51
46706,98378,0,554.09,542.8,562.01
46709,97895,0,554.17,543.23,562.92
46712,99964,0,554.17,544.52,561.84
46713,98273,0,554.16,544.35,562.04
46362,99033,0,549.61,486.01,562.04
46366,97715,0,554.17,544.44,561.86
46372,97433,0,485.96,319.91,565.65
46375,95892,0,551.66,508.78,562.01
46376,95092,0,541.72,484.04,562.49
46382,99059,0,554.17,545.25,561.19
46383,98887,0,549.28,483.91,562.03
46384,99173,0,554.17,544.47,561.53
46572,97801,0,554.18,543.09,563.36
46575,97356,0,520.09,404.62,562.51
46576,97960,0,554.17,544.92,561.26
46582,99567,0,554.17,544.44,561.86
46585,96251,0,554.17,544.59,561.86
46357,99496,0,554.17,543.15,562.79
46359,95933,0,546.49,501.69,561.73
46360,100329,0,523.14,377.34,562.43
46553,96744,0,554.17,544.02,562.27
46556,98385,0,554.17,544.67,561.75
46557,98373,0,554.17,543.98,562.07
46558,96143,0,554.17,543.16,563.2
46564,96816,0,554.17,544.88,561.47
46565,99852,0,554.17,545.01,561.36
46566,100195,0,554.14,532.23,561.67
46567,100502,0,554.17,544.76,561.6
46700,100535,0,554.17,543.76,562.69
46701,100615,0,554.17,543.8,562.41
46702,95699,0,554.17,542.93,563.56
46705,98315,0,554.17,544.86,561.39
64129,17229,0,349.77,316.97,366.8
64134,15685,0,348.37,315.95,366.9
64135,16735,0,352.3,316.49,368.31
46549,97276,0,532.92,461.47,561.44
46355,98431,0,554.17,543.78,562.47
46356,99384,0,554.17,544.18,562.39
46137,98966,0,516.03,357.85,561.96
46141,93465,0,545.51,510.06,562.18
46142,98831,0,554.17,544.43,561.79
46144,95104,0,554.17,544.75,561.56
46146,98406,0,554.17,544.29,562.13
46150,98136,0,538.82,473.13,561.84
46343,99559,0,554.17,542.99,563.41
46344,100245,0,554.17,542.8,563.9
46348,91528,0,540.99,503.87,561.3
46349,100152,0,549.01,485.19,561.85
46351,97863,0,554.17,543.98,562.73
46352,102427,0,554.17,544.15,562.34
46353,99783,0,554.17,544.68,561.68
46354,100005,0,554.17,543.99,562.38
46328,97609,0,554.17,544.48,562.09
46329,99477,0,554.17,543.99,562.89
46331,101229,0,554.17,543.34,562.93
46333,97782,0,554.18,544.49,561.93
46335,99197,0,554.17,544.14,562.18
46337,96429,0,554.17,544.37,562.15
46338,100159,0,554.17,544.57,561.93
46342,97822,0,554.17,544.68,561.57
46533,98764,0,554.17,544.75,561.56
46535,98615,0,554.17,544.62,561.72
46537,99483,0,554.17,544.05,562.37
46541,96795,0,554.17,545.07,561.46
46172,96769,0,554.17,543.9,562.28
46173,96314,0,554.17,543.79,562.64
46174,96604,0,554.17,543.88,562.59
46326,100376,0,554.17,544.13,561.97
46079,99484,0,554.17,544.81,561.54
46080,95652,0,536.69,488.85,561.21
46082,98369,0,554.17,543.8,562.34
46083,97523,0,554.17,544.58,561.74
46117,96916,0,554.18,542.96,563.54
46119,98044,0,554.17,544.22,562.37
46120,95631,0,554.17,544.05,562.17
46123,99297,0,554.17,543.94,562.81
64217,15197,0,427.01,286.49,460.26
64218,14191,0,427.02,286.8,462.3
46070,98712,0,554.18,544.43,561.94
46073,98014,0,554.17,542.53,563.81
46074,97957,0,554.17,544.57,561.72
46075,98036,0,554.17,544.59,564.19
46076,98902,0,554.17,544.08,562.31
46077,99233,0,552.14,529.34,561.98
46168,100326,0,554.17,543.13,563.23
46171,97910,0,554.17,544.9,561.71
64203,14983,0,426.09,290.75,461.79
64208,14956,0,427.19,289.38,476.35
64209,15050,0,427.59,288.95,461.07
64210,15398,0,428.18,288.65,467.43
64211,14601,0,426.7,288.42,476.0
64212,14529,0,423.83,288.19,473.21
46154,99238,0,554.17,544.96,561.46
46155,98126,0,550.56,502.7,562.47
46156,96697,0,554.17,542.97,563.45
46157,97179,0,554.17,542.96,563.44
46159,96608,0,554.17,545.34,561.08
46160,97503,0,554.17,539.06,567.25
46165,5927,0,382.94,361.97,398.06
46167,99805,0,554.17,544.58,561.74
64295,13265,0,426.58,328.87,451.78
64296,13112,0,428.38,329.29,450.52
46033,98175,0,554.17,544.01,562.21
46034,98774,0,554.17,544.61,561.93
46035,99958,0,554.17,543.44,562.55
46036,99935,0,554.17,544.97,561.33
46038,95317,0,554.17,544.49,561.87
46039,100356,0,554.17,544.48,561.71
64266,15449,0,431.7,299.88,461.35
64269,14634,0,433.32,299.42,460.97
64272,14380,0,434.18,298.82,467.14
64278,13953,0,432.04,297.69,461.13
64281,15279,0,431.49,297.19,461.02
64282,14439,0,429.03,297.01,461.6
64292,13441,0,429.38,329.14,451.22
64294,13235,0,426.84,328.52,450.27
64236,14325,0,340.04,317.75,347.53
64239,14701,0,338.82,316.34,348.24
64240,14814,0,338.01,316.59,347.66
64243,15296,0,338.61,315.79,366.08
64245,15226,0,336.24,314.85,348.5
64252,14280,0,430.91,314.29,490.26
64256,13757,0,434.94,301.78,461.52
64260,14093,0,430.5,301.16,460.84
46124,100712,0,554.17,544.6,561.74
46127,98056,0,554.17,543.5,562.95
46128,99169,0,550.81,500.41,562.41
46129,98982,0,554.17,543.98,562.24
46130,98727,0,554.17,544.25,562.25
46131,97770,0,554.17,544.97,561.32
64233,14634,0,341.29,317.81,347.62
64234,14651,0,341.08,317.95,360.46
45764,95463,0,554.17,544.45,561.75
45772,97617,0,551.67,527.4,561.6
45773,99056,0,554.17,543.78,562.7
45774,99117,0,524.62,385.93,561.91
45780,100667,0,554.17,544.32,562.1
45781,97614,0,524.79,459.57,561.48
45784,91462,0,509.95,423.33,561.3
45786,96053,0,554.17,544.19,563.06
46063,101644,0,554.17,542.92,563.61
46064,97040,0,554.17,544.78,562.87
46066,99886,0,554.17,544.57,561.64
46067,5850,0,332.95,309.87,357.64
46068,26416,0,363.5,228.4,542.79
45758,91122,0,415.76,272.58,494.73
45759,98556,0,554.17,544.9,561.46
45760,99258,0,554.17,545.19,561.22
46053,98255,0,554.17,542.79,563.37
46054,99346,0,554.17,544.86,561.42
46055,98654,0,554.17,544.13,562.08
46058,97944,0,554.42,544.89,563.34
46059,100575,0,554.17,544.72,561.63
46060,99488,0,554.17,544.53,561.69
46061,98589,0,554.17,544.11,562.34
46062,58573,0,524.16,254.39,561.02
46040,5350,0,469.75,386.79,545.91
46043,97723,0,554.17,544.37,564.58
46044,5204,0,463.04,376.64,545.98
46045,98117,0,554.17,544.72,561.64
46047,96171,0,554.17,544.87,561.28
46048,100329,0,554.17,544.96,561.44
46051,97837,0,554.17,544.56,561.88
46052,98910,0,554.17,544.11,562.28
45753,94706,0,485.48,316.04,561.88
45754,101241,0,554.17,544.25,562.18
45755,98277,0,554.17,545.24,561.08
45756,89286,0,495.56,426.58,551.65
64338,12180,0,430.56,324.59,454.95
64344,11113,0,462.9,344.24,581.33
64348,10768,0,470.82,344.64,584.07
64349,10520,0,463.06,337.27,584.49
45731,99874,0,554.17,544.93,561.42
45738,93392,0,497.48,399.97,562.81
45741,97332,0,554.17,544.86,561.44
45742,98996,0,476.6,271.63,562.15
45744,94868,0,543.93,495.43,564.13
45746,92729,0,518.55,471.23,560.6
45747,92500,0,544.38,509.82,561.7
45751,98550,0,554.17,544.11,562.31
64325,11228,0,353.12,316.57,368.24
64326,12733,0,351.64,316.19,366.77
64327,12297,0,347.99,316.08,367.68
64328,12674,0,349.96,316.0,367.66
64329,12349,0,347.75,315.81,367.47
45710,98863,0,554.17,544.7,561.67
45711,98725,0,554.18,543.79,562.66
45712,97473,0,553.48,535.41,562.15
46027,100432,0,554.17,543.95,562.4
46028,96038,0,554.17,544.37,561.94
46029,97878,0,554.16,543.66,562.82
46032,97542,0,554.17,544.9,561.66
64318,12706,0,351.53,319.81,367.96
64320,12118,0,354.32,316.5,367.65
64322,12272,0,351.05,312.64,366.89
64323,11767,0,349.41,317.06,367.05
45689,100313,0,554.18,544.67,561.63
45695,99383,0,554.18,544.23,562.27
45696,99495,0,554.17,544.41,561.87
45697,98094,0,554.18,544.75,561.46
45700,98852,0,554.18,544.32,562.19
45701,98644,0,554.18,543.19,566.03
45702,98829,0,503.63,299.22,561.97
45703,94579,0,532.75,473.53,561.02
45673,98081,0,554.17,544.54,561.68
45674,100572,0,554.17,544.82,561.54
45675,100200,0,554.17,545.07,561.2
45676,99437,0,554.17,544.41,562.0
45677,99836,0,554.18,544.58,561.79
45679,97646,0,554.18,545.18,561.19
45685,98105,0,554.17,544.67,561.82
45686,100628,0,554.17,544.45,561.85
64360,10730,0,466.97,338.94,582.58
64361,10863,0,466.7,346.7,584.52
64366,10812,0,459.38,345.81,584.21
64367,11271,0,464.45,348.72,583.9
64368,11071,0,465.47,346.55,583.85
64370,10390,0,342.2,335.13,347.2
64371,11067,0,342.12,335.29,347.03
64372,10774,0,342.15,335.18,347.06
64350,10390,0,465.67,343.32,581.85
64352,10383,0,467.44,345.65,581.46
64353,11134,0,461.95,344.73,585.38
64354,10080,0,465.59,345.46,585.65
64355,11169,0,465.22,345.82,581.88
64357,11003,0,470.21,345.86,581.45
64358,11192,0,462.54,345.67,584.3
64359,10657,0,462.49,345.29,583.94
64444,10624,0,421.46,317.5,461.33
64445,10417,0,423.02,317.45,460.4
64446,10201,0,421.56,317.26,460.56
64447,10679,0,421.83,317.46,461.82
64448,9989,0,421.58,317.54,461.79
64449,10093,0,421.09,317.58,462.56
64452,10416,0,424.31,317.61,461.79
64453,11028,0,427.29,317.48,461.1
64434,11354,0,442.7,352.66,564.08
64435,11337,0,441.14,352.15,560.2
64436,11221,0,447.68,335.89,568.97
64437,11299,0,440.61,352.4,553.46
64438,10979,0,427.28,317.63,461.18
64440,10270,0,423.35,316.02,460.66
64441,10465,0,423.69,317.58,460.82
64442,11263,0,426.17,317.31,460.58
64418,11246,0,444.62,352.19,576.51
64421,10912,0,445.25,352.32,552.74
64422,11159,0,445.65,352.26,559.02
64423,10805,0,443.35,352.25,555.19
64424,11018,0,445.44,352.24,566.79
64429,10769,0,446.1,352.71,564.16
64431,10921,0,442.9,352.19,554.4
64432,10934,0,441.83,352.05,549.03
45706,102005,0,552.79,514.59,561.95
64374,11220,0,342.09,331.38,348.86
64376,9553,0,341.02,317.46,348.0
64377,10128,0,340.72,315.64,360.12
64381,9549,0,338.38,316.34,347.17
64382,10585,0,338.26,316.22,347.31
64414,10986,0,446.35,352.57,562.62
64417,11295,0,441.12,352.3,551.42
45416,99037,0,549.45,458.06,561.74
45417,100966,0,554.17,542.26,563.85
45419,98994,0,554.17,544.58,561.83
45540,97803,0,554.17,543.84,562.39
45542,97883,0,554.17,545.08,561.37
45543,97392,0,554.17,545.04,561.34
45544,99219,0,554.17,544.43,561.9
45555,97424,0,554.17,544.62,561.61
45665,98722,0,554.17,543.34,563.11
45668,97567,0,554.17,543.79,562.52
45669,95226,0,545.82,508.13,562.49
45670,102121,0,554.18,543.0,563.47
45671,98041,0,554.17,544.48,561.79
45412,98434,0,554.17,543.96,562.24
45414,97451,0,554.17,541.54,564.74
45415,97719,0,554.17,543.74,562.55
45578,96421,0,554.17,544.43,561.99
45580,100266,0,554.17,544.55,561.89
45581,96325,0,554.17,543.12,564.24
45582,99906,0,554.17,545.04,561.16
45589,99389,0,554.16,543.85,561.65
45590,96204,0,554.17,544.61,561.92
45660,100769,0,554.17,543.04,562.34
45663,94577,0,532.43,489.35,560.35
64454,10806,0,417.62,317.69,455.35
45567,99975,0,554.17,544.9,561.55
45568,99091,0,554.17,545.07,561.19
45569,98706,0,554.17,545.16,561.06
45570,98439,0,554.17,544.63,561.68
45572,94663,0,531.51,471.79,561.11
45573,97879,0,554.17,544.05,562.26
45576,98043,0,554.17,544.21,562.07
45406,98062,0,554.17,544.5,561.84
45408,100019,0,554.18,543.02,563.28
64498,9428,0,415.45,309.1,460.78
64594,9427,0,395.43,298.47,460.82
64597,8787,0,391.07,298.92,460.0
64599,9186,0,391.46,297.97,460.97
64600,9006,0,393.06,298.09,460.63
64601,9635,0,392.87,297.17,460.27
45389,96861,0,554.17,543.58,562.78
45390,97380,0,554.17,543.74,562.62
45392,5931,0,331.63,308.98,356.03
45395,96354,0,554.17,544.02,562.27
45397,99913,0,554.17,542.91,563.2
45399,97579,0,554.17,543.86,562.49
45404,98507,0,554.17,544.89,561.38
45405,97679,0,554.18,544.8,561.72
45376,99533,0,554.18,544.35,562.12
45377,96727,0,554.17,544.53,561.69
45379,96014,0,554.17,544.68,561.75
45383,100490,0,554.17,544.96,561.53
45384,98284,0,554.9,543.61,563.63
45386,98650,0,554.17,544.87,561.41
45387,97820,0,550.06,503.05,561.43
45388,99222,0,554.18,544.69,561.61
45564,98206,0,554.18,544.98,561.2
45565,95699,0,550.46,505.07,561.94
64456,10107,0,420.86,317.62,460.49
64457,10945,0,422.27,317.52,472.72
64462,10177,0,400.15,317.78,488.86
64472,9057,0,421.25,311.83,461.27
64476,8708,0,420.28,311.45,461.59
64489,9543,0,416.45,307.72,461.18
64686,9204,0,406.23,287.79,461.67
64688,8788,0,403.6,286.81,460.08
64690,9253,0,407.06,287.19,460.57
64697,9340,0,408.41,311.66,451.69
64698,9375,0,407.52,311.34,451.6
64699,9419,0,412.14,311.19,451.86
64700,9372,0,412.5,311.04,450.79
45217,98835,0,554.17,544.44,561.79
64672,9512,0,410.76,291.14,461.0
64673,9294,0,411.33,290.82,461.96
64674,9128,0,410.33,290.54,460.48
64675,9006,0,408.97,290.31,460.74
64680,8658,0,404.88,289.1,460.54
64682,9071,0,400.12,288.6,458.73
64684,9169,0,406.82,288.13,460.62
64685,9523,0,407.34,288.02,460.66
64619,9858,0,391.07,294.67,460.84
64664,9646,0,414.67,292.9,488.69
64665,9419,0,411.75,292.76,461.31
64666,8755,0,408.44,292.53,460.79
64668,9284,0,410.36,292.05,460.82
64669,9146,0,412.12,291.81,463.24
64670,9163,0,410.42,291.61,461.14
64671,9456,0,411.74,291.46,461.08
64602,8899,0,391.86,297.62,460.52
64604,8643,0,393.87,296.45,460.12
64606,9539,0,391.66,295.6,460.32
64608,9386,0,395.21,295.43,462.09
64611,9385,0,393.07,295.02,460.17
64615,9685,0,395.06,294.25,460.47
64616,9165,0,393.35,293.9,461.57
64617,9182,0,346.33,293.94,368.26
64708,9483,0,407.8,309.76,451.97
64709,9372,0,407.21,309.63,452.1
64710,9354,0,405.67,309.5,451.68
64712,9569,0,408.88,309.26,450.61
64714,9258,0,403.64,309.12,450.87
64717,9420,0,410.2,308.9,451.65
64719,9404,0,408.29,308.52,450.82
64721,9523,0,404.0,308.32,451.34
45369,98204,0,554.4,544.1,563.19
45370,97634,0,554.17,542.72,563.73
45374,100165,0,554.17,543.93,562.04
45375,99387,0,554.17,544.47,561.79
64702,9380,0,404.49,310.72,450.53
64703,9462,0,410.34,310.76,451.83
64705,9436,0,411.32,310.27,451.47
64707,9859,0,408.69,309.9,451.08
45235,96316,0,554.17,543.8,562.57
45237,100595,0,554.18,544.98,561.41
45360,98918,0,554.17,544.01,562.22
45361,101145,0,554.17,544.18,561.93
45362,99394,0,551.38,425.56,562.89
45366,98753,0,554.17,544.72,561.46
45367,100317,0,554.17,545.18,561.14
45368,97427,0,554.17,544.1,562.2
45222,99049,0,554.17,544.52,561.94
45223,98009,0,554.17,544.64,561.71
45225,97847,0,554.17,544.15,562.2
45227,91773,0,510.03,461.17,560.51
45228,98239,0,554.18,544.86,561.56
45229,99553,0,554.17,544.23,562.37
45230,99932,0,554.18,543.89,562.65
45234,29501,0,346.24,192.53,431.37
64738,7949,0,404.55,303.53,460.29
64741,8082,0,401.69,303.02,479.2
64755,6552,0,391.07,294.67,460.76
64757,6968,0,390.88,294.23,461.27
64758,7063,0,386.23,294.0,460.34
64760,6436,0,387.35,293.52,460.54
64761,6857,0,389.45,293.23,460.49
64762,7021,0,388.62,293.01,461.3
45197,97718,0,554.18,544.83,561.46
45198,100073,0,554.17,544.25,562.24
45201,98308,0,554.17,544.31,562.08
45206,99874,0,554.18,544.46,562.06
45207,94933,0,521.36,446.34,561.25
45212,99757,0,554.15,544.66,561.91
64736,7392,0,396.14,304.92,460.27
64737,7632,0,398.43,307.0,460.36
64734,7932,0,404.18,307.41,460.4
45100,100685,0,554.18,544.77,561.63
45179,97814,0,535.69,481.35,563.38
45183,99988,0,554.18,543.03,563.36
45185,98990,0,554.17,544.21,562.14
45187,99646,0,554.18,544.36,561.98
45189,101808,0,554.17,544.75,561.53
45190,101613,0,554.18,544.02,562.35
64724,8221,0,404.21,308.57,460.21
64725,7597,0,400.26,308.43,460.31
64726,7879,0,401.96,308.29,460.17
64727,7888,0,397.58,306.54,460.54
64729,7909,0,404.27,305.27,460.39
64730,7795,0,405.44,307.95,460.41
64732,7724,0,400.69,305.09,460.43
64733,7643,0,401.31,307.56,460.78
64778,6978,0,335.59,288.13,359.09
64791,3136,0,369.04,314.07,421.14
64792,3523,0,361.14,313.97,383.4
64793,3616,0,369.8,313.81,421.35
64794,3544,0,368.99,313.68,427.23
64795,3111,0,373.26,313.58,421.24
64796,3077,0,372.78,313.38,421.35
64797,3102,0,373.13,313.1,422.34
45088,97611,0,554.17,544.86,561.4
45093,91376,0,517.93,434.78,560.52
45096,91894,0,545.68,511.62,561.78
45098,101523,0,554.17,544.41,561.91
64771,6754,0,387.49,290.59,461.27
64772,7138,0,390.33,290.32,461.08
64773,6959,0,391.55,290.01,461.21
64774,6776,0,388.76,289.76,460.1
45064,97524,0,554.17,544.41,562.07
45071,100289,0,554.17,541.64,564.83
45072,100005,0,554.18,544.66,561.62
45074,101989,0,554.17,544.99,561.36
45080,99005,0,554.17,544.49,561.98
45081,99606,0,554.17,543.93,562.21
45083,99575,0,524.92,371.87,562.74
45087,98384,0,554.17,544.22,562.19
64763,6826,0,386.05,292.64,460.21
64766,6756,0,388.88,291.87,461.14
64768,6528,0,383.07,291.24,431.99
64769,6534,0,389.9,291.06,460.68
64770,6366,0,390.68,290.76,460.64
45060,97944,0,554.17,542.92,564.1
45061,97352,0,554.18,544.5,562.01
45062,96636,0,554.17,544.37,562.02
64848,3485,0,355.47,298.78,418.15
64849,3387,0,352.05,298.59,411.31
64850,3651,0,352.46,298.32,419.3
64851,3496,0,354.76,298.18,419.42
64852,3496,0,354.37,298.0,419.24
64853,3459,0,354.67,297.88,419.41
64854,3496,0,354.81,297.72,419.37
64855,3435,0,353.37,297.44,419.52
64814,3341,0,371.1,310.98,421.44
64815,3474,0,372.76,313.0,421.06
64842,3592,0,353.74,299.99,418.28
64843,3666,0,354.02,298.64,418.33
64844,3509,0,355.15,299.79,418.31
64845,3347,0,354.28,299.49,418.4
64846,3699,0,353.21,299.24,418.38
64847,3546,0,354.69,298.0,418.23
64806,3350,0,371.3,313.84,421.18
64807,3389,0,370.87,313.75,421.04
64808,3675,0,370.6,313.5,421.25
64809,3256,0,373.57,313.39,436.92
64810,3208,0,371.64,311.5,426.17
64811,3306,0,372.91,311.38,421.06
64812,3208,0,370.93,311.33,419.66
64813,3341,0,373.67,313.21,421.33
64798,3210,0,373.7,312.89,426.24
64799,3053,0,372.34,312.89,441.71
64800,3007,0,370.6,312.73,421.21
64801,3173,0,373.08,312.53,421.17
64802,3197,0,373.88,314.15,421.06
64803,3712,0,369.99,312.29,421.34
64804,3450,0,371.68,314.03,421.08
64805,3413,0,371.21,313.61,420.97
65035,253,0,317.7,307.21,326.04
65036,253,0,317.64,307.26,325.91
65037,253,0,317.57,307.2,325.81
65038,253,0,317.52,306.96,325.82
65039,253,0,317.46,306.84,325.84
65040,253,0,317.41,306.87,325.64
65041,253,0,317.35,306.68,325.75
44752,96353,0,530.54,486.01,561.53
64930,1579,0,323.81,283.95,360.24
64937,1784,0,353.75,305.35,402.14
65029,253,0,318.05,307.79,326.25
65030,253,0,318.0,307.68,326.18
65031,253,0,317.94,307.54,326.17
65032,253,0,317.88,307.54,326.03
65033,253,0,317.82,307.37,326.11
65034,253,0,317.75,307.23,326.11
64910,1616,0,332.35,298.75,359.71
64911,1616,0,332.12,298.51,359.73
64912,1616,0,332.39,298.31,359.7
64913,1576,0,332.0,298.22,359.52
64915,1616,0,332.32,297.8,359.75
64919,1616,0,323.89,284.35,360.51
64927,1555,0,322.56,284.02,359.22
64929,1616,0,332.65,295.72,359.82
44927,98299,0,554.17,544.4,561.91
44928,5195,0,347.5,332.05,362.32
44930,99507,0,554.17,542.37,564.12
44933,95961,0,519.28,436.22,561.71
64906,1520,0,331.45,299.73,359.27
64907,1581,0,332.39,299.44,359.86
64908,1616,0,332.16,299.21,359.61
64909,1616,0,332.33,298.98,359.62
65021,253,0,318.61,308.66,326.61
65022,253,0,318.54,308.55,326.6
65023,253,0,318.45,308.35,326.52
65024,253,0,318.38,308.14,326.53
65025,229,0,318.67,308.88,326.49
65026,229,0,318.62,308.68,326.39
65027,253,0,318.18,308.01,326.25
65028,253,0,318.11,307.91,326.25
64954,1770,0,351.26,302.11,402.1
64955,1770,0,350.93,301.99,402.15
65015,253,0,319.1,309.21,326.96
65016,253,0,319.02,309.14,326.93
65017,229,0,319.24,309.66,326.88
65018,253,0,318.85,308.88,326.7
65019,314,0,316.3,303.7,323.93
65020,253,0,318.68,308.81,326.55
64946,1845,0,353.09,303.71,402.18
64947,1845,0,353.18,303.54,402.2
64948,1773,0,351.8,303.23,402.17
64949,1808,0,353.48,302.98,402.14
64950,1784,0,351.64,302.89,402.13
64951,1784,0,351.63,302.65,402.18
64952,1784,0,351.54,302.32,402.19
64953,1784,0,351.58,302.43,402.12
44753,99656,0,554.17,541.87,564.61
64938,1784,0,353.72,305.21,402.15
64939,1856,0,353.25,304.98,402.26
64940,1784,0,353.69,304.87,402.24
64941,1856,0,353.14,304.71,402.16
64942,1856,0,353.02,304.51,402.16
64943,1856,0,353.05,304.36,402.24
64945,1830,0,352.61,304.01,402.21
