N_T1,N_T2,beta
0.4587596210786942,0.3934176526587781,1.3736408184666984
0.6356825130551429,0.3934176526587781,1.3329120962314032
0.5348852154720779,2.0578769523689964,1.1761539125028602
0.5715625794349587,2.0578769523689964,1.607266670101488
0.3943343736459569,0.08070105695564625,1.4766241605086288
0.4193531115896799,0.08070105695564625,1.8657009923240038
0.34195088893336023,0.3934176526587781,1.0321095804820581
0.6822086129026999,2.0578769523689964,1.6438679275551262
0.5992019089105975,0.08070105695564625,1.762948878511561
0.6433227540085262,0.08070105695564625,1.759486569188307
0.3599261047036078,2.0578769523689964,1.886073967095525
0.7448586374556048,0.3934176526587781,1.7290337428294942
0.7335645795780981,0.08070105695564625,1.9278100616476963
0.4028290898795131,0.08070105695564625,1.3326565998208915
0.40524052475443173,2.0578769523689964,1.503209416751543
0.37111165945214925,2.0578769523689964,1.0140796632828906
0.39922521624056007,0.3934176526587781,1.0069575873032912
0.48715601724911944,0.3934176526587781,1.24012662045152
0.44174335986472,0.08070105695564625,1.1008071971390851
0.42068145955846403,0.3934176526587781,1.2602113679357536
0.5016911075931966,0.08070105695564625,1.1770432945283975
0.3615082233650615,0.08070105695564625,1.0285200248386484
0.48398898622455966,2.0578769523689964,1.9093041464060494
0.41408287616097994,0.08070105695564625,1.0082231313888914
0.5347737294759284,2.0578769523689964,1.7360821443370855
0.5444660055762868,0.08070105695564625,1.1521478869195165
0.4422132848680185,0.08070105695564625,1.9122296219996
0.5823626157577659,0.08070105695564625,1.892795939589886
0.5770821069154825,0.3934176526587781,1.6539011463692574
0.3634141847213834,0.3934176526587781,1.6722341498006053
0.4707780118175216,2.0578769523689964,1.0053391419696887
0.4338815771600228,0.08070105695564625,1.984871566113602
0.37952197073653265,2.0578769523689964,1.8778326035758144
0.7786165406517958,2.0578769523689964,1.8951062257300921
0.7250051546711553,0.08070105695564625,1.659244537050872
0.5934349057962651,0.3934176526587781,1.3447869286545364
0.4880843525005041,0.3934176526587781,1.8936486490904807
0.3646094683978136,2.0578769523689964,1.2915169281511925
0.5956670470984516,0.3934176526587781,1.562711543342203
0.44372980479645974,0.08070105695564625,1.0997309723438824
0.40744732455872135,0.08070105695564625,1.92195563013275
0.4639829289860804,0.3934176526587781,1.1407704577712132
0.3429506494611575,0.3934176526587781,1.2248968057304073
0.6779759382587426,2.0578769523689964,1.5581341581282149
0.45590175406113964,0.3934176526587781,1.7640930002129815
0.5981718404434212,2.0578769523689964,1.619351305936299
0.42392251459937613,0.08070105695564625,1.232133912800156
0.449426256159442,0.08070105695564625,1.0009430425274903
0.5754935477655361,0.08070105695564625,1.7571505803074392
0.4406742610868342,0.3934176526587781,1.9852073259110936
0.7657742165900621,0.3934176526587781,1.8099131203060903
0.6074839314403113,0.3934176526587781,1.4602066181566153
0.7765771281349232,2.0578769523689964,1.9037672613991066
0.6366972436394724,2.0578769523689964,1.40984767311835
0.5572154544576232,2.0578769523689964,1.5249340842434675
0.6624644815860785,0.08070105695564625,1.4771297673956831
0.36931019956769706,2.0578769523689964,1.4476238726655248
0.43039984918699625,0.3934176526587781,1.7751907692939057
0.35745185316309674,0.3934176526587781,1.526768907269492
0.4367766111365481,0.08070105695564625,1.316717122025216
0.44945677804116757,0.3934176526587781,1.2581581676584783
0.3942707934014197,0.3934176526587781,1.0377473169674334
0.6538670677898968,0.3934176526587781,1.583195161883046
0.43678786038529344,2.0578769523689964,1.2299614154010343
0.40703394087859446,2.0578769523689964,1.148133922016383
0.5575497804657771,0.3934176526587781,1.6538299638276777
0.4014695671870424,0.3934176526587781,1.681209257821549
0.6810598623290011,0.3934176526587781,1.752154892257666
0.36703046322563987,0.3934176526587781,1.5035768963385916
0.7954664667832859,2.0578769523689964,1.8940546052038867
0.7077732440905775,0.08070105695564625,1.9363427533982278
0.43395371488274165,0.3934176526587781,1.8073709397924893
0.3461345367367199,2.0578769523689964,1.6355934820081872
0.5865192732492334,0.3934176526587781,1.3037209535911887
0.6868323399930981,0.08070105695564625,1.9829449216202213
0.5538796876607143,2.0578769523689964,1.2741361671919385
0.5514193975249414,2.0578769523689964,1.202656921990431
0.3641113123495015,0.08070105695564625,1.4421541137865828
0.41770822919965894,0.08070105695564625,1.0568405707123885
0.4077173602256318,2.0578769523689964,1.9784944646717908
0.6680040813361445,0.08070105695564625,1.5884335564164247
0.5720615229945659,0.3934176526587781,1.5569520916641753
0.474603806044611,0.08070105695564625,1.65579627989972
0.36283680399992563,0.08070105695564625,1.4970236477772065
0.40337349427761104,2.0578769523689964,1.0320635170945416
0.46778850768273605,0.08070105695564625,1.6123112888403968
0.6435559212674473,2.0578769523689964,1.7161738769564305
0.5520494241710152,0.3934176526587781,1.4167490606240531
0.7176873649229135,0.08070105695564625,1.757295572071193
0.469918202352567,0.08070105695564625,1.2270012993384207
0.36740123285050913,2.0578769523689964,1.221276591066184
0.5267551927051142,2.0578769523689964,1.161416987687574
0.5839978959560134,0.08070105695564625,1.3719947597891617
0.5961260079436759,2.0578769523689964,1.8470120353890835
0.6841515980667285,0.08070105695564625,1.8279120621490643
0.49887219618936945,0.3934176526587781,1.3828242079635038
0.539834198697081,0.08070105695564625,1.5891187359802366
0.5210274426353014,0.3934176526587781,1.7208163164749157
0.3408918846543662,0.3934176526587781,1.241206774628023
0.36122319377785184,2.0578769523689964,1.1681410858947472
0.3677432827181509,2.0578769523689964,1.972095993212311
0.5878137640658961,2.0578769523689964,1.6175573132096184
0.5014646638618249,2.0578769523689964,1.9814157218336639
0.49698323008954937,0.08070105695564625,1.337755987132229
0.7128737800028602,0.3934176526587781,1.7030316999741315
0.4049275529739371,0.08070105695564625,1.2226036365412378
0.4562925481231255,0.3934176526587781,1.261200171273913
0.6114982862176611,0.3934176526587781,1.511902121269624
0.40695085614243576,0.3934176526587781,1.3196181255080712
0.35267883913934717,0.08070105695564625,1.1676215638405845
0.42049905481606314,2.0578769523689964,1.262880701989326
0.36724093766125393,0.08070105695564625,1.0357483944658648
0.7221739419514155,0.3934176526587781,1.7044236214774866
0.6259611289953987,0.08070105695564625,1.4921166570858615
0.4928322262017901,0.3934176526587781,1.0942430664045255
0.5725432802573966,2.0578769523689964,1.1716939931284913
0.538563510520483,2.0578769523689964,1.1025345381126441
0.4147728538846657,0.08070105695564625,1.6125928082758765
0.5596490209372277,2.0578769523689964,1.0942103636124938
0.5719681204247772,0.3934176526587781,1.7542823330352162
0.5213985399843444,0.3934176526587781,1.0205109193203912
0.5981959674489862,2.0578769523689964,1.2493757879958922
0.4938065067178,2.0578769523689964,1.8906666758919073
0.3911328509099723,2.0578769523689964,1.718531318122246
0.3865427040485251,0.08070105695564625,1.0729683329256878
0.5338519290953005,0.08070105695564625,1.8211261044851796
0.6296660050645353,0.3934176526587781,1.493035121540205
0.7275737941416233,0.08070105695564625,1.8467830271688292
0.34569874010640794,0.08070105695564625,1.6007397744503935
0.5491998170420861,0.3934176526587781,1.6818330320328587
0.5515939197213519,0.3934176526587781,1.9935015603957082
0.3978585166058623,2.0578769523689964,1.2323355459240182
0.3898774461218999,2.0578769523689964,1.6239455747613882
0.45612074113159135,0.08070105695564625,1.4603213900573984
0.5587325308588504,0.3934176526587781,1.0394519529226915
0.4045015882423073,0.08070105695564625,1.014470641502865
0.4670686908101896,0.08070105695564625,1.1192285778178586
0.6195661132462424,0.3934176526587781,1.6490917405385481
0.47733704843738983,0.3934176526587781,1.5671630879133922
0.699833045385074,0.3934176526587781,1.5534295611637274
0.5615489965399116,0.3934176526587781,1.03185676252826
0.42720619782013824,0.08070105695564625,1.469302996360007
0.5793789761217635,0.08070105695564625,1.9246228178425286
0.4371854936967789,0.08070105695564625,1.3975918693106466
0.4535551604034197,0.3934176526587781,1.6249224697884563
0.3634514468489202,2.0578769523689964,1.7798186756231436
0.6063818050918527,0.08070105695564625,1.7839252791418876
0.5219501917913778,2.0578769523689964,1.5192800823952712
0.37268245181316456,2.0578769523689964,1.8579519454023363
0.42924555240821993,2.0578769523689964,1.391378093363747
0.7587341355385289,0.3934176526587781,1.8886932147847983
0.4036060391972681,0.3934176526587781,1.2402271663955453
0.3783328790995897,0.08070105695564625,1.280216406990571
0.4497661568587808,0.08070105695564625,1.0531206241990012
0.768900580541508,0.3934176526587781,1.7955818365422829
0.4193758052328109,0.3934176526587781,1.4170552362327056
0.5282595453151142,2.0578769523689964,1.229116613911399
0.5548019357601771,0.3934176526587781,1.2317902776165797
0.4585713271009385,0.3934176526587781,1.9013999412292333
0.6667884007639515,0.3934176526587781,1.8339166004610368
0.4773089327353052,0.3934176526587781,1.5535308853571834
0.5859791256295858,2.0578769523689964,1.6161108004157212
0.5610229174265043,0.08070105695564625,1.474325570550291
0.5139916284248386,2.0578769523689964,1.3916665428788089
0.392618141201955,0.3934176526587781,1.9154768812183316
0.5520426365063337,0.3934176526587781,1.125612703520302
0.4459402371034051,0.08070105695564625,1.4184467897162278
0.3955419270120849,0.08070105695564625,1.3445619079878752
0.354793323577004,0.08070105695564625,1.4981507202511484
0.5433039767988722,2.0578769523689964,1.457631874545175
0.5848720742477534,0.08070105695564625,1.5188895316510815
0.3351872710781119,0.3934176526587781,1.1399189772269942
0.5244199739354131,0.3934176526587781,1.5131415015132772
0.3999556995577917,0.3934176526587781,1.2424188138872108
0.5122746003407802,2.0578769523689964,1.1843313489881913
0.37244493457409467,0.08070105695564625,1.0648342187861912
0.636770870712523,0.08070105695564625,1.762652558756141
0.46917508670192665,0.08070105695564625,1.4274419208565599
0.7053935142775904,0.08070105695564625,1.6266436833117583
0.40288822515354855,0.3934176526587781,1.7275933433047435
0.48116208690570916,2.0578769523689964,1.6793166653135536
0.3791149050417415,0.08070105695564625,1.4705007190896824
0.6411933327454363,0.3934176526587781,1.3878985289517298
0.6227920878592983,0.3934176526587781,1.3759599096406636
0.44452585486227786,2.0578769523689964,1.6400487969300563
0.5740666940429175,0.08070105695564625,1.4947943549418734
0.7089952018804713,2.0578769523689964,1.8491322479885106
0.5979008084366927,0.08070105695564625,1.874701984326712
0.4778552750348075,2.0578769523689964,1.1705603780065186
0.3954376187487482,0.08070105695564625,1.1362336515457256
0.37988009625151664,0.08070105695564625,1.6304009260359995
0.6111184320402497,2.0578769523689964,1.3012257480622793
0.5432498748906845,0.08070105695564625,1.018570718765099
0.6351278860513863,2.0578769523689964,1.8886426693629552
0.43130668699837216,2.0578769523689964,1.2269007672438081
0.5121189001508183,0.08070105695564625,1.9292806516858092
0.6423219798568899,0.08070105695564625,1.7174344508782537
0.7231208047207089,2.0578769523689964,1.7626534899114843
0.5840196467794437,0.3934176526587781,1.2014614957931604
0.5606299003324888,2.0578769523689964,1.234194425616813
0.572507395851537,0.3934176526587781,1.5212677538240658
0.35486219825222537,0.3934176526587781,1.172099852649862
0.38505341739087,2.0578769523689964,1.3054316926830323
0.6164507919201778,2.0578769523689964,1.3214624779478044
0.4971753878491118,2.0578769523689964,1.1596299332527642
0.33509108788689085,0.3934176526587781,1.2051828333951606
0.3912150116036149,2.0578769523689964,1.7885518420082565
0.5142019832418651,2.0578769523689964,1.1671958545472685
0.3289700410726089,0.08070105695564625,1.0284573918439226
0.40601176385302085,0.08070105695564625,1.6293549426289384
0.6111117651103674,0.08070105695564625,1.97598311939245
0.5537400833408548,2.0578769523689964,1.3312138146231214
0.5021035382751577,2.0578769523689964,1.1186557031962523
0.42579100746181275,2.0578769523689964,1.570387325367531
0.6741583204196013,0.3934176526587781,1.9063542110956462
0.44855188708030935,0.3934176526587781,1.7840617798284788
0.4689440100676164,0.08070105695564625,1.622515868412716
0.5675967571221782,0.3934176526587781,1.3150564966075993
0.57902536043632,0.3934176526587781,1.54188017327622
0.5477891955296363,0.3934176526587781,1.0912448413042553
0.607317430605371,0.08070105695564625,1.6789454242806698
0.5792660862680427,0.08070105695564625,1.7250960188976507
0.39660430694208526,0.3934176526587781,1.965031622909919
0.4434825036894496,2.0578769523689964,1.2603973587450716
0.3910212490112091,0.08070105695564625,1.0184564190430225
0.43101827150484184,0.3934176526587781,1.5456084644271506
0.7403249415563873,2.0578769523689964,1.7067905043968143
0.5153988556347182,2.0578769523689964,1.790407475882988
0.5835610941764754,0.08070105695564625,1.1937389330248105
0.522190352414406,2.0578769523689964,1.2617528690370237
0.6257208442138434,0.08070105695564625,1.5125909252672964
0.49404769581675323,0.3934176526587781,1.3306008099700017
0.6052249799517444,0.08070105695564625,1.860511486587445
0.5116728848084983,2.0578769523689964,1.4737601537387204
0.43188698738428705,0.08070105695564625,1.799578644102003
0.6134286991222074,0.08070105695564625,1.5806197604823538
0.46596938111297376,0.3934176526587781,1.773090141617112
0.34355142950395984,2.0578769523689964,1.3326729865303237
0.630257784425343,0.08070105695564625,1.8314166219303112
0.38769098260175877,0.3934176526587781,1.2745723155510216
0.6864358606711254,0.3934176526587781,1.5460988080032907
0.6061989214849893,0.3934176526587781,1.2140071131738743
0.6596144719625491,0.3934176526587781,1.4755265216261932
0.4509065998530945,0.3934176526587781,1.3181752095087031
0.3387475417954855,0.08070105695564625,1.2667034306372142
0.7873390017542377,0.08070105695564625,1.9669850180280375
0.44846484487411964,2.0578769523689964,1.1600741054867307
0.7586513141265305,0.08070105695564625,1.7873258374573953
0.8083075897474403,2.0578769523689964,1.984164959483215
0.5321982143581035,2.0578769523689964,1.0199014837400777
0.46449830081812,2.0578769523689964,1.699027414042095
0.44776554126627677,0.08070105695564625,1.2529118055562871
0.5365192866524365,0.3934176526587781,1.0404878243283044
0.44304057195828606,2.0578769523689964,1.4028895789566307
0.43003905840176854,0.3934176526587781,1.935217810170875
0.45981348942638917,2.0578769523689964,1.0117650943669978
0.6953965559760379,0.08070105695564625,1.5878856919297817
0.5881216051779615,2.0578769523689964,1.5013964785953244
0.6043094755654508,0.08070105695564625,1.8733841643710476
0.3540491759512959,0.3934176526587781,1.0840017145206255
0.5907833330824847,0.08070105695564625,1.6815260298866503
0.7401584805733842,0.3934176526587781,1.6801096984332773
0.400400414156229,0.08070105695564625,1.6690800168622832
0.5917152982944411,2.0578769523689964,1.942334494935037
0.7292405781396754,2.0578769523689964,1.8230875290068804
0.5097936191909138,0.08070105695564625,1.0419727262435061
0.5825730675081052,0.3934176526587781,1.471082850704513
0.5701510172751783,0.3934176526587781,1.3979530562013336
0.44667081864032676,0.3934176526587781,1.310147221090802
0.44001235566897645,0.08070105695564625,1.4513367251540972
0.6024769330128905,0.08070105695564625,1.3841941849259776
0.6134032123984093,0.08070105695564625,1.4323338998786652
0.7615659360364074,0.08070105695564625,1.9792618656086425
0.5636058605025384,0.3934176526587781,1.0886329747495807
0.5854730077973244,0.3934176526587781,1.9222308698387298
0.5157711663234752,0.08070105695564625,1.4802367134710268
0.6513127202215867,0.08070105695564625,1.6237422454995412
0.6319872556928909,0.3934176526587781,1.8301829666176939
0.5626390572775531,0.3934176526587781,1.3604630291492557
0.6081269663115637,2.0578769523689964,1.430421908087967
0.6350080032931572,0.08070105695564625,1.409518480278714
0.44699528104986963,2.0578769523689964,1.3747310225357599
0.523783285109724,0.3934176526587781,1.925529321646895
0.3900257801132057,0.3934176526587781,1.828929891193012
0.48106821649401293,0.08070105695564625,1.108999989862976
0.33926482776730527,2.0578769523689964,1.108123352477096
0.4958977039175432,0.3934176526587781,1.4278695148529912
0.47012443360422007,2.0578769523689964,1.0986573767328092
0.4536528275360662,2.0578769523689964,1.6190930952711198
0.4902140842274137,2.0578769523689964,1.1436916072617338
0.35197051101022436,2.0578769523689964,1.522373263966801
0.3360245476106689,2.0578769523689964,1.0072199470037178
0.5916154067790197,0.08070105695564625,1.3165963484126468
0.48854667380443956,0.08070105695564625,1.6771907236726555
0.3846260218847135,2.0578769523689964,1.4840389402278484
0.5990047262769707,0.08070105695564625,1.9782694859989882
0.6935298549988188,0.3934176526587781,1.8741037960662108
0.4060064765940117,2.0578769523689964,1.3590707790431513
0.48150298311817985,0.08070105695564625,1.0454865414722745
0.3870615807798231,0.08070105695564625,1.8456263001150188
0.37486099238806836,0.3934176526587781,1.9112343103146714
0.5789036663661987,0.3934176526587781,1.820627393419037
0.4742017137167347,0.3934176526587781,1.1279499409197649
0.6567699605518702,0.3934176526587781,1.9979151344122879
0.5498659894150685,2.0578769523689964,1.2585842215527738
0.7460352583746025,0.08070105695564625,1.72420491280837
0.5855951185991087,0.08070105695564625,1.9080348763357216
0.42756705600770106,0.3934176526587781,1.2356871143307093
0.7122117125096215,0.08070105695564625,1.908258554677066
0.4191386316008428,0.08070105695564625,1.309481579194867
0.5595588096207843,0.08070105695564625,1.976413222384056
0.3582734401337916,0.3934176526587781,1.2812600203804747
0.3642776820462188,0.08070105695564625,1.9534358247578352
0.5672059610096515,0.08070105695564625,1.053544650892675
0.6853429142119202,0.08070105695564625,1.709272011669813
0.5940716034360666,2.0578769523689964,1.5321111338370037
0.4830033941293417,2.0578769523689964,1.4778770771227308
0.3830428128825983,0.08070105695564625,1.22349431425584
0.40923367995913984,0.08070105695564625,1.705595789776492
0.40243530264502303,0.08070105695564625,1.190809491446307
0.5440543609352224,0.08070105695564625,1.5528417959847682
0.5453852625620771,0.08070105695564625,1.253245363040251
0.659739474567246,0.08070105695564625,1.955621379781356
0.3955091708259978,2.0578769523689964,1.0286311938356527
0.6028019673968418,0.3934176526587781,1.1997282801112366
0.5500500747555548,0.08070105695564625,1.2423106063874476
0.523703164558039,0.08070105695564625,1.4140678257678165
0.5113479767168084,0.08070105695564625,1.2327302418700534
0.4884542765585931,0.3934176526587781,1.4913490902687854
0.4606355322323177,0.08070105695564625,1.872465523258539
0.49078950362240054,0.08070105695564625,1.7120634214091708
0.6265632799812401,0.3934176526587781,1.579961980535111
0.3330584271901409,0.08070105695564625,1.0890031779826796
0.39224793818933534,0.3934176526587781,1.6939921083892755
0.3440980892927694,0.3934176526587781,1.1664142843109397
0.3653158457407609,0.08070105695564625,1.786367385961698
0.5863596800807026,2.0578769523689964,1.2500567585101532
0.5742863522682574,2.0578769523689964,1.4170487283209008
0.4878887165711536,0.08070105695564625,1.3504702023179278
0.3932043757316492,0.3934176526587781,1.8588139146748568
0.46095990486983784,0.3934176526587781,1.1265444587134081
0.5179565608893486,0.3934176526587781,1.5656448823847886
0.3774405295956955,0.08070105695564625,1.1420616094430622
0.5215043984017049,2.0578769523689964,1.7047958361321867
0.531772638219266,0.3934176526587781,1.9050781277944813
0.5478925779133749,0.3934176526587781,1.4346076538672534
0.564043232195779,0.08070105695564625,1.4880922602649758
0.37257144745147586,2.0578769523689964,1.9274228364827621
0.47601911817442044,2.0578769523689964,1.5209913886493571
0.5606988252242527,0.08070105695564625,1.4875984380495608
0.5308496240129962,2.0578769523689964,1.5783291027043043
0.6889989791747723,0.08070105695564625,1.689229736362952
0.5016966895834686,0.3934176526587781,1.1068833750870315
0.4194891403977672,0.08070105695564625,1.821110527741516
0.36263289205627675,0.3934176526587781,1.4355050274532593
0.4911838230678104,0.08070105695564625,1.0723485098974854
0.35927392085218923,0.3934176526587781,1.786182669198213
0.52799619817156,0.3934176526587781,1.376949971686272
0.5734998457423616,0.08070105695564625,1.100367495095054
0.567103684157649,0.3934176526587781,1.6337790395432505
0.5240901854087755,2.0578769523689964,1.8801313534336417
0.6395418702317374,0.08070105695564625,1.8877535094139863
0.5660560323259393,2.0578769523689964,1.9576634748089732
0.592521664941782,0.3934176526587781,1.867705459766688
0.5489213506428919,0.3934176526587781,1.0021409193454751
0.46330938598606813,0.3934176526587781,1.3802411664133902
0.7643914622672532,0.08070105695564625,1.818542579905503
0.6295392353525848,0.3934176526587781,1.366253005998474
0.41748535618606414,2.0578769523689964,1.6015485063797061
0.36964604867533774,2.0578769523689964,1.606316947374532
0.3693088227909978,0.08070105695564625,1.3650253040388232
0.3594394271275043,2.0578769523689964,1.9044739272812876
0.3741034647202182,0.08070105695564625,1.5032283453861175
0.5764848966910229,0.08070105695564625,1.4647842059375007
0.3875167203096232,0.3934176526587781,1.9975137456618959
0.4531076490853259,2.0578769523689964,1.4935003640726165
0.5667357096258332,2.0578769523689964,1.1783982519285812
0.3490602975753227,2.0578769523689964,1.513069422863438
0.6999573367119309,0.3934176526587781,1.81401673551993
0.4667822292171458,0.08070105695564625,1.7768603268982814
0.3983123057406378,2.0578769523689964,1.788581765108471
0.628571968367565,2.0578769523689964,1.7080237839979118
0.5201926844455627,2.0578769523689964,1.2542178290666883
0.7385674100979229,2.0578769523689964,1.8620840858402314
0.6819072078039327,0.3934176526587781,1.893443465376265
0.5586929712944364,0.08070105695564625,1.194152696618549
0.40565813851682936,2.0578769523689964,1.1304556365513938
0.43650406341716846,2.0578769523689964,1.9756049685891122
0.6836940151354436,0.08070105695564625,1.868323963650368
0.7141779849083364,0.3934176526587781,1.8932361472099468
0.7950593796284983,0.3934176526587781,1.8863763846243953
0.492334921374922,0.3934176526587781,1.5416868240337283
0.48967463517113474,0.3934176526587781,1.6464017366657997
0.6261276255322253,2.0578769523689964,1.5453628521336418
0.4126998446560528,0.08070105695564625,1.0512063491903292
0.7329098702263721,0.08070105695564625,1.7455030853527727
0.6468336746005374,0.08070105695564625,1.5053320333358804
0.5121124148273629,0.3934176526587781,1.6477090747902299
0.607898077633323,0.3934176526587781,1.5026398049755354
0.6069486138608193,0.08070105695564625,1.491811322322456
0.360097216202581,2.0578769523689964,1.1717891094777668
0.6072652440637009,0.3934176526587781,1.278713715141149
0.4693778388093406,2.0578769523689964,1.158852691943956
0.5655121769484298,0.08070105695564625,1.1956662956253425
0.5032730627326103,0.3934176526587781,1.9729773804203048
0.5746925207124843,2.0578769523689964,1.1531134457721985
0.45095156134372155,0.3934176526587781,1.2692704243052075
0.3468764938738609,0.08070105695564625,1.590589657738585
0.6892604902053281,0.08070105695564625,1.6101785762366418
0.3559555415258825,0.08070105695564625,1.153974129743829
0.48434633759946116,2.0578769523689964,1.7937174257852124
0.7510607314476607,0.3934176526587781,1.7852028679128251
0.6112068101006433,0.3934176526587781,1.2373177042038912
0.5094210148448124,0.3934176526587781,1.2886663026754603
0.6433887373205361,0.08070105695564625,1.937987865459497
0.5437016208292184,2.0578769523689964,1.825671445979478
0.4638789178553485,0.08070105695564625,1.6977970330625238
0.4129815066192488,0.08070105695564625,1.0822332215106005
0.5640655066832697,2.0578769523689964,1.4182640809025757
0.6202162166056723,0.08070105695564625,1.559301872076827
0.5538721472667147,0.08070105695564625,1.1874112879837768
0.6098970308749205,0.3934176526587781,1.4482265821082245
0.3777149218296678,2.0578769523689964,1.60102587748869
0.49099109408218045,2.0578769523689964,1.3273766801153992
0.3722404681059692,0.3934176526587781,1.7809448189504873
0.589922817486002,2.0578769523689964,1.8404495816388056
0.4738823685931408,0.3934176526587781,1.3236094694340708
0.7374628825934186,0.08070105695564625,1.838657154492457
0.4210293419973127,2.0578769523689964,1.103576566103015
0.40054630725961343,2.0578769523689964,1.8377290986226562
0.3699568472903565,0.08070105695564625,1.1527504316676165
0.5234873501815585,0.08070105695564625,1.082927152509726
0.5850836765397921,2.0578769523689964,1.6417754044410113
0.37488447755402543,2.0578769523689964,1.4719373657552943
0.38944437335981585,2.0578769523689964,1.9078906004128329
0.5628509603834596,0.3934176526587781,1.363189196090849
0.3568098669276171,2.0578769523689964,1.2871522634376287
0.6327568049254504,2.0578769523689964,1.5007349061441984
0.5828100493646541,0.08070105695564625,1.4559461857686613
0.36207725871486496,0.08070105695564625,1.3444280462171883
0.37967067498974333,0.3934176526587781,1.6937412986983285
0.759800412236805,0.08070105695564625,1.7595618339139083
0.5147024356042702,2.0578769523689964,1.8529839690301366
0.5270108909091027,2.0578769523689964,1.9728566047103429
0.5774518299423381,0.3934176526587781,1.2666561921325044
0.7322529065324805,0.08070105695564625,1.7160934824899616
0.6630176527057303,0.08070105695564625,1.3942582354957453
0.6451076771586203,0.08070105695564625,1.677081971951108
0.4713303210418439,0.3934176526587781,1.4759816903492204
0.3931943446897639,0.08070105695564625,1.9937731027679315
0.6656576427443792,0.08070105695564625,1.72890213579075
0.6118711289376558,0.08070105695564625,1.9524913004343245
0.5343873488561405,2.0578769523689964,1.8349695494811857
0.7613568231951025,0.3934176526587781,1.902901011163371
0.3967339629933533,2.0578769523689964,1.8144191972146748
0.5095875251245836,0.3934176526587781,1.4591591303759115
0.33707928897830747,0.08070105695564625,1.2517884533468844
0.48889839083758285,2.0578769523689964,1.370320175450522
0.34103976232539496,0.08070105695564625,1.0202362326399506
0.38393921113703405,0.08070105695564625,1.5239931674646672
0.38242987626671293,0.3934176526587781,1.5050578002704087
0.5758259191825511,0.08070105695564625,1.525250464830488
0.7034839276501709,2.0578769523689964,1.9740312249720637
0.6166048533119064,0.3934176526587781,1.9114540034548393
0.595045997673568,0.3934176526587781,1.161712778330108
0.45831018301960325,2.0578769523689964,1.3688825215558893
0.43468631867218027,0.08070105695564625,1.423956179463262
0.6163056478794403,0.08070105695564625,1.3605329178516476
0.44392666221795934,0.08070105695564625,1.798495963603913
0.6890750730042381,0.08070105695564625,1.524037669867587
0.3468245761866724,0.08070105695564625,1.5720998169716252
0.7771208844766415,0.3934176526587781,1.8530135589879255
0.36707464779574456,0.3934176526587781,1.8059281534153586
0.5684560259833108,2.0578769523689964,1.1322115228202998
0.5609058787834732,0.08070105695564625,1.7139145840836343
0.6762649684415463,0.08070105695564625,1.4354361289020354
0.35745821358549795,0.08070105695564625,1.2946489030625004
0.46523797664124633,2.0578769523689964,1.0500188209021863
0.6817003931468106,0.08070105695564625,1.487249560345451
0.5042814378010387,0.3934176526587781,1.3554366807245315
0.5198454274518892,0.08070105695564625,1.251513039676401
0.6255765600610661,2.0578769523689964,1.6946717295969576
0.5386933779556503,0.3934176526587781,1.7694853873155871
0.5181050949139827,0.3934176526587781,1.2447895190294247
0.47267217962338537,0.3934176526587781,1.0494474366793471
0.7458049445857379,0.08070105695564625,1.8487527005652349
0.33804629681645937,2.0578769523689964,1.0099597412043033
0.48153669758956047,2.0578769523689964,1.9371124939214721
0.7109250633994905,0.08070105695564625,1.627619873982706
0.6139520591615993,2.0578769523689964,1.3218466352013203
0.46777755015611916,0.3934176526587781,1.2464779095767362
0.4744000027104148,0.3934176526587781,1.0090056642644751
0.41424260605260593,2.0578769523689964,1.2354714170108771
0.38114709816877984,2.0578769523689964,1.137728301517141
0.5207666963271745,0.08070105695564625,1.6121662207231457
0.4287065003907885,0.08070105695564625,1.1665455885938014
0.552683578881692,0.08070105695564625,1.5286298375366192
0.37210097833334277,0.08070105695564625,1.5901164223444708
0.6340341954528933,0.08070105695564625,1.2980416983469145
0.5681673093516809,0.08070105695564625,1.0350649490187187
0.4984238516247155,0.3934176526587781,1.037253880614196
0.45715865898267377,2.0578769523689964,1.0263473321939176
0.47464436014363376,0.08070105695564625,1.7391246671365463
0.5891881399317077,0.3934176526587781,1.318009704814298
0.6406201618398439,2.0578769523689964,1.7963001859676635
0.3936841826534897,2.0578769523689964,1.4317328238428493
0.6526928523465982,2.0578769523689964,1.452998100829964
0.635729019671416,0.08070105695564625,1.5128826025095736
0.7325105426661424,0.08070105695564625,1.713031456375104
0.5527618908364186,0.08070105695564625,1.2735028658297072
0.49244911092933696,2.0578769523689964,1.121587349533527
0.49622354944517233,2.0578769523689964,1.5560573351914615
0.628519206892045,0.3934176526587781,1.3269776232427393
0.6347761016751896,0.3934176526587781,1.4424913136680373
0.3619731169307072,0.3934176526587781,1.6469467083373055
0.3495433644456131,0.3934176526587781,1.4941257411412705
0.48834467174577806,2.0578769523689964,1.6202788171008429
0.6383817911762041,0.08070105695564625,1.544200002113628
0.7548382953630274,0.08070105695564625,1.7397963719360992
0.40681648985866387,0.08070105695564625,1.70593661771162
0.5574245584539574,0.08070105695564625,1.5341898918086192
0.49699324113112475,0.3934176526587781,1.6789030208597069
0.7824853720138072,2.0578769523689964,1.8735596022726129
0.6242475173398067,0.08070105695564625,1.4322712877881685
0.6185012001573469,2.0578769523689964,1.4127630727487936
0.543912259894941,0.3934176526587781,1.76424562085238
0.4983159362990227,0.3934176526587781,1.582553837041994
0.3978532926417981,0.08070105695564625,1.0710067802225884
0.37622351937792226,0.08070105695564625,1.8921120156910813
0.5375659517089709,0.3934176526587781,1.0307831022376401
0.6846795373018351,0.3934176526587781,1.748396356209743
0.7650627141553994,2.0578769523689964,1.7587941427043128
0.8156128785388698,0.3934176526587781,1.9531110852819304
0.46628854675937287,2.0578769523689964,1.0541344084023208
0.6343201397171526,0.3934176526587781,1.596856860784491
0.6579448438737194,2.0578769523689964,1.427840570627053
0.6032855280178389,0.3934176526587781,1.3306329548595421
0.39294673095937216,0.3934176526587781,1.090318560299073
0.5090371915448334,2.0578769523689964,1.562654119671309
0.38507505490302035,2.0578769523689964,1.4790407256746136
0.5781580105471468,0.08070105695564625,1.1045544581510243
0.5753314355522304,0.08070105695564625,1.6124895070970835
0.4411304124748783,0.3934176526587781,1.7379531202529384
0.6295859899139031,0.3934176526587781,1.7672783010536484
0.6313406056788629,2.0578769523689964,1.9053731882624274
0.4574838305853505,0.3934176526587781,1.4094707418887773
0.4052536807831997,0.08070105695564625,1.953072768622137
0.6480326045002582,2.0578769523689964,1.865429405082686
0.49442489041037513,0.3934176526587781,1.296501571023939
0.5424892998781469,2.0578769523689964,1.1592830373494585
0.5154949494454623,0.08070105695564625,1.4353893961280133
0.6206154973016266,0.08070105695564625,1.4018987079559666
0.5486942714572499,0.08070105695564625,1.5757193053312042
0.5533109960610388,0.3934176526587781,1.583386232327748
0.7115400577088803,0.3934176526587781,1.7499869843799751
0.48505472678224637,0.3934176526587781,1.5098899482056103
0.36468649286016563,0.3934176526587781,1.1048226409407655
0.36266738093284584,0.3934176526587781,1.858291335553106
0.5691819475869647,0.3934176526587781,1.3097645831851872
0.6439411334460893,0.08070105695564625,1.971297460306592
0.5156928225476692,0.08070105695564625,1.1178601086797701
0.4518500362479836,0.3934176526587781,1.9582511722325031
0.36447695791074775,0.08070105695564625,1.091011806882517
0.33739520507616183,2.0578769523689964,1.2310361379470596
0.4146069143789827,0.3934176526587781,1.0465799420865416
0.5847474667946105,2.0578769523689964,1.705113146638995
0.5222955230222007,0.3934176526587781,1.8502987365717918
0.48720576779134533,0.3934176526587781,1.4340710818159805
0.7666273532179115,0.08070105695564625,1.9285220750424297
0.47418121077078484,2.0578769523689964,1.5902990717555996
0.5426928978839731,0.08070105695564625,1.6300071354465233
0.693436475291072,0.3934176526587781,1.84541920170077
0.4565195480350894,2.0578769523689964,1.2968002050518388
0.5358260159819087,0.3934176526587781,1.354265721327626
0.7421619950873262,0.08070105695564625,1.9059519191946444
0.7803988618699231,0.3934176526587781,1.9009634960387638
0.42228337709485536,0.3934176526587781,1.976482776200871
0.7702487662404934,0.08070105695564625,1.9018383164416712
0.4612130550174147,0.3934176526587781,1.127372036033361
0.4609813560279493,2.0578769523689964,1.8237242861369873
0.4912360164570393,0.08070105695564625,1.409838478109594
0.8178009265710273,0.3934176526587781,1.9908013559459379
0.511492889800662,0.08070105695564625,1.472280964328801
0.46295963689789776,0.3934176526587781,1.5538360825022206
0.5709196177232164,0.08070105695564625,1.5297749152567985
0.4106719835931764,0.08070105695564625,1.3217370298582778
0.34820168830780124,2.0578769523689964,1.075022088892918
0.40905490156632607,0.08070105695564625,1.8956512304019184
0.4033241274176283,2.0578769523689964,1.802675812526287
0.37154258357981135,0.08070105695564625,1.1395267805596694
0.4063841266723849,0.08070105695564625,1.7767682713500728
0.5910286843271978,0.3934176526587781,1.62584666605061
0.39862305548533294,0.3934176526587781,1.4091437879176223
0.43621353484804964,0.3934176526587781,1.2540211490955628
0.7465484013719182,0.08070105695564625,1.8597287835022325
0.5370953163150802,0.08070105695564625,1.7001882592940532
0.5866785010660307,2.0578769523689964,1.5477399094691369
0.40911309430431864,2.0578769523689964,1.609568533898464
0.37885608488468614,2.0578769523689964,1.091066182082181
0.3539396696594263,0.3934176526587781,1.4739197609111918
0.3797737306021397,0.3934176526587781,1.193700292785702
0.41205338542842895,2.0578769523689964,1.2083836790088254
0.4144943991457022,0.08070105695564625,1.6613039622868668
0.3916918571480764,0.3934176526587781,1.911256151834288
0.3778857930358066,0.3934176526587781,1.4037566104783465
0.4639522546195325,2.0578769523689964,1.2077492730121904
0.4250999951083283,0.3934176526587781,1.648746937236654
0.5123801768145102,2.0578769523689964,1.8711870463503177
0.5561117967554758,0.3934176526587781,1.7483188011224908
0.6570237131874355,0.08070105695564625,1.8687572305365872
0.35566495821390587,0.08070105695564625,1.5365546710107993
0.6798387238023156,0.3934176526587781,1.7518762443691909
0.4995679619076393,2.0578769523689964,1.1400645593589365
0.36238642385939585,0.3934176526587781,1.3482746153631915
0.6247896892564995,2.0578769523689964,1.3895491644815223
0.6706048012392107,0.3934176526587781,1.5112957462460346
0.3798724113906489,0.08070105695564625,1.9290763602568237
0.4737846848311241,0.08070105695564625,1.8742965602221742
0.5462877767243123,0.3934176526587781,1.1345254922891845
0.5387040416546723,0.3934176526587781,1.1727896518824632
0.3958375741406457,0.3934176526587781,1.3576405495889112
0.39865194731260545,0.08070105695564625,1.2907438658906738
0.4854020394699774,0.08070105695564625,1.6147709531562624
0.5704191515197241,2.0578769523689964,1.902776047764545
0.6413954448664272,0.3934176526587781,1.9622915416725868
0.4892937929311771,0.3934176526587781,1.6536029525352265
0.5515414439977376,0.08070105695564625,1.8381592014010866
0.6113520253604623,0.3934176526587781,1.525202200230797
0.3430247939125397,2.0578769523689964,1.2083269468600397
0.4322831157102828,0.3934176526587781,1.5246884120934774
0.6049450564182188,0.08070105695564625,1.555082601437651
0.7174292869500348,0.3934176526587781,1.7424575642135567
0.4802878902939514,0.08070105695564625,1.219882989707349
0.5091674225266333,2.0578769523689964,1.3683103820867317
0.3713220553864274,2.0578769523689964,1.3640274692145664
0.5612455719354214,0.3934176526587781,1.959439595741165
0.521055674610779,0.3934176526587781,1.443944960326719
0.44829905382504776,0.08070105695564625,1.7550939672981465
0.4590710706061126,2.0578769523689964,1.750811381374439
0.44693797073761066,2.0578769523689964,1.2655441848032414
0.3497697179627741,2.0578769523689964,1.571869689371732
0.49601847932492577,2.0578769523689964,1.894302893318648
0.41362058153717735,0.3934176526587781,1.4751977194569494
0.503826857063895,0.3934176526587781,1.945117507342546
0.3670705650397418,0.08070105695564625,1.2144582293241615
0.5542884810128522,2.0578769523689964,1.0741591057740307
0.6178589614699384,0.3934176526587781,1.8914538731447492
0.647994846314441,0.3934176526587781,1.8476811979622165
0.7277651741276695,2.0578769523689964,1.9925898759338447
0.5439275481658039,0.3934176526587781,1.6793934881124262
0.392094473486861,0.08070105695564625,1.9366879266671495
0.5823798344020611,0.08070105695564625,1.8269490250841107
0.6069174907677614,2.0578769523689964,1.844426333120087
0.6196809588676437,0.08070105695564625,1.5691415704542684
0.47847175244842055,0.3934176526587781,1.3823645979167107
0.41070549153085656,0.08070105695564625,1.9345580725432818
0.4348094125788839,0.3934176526587781,1.4321171756158946
0.47389686499486283,2.0578769523689964,1.538819367249669
0.5602078283473535,2.0578769523689964,1.4461143071251876
0.553958439870283,0.3934176526587781,1.5648183139601972
0.463661436598334,0.3934176526587781,1.470505078992327
0.5716520469419241,0.08070105695564625,1.0479675585794759
0.6217152782709031,0.3934176526587781,1.8820481860076987
0.42004873767852546,2.0578769523689964,1.4443938189157697
0.381113434480437,0.3934176526587781,1.5889436485073487
0.37177809034987414,0.08070105695564625,1.139187802757987
0.38511440050095647,0.08070105695564625,1.0033878479826392
0.3808244991768343,0.3934176526587781,1.2452900936436428
0.42136641084445287,0.08070105695564625,1.7045860321333501
0.4034912558592909,0.08070105695564625,1.0991945301128787
0.43002183571370234,2.0578769523689964,1.9088874403864677
0.5900568571849104,0.3934176526587781,1.2150225693561847
0.3552790219334913,2.0578769523689964,1.2045936142917757
0.4781114099513478,2.0578769523689964,1.1815079616214956
0.4252485733886888,0.08070105695564625,1.0139817129713649
0.7612431713107921,2.0578769523689964,1.7718054684782345
0.4003542717019552,0.3934176526587781,1.8750345312452585
0.4958211066596608,0.3934176526587781,1.6141627026161989
0.603939041087054,0.3934176526587781,1.1881999816798623
0.5976108902243579,2.0578769523689964,1.2852779969408799
0.6255082218282211,0.3934176526587781,1.4759266973649634
0.4724411203699186,0.3934176526587781,1.9543459516233008
0.3839674682712134,2.0578769523689964,1.247351371817743
0.6216109674215972,2.0578769523689964,1.7316459039198882
0.6556486783981923,2.0578769523689964,1.4394482232929202
0.5058171867063223,2.0578769523689964,1.2978473483600217
0.5363630828010417,0.08070105695564625,1.4559159370221137
0.39952998204560575,2.0578769523689964,1.0712067175412325
0.6773133735063774,2.0578769523689964,1.7986873709303626
0.3884383756512944,0.3934176526587781,1.2433019279829671
0.4790554035717827,0.3934176526587781,1.7254121231929704
0.43586073709333056,2.0578769523689964,1.0683483714481947
0.5886638453675562,2.0578769523689964,1.955098556165686
0.40042107814971173,2.0578769523689964,1.1930149854056986
0.4020212173659878,0.3934176526587781,1.8827420762070806
0.6112697941122309,0.3934176526587781,1.8094732096154345
0.48803002753430297,2.0578769523689964,1.967859924081416
0.5433473375624168,0.3934176526587781,1.4778906609457496
0.4097872107700252,0.3934176526587781,1.7273972938459514
0.49300168295356334,2.0578769523689964,1.370710657037784
0.4808075316650414,0.3934176526587781,1.1843682380196938
0.3565558613946889,2.0578769523689964,1.4430759329334488
0.4240104433924466,0.08070105695564625,1.1657490153884549
0.41665858167370307,0.08070105695564625,1.982044622786384
0.3459311439495215,0.08070105695564625,1.0962464911407164
0.7160185738375804,0.3934176526587781,1.5892117234526204
0.46818324828653063,0.08070105695564625,1.6264638552540558
0.6367757033129127,0.3934176526587781,1.5380795428740544
0.44519064219178006,2.0578769523689964,1.6621858857118337
0.509422245321215,0.08070105695564625,1.116180775011891
0.6222219813062719,0.3934176526587781,1.5550185242052912
0.5159376783731354,0.08070105695564625,1.2872125711273616
0.5698079405249511,0.3934176526587781,1.9401760633010565
0.5198056604896668,0.3934176526587781,1.7620716534397256
0.5167513749694335,2.0578769523689964,1.9725144821597427
0.5549837066175364,0.3934176526587781,1.0375560697401895
0.5869770296411945,0.3934176526587781,1.2851331751807087
0.6045644924408713,0.08070105695564625,1.195422586638349
0.35684573872973513,2.0578769523689964,1.0111545873118306
0.5479899049154703,0.3934176526587781,1.2423257302463213
0.7191906341755288,0.08070105695564625,1.678775983520429
0.38587164851820166,2.0578769523689964,1.2310889221345684
0.3643917286380973,0.3934176526587781,1.5090034454826182
0.6834769462525989,0.08070105695564625,1.8878181149649986
0.5766181619188527,2.0578769523689964,1.6937579203490754
0.6155106648408422,2.0578769523689964,1.394629069906032
0.3823562998594285,2.0578769523689964,1.3724689389121083
0.6134743480595302,2.0578769523689964,1.4557358140084848
0.38773200226435217,0.3934176526587781,1.1770414410599064
0.40742051761011827,0.3934176526587781,1.634000767415988
0.38976169739859307,2.0578769523689964,1.3641528191046055
0.7085519771560174,2.0578769523689964,1.8523653492620435
0.6248497787702917,0.3934176526587781,1.7565526600578163
0.5432270130508519,0.08070105695564625,1.61051316409216
0.45258360064592795,2.0578769523689964,1.364202222649516
0.5832312446917652,0.3934176526587781,1.2099318316734844
0.5133924322091242,0.3934176526587781,1.7761518641056229
0.6276847995324994,0.08070105695564625,1.4864090989910865
0.4600324121546132,0.3934176526587781,1.2247500381773575
0.438565551519997,2.0578769523689964,1.1951746150400062
0.4586426830345244,0.3934176526587781,1.1654009045013591
0.4750556299214648,2.0578769523689964,1.7771611962055949
0.5501455642542004,0.3934176526587781,1.2289871853003116
0.5230533939920612,2.0578769523689964,1.5266422635251975
0.41892438536555954,2.0578769523689964,1.4515463609730563
0.6796014754303795,0.3934176526587781,1.579610899228284
0.5218223038722432,2.0578769523689964,1.8771549003711943
0.5916116406908531,0.3934176526587781,1.8677473900817305
0.6506881842327563,0.3934176526587781,1.4510760718248596
0.47650071065938093,0.3934176526587781,1.0153662507347234
0.37788910167095535,2.0578769523689964,1.4264438057143032
0.7014154513297983,0.3934176526587781,1.6061935374241405
0.5738346377236032,0.08070105695564625,1.557764759098062
0.4757000799127036,2.0578769523689964,1.6513361058002056
0.36902522794014037,0.08070105695564625,1.1540757324730835
0.6546354747794949,0.08070105695564625,1.6465350987807326
0.5049620875697232,0.08070105695564625,1.1826516187437721
0.5689334220024154,0.08070105695564625,1.750523980696749
0.6192594230485486,0.3934176526587781,1.3390876132626799
0.6662420709702049,0.08070105695564625,1.7098954333814536
0.3656806463112341,2.0578769523689964,1.0478655989061072
0.4418193597147646,0.08070105695564625,1.4078600255909133
0.44647373533409296,0.08070105695564625,1.7050345222633327
0.5486462969018769,0.08070105695564625,1.2268705163314941
0.36257144557409055,0.3934176526587781,1.7952870447972225
0.5644462061408869,0.08070105695564625,1.6307797331049319
0.6298909924346611,0.08070105695564625,1.5875617721497983
0.6172736167320089,0.08070105695564625,1.353548854204337
0.46008147977210706,2.0578769523689964,1.4824514703811176
0.6542355389420098,0.3934176526587781,1.5973493009778532
0.378229377555835,0.3934176526587781,1.4724621139148906
0.6870671915117574,0.3934176526587781,1.6983133239405601
0.3818839759386756,2.0578769523689964,1.4336969331069596
0.4451746361807809,0.08070105695564625,1.2022731817420302
0.561276528760887,2.0578769523689964,1.2139337828010472
0.3626030554549492,0.3934176526587781,1.005803768842941
0.4055627988429992,0.3934176526587781,1.3009577155586725
0.6471297533602328,0.3934176526587781,1.7489176404785196
0.6552650944078009,2.0578769523689964,1.7941627088376095
0.5144349043540583,0.3934176526587781,1.20246754209575
0.6761071841184049,0.08070105695564625,1.9590439968714077
0.5337176451166861,2.0578769523689964,1.5024027934801267
0.4663371999030707,0.08070105695564625,1.9169787490185026
0.4860277551666814,0.3934176526587781,1.7067652818616312
0.42061270937011996,0.3934176526587781,1.7224334230224132
0.5614959057202927,2.0578769523689964,1.0850436213060712
0.5009677803050544,0.08070105695564625,1.2199911268969306
0.422334702436244,2.0578769523689964,1.0088148332944726
0.5344677162754804,0.08070105695564625,1.7161276404767376
0.63753845006291,0.3934176526587781,1.34443828842851
0.4131460831267429,2.0578769523689964,1.7866525160763467
0.5217604539967315,2.0578769523689964,1.3389362199370263
0.5676901894388168,0.08070105695564625,1.819333752298861
0.4935159280098509,0.3934176526587781,1.130698253748313
0.3366376299042667,0.3934176526587781,1.173373156757508
0.6127862712224884,0.08070105695564625,1.3408765395839364
0.6488054459271528,0.08070105695564625,1.4084873888822733
0.5166679179949834,0.08070105695564625,1.3487028108429784
0.6393570906967349,0.08070105695564625,1.7636470325232199
0.568051370588809,0.08070105695564625,1.0969513926267147
0.5625142285002974,0.3934176526587781,1.351217019638488
0.41601307212390615,0.3934176526587781,1.8372399995154594
0.473561280150192,2.0578769523689964,1.066797077262172
0.6325591881000152,0.3934176526587781,1.9423435076713575
0.5538557461217594,0.08070105695564625,1.986316842272013
0.5182435230725527,0.3934176526587781,1.08856817382508
0.6200439816781637,0.3934176526587781,1.291272522255737
0.637611701372977,0.3934176526587781,1.372400666035356
0.5380715150545676,2.0578769523689964,1.776391368652726
0.38580935555175266,2.0578769523689964,1.5959268121167338
0.7286450870710044,0.08070105695564625,1.6443657004925674
0.6975634419468286,0.08070105695564625,1.757509822818506
0.36299806253585465,2.0578769523689964,1.1179789994370257
0.7505943973494272,0.3934176526587781,1.8332094569102624
0.6982489822979582,0.3934176526587781,1.705619804180144
0.5365791169482528,2.0578769523689964,1.5773417251963702
0.6165259836363546,0.08070105695564625,1.8897353347830568
0.5068429121096959,0.3934176526587781,1.700306353883807
0.3479183882733692,0.08070105695564625,1.2016999626310254
0.45199778532638857,0.3934176526587781,1.4297453810756666
0.6245223245648395,0.08070105695564625,1.4940428669357333
0.32961197824016364,0.3934176526587781,1.0552176267504056
0.5076236015701693,0.08070105695564625,1.9546375133600558
0.43638640361284964,0.08070105695564625,1.1285772607968785
0.5622827907550292,0.08070105695564625,1.6974612672267269
0.6689830411560421,2.0578769523689964,1.5062310360908802
0.4112541842234694,0.08070105695564625,1.0256322498844226
0.5105832773518627,2.0578769523689964,1.9247474758643617
0.6744987045958867,2.0578769523689964,1.8518368088189332
0.5044487292926224,0.08070105695564625,1.5242579279038355
0.39831109352595667,2.0578769523689964,1.2289423361394451
0.4498853759878503,2.0578769523689964,1.1216228906800942
0.38215790410930744,2.0578769523689964,1.3633924794321266
0.386147500704929,0.3934176526587781,1.2554282810460906
0.5185494878901589,0.08070105695564625,1.5066912010062987
0.5488542407233665,2.0578769523689964,1.966409296123429
0.684173577134537,0.08070105695564625,1.5749534932296414
0.5136828231049094,2.0578769523689964,1.889931055890098
0.5719353007368395,0.08070105695564625,1.6508788374957772
0.5607456640581145,2.0578769523689964,1.4752465265872003
0.3556252863836433,0.3934176526587781,1.8546075627333711
0.570955502121396,0.3934176526587781,1.4713681101729974
0.42933537844069786,0.3934176526587781,1.8686281705103611
0.6282751804789193,2.0578769523689964,1.2915767695757654
0.370001569397024,0.08070105695564625,1.1288130737629882
0.5327762120057458,2.0578769523689964,1.8553144643629382
0.37484611758351255,0.3934176526587781,1.5874151637926668
0.7986413777582352,2.0578769523689964,1.8890923982489602
0.5835938706842846,0.08070105695564625,1.9378272069923832
0.47611874069770405,0.3934176526587781,1.0536283903714492
0.364254537244654,2.0578769523689964,1.5009693018588683
0.581098503776272,0.08070105695564625,1.3749645490745293
0.42472854377372526,0.3934176526587781,1.6258583970701173
0.7310349065521061,0.08070105695564625,1.7935911972023235
0.3965939491051147,0.08070105695564625,1.280590215974369
0.41229351932767405,0.3934176526587781,1.5567983843731716
0.36078084663644816,2.0578769523689964,1.7087285799048995
0.4568746379120945,2.0578769523689964,1.134431082835734
0.5923281553225324,2.0578769523689964,1.8140669059512669
0.3682449207428427,2.0578769523689964,1.606109599852973
0.7121028295178295,0.08070105695564625,1.9495374371136518
0.47972756573300873,2.0578769523689964,1.3395289191306934
0.4668501798631396,2.0578769523689964,1.1081459423371987
0.497948767503854,0.08070105695564625,1.5065012010369254
0.43180501106171987,0.08070105695564625,1.085810771709439
0.6151970494185612,0.3934176526587781,1.969526523324007
0.36597130394253957,0.08070105695564625,1.0386849582571915
0.4229405331362158,0.3934176526587781,1.7535039011073081
0.6526693659809899,0.3934176526587781,1.525102398142244
0.6433238134076457,2.0578769523689964,1.3686206524982887
0.4224521461967407,2.0578769523689964,1.0658421645086547
0.4478656492013669,2.0578769523689964,1.6221669241736079
0.5848467296114226,0.08070105695564625,1.5852203293909553
0.4582652327487816,0.08070105695564625,1.2808832730675999
0.362873725146452,2.0578769523689964,1.910221701410312
0.3832777941166477,2.0578769523689964,1.3041100073428369
0.5849274788274802,0.08070105695564625,1.449725410592106
0.5827717375273413,0.3934176526587781,1.5437624559186558
0.3366915393888763,0.3934176526587781,1.100231878176286
0.4539543838016939,2.0578769523689964,1.9321617192136324
0.4121870040296736,2.0578769523689964,1.374536152451041
0.5002180475949495,2.0578769523689964,1.0807792138743437
0.3438201751218386,0.3934176526587781,1.38729117367533
0.38257389526971747,2.0578769523689964,1.6002025470925807
0.6277843731701792,0.3934176526587781,1.5136526718213297
0.41741802227382757,0.08070105695564625,1.694541974037274
0.4906899276188849,0.08070105695564625,1.0554839420679105
0.40692946366920807,0.08070105695564625,1.2845406102720562
0.3919076530423538,2.0578769523689964,1.8192305768401023
0.39098445811207827,0.08070105695564625,1.079893687791361
0.6685233990810012,0.3934176526587781,1.8554859546959577
0.5496052664592271,0.3934176526587781,1.0918960920771061
0.7113822178024998,0.3934176526587781,1.8344542148916962
0.46454867685058193,2.0578769523689964,1.3607884010787266
0.5989694987905667,2.0578769523689964,1.612209063257216
0.38682587283222786,0.3934176526587781,1.152887115647998
0.40236206942229213,0.3934176526587781,1.0661687217251807
0.5901557308138233,0.3934176526587781,1.215938204020135
0.33386256534350567,0.3934176526587781,1.1278538179086954
0.3618842481934343,0.08070105695564625,1.3124058976796318
0.41538567743850185,0.3934176526587781,1.51438324651102
0.35273873696684505,2.0578769523689964,1.5887594635650095
0.4252971689796364,2.0578769523689964,1.789868107379743
0.5737929140386634,2.0578769523689964,1.6562398932483586
0.5041564170027213,2.0578769523689964,1.608758325129553
0.6364451564112756,2.0578769523689964,1.4117820274857746
0.6251644840438488,0.3934176526587781,1.4738084349601386
0.45257908705546523,0.3934176526587781,1.414520829390181
0.4631381069314977,0.08070105695564625,1.8421660300613831
0.4434571865916215,0.08070105695564625,1.2300004525483998
0.466763829356426,0.08070105695564625,1.0057209315419646
0.4494955236576874,0.3934176526587781,1.6513198972262393
0.5096077023790719,0.08070105695564625,1.2024621836388314
0.5348391487786,0.3934176526587781,1.8901151363098094
0.5939946584907734,2.0578769523689964,1.859046329706656
0.43965481187881467,0.3934176526587781,1.076727371928206
0.4066213259428579,0.3934176526587781,1.1063884054140773
0.6763724663800706,2.0578769523689964,1.4951715922466664
0.6348859207054827,2.0578769523689964,1.6092226627693547
0.3765645986699783,2.0578769523689964,1.2749083374822407
0.7003072604803204,0.08070105695564625,1.7167977166993706
0.5273599793536005,0.08070105695564625,1.5949160209188715
0.6160140135700227,0.08070105695564625,1.3248241097485547
0.5206437169139684,2.0578769523689964,1.0253714880423157
0.5238647923383087,0.08070105695564625,1.7501502812985177
0.33917588951886146,2.0578769523689964,1.2147536658250826
0.46648751555824397,2.0578769523689964,1.8344737434626284
0.5204217254638763,2.0578769523689964,1.420290260054255
0.5794296103325733,0.08070105695564625,1.5770774426317655
0.46520092083364806,0.08070105695564625,1.8729487304090018
0.4118463124162392,2.0578769523689964,1.8636230009199535
0.6079678541129517,0.08070105695564625,1.3715195752435734
0.6135853280847945,0.3934176526587781,1.2088888927148431
0.5694774040144032,0.08070105695564625,1.7751460777285946
0.396849258028636,2.0578769523689964,1.433080203602131
0.40875166018649045,2.0578769523689964,1.192041993559004
0.35951439733980567,2.0578769523689964,1.9044253423171502
0.5909101024988577,0.3934176526587781,1.1981041942410875
0.35609633515427164,2.0578769523689964,1.025807168191231
0.4659156015348771,2.0578769523689964,1.02027997376742
0.44915394739182796,0.08070105695564625,1.6223153564542643
0.5633146684911431,0.3934176526587781,1.6616750607175304
0.5372893539624352,0.08070105695564625,1.3110417050569838
0.5946128899661788,2.0578769523689964,1.3200109892470633
0.4014862064068114,2.0578769523689964,1.3394939150599428
0.3495700376143639,0.3934176526587781,1.6801585467588787
0.3626455716123309,2.0578769523689964,1.0581337910268287
0.7648727392536601,0.3934176526587781,1.9291163526913255
0.5852716601716356,0.08070105695564625,1.2225210441774466
0.6380428020291473,0.3934176526587781,1.9996732052420922
0.4975959133990239,0.08070105695564625,1.171522693787187
0.6275852995034878,2.0578769523689964,1.7715464573123776
0.3836373756355574,0.08070105695564625,1.2234125449296251
0.5619834008471167,0.08070105695564625,1.080846801643254
0.5371088363773667,0.08070105695564625,1.874933324350649
0.5192958021459341,0.3934176526587781,1.858751259190892
0.510243663141335,0.08070105695564625,1.4035703924496015
0.36476709727594164,0.3934176526587781,1.7023961425404268
0.4033001175813226,0.3934176526587781,1.5570659326839171
0.6749619946481222,0.3934176526587781,1.852956113673749
0.36116687472883685,2.0578769523689964,1.3150559693186543
0.5588974727669076,2.0578769523689964,1.5236723999989852
0.4263457462709095,2.0578769523689964,1.4853723712045506
0.46117900280216056,0.3934176526587781,1.3539058262568586
0.4807032604264346,2.0578769523689964,1.8914550645563724
0.4292702032774658,0.08070105695564625,1.1658779246625355
0.5259641857260372,0.3934176526587781,1.1495086395206962
0.45357127496070854,2.0578769523689964,1.5769095353227514
0.5674559967578097,0.3934176526587781,1.657494229984942
0.4664509877314343,2.0578769523689964,1.1946192543245653
0.5559540714715453,0.08070105695564625,1.390717442254624
0.7861688848775057,0.3934176526587781,1.9465638429787437
0.5493622106686015,2.0578769523689964,1.246617422690674
0.43000864168808184,2.0578769523689964,1.668360702117394
0.35967962007146115,0.08070105695564625,1.7401493936975907
0.42895179546123513,0.08070105695564625,1.4481286994651597
0.6263624344907956,2.0578769523689964,1.9375259867595829
0.3679113008840997,2.0578769523689964,1.7366567352187905
0.5107003635786679,0.3934176526587781,1.4579245798608977
0.5644031618469584,0.3934176526587781,1.569335201776094
0.479867694095441,2.0578769523689964,1.6926134434251008
0.6340581872507779,0.08070105695564625,1.5921901804292182
0.39812040967729445,0.3934176526587781,1.8786975838260758
0.36066039600523075,2.0578769523689964,1.3568886622804013
0.558837719919333,0.08070105695564625,1.2998857400558048
0.4747415284042526,0.08070105695564625,1.2138388894952643
0.49614316293005667,2.0578769523689964,1.0377829680645951
0.43489287933356063,2.0578769523689964,1.0430139643800553
0.4598362698193548,0.3934176526587781,1.8700551931092828
0.6715737628226706,2.0578769523689964,1.6783931464059072
0.6598117166750967,0.3934176526587781,1.660532415436486
0.6096230835292076,0.08070105695564625,1.614642818934886
0.4693608190194957,0.3934176526587781,1.8492191446941049
0.5468982514294249,2.0578769523689964,1.4802669256656276
0.5108253584549335,0.3934176526587781,1.8704108285583003
0.36606554480068126,0.08070105695564625,1.359445026182239
0.7722129762491532,0.08070105695564625,1.9267075043390904
0.40087231920232314,2.0578769523689964,1.69865698008124
0.6161746766221363,0.3934176526587781,1.2571771360244273
0.5075469711518436,2.0578769523689964,1.5640849216886252
0.4085467843091018,2.0578769523689964,1.5330305614882556
0.47610293746234805,0.08070105695564625,1.1378988217303339
0.6723791242705116,0.3934176526587781,1.5912429057506141
0.5631043971601671,2.0578769523689964,1.314785623716958
0.5282234735840751,0.08070105695564625,1.0523487668096023
0.6577901483662398,2.0578769523689964,1.9486561577065649
0.6138900821701921,0.3934176526587781,1.6414903690642877
0.7294782791470817,2.0578769523689964,1.876918931870847
0.4444333739079648,0.3934176526587781,1.6760560050132531
0.4937043685691862,0.08070105695564625,1.3569836921401128
0.42003349350281066,0.08070105695564625,1.5126880723288114
0.7380521910997064,2.0578769523689964,1.675746760347177
0.7929953358422968,0.08070105695564625,1.9602523252014374
0.3454514114853531,2.0578769523689964,1.2536694591216966
0.6649927584152784,2.0578769523689964,1.8749770586241177
0.7751933981579919,0.3934176526587781,1.9240778052942695
0.41654046908250364,2.0578769523689964,1.6704155146589565
0.6128324072170694,0.3934176526587781,1.931266627401338
0.6406360344665659,2.0578769523689964,1.3978785874773685
0.36825780514841977,0.3934176526587781,1.9530161760404428
0.6278286182563475,0.08070105695564625,1.702782877165975
0.4010401861456259,2.0578769523689964,1.042005767418812
0.7705129560457398,0.3934176526587781,1.9068728318190526
0.6815956353551632,2.0578769523689964,1.4844728090331927
0.6660326398982176,0.3934176526587781,1.4603269847778328
0.518348118563642,0.3934176526587781,1.5664666059796342
0.5647108091852762,2.0578769523689964,1.1493845467712278
0.6335631385762069,2.0578769523689964,1.4691660485673985
0.4881312604013697,0.08070105695564625,1.8311272167177457
0.5254164254219073,0.08070105695564625,1.0154824591375153
0.3454212989189608,0.08070105695564625,1.2729171603243712
0.4676207003390711,2.0578769523689964,1.0024545864438443
0.4152226723820249,0.08070105695564625,1.4157113091498483
0.3959709171390746,0.3934176526587781,1.7283155104937347
0.38125611440117935,2.0578769523689964,1.7987718291146284
0.6745042577487832,0.3934176526587781,1.9451897611270066
0.47299635377933,0.3934176526587781,1.6085046129707865
0.5486754196055121,0.3934176526587781,1.2546268666528955
0.38162632143034225,2.0578769523689964,1.924147949136699
0.4807415922218808,2.0578769523689964,1.775315753880376
0.5438510314216517,0.08070105695564625,1.5744284830031445
0.6640095071951191,0.08070105695564625,1.695640215718936
0.4976267218682387,0.08070105695564625,1.9243163550074291
0.6006078343956132,0.08070105695564625,1.7123940284729215
0.6237842023693468,0.3934176526587781,1.368374507584734
0.5966402017347837,2.0578769523689964,1.7130282022890966
0.38510382775314533,0.08070105695564625,1.0402781627353879
0.34533200710482254,0.3934176526587781,1.3864155618305811
0.6276085393929414,2.0578769523689964,1.4063230318455793
0.3373041248582591,2.0578769523689964,1.1668382344208346
0.5381592178962783,2.0578769523689964,1.0230854805517702
0.47192752510510805,0.3934176526587781,1.1333812366377427
0.7133717486748239,0.08070105695564625,1.654621495797055
0.690624145747387,2.0578769523689964,1.8022888163636877
0.8255882167418358,0.3934176526587781,1.9882034927269743
0.4479783870646998,2.0578769523689964,1.3463635031084942
0.6341719697508558,0.3934176526587781,1.5993792222611019
0.537287005381302,0.08070105695564625,1.937144966815122
0.4636049346930867,0.08070105695564625,1.1670417813381526
0.6021984303576078,2.0578769523689964,1.7176455863427427
0.7114863449874315,0.08070105695564625,1.754978733149163
0.581867760397257,0.08070105695564625,1.0889755358693383
0.6900410258923149,0.3934176526587781,1.861249385183065
0.528786568933594,0.3934176526587781,1.8131050471108439
0.4303532520411971,2.0578769523689964,1.0334030065774344
0.5190497010898935,0.3934176526587781,1.0910844148800516
0.38727393920418934,0.08070105695564625,1.0491268938918523
0.37082540069668357,0.3934176526587781,1.3347435317993623
0.4674975283198068,0.08070105695564625,1.5092889906799263
0.4455993752322816,2.0578769523689964,1.5323477279546287
0.42292558907869165,0.08070105695564625,1.2676667597694427
0.4575954136967199,0.3934176526587781,1.9115968865602742
0.35046921435555095,0.3934176526587781,1.3682627898719133
0.3326017403409008,0.3934176526587781,1.0455501559653526
0.6387032012463228,0.3934176526587781,1.3002271115413864
0.49650322465005625,2.0578769523689964,1.5311094225441555
0.4660675325901662,0.08070105695564625,1.408221822588232
0.5389576656394373,0.3934176526587781,1.2738425190992593
0.3887245179793139,0.08070105695564625,1.1313232497643173
0.7596961209724561,2.0578769523689964,1.8191645000962298
0.7271933958626562,0.08070105695564625,1.9961452421241919
0.3639230577804502,0.3934176526587781,1.3295421335238822
0.4737699261805228,0.08070105695564625,1.381621044176604
0.6810991488840874,0.3934176526587781,1.6180375246769572
0.7318241539049665,0.3934176526587781,1.7184414747355414
0.4915145013958493,2.0578769523689964,1.3920295348035912
0.6291255517114447,2.0578769523689964,1.9049295169818152
0.40377411557328496,0.08070105695564625,1.5600039892289184
0.6796237797226018,0.08070105695564625,1.450390076405931
0.43484585106163637,0.3934176526587781,1.6466727531599052
0.7904858212721394,0.3934176526587781,1.9528038482491732
0.6253214554913091,0.3934176526587781,1.7945522944217056
0.4768259252876328,0.3934176526587781,1.0400131305351243
0.49746838502387924,2.0578769523689964,1.3323099107399596
0.41995749626945716,0.3934176526587781,1.4705446849512227
0.39028242513288747,2.0578769523689964,1.3145175722091054
0.4347469769649597,0.08070105695564625,1.7001875608304564
0.43003360759693143,0.08070105695564625,1.826269149862581
0.6671827442978508,2.0578769523689964,1.7313450951852716
0.5192095108290427,0.3934176526587781,1.9893332868282751
0.3516752003524204,0.08070105695564625,1.272547647893029
0.7824956730362033,2.0578769523689964,1.8749894950244215
0.718491233668325,0.08070105695564625,1.766622665174486
0.6357637683773277,0.3934176526587781,1.362178757558146
0.7564819111359888,2.0578769523689964,1.7341245436569688
0.3750201466075893,0.08070105695564625,1.104075956418247
0.5166055517320131,0.3934176526587781,1.7893334823405525
0.6167383764910089,2.0578769523689964,1.5323306025871026
0.5474735350788106,2.0578769523689964,1.292290172709253
0.40502493865757155,2.0578769523689964,1.6557773017841801
0.6620621212914943,2.0578769523689964,1.641619998714409
0.3966912080530047,0.08070105695564625,1.2094862227195997
0.38206839336796006,2.0578769523689964,1.0303974148115262
0.520935096114889,2.0578769523689964,1.4336225869016739
0.5629801865973149,2.0578769523689964,1.5695118693444212
0.6093116887443943,2.0578769523689964,1.8766052783705984
0.3937851331205146,2.0578769523689964,1.9282167956475944
0.6592193028325214,0.3934176526587781,1.5288052181567664
0.4578270528112312,0.08070105695564625,1.7538034837685448
0.38289697458095034,0.3934176526587781,1.4393032723279968
0.7156283779286549,0.08070105695564625,1.746082156572893
0.6043279785614515,2.0578769523689964,1.204801524939167
0.6166903289459021,0.08070105695564625,1.3710647348035314
0.6579616717590699,2.0578769523689964,1.6342279988136148
0.48442156533883385,2.0578769523689964,1.0181579656070787
0.5716949379732549,0.3934176526587781,1.722461310338954
0.387299518576961,0.3934176526587781,1.8355355012681667
0.47297685401840445,0.3934176526587781,1.3991416610939513
0.4668143858359279,0.08070105695564625,1.4479424171771642
0.46409697412779105,0.08070105695564625,1.8512822122165309
0.6529882795432382,0.3934176526587781,1.7756546353260334
0.48571406799803585,0.3934176526587781,1.288149489033375
0.36103458897578267,2.0578769523689964,1.323976106561539
0.43292451805245435,0.08070105695564625,1.6788782323905966
0.5953989915886483,2.0578769523689964,1.5631980924481612
0.3522017687619316,0.08070105695564625,1.162229571096497
0.5989785937231223,0.3934176526587781,1.3099299092291665
0.5748192754904907,0.08070105695564625,1.899983276878654
0.5380584478142082,0.08070105695564625,1.6881744367222633
0.6333398714061458,2.0578769523689964,1.9859743176855194
0.6937681087850603,0.3934176526587781,1.7670125299807693
0.5128790857360516,0.3934176526587781,1.9419744321435903
0.5275100784725059,0.3934176526587781,1.2161885738704754
0.5857715123014064,2.0578769523689964,1.7714848748169256
0.3916191165858751,2.0578769523689964,1.0202175201477974
0.6934780403281233,2.0578769523689964,1.670760021711534
0.6171828004153869,0.08070105695564625,1.4692822781202413
0.5460891238078194,0.08070105695564625,1.3467600719200687
0.726735432038062,2.0578769523689964,1.862404352293089
0.7322193039968599,2.0578769523689964,1.8542676926575306
0.4979635486195437,0.3934176526587781,1.0223017048986436
0.6629828072714106,0.08070105695564625,1.609505122449431
0.5626266351679129,0.08070105695564625,1.3678322243209564
0.5661297257358572,0.3934176526587781,1.4156610015004492
0.6186726916509097,0.3934176526587781,1.832040739218776
0.5684477839396396,0.3934176526587781,1.3098397715276784
0.4255352563820376,2.0578769523689964,1.9430488106376202
0.5770420073057684,2.0578769523689964,1.1796338263721409
0.6888832746414337,2.0578769523689964,1.6627224233681779
0.3565793537773784,2.0578769523689964,1.6721050670137647
0.5780860051944261,2.0578769523689964,1.252195161427918
0.3760567745293041,0.08070105695564625,1.3247506089672019
0.49549878502109657,0.08070105695564625,1.8347984925799405
0.6586142073848118,0.08070105695564625,1.7618052549549525
0.3863345451555825,0.3934176526587781,1.3290958803147594
0.6388049131918043,0.08070105695564625,1.5339565469349339
0.5366793060872638,0.3934176526587781,1.0616802962530953
0.47741596493068483,0.08070105695564625,1.2087458823986292
0.3422319398752563,2.0578769523689964,1.4858205588603992
0.4027269345354917,0.08070105695564625,1.0859737352792116
0.6199187737047814,2.0578769523689964,1.8433323548919374
0.7465893571590387,2.0578769523689964,1.7180062101076479
0.6443879167854556,0.08070105695564625,1.9436336706484947
0.450022219899989,0.08070105695564625,1.6934669059640273
0.6448215916303365,2.0578769523689964,1.9404013722621856
0.5409128048201582,0.3934176526587781,1.5545125556909651
0.6391554794680646,0.3934176526587781,1.6002186110619694
0.40345266532273744,0.08070105695564625,1.9769710546262609
0.6408128069351597,2.0578769523689964,1.6421291468642605
0.4591047224450304,0.3934176526587781,1.0307865688607465
0.7406642205308108,0.08070105695564625,1.7238027766305233
0.5061538050890555,0.08070105695564625,1.9054686921374158
0.6182444303698851,2.0578769523689964,1.7955802497943267
0.6928238894007895,0.3934176526587781,1.5838332726254225
0.3856245463555777,0.08070105695564625,1.6713035130935163
0.7973679344940594,0.3934176526587781,1.9901917892516718
0.506191687385853,0.08070105695564625,1.0906620885093383
0.3716906975931285,0.08070105695564625,1.6672448286332395
0.42588152884960184,0.3934176526587781,1.2833976945705938
0.619807466758039,0.3934176526587781,1.64009039658617
0.36893577811126654,2.0578769523689964,1.6076235758839388
0.4895075387937549,2.0578769523689964,1.1534568321081622
0.4310747479870668,2.0578769523689964,1.2067466457402392
0.5825834614268571,2.0578769523689964,1.6216295780432135
0.3425840061581756,0.3934176526587781,1.1282299473037742
0.5946872562832347,2.0578769523689964,1.2651808751303228
0.7740705561934074,0.3934176526587781,1.8352455477380025
0.6398962265728183,0.08070105695564625,1.3270915060016386
0.6044415719779389,0.3934176526587781,1.488060156269663
0.4122411089059336,2.0578769523689964,1.9411403351458403
0.5528535906791503,0.3934176526587781,1.2271490888369463
0.34549801379746836,0.3934176526587781,1.3896260173580104
0.3516447767135148,0.3934176526587781,1.6064577755435456
0.48216014832866727,0.3934176526587781,1.755338929503972
0.5721216717662605,0.3934176526587781,1.901653386712705
0.7024964712520405,2.0578769523689964,1.9154729875735153
0.6362460200477774,0.3934176526587781,1.776640074372623
0.46247056154273375,2.0578769523689964,1.2283308365933103
0.3936283667835353,0.08070105695564625,1.0248093300425658
0.6638914492527269,0.3934176526587781,1.3837739303556238
0.44551964537121347,0.08070105695564625,1.1415488509878233
0.5293617604416956,2.0578769523689964,1.710387647438298
0.4092030174045725,0.3934176526587781,1.661130586825717
0.5234842273225728,0.08070105695564625,1.0439716416214548
0.6522509270691877,2.0578769523689964,1.836593779130951
0.3987803175420802,0.08070105695564625,1.2487432662911822
0.366496788789341,0.3934176526587781,1.4322270754910422
0.6143421979551779,0.3934176526587781,1.6679337354557424
0.5600737898393797,0.3934176526587781,1.4294187868522532
0.43209088925906003,2.0578769523689964,1.4412878027999434
0.5673729295596582,0.08070105695564625,1.0656279953357404
0.3878518253776769,2.0578769523689964,1.4014435492600037
0.5287494307584583,0.08070105695564625,1.7648478932199834
0.7813392244854169,2.0578769523689964,1.9151763371865977
0.47854691618107614,0.3934176526587781,1.4134971370633718
0.5536085968136973,0.08070105695564625,1.4235858268790789
0.5065585342163949,0.08070105695564625,1.7026271063236522
0.47895215240631145,0.08070105695564625,1.9427720011052765
0.6288052617385864,2.0578769523689964,1.2670609402393602
0.47840765199607227,0.3934176526587781,1.4401442065379368
0.7299255938251047,0.08070105695564625,1.795973243552301
0.43113734349460153,2.0578769523689964,1.6096935693740386
0.3857316978441139,0.08070105695564625,1.1105863439639547
0.3558084460956688,0.3934176526587781,1.6277327355622657
0.5145336198630254,0.08070105695564625,1.186746284597327
0.47257961753584843,0.3934176526587781,1.510215934078404
0.654539525163933,2.0578769523689964,1.5291032676604384
0.5615600083822389,2.0578769523689964,1.876203362224985
0.6748750716393787,0.3934176526587781,1.462494274012438
0.3905741302820584,0.3934176526587781,1.2794424222358942
0.5857434374095292,2.0578769523689964,1.2309663482160316
0.6965043533205524,0.3934176526587781,1.8742518766843361
0.5445984426845124,0.3934176526587781,1.1710108544182285
0.6236775083273773,0.08070105695564625,1.4258685608831438
0.545257766493176,2.0578769523689964,1.187173114926947
0.6115570805717249,2.0578769523689964,1.7733040401143754
0.3855336080344878,0.3934176526587781,1.4743726399746189
0.3467788183453619,0.3934176526587781,1.3511436905568122
0.6332697358166154,0.3934176526587781,1.3610996406264668
0.621354183814684,2.0578769523689964,1.8522142067229794
0.6353415888637989,0.08070105695564625,1.5537739542944382
0.5426713807193639,2.0578769523689964,1.7178678511312637
0.4039141717429199,0.08070105695564625,1.8970385162506846
0.4077360658924647,0.3934176526587781,1.901741676040642
0.5512277226207364,2.0578769523689964,1.328509054337863
0.5523591444159637,0.08070105695564625,1.9524512631463853
0.37600594001979026,2.0578769523689964,1.0248758820146056
0.497282462433472,0.08070105695564625,1.3768355610161658
0.37990422123008194,0.08070105695564625,1.8957988575088416
0.5096793502269977,2.0578769523689964,1.274636879816983
0.4152372023531107,0.3934176526587781,1.2730814503213184
0.5807595242438989,2.0578769523689964,1.3026222850818887
0.4621178101937215,0.3934176526587781,1.6123133848469222
0.4938149323307511,0.08070105695564625,1.4383327756143538
0.35119589287083447,0.08070105695564625,1.7267348363533426
0.3835793425118324,2.0578769523689964,1.8949106425646658
0.5010482531785607,2.0578769523689964,1.6741993749428605
0.4689492948297125,0.3934176526587781,1.2044667201975754
0.6278110891500067,0.3934176526587781,1.9326819023605022
0.4212258377508484,2.0578769523689964,1.2644928733474785
0.5195137321722816,0.3934176526587781,1.1498942953281581
0.5502928808829669,0.3934176526587781,1.089967278860961
0.63125424182708,2.0578769523689964,1.5633837406661657
0.3404298308695357,2.0578769523689964,1.113762462480652
0.45975164533493995,0.08070105695564625,1.1387758841126308
0.3672687521187324,0.08070105695564625,1.3000304805954968
0.4078567778774555,2.0578769523689964,1.2816530096844638
0.7187480265772872,0.08070105695564625,1.6042395103321423
0.4103745362390798,0.3934176526587781,1.8167452794726815
0.556144770988797,2.0578769523689964,1.7613496562028925
0.518447393282701,0.08070105695564625,1.2624844547164766
0.5402380740751899,2.0578769523689964,1.24531049798598
0.6145976399959323,0.08070105695564625,1.9657915301069675
0.3295210906318541,2.0578769523689964,1.0082362415919601
0.4964561146844781,0.3934176526587781,1.8797205330602158
0.4789743589511817,0.08070105695564625,1.199728519122405
0.39303818192741097,2.0578769523689964,1.9472843230897678
0.4475003101364208,0.3934176526587781,1.3423072848275197
0.35009557014743287,0.08070105695564625,1.4403517738932523
0.3777642293223826,0.08070105695564625,1.7071206139443809
0.492222599664442,2.0578769523689964,1.5876690514732603
0.37686199956035216,0.3934176526587781,1.3179393297068227
0.5509610538089449,2.0578769523689964,1.5538309158678234
0.6299950709747039,0.08070105695564625,1.730706884362886
0.5245446133869004,2.0578769523689964,1.0423349459024922
0.37489046279577143,2.0578769523689964,1.0111993052557042
0.39710105382914485,0.3934176526587781,1.4580669390728913
0.358421389375986,0.3934176526587781,1.1318366178035142
0.596244125531783,0.08070105695564625,1.6643442914647144
0.5352637344645654,0.3934176526587781,1.2140524562274342
0.3492860963128512,2.0578769523689964,1.4328511067956708
0.5969994331415427,0.08070105695564625,1.1976709368742688
0.3607461069289232,0.3934176526587781,1.5484835857491244
0.4725084857762208,2.0578769523689964,1.116053459384569
0.4982903573113525,2.0578769523689964,1.0231068527874803
0.5438937783267791,0.08070105695564625,1.051131638106697
0.6845430813911757,0.08070105695564625,1.95425844151531
0.5467969865659322,0.3934176526587781,1.142286218610936
0.4836817986123154,0.3934176526587781,1.7084782531368352
0.5337445365539352,0.3934176526587781,1.0679262042228261
0.35080434235691604,0.3934176526587781,1.1081603522351822
0.6606831522881458,0.08070105695564625,1.5088762514093346
0.5294977013619789,2.0578769523689964,1.4648709301543437
0.7319337536513193,2.0578769523689964,1.9515803094398696
0.5615512059290465,0.3934176526587781,1.9448354530207372
0.6200170910013104,0.08070105695564625,1.779608642542465
0.5432110905339257,0.3934176526587781,1.6021018301273497
0.5913538157592951,0.3934176526587781,1.454960317393011
0.3627121211952149,0.08070105695564625,1.356178534328421
0.3802830216442964,2.0578769523689964,1.9470875469755553
0.43710260552366353,2.0578769523689964,1.6029088114246854
0.40224580967401047,0.3934176526587781,1.5790725276859945
0.5868836853176335,0.08070105695564625,1.2319011217689149
0.3822487851100671,2.0578769523689964,1.046697817885113
0.8038867110402713,2.0578769523689964,1.9451885797595443
0.44005675689832124,0.08070105695564625,1.313735258844654
0.401064171689558,0.08070105695564625,1.4425890233244587
0.537558508967022,2.0578769523689964,1.1146399435857068
0.6370413429694803,0.3934176526587781,1.836924329909292
0.44819393510515254,0.3934176526587781,1.0276318328559306
0.5914391761613014,2.0578769523689964,1.8339907620990965
0.52416213007056,0.3934176526587781,1.1402850127879667
0.4532053436949413,0.3934176526587781,1.886564112631152
0.7559087600689189,0.08070105695564625,1.7297726373361573
0.5992787636491884,0.08070105695564625,1.164670262507305
0.5836681507156319,0.08070105695564625,1.565817992859468
0.39729842120159886,0.3934176526587781,1.3126563143552195
0.5209122379295601,0.08070105695564625,1.1782330989115835
0.38189013866708693,0.08070105695564625,1.8591821994111084
0.34796796095857774,2.0578769523689964,1.4035227665072294
0.4229762988792059,0.08070105695564625,1.3985437143653825
0.45924684064852833,2.0578769523689964,1.16988667480662
0.6215149592673879,0.3934176526587781,1.3830656760857787
0.6739425430100859,0.08070105695564625,1.87161684632885
0.5763039908810005,2.0578769523689964,1.363128710489636
0.5500140212745127,2.0578769523689964,1.951603562499788
0.5124902629694549,2.0578769523689964,1.9463088992083875
0.43106157472174067,0.3934176526587781,1.144898659307346
0.6061567689724066,0.08070105695564625,1.1773112535226449
0.367831656863409,0.3934176526587781,1.8626740703318891
0.6233924204967337,2.0578769523689964,1.3927609189247192
0.46379162084404046,0.3934176526587781,1.0043739822830093
0.46638513978728763,0.3934176526587781,1.273871819705371
0.6179066479184527,2.0578769523689964,1.5976289931955598
0.5564892677276676,0.08070105695564625,1.7992659659599681
0.5640039133913767,0.08070105695564625,1.1333886170932597
0.5657279409717815,0.3934176526587781,1.1105413644167355
0.5444756469885663,0.08070105695564625,1.9220926535723315
0.46225751260642883,2.0578769523689964,1.7511483678225828
0.5661941848183959,0.08070105695564625,1.5897796007780784
0.7311194311373262,0.3934176526587781,1.7691867899959282
0.4097547326826032,2.0578769523689964,1.4288543613066385
0.6075610998866414,2.0578769523689964,1.7584557473091267
0.5419985883235536,2.0578769523689964,1.3718029912745358
0.5490086287703034,0.3934176526587781,1.2440945724926022
0.400528121320288,0.3934176526587781,1.7290134212929686
0.5788920257217027,0.08070105695564625,1.4196722921572684
0.7818482805931752,0.3934176526587781,1.981377104326195
0.3937121005914598,2.0578769523689964,1.349485182308101
0.4602354768574805,0.3934176526587781,1.921727420531066
0.7986308047051166,0.3934176526587781,1.9329625485670796
0.38655431796430606,0.08070105695564625,1.2418529470647461
0.7134964204712593,2.0578769523689964,1.7982211815880134
0.5056771531274784,0.08070105695564625,1.4330745051445652
0.4643013719126778,0.08070105695564625,1.9175247272303482
0.6381822416726852,0.08070105695564625,1.4501242726352388
0.5314357598723024,2.0578769523689964,1.744303717337366
0.518437157578724,0.08070105695564625,1.4669674091637979
0.4372636761738033,2.0578769523689964,1.227800755712856
0.5002223791938075,0.08070105695564625,1.1993501289446864
0.3935749756908194,0.08070105695564625,1.4254311942563456
0.5103186578110425,2.0578769523689964,1.755494657014215
0.712397796088723,0.3934176526587781,1.6050714851807668
0.44892038208130497,0.08070105695564625,1.6886292899005433
0.5336278908647948,0.3934176526587781,1.2823263507319425
0.4540399163442921,0.08070105695564625,1.4814353459576055
0.5183310553581923,0.3934176526587781,1.044395264969327
0.40540150579632145,0.3934176526587781,1.8175324159581208
0.8127263831437382,0.3934176526587781,1.9898921622398746
0.4890485434959704,0.3934176526587781,1.4068790626246708
0.3834098878816983,0.3934176526587781,1.0109636531315433
0.3518156544226011,2.0578769523689964,1.1697926395509475
0.4110401942049075,0.3934176526587781,1.652526877750419
0.5422070084290241,2.0578769523689964,1.6120793182038593
0.49125585693379387,0.08070105695564625,1.787864719585544
0.5793757029622028,2.0578769523689964,1.2538840109610683
0.5279837984171935,0.3934176526587781,1.763631915547134
0.4450874194442597,2.0578769523689964,1.6879840215236697
0.5287264376529337,0.3934176526587781,1.3228144977138432
0.6006311688892564,2.0578769523689964,1.545488148056962
0.3761303499806925,0.08070105695564625,1.1472738084983267
0.3967789116946782,0.3934176526587781,1.4525645034355827
0.366968263100731,0.3934176526587781,1.881197339555641
0.5861206065537582,2.0578769523689964,1.4211913798253908
0.639760247846247,2.0578769523689964,1.839566706475422
0.521858268491007,2.0578769523689964,1.5902533652596944
0.5696404106817172,2.0578769523689964,1.1918767131023569
0.6447416499748301,2.0578769523689964,1.5811062446978963
0.549500791935672,0.3934176526587781,1.5059833291570635
0.6251881610635253,0.08070105695564625,1.398641335196384
0.3845204990205963,2.0578769523689964,1.1196304395160703
0.37568423096659614,0.3934176526587781,1.41670866384723
0.3970916829875012,0.08070105695564625,1.072762376239627
0.3444088605915083,0.08070105695564625,1.0987690513987514
0.5162251660318731,2.0578769523689964,1.415916532932716
0.6242873158048445,0.3934176526587781,1.3053814819684637
0.3697704933430352,0.3934176526587781,1.9255443258622233
0.37680029786148955,0.3934176526587781,1.3757058053802704
0.5361313107054396,0.3934176526587781,1.7578581220721001
0.6800328111374155,0.3934176526587781,1.5302475263662427
0.4737776362895278,0.08070105695564625,1.7040856686423353
0.48499902229351677,0.08070105695564625,1.2601159830153992
0.3713932049056558,0.08070105695564625,1.941904972838329
0.39498897650872444,0.3934176526587781,1.530088496914424
0.778767424181887,0.08070105695564625,1.8313240712852497
0.6485530103130283,0.08070105695564625,1.3650456934761135
0.33094595408262917,2.0578769523689964,1.1002113490505245
0.723264284290055,0.08070105695564625,1.673711647720849
0.47868112920920036,2.0578769523689964,1.0077596483374245
0.6431434511448508,0.3934176526587781,1.4752929765655083
0.4601931582102095,0.3934176526587781,1.1928019026664591
0.5429172578888337,0.3934176526587781,1.6273755044353622
0.5834495310907867,0.3934176526587781,1.9794198731378523
0.5708105571221791,0.08070105695564625,1.4644029063206458
0.40919170394749016,2.0578769523689964,1.8174982565256665
0.3512847288415694,0.3934176526587781,1.507784186951121
0.44943352212327875,0.3934176526587781,1.495840031104024
0.675486939809085,2.0578769523689964,1.9304234931787778
0.4415267133164795,2.0578769523689964,1.8899658687466814
0.6338126844585498,2.0578769523689964,1.7858004651879744
0.6321933405006397,2.0578769523689964,1.296255753316784
0.3759729629388342,2.0578769523689964,1.5450084157239405
0.5274099319685837,0.08070105695564625,1.223897233305685
0.49065303583448583,2.0578769523689964,1.4439166980465399
0.645325325871489,0.08070105695564625,1.4842130657597905
0.4263739269802136,2.0578769523689964,1.831640040169331
0.6632936701114489,2.0578769523689964,1.8960283653249932
0.618854294768301,0.3934176526587781,1.414620062396478
0.5536204661536129,0.3934176526587781,1.017704445073237
0.6525119469666605,0.3934176526587781,1.8617738397893546
0.4694290155202094,0.3934176526587781,1.1742786785013606
0.5814469058259842,0.3934176526587781,1.6218819638903934
0.537208815224241,0.3934176526587781,1.0249709004341312
0.5267562387140039,2.0578769523689964,1.3995064752605644
0.36772668928763824,2.0578769523689964,1.9859603021153498
0.5711746915477628,0.3934176526587781,1.100693601103803
0.5708251472838777,0.3934176526587781,1.4236931519996423
0.5443316518396493,0.3934176526587781,1.3071499501899522
0.44892939568305756,2.0578769523689964,1.9050881233882642
0.6431298330223147,0.3934176526587781,1.8693401079073553
0.4485110260675306,0.3934176526587781,1.2376987603062288
0.49503280143114536,2.0578769523689964,1.0811877870504312
0.38492942592463397,2.0578769523689964,1.6271383940611175
0.543971565587328,0.08070105695564625,1.3363687118837098
0.7417462865881987,0.3934176526587781,1.672084390606063
0.33955354480548283,2.0578769523689964,1.0321197560678144
0.5917375516984027,0.08070105695564625,1.1333992351774893
0.5082968444389661,2.0578769523689964,1.6863722327726434
0.5819658746636892,0.08070105695564625,1.2123706553024978
0.6954986600453984,0.08070105695564625,1.8575876757624017
0.469891571418147,0.3934176526587781,1.0585908877101353
0.5447232703717632,0.3934176526587781,1.2154819827855747
0.7715547863802894,0.08070105695564625,1.9985602484850686
0.47575876319351007,0.3934176526587781,1.4330761025867926
0.47806160566472083,2.0578769523689964,1.7029656635446435
0.5182294464862147,2.0578769523689964,1.1826630488570138
0.6519230396511037,0.08070105695564625,1.6098687349855378
0.658965884985882,0.08070105695564625,1.7261060683694185
0.5834327066282243,2.0578769523689964,1.3144766358665105
0.5385441138677165,2.0578769523689964,1.828897111975878
0.654295668744818,0.08070105695564625,1.6034175784722833
0.3769287336910403,2.0578769523689964,1.3891230096150302
0.5430674625898931,2.0578769523689964,1.5576423933431585
0.3445705453650441,0.08070105695564625,1.5767608474359243
0.4206820323335916,0.3934176526587781,1.165535292693866
0.4594787442958893,2.0578769523689964,1.4027323698669663
0.46210263519766787,0.3934176526587781,1.3434305880194932
0.5684014077207212,0.3934176526587781,1.4009027225791262
0.5099419042912111,2.0578769523689964,1.7611105884852578
0.49755068613853465,0.3934176526587781,1.4825384074666728
0.4617966172586949,0.08070105695564625,1.9403161532392643
0.44901332376488345,2.0578769523689964,1.2936764133584362
0.4143036619444167,2.0578769523689964,1.415703578284929
0.3791253912084487,0.3934176526587781,1.7869568104790414
0.5628509634924727,2.0578769523689964,1.5460245933207504
0.5867853704398572,2.0578769523689964,1.5470281464244477
0.48204795872535133,0.3934176526587781,1.0533401630051835
0.4911358741034653,0.3934176526587781,1.3985996627184558
0.4482997242932982,2.0578769523689964,1.2707337324217325
0.7645155899725533,2.0578769523689964,1.9993351228311154
0.4958479960614877,0.08070105695564625,1.3083550706323104
0.565403423510251,0.08070105695564625,1.8844965347938634
0.355283990952066,2.0578769523689964,1.6762337350404775
0.44437003719319174,2.0578769523689964,1.3409164091920904
0.4806997055065737,0.08070105695564625,1.5435343783741238
0.5239907998901586,0.3934176526587781,1.8405358799491938
0.6104760148702167,2.0578769523689964,1.8833682980309119
0.4773684915539003,0.08070105695564625,1.1603938750061453
0.5287370934137651,0.08070105695564625,1.3395731412081697
0.5775715293748979,2.0578769523689964,1.3352231802135717
0.5275222134083886,2.0578769523689964,1.0420447960759447
0.6153236275165057,0.08070105695564625,1.5982377598518966
0.7712602823471948,2.0578769523689964,1.854820052992188
0.3431567035378181,0.3934176526587781,1.3815743878255178
0.4277152996084633,2.0578769523689964,1.740035944984177
0.34670123119035623,0.08070105695564625,1.6277004136007398
0.5478685447325347,0.08070105695564625,1.3756487354930007
0.5724452933964143,2.0578769523689964,1.141059799492297
0.4448125096729091,0.08070105695564625,1.7093238527759673
0.7586323196009583,0.3934176526587781,1.8545651689412406
0.36946231908218014,2.0578769523689964,1.685854492401492
0.5512273857675586,2.0578769523689964,1.017878484034818
0.4337673577161799,0.08070105695564625,1.2162328943909912
0.35438988272001976,0.3934176526587781,1.069479984883532
0.5232432818354653,2.0578769523689964,1.5703860995762269
0.45438730549604023,0.08070105695564625,1.7564776788404124
0.4045193311489995,2.0578769523689964,1.1105791870686594
0.48371653361056133,0.3934176526587781,1.8383378205933854
0.6381147257113995,0.08070105695564625,1.5555089783954832
0.5618212956409624,2.0578769523689964,1.689969012141725
0.4990087005380243,0.08070105695564625,1.9714018486086462
0.4850484562629389,0.08070105695564625,1.0836809882476972
0.6749370475559013,0.3934176526587781,1.9012240229777893
0.4027472394828651,0.3934176526587781,1.1261026959874094
0.4738838314985534,2.0578769523689964,1.3929588066366823
0.403421026731291,0.08070105695564625,1.8514386963311145
0.43336699996909545,0.08070105695564625,1.906254236737868
0.5837635364788412,0.08070105695564625,1.5063716735451453
0.41150649749141,2.0578769523689964,1.5941046382754251
0.5589891038020073,0.3934176526587781,1.7081473345985572
0.6582018374707188,0.3934176526587781,1.8327586684527142
0.35849566009323824,0.08070105695564625,1.121511169537666
0.5927405776326738,2.0578769523689964,1.8100693082292276
0.429930802447092,0.08070105695564625,1.4812761505116168
0.6699796098117029,0.3934176526587781,1.4506234251081689
0.5013990990902099,0.08070105695564625,1.4238997519969983
0.6289841161459724,0.08070105695564625,1.5092115852460426
0.6068872188593604,0.08070105695564625,1.9450505533946036
0.3575925248367384,0.3934176526587781,1.5482037727921516
0.6467171291794008,2.0578769523689964,1.9531775382631391
0.5968476007690307,0.08070105695564625,1.1802901306156406
0.5927482387519071,0.3934176526587781,1.7241359788326331
0.7015945711802516,0.08070105695564625,1.8122395386087473
0.6976961337247853,2.0578769523689964,1.6791288313348618
0.43019481113022373,0.08070105695564625,1.6069222802265404
0.42080330833512464,2.0578769523689964,1.5648127810861823
0.620373177799811,0.3934176526587781,1.8609304825786959
0.5269565720148806,2.0578769523689964,1.8216465971645
0.552491353616304,2.0578769523689964,1.1222887211805994
0.7452659083138057,0.3934176526587781,1.8485876570308781
0.4564156777063786,2.0578769523689964,1.4140686194404424
0.4039462201230176,2.0578769523689964,1.253696829995811
0.6972926745489891,0.3934176526587781,1.8697685680139258
0.4317580422212676,2.0578769523689964,1.4320247996337416
0.7021988367951311,2.0578769523689964,1.8083646901768167
0.4605570812716138,0.08070105695564625,1.2634036119558445
0.484701597758006,2.0578769523689964,1.0039293214222178
0.374106092929358,2.0578769523689964,1.4954591929029444
0.4914304929489884,2.0578769523689964,1.1002282566428843
0.5354791325282439,0.3934176526587781,1.7543759555249097
0.5113181526203343,2.0578769523689964,1.2760751360694105
0.39631532927541757,0.3934176526587781,1.4436456466034788
0.5180403018435226,0.3934176526587781,1.0870335650915544
0.5971113669160699,2.0578769523689964,1.2866592484472528
0.43965336190561966,2.0578769523689964,1.781490243258572
0.35704213628429965,2.0578769523689964,1.1515879119023196
0.3535431124318532,2.0578769523689964,1.6471595611269574
0.6443320395598995,2.0578769523689964,1.9174258528045012
0.5873315359474807,2.0578769523689964,1.6798367597577202
0.5840221023115538,2.0578769523689964,1.8110216892922268
0.3905310785959919,0.3934176526587781,1.1089716293039158
0.4492216240962966,0.08070105695564625,1.2507318260020543
0.6187807667304777,0.3934176526587781,1.894538852240591
0.5484873489467129,2.0578769523689964,1.715105613618089
0.7285209644438847,0.08070105695564625,1.6395538263773113
0.398639482186933,0.08070105695564625,1.6637667361217
0.5708763275756968,2.0578769523689964,1.4142005543046434
0.4275939355426986,2.0578769523689964,1.0445566316176533
0.5295601012447803,0.3934176526587781,1.784441542070729
0.6311849135726767,0.08070105695564625,1.6787132362153538
0.5813097428068841,0.08070105695564625,1.4728044641127247
0.7989491062956602,2.0578769523689964,1.8997596153682574
0.3765657935664998,2.0578769523689964,1.3361596649850989
0.36672062888252366,0.08070105695564625,1.2943217442312358
0.6729202045333156,0.08070105695564625,1.8727963250794428
0.5953332254655824,2.0578769523689964,1.7969876547589854
0.4392358103188169,2.0578769523689964,1.5149798106483447
0.3516584737270616,2.0578769523689964,1.13073473945785
0.3573184212914249,0.3934176526587781,1.2150714714650523
0.6961327692703402,0.3934176526587781,1.6562279904088066
0.4001970973471425,2.0578769523689964,1.3850412378404116
0.4905498814320538,0.3934176526587781,1.8364731916659713
0.45755479627847706,0.08070105695564625,1.949955009332204
0.5008959316113949,0.08070105695564625,1.8056369252749183
0.3597236982014598,2.0578769523689964,1.3775454229955573
0.568735355285436,0.08070105695564625,1.788686429231424
0.3580095607784394,0.08070105695564625,1.3514416734706836
0.5518740957709021,0.08070105695564625,1.167100087765634
0.38471638081724857,0.08070105695564625,1.0333932048658574
0.5144547618037364,0.08070105695564625,1.38571671276102
0.7496218285633459,0.3934176526587781,1.903559303697282
0.5238986914190459,0.3934176526587781,1.2389865877556765
0.48434529759359396,2.0578769523689964,1.206513164929784
0.5049533435777601,0.08070105695564625,1.9698207852410403
0.40796663719261234,0.3934176526587781,1.025004112850592
0.6321347922027046,0.3934176526587781,1.7857821503937543
0.6463036971342521,0.3934176526587781,1.3213699557408702
0.4895999435311475,0.08070105695564625,1.0374879568696593
0.6059949399724252,0.3934176526587781,1.9178025402095837
0.5271109141119065,2.0578769523689964,1.1396423302095835
0.5129622914187314,2.0578769523689964,1.5517792837256954
0.3524290615506687,0.08070105695564625,1.2740542074295478
0.4697857903051558,2.0578769523689964,1.065192802184691
0.565027699323982,0.3934176526587781,1.049922485663379
0.37617833898443975,0.08070105695564625,1.1155566988363388
0.5030137944224536,2.0578769523689964,1.07136701388938
0.4313887188874726,0.08070105695564625,1.760558115519923
0.5286382948574794,0.3934176526587781,1.485566202283429
0.3668762167215329,2.0578769523689964,1.3428920913489797
0.4894632679563886,0.3934176526587781,1.4183689101320072
0.6988206029993109,2.0578769523689964,1.9289467355726233
0.5093204178348707,0.08070105695564625,1.9107518127381473
0.6170915947611881,2.0578769523689964,1.715676480122577
0.7071843169006218,2.0578769523689964,1.8846823774216879
0.624944134754664,2.0578769523689964,1.3196480275876248
0.4138949541275217,0.08070105695564625,1.381109326008283
0.4963251216438973,2.0578769523689964,1.6137121818542282
0.40240280220685415,0.3934176526587781,1.6236259472972643
0.688396741486347,0.08070105695564625,1.481699838012341
0.6451412812052797,0.08070105695564625,1.4006578484379533
0.6085838304772558,0.3934176526587781,1.9861803116086951
0.7134743589900705,0.08070105695564625,1.8211236261177244
0.5157027938063363,2.0578769523689964,1.4349801978880452
0.6023060498499403,0.08070105695564625,1.7272924772395686
0.36094061913364306,0.3934176526587781,1.2695616932524594
0.5254927296230902,0.08070105695564625,1.1001693262373298
0.377286409857474,0.3934176526587781,1.3524310255527405
0.6121895254736702,0.08070105695564625,1.4029728001233943
0.5144424028564646,0.3934176526587781,1.0165371245606707
0.654523139871136,0.08070105695564625,1.814792001635896
0.34822624634342914,2.0578769523689964,1.3591934023891814
0.4561683218764923,0.3934176526587781,1.580418165780147
0.39552283421433887,0.3934176526587781,1.073963187270956
0.4315330645365376,0.08070105695564625,1.1749968287505839
0.39017800393378566,0.08070105695564625,1.88969372532756
0.7009494032514355,0.08070105695564625,1.6086875278828008
0.6093798778489286,2.0578769523689964,1.9502840501704855
0.4990397120760416,0.08070105695564625,1.998750034391317
0.4658383449236692,0.3934176526587781,1.3718601153330945
0.4723229336264068,0.08070105695564625,1.2988030640832746
0.6153359478885481,2.0578769523689964,1.8583560551590967
0.5989853125383683,0.08070105695564625,1.9986114270374542
0.6994437375453015,0.08070105695564625,1.6296412342324573
0.5602875362176691,0.3934176526587781,1.7951407225115223
0.7680016205115111,0.08070105695564625,1.7817458588152744
0.6095720632540925,2.0578769523689964,1.3553397082195469
0.42021940701598226,0.08070105695564625,1.5742703802570872
0.7548067765409154,0.08070105695564625,1.8330569412642137
0.39204409627444115,0.3934176526587781,1.6881138762610555
0.5239478282665503,0.08070105695564625,1.0211638139820383
0.4563636574819754,0.3934176526587781,1.3367056688975336
0.5678611942752816,0.3934176526587781,1.1444756965946055
0.5860517061584232,0.08070105695564625,1.232972212078039
0.7164745771605877,0.3934176526587781,1.9054894774913258
0.5207736657764453,0.3934176526587781,1.0368932889107683
0.4206408457331649,0.08070105695564625,1.2198007119619239
0.3603285977986185,0.08070105695564625,1.3095693522382315
0.49812106012707336,2.0578769523689964,1.6168840719663948
0.4044002585700803,2.0578769523689964,1.5341016900858655
0.5327781174445079,0.3934176526587781,1.218269482853386
0.4264563792427891,0.3934176526587781,1.1642410672231545
0.6183794820952402,0.08070105695564625,1.2367980345961187
0.5687314232012176,2.0578769523689964,1.5025296267016555
0.5813666735434151,2.0578769523689964,1.2711777857112034
0.4137463433852697,0.08070105695564625,1.9476025016077223
0.6384012788870082,0.08070105695564625,1.4638652214288475
0.5586182169691581,0.08070105695564625,1.058796016544637
0.546573720375861,0.08070105695564625,1.7292664058366334
0.5263601646379571,2.0578769523689964,1.3288452882089896
0.6446832135852834,0.08070105695564625,1.6534889320582475
0.38735228383652753,0.08070105695564625,1.279594370523232
0.5295151180323486,2.0578769523689964,1.5707437417333199
0.51552587393834,0.08070105695564625,1.7721525048074647
0.4189486323140759,2.0578769523689964,1.928008741774554
0.4435125966309162,2.0578769523689964,1.2611271444330772
0.3574725169710894,0.08070105695564625,1.3348569509989812
0.34836220663853873,0.08070105695564625,1.4642664202859397
0.4137588317368667,0.3934176526587781,1.927174837735989
0.7866548687316665,0.3934176526587781,1.9013868568106571
0.4705103472232405,2.0578769523689964,1.089878280100638
0.5883222329924256,2.0578769523689964,1.1319298257538108
0.4935580947648884,0.3934176526587781,1.4955091773306384
0.4111694824497306,2.0578769523689964,1.1066192728054234
0.49737765616041935,0.3934176526587781,1.3455808733486974
0.45001535831991807,0.08070105695564625,1.1483853782174775
0.3850356283237234,0.08070105695564625,1.6360403551318858
0.6496169479711045,0.08070105695564625,1.9494954317391617
0.4563141278690668,2.0578769523689964,1.9967337702943815
0.5387162184049958,0.08070105695564625,1.3752411324969147
0.589707766576613,2.0578769523689964,1.5990126371146123
0.4169942364711016,0.08070105695564625,1.8562676535240814
0.346289047432831,2.0578769523689964,1.117462072796384
0.6586931636205684,2.0578769523689964,1.689564411051965
0.4913211463118078,0.3934176526587781,1.4088436617250681
0.34906494341167676,0.3934176526587781,1.2061461602801642
0.6682068009230262,0.3934176526587781,1.4027536187474419
0.34366080129885873,2.0578769523689964,1.075960286964917
0.6254321987561511,0.3934176526587781,1.6954071485893056
0.6249408198900454,0.3934176526587781,1.252742668748453
0.4094985962468779,0.3934176526587781,1.311405645044878
0.3678227052120213,2.0578769523689964,1.1210812982414629
0.40394062549539217,2.0578769523689964,1.8646591138898918
0.4475439995102167,0.3934176526587781,1.4934442792827385
0.37997754426212116,0.3934176526587781,1.5721468777864003
0.5999060243784957,2.0578769523689964,1.5694326830948546
0.35877393669919383,2.0578769523689964,1.4104931145413417
0.4755505410730303,0.3934176526587781,1.1925299154381395
0.760155707541669,0.3934176526587781,1.7451327484984
0.5467024382582831,0.3934176526587781,1.1270562653576743
0.4898278539898196,2.0578769523689964,1.1038737902788105
0.4703789451106204,0.3934176526587781,1.7101450375965035
0.510664227395195,2.0578769523689964,1.2088370204519838
0.49806769616307406,0.08070105695564625,1.3067727513528324
0.48866043397721176,0.3934176526587781,1.4752274670017402
0.38388972287313855,0.08070105695564625,1.4493513167295462
0.7057281688342599,2.0578769523689964,1.708579125064999
0.5169652378688955,0.08070105695564625,1.6234317934433609
0.42019599102009153,0.3934176526587781,1.6443961622818657
0.4958120275418928,0.08070105695564625,1.7140543306554572
0.4613826734366791,0.08070105695564625,1.2926127274234653
0.5944497254119991,0.08070105695564625,1.3223333118004736
0.5886011846826172,2.0578769523689964,1.4379977478955541
0.5730823227665266,0.3934176526587781,1.307462173033526
0.35854907263877805,2.0578769523689964,1.9849378689708634
0.5282117344517271,0.08070105695564625,1.8140519264214297
0.4636687701422941,0.08070105695564625,1.1646546882560296
0.3316724149271997,2.0578769523689964,1.0055941558818695
0.39190300482964546,2.0578769523689964,1.042783268247268
0.5569905331655778,0.08070105695564625,1.2440634510429254
0.3660583100273241,0.3934176526587781,1.1142912858368565
0.5358927923449069,2.0578769523689964,1.533338114892572
0.4450142461731198,0.08070105695564625,1.8579952227273586
0.3516982998050998,0.08070105695564625,1.7367502209132275
0.4019977510476981,0.3934176526587781,1.2156090630821903
0.660994149727525,0.08070105695564625,1.399299256025786
0.6271004717354121,2.0578769523689964,1.5078942095312775
0.7615442214781556,0.08070105695564625,1.8102058495033355
0.5627449652605077,0.08070105695564625,1.8391216031061648
0.4011721690767682,0.08070105695564625,1.9097183119077759
0.5366681210819736,0.08070105695564625,1.5092452505028753
0.528382257989133,0.3934176526587781,1.694274746435863
0.5512676502430867,2.0578769523689964,1.111800371233937
0.37852693355255645,0.08070105695564625,1.565288959953982
0.4776937559057041,2.0578769523689964,1.248691809471135
0.3894208971943131,0.3934176526587781,1.431716885026611
0.4698758235973173,2.0578769523689964,1.6340505083067194
0.5528902137102844,0.3934176526587781,1.256985937853781
0.4463027210262797,2.0578769523689964,1.052185057796761
0.4165777980613099,2.0578769523689964,1.0102338564087576
0.4224467856477759,0.08070105695564625,1.0221595355445214
0.4361744778161817,2.0578769523689964,1.0083497375137696
0.5354035355346555,0.08070105695564625,1.1103550565578755
0.5946245364355683,0.08070105695564625,1.2394887145701299
0.608454866637929,2.0578769523689964,1.2212215141822993
0.7254369102315027,0.08070105695564625,1.9867965941798968
0.4325859596877005,2.0578769523689964,1.3060061052089433
0.5133307965809786,0.08070105695564625,1.127420783359399
0.5019819822501146,0.08070105695564625,1.5455625441677578
0.4624475441472775,0.3934176526587781,1.8579574553975085
0.6801732027984527,0.3934176526587781,1.6780603767876752
0.3466823758788378,2.0578769523689964,1.2960820891354503
0.6760319060117036,0.08070105695564625,1.561616159791455
0.5340770041261634,0.3934176526587781,1.7148559742004092
0.6080390377870153,0.3934176526587781,1.7281044923677422
0.6057094808984934,0.3934176526587781,1.666538455297689
0.748494939956864,0.08070105695564625,1.8708104247756179
0.6333924040898354,2.0578769523689964,1.8701054583441044
0.5724419435769498,0.08070105695564625,1.5789365594070033
0.3610592464849859,0.08070105695564625,1.4298563691112123
0.5461553227659642,0.3934176526587781,1.6415702955650997
0.4137806015484123,0.08070105695564625,1.8182120013704632
0.5015536766233243,0.08070105695564625,1.0056521048411846
0.5963478627010836,0.3934176526587781,1.991997009014851
0.5218002966192417,0.3934176526587781,1.1828937723291992
0.3540855372179546,0.08070105695564625,1.470248985659976
0.38806349517784944,0.3934176526587781,1.8720297348428667
0.5402766346457285,2.0578769523689964,1.2250403990441994
0.3649698596454094,2.0578769523689964,1.4767952239003832
0.34956309173014566,2.0578769523689964,1.132582180181179
0.34155446105766374,2.0578769523689964,1.3950763253881926
0.5974567292398945,2.0578769523689964,1.1771354547930026
0.5747290028381705,0.3934176526587781,1.363627748771157
0.451818048537581,0.3934176526587781,1.373464216792722
0.4942162433052528,2.0578769523689964,1.9931707895983326
0.5196178235104957,2.0578769523689964,1.9948130293037722
0.5336363877339654,2.0578769523689964,1.1147862786606124
0.617563227120459,0.3934176526587781,1.7259687793283471
0.37422662725951644,0.3934176526587781,1.0517454796691013
0.37000099551761756,0.08070105695564625,1.0301920153371886
0.35543681929915755,0.08070105695564625,1.1053338942449642
0.6616209991806973,0.08070105695564625,1.965485657007934
0.705100091339181,0.08070105695564625,1.9408635478946974
0.4068792167657601,0.3934176526587781,1.1939278202806805
0.3370505064665147,0.3934176526587781,1.1616723355537115
0.3575031743054399,0.3934176526587781,1.240535086515947
0.6885446712528683,0.3934176526587781,1.5155469940751423
0.4522385356157422,2.0578769523689964,1.56970463203541
0.554852654489063,0.08070105695564625,1.2215934304394473
0.6079453391650418,0.3934176526587781,1.7566227880899452
0.45355594734815957,0.3934176526587781,1.3095531694026508
0.44570389529892157,0.08070105695564625,1.9221313255294104
0.39229888546878944,0.3934176526587781,1.6567227064567307
0.5479129873801128,2.0578769523689964,1.4363511943036116
0.677639253516292,0.3934176526587781,1.7899120017028454
0.6271201104833137,0.08070105695564625,1.8179146260466648
0.49655894542298595,2.0578769523689964,1.2904816056089436
0.3493709352006442,2.0578769523689964,1.3397145438360845
0.7980724204937424,0.08070105695564625,1.9359551537286035
0.5509049211470516,0.08070105695564625,1.164741038363272
0.3999438994919491,2.0578769523689964,1.0421504169629343
0.6767388442405277,0.3934176526587781,1.4540553226095492
0.6060925662079006,0.08070105695564625,1.801209900243629
0.5928280559032343,2.0578769523689964,1.7716681063107458
0.6931599999905383,0.08070105695564625,1.9195306289128324
0.6363826877748672,0.3934176526587781,1.5332006643690401
0.4998583433959074,0.3934176526587781,1.1000646715665332
0.3910186025232006,2.0578769523689964,1.5886889743360162
0.49076832053954433,0.3934176526587781,1.7783956143532116
0.5685881887184431,0.3934176526587781,1.0933281202698264
0.39376359514889814,0.3934176526587781,1.1726574010975899
0.41593291206919325,0.08070105695564625,1.0122906611556708
0.506247074594924,2.0578769523689964,1.5936525794468104
0.5478734953115547,2.0578769523689964,1.8867343919459043
0.5880636616366565,2.0578769523689964,1.6706633160020994
0.7980678778077875,0.3934176526587781,1.982040087590982
0.3889252692366426,0.08070105695564625,1.0630336524997617
0.4061400873139501,2.0578769523689964,1.9030010851514962
0.4339164894070714,0.08070105695564625,1.8140682873866807
0.611080228196142,2.0578769523689964,1.3142415204995048
0.6563092972017147,0.3934176526587781,1.9735265518372518
0.42174725410384284,2.0578769523689964,1.287937748171415
0.7174032248071192,2.0578769523689964,1.8893047238282183
0.7358090571002212,0.3934176526587781,1.8807485770741894
0.7007779514179671,0.3934176526587781,1.7576576166029725
0.6828497752027579,2.0578769523689964,1.5634704738128518
0.3968012194968436,0.08070105695564625,1.120002749616888
0.615502035549834,0.3934176526587781,1.5319717344964983
0.4844025984568305,2.0578769523689964,1.3567962556549347
0.7068244364553254,0.3934176526587781,1.7922170331553517
0.6515842979375362,0.08070105695564625,1.7581292064968448
0.7042095683243315,2.0578769523689964,1.9106125073726052
0.48402700641887836,2.0578769523689964,1.014830162431708
0.42492940401201146,0.08070105695564625,1.809103216823046
0.6034400460507361,0.08070105695564625,1.9384620531246688
0.7668244846298079,2.0578769523689964,1.7893004491081501
0.5802940942535247,0.08070105695564625,1.1301944598703666
0.34015627812104443,0.08070105695564625,1.0812791048408879
0.3671266349287315,2.0578769523689964,1.0208452398077008
0.3947305169281901,0.3934176526587781,1.628745225828071
0.624640078525142,0.08070105695564625,1.6296726518598872
0.7400641254471139,0.3934176526587781,1.9869137142182123
0.40831031235552867,0.3934176526587781,1.3980431741040957
0.495253852627892,0.3934176526587781,1.3319062848974967
0.6678119202976499,0.08070105695564625,1.6244249271843925
0.6670990423910275,2.0578769523689964,1.825608672507594
0.6018879330328133,2.0578769523689964,1.9367739495230019
0.6014781805741625,2.0578769523689964,1.8031241661790385
0.5101816377697601,2.0578769523689964,1.4266739806158046
0.4594393649630184,2.0578769523689964,1.6349142353120643
0.5992827093281495,2.0578769523689964,1.856299326716117
0.583500696276539,0.3934176526587781,1.4906096883117395
0.5837247210116139,0.3934176526587781,1.2166866437053927
0.507162510838526,0.3934176526587781,1.169723439747873
0.5060022407431103,0.08070105695564625,1.0001577445780567
0.4115316048901585,0.08070105695564625,1.7182379949812843
0.4508450150070796,0.08070105695564625,1.1110972088459905
0.33625061039590387,2.0578769523689964,1.2438390996959403
0.41065863128862046,0.3934176526587781,1.2978763315227932
0.6108497569441027,0.08070105695564625,1.5603798601367682
0.6659176871816982,0.3934176526587781,1.3979572772957694
0.3844731643635901,2.0578769523689964,1.6746739920231617
0.4282674608895959,0.3934176526587781,1.0556386593287028
0.5423246054040899,2.0578769523689964,1.1239391942644394
0.4128517315908948,0.08070105695564625,1.4992115035332667
0.5115780006438344,2.0578769523689964,1.3369647878468298
0.5595106095348993,2.0578769523689964,1.2958133627513597
0.48357547583239324,0.3934176526587781,1.0670280790375228
0.43572540734781273,2.0578769523689964,1.8957191747480016
0.48827601497841616,0.08070105695564625,1.6918185861250508
0.5375102936767875,0.08070105695564625,1.1216181568196495
0.4677377462485077,2.0578769523689964,1.0650459577371407
0.3555266400093722,0.3934176526587781,1.9748725334312431
0.6489982252639019,0.08070105695564625,1.6811725504395048
0.35000757867171856,0.08070105695564625,1.4174560710937416
0.6471497906050283,2.0578769523689964,1.7017310407557849
0.43171663394634696,2.0578769523689964,1.756331786480159
0.7531102663273401,0.08070105695564625,1.7799622023887793
0.46863919496367057,2.0578769523689964,1.4778773056530576
0.4492131090858622,2.0578769523689964,1.4298827581248479
0.36268665897057867,0.08070105695564625,1.0110280842689003
0.4918329019385138,0.3934176526587781,1.9265571151418381
0.6766478305379877,0.3934176526587781,1.603307878388943
0.6154620531532309,0.08070105695564625,1.2031539371899682
0.5197675474457709,2.0578769523689964,1.9196034194214366
0.5558049158612262,0.08070105695564625,1.9149319017702964
0.6952631194233336,0.08070105695564625,1.989184164366096
0.7453054659144329,2.0578769523689964,1.874056563138979
0.635643400183433,0.3934176526587781,1.9977843878200647
0.44867297610419465,0.3934176526587781,1.2446861881232727
0.5302451137825852,2.0578769523689964,1.8422495851992342
0.6504607482251573,0.08070105695564625,1.8230283087957644
0.3340988679309276,2.0578769523689964,1.2309403592207337
0.4900081904989739,0.08070105695564625,1.0984375490009908
0.5206367914876353,2.0578769523689964,1.9794205136775997
0.5782855549751683,2.0578769523689964,1.2960245515206104
0.39165728578620057,0.3934176526587781,1.8708917904678062
0.4660004258536594,0.3934176526587781,1.0041271546746038
0.44308713649556797,2.0578769523689964,1.0210248072196022
0.5625620989324923,2.0578769523689964,1.4658713086963684
0.3523503486152779,0.3934176526587781,1.2387146839350636
0.5781828825974759,0.08070105695564625,1.6898412834359644
0.5506296328639546,0.3934176526587781,1.5655643255679543
0.4713639175359796,0.08070105695564625,1.0774857974504914
0.49688660418531455,0.3934176526587781,1.162628296315717
0.5596613873090458,0.3934176526587781,1.3880492700584144
0.5572321578236984,0.08070105695564625,1.185604063955433
0.4631101739514635,2.0578769523689964,1.7922223472439285
0.6148040413995015,0.3934176526587781,1.41607023555328
0.45786446065377656,0.3934176526587781,1.0934318668424994
0.3670526749802605,0.3934176526587781,1.4843429022721248
0.3444639359182239,2.0578769523689964,1.090838181061414
0.41941159548291157,0.3934176526587781,1.128937305419817
0.5632624647630164,2.0578769523689964,1.2396098320282052
0.6628853269801374,0.3934176526587781,1.8595277052474897
0.7127725704997167,0.08070105695564625,1.924612532332972
0.5736596741615351,0.3934176526587781,1.826257729332069
0.47485525475205653,0.3934176526587781,1.3340772174178472
0.3786231171722371,2.0578769523689964,1.2724464411088316
0.46225852402112555,2.0578769523689964,1.549155690790239
0.5238115669131632,2.0578769523689964,1.7218531605331124
0.39559480938369457,0.08070105695564625,1.9933727881601748
0.38937338425723,0.08070105695564625,1.1315707118789262
0.47608258807747145,2.0578769523689964,1.0492919990238043
0.6415757701300396,0.08070105695564625,1.694355888995271
0.7841096273006022,2.0578769523689964,1.8322257835039055
0.7592466223948668,0.08070105695564625,1.8463487798664233
0.601230993710538,2.0578769523689964,1.6784635490771607
0.5483520840828325,2.0578769523689964,1.954015804119187
0.5685488500763936,0.08070105695564625,1.511004763544587
0.7090840074524319,0.3934176526587781,1.9138147983362126
0.4082886313753756,2.0578769523689964,1.967812136991523
0.5296709103992776,2.0578769523689964,1.8471574570031077
0.5954062281512996,0.3934176526587781,1.3097585632586206
0.44063331643687775,2.0578769523689964,1.1962156511702953
0.5516180304003182,2.0578769523689964,1.5481200649818185
0.5414481095209123,0.08070105695564625,1.4530147503801885
0.43284699654117775,0.3934176526587781,1.8777583421927329
0.4235697378316663,2.0578769523689964,1.1000316710671538
0.4333067327601747,2.0578769523689964,1.2577400613115186
0.3580034249318432,0.3934176526587781,1.7517989445187085
0.3357675692998232,0.3934176526587781,1.094986644977312
0.5953944288154017,0.08070105695564625,1.3207644140217
0.42701818512763057,0.08070105695564625,1.3871553940539831
0.543151670003134,0.08070105695564625,1.62259379656269
0.41283920873793356,2.0578769523689964,1.1581326457193646
0.7661787620281317,0.3934176526587781,1.8606044903497096
0.42788146912818026,0.08070105695564625,1.4475422354662744
0.5474437063659789,0.3934176526587781,1.9170217118805564
0.643067069372437,2.0578769523689964,1.4678699136339315
0.5880981141235861,2.0578769523689964,1.2750402589407335
0.3808986395806855,0.3934176526587781,1.1418288286876748
0.5165574858260394,0.3934176526587781,1.003745094711285
0.507688998028418,0.08070105695564625,1.5321574849848356
0.4558892187308741,0.3934176526587781,1.1071566969269235
0.38144655362062496,0.08070105695564625,1.3917277636311782
0.3731435750573161,0.3934176526587781,1.5892717612370868
0.5538712108395998,0.3934176526587781,1.2756858969027003
0.46936961057370274,0.3934176526587781,1.1752242923661154
0.5319461215126523,2.0578769523689964,1.7747216226093416
0.6902017858582999,2.0578769523689964,1.9467911722816207
0.5282056603768086,2.0578769523689964,1.100440417861966
0.3744699335189278,0.08070105695564625,1.1555903243850079
0.6372505455190738,0.08070105695564625,1.9600126572527188
0.36105614537536984,2.0578769523689964,1.0377842218122462
0.7067356357590149,2.0578769523689964,1.9776323365504722
0.4823323911305199,0.3934176526587781,1.0046444830849888
0.776587946479341,0.3934176526587781,1.8736686556513313
0.35652674669790846,0.08070105695564625,1.3073251809877495
0.3784113788080024,0.08070105695564625,1.9385888581772965
0.4233620234214991,0.3934176526587781,1.3169452886355855
0.447271258984898,0.08070105695564625,1.6543063215340559
0.39196483666322074,2.0578769523689964,1.0800325697659368
0.599470038337284,0.3934176526587781,1.242329811453739
0.45286384409810254,0.3934176526587781,1.7736793464792506
0.43970605686200603,0.08070105695564625,1.5286858536788197
0.7001000596267621,0.3934176526587781,1.9279690617870449
0.49065358200160225,0.3934176526587781,1.4287514083413542
0.6956058384438562,2.0578769523689964,1.8698123658139232
0.3614354435683131,0.3934176526587781,1.4489554374782374
0.582824053014017,0.3934176526587781,1.9792482787019852
0.3683409929144134,0.3934176526587781,1.9598343813988768
0.35549021041717543,0.3934176526587781,1.3291367055560803
0.7572341805908347,2.0578769523689964,1.8859236704168032
0.41083189908454704,0.3934176526587781,1.8476113742156492
0.48483810002486544,2.0578769523689964,1.2106803973275628
0.5021665044697308,2.0578769523689964,1.6242904007832697
0.41668944674776087,2.0578769523689964,1.0726823155898149
0.7422909843157482,0.08070105695564625,1.8367107205834616
0.3377034061017077,0.08070105695564625,1.1745458835034965
0.49629540215963985,0.3934176526587781,1.0708147013857645
0.6570975259321046,2.0578769523689964,1.4002190955388112
0.5519768526341424,0.08070105695564625,1.5769221385996435
0.7630371494556125,0.3934176526587781,1.854916958559771
0.37760182350200494,0.08070105695564625,1.9742425255217366
0.48155158899830497,2.0578769523689964,1.4394925125698637
0.393566879777603,0.3934176526587781,1.0604469229852702
0.6507301830185575,2.0578769523689964,1.7491155790258706
0.7064281944347452,2.0578769523689964,1.5651732562239373
0.4269635736153955,0.08070105695564625,1.447891344844463
0.5378166145517159,0.3934176526587781,1.3092688787921896
0.4109787990578232,0.3934176526587781,1.5023985278435357
0.5150980203330106,0.3934176526587781,1.338679604457031
0.5409148093733653,0.08070105695564625,1.7570118677473603
0.6974279948350695,0.3934176526587781,1.543893696492641
0.6220459584095456,0.08070105695564625,1.876847774154112
0.46946682864094635,0.3934176526587781,1.543543914649442
0.36673642852910965,0.08070105695564625,1.23826241333993
0.4163238308606582,0.3934176526587781,1.8510918822321445
0.42511439034401555,0.08070105695564625,1.557219044930044
0.40403664328049155,2.0578769523689964,1.2068410381435613
0.6714213279426106,2.0578769523689964,1.6235078099562221
0.516879439505835,2.0578769523689964,1.3577167649424275
0.5790904328570496,0.3934176526587781,1.8444056122920658
0.37863061753970606,0.08070105695564625,1.453299738646543
0.6991667750479872,2.0578769523689964,1.7264413581074167
0.5161469569072333,0.3934176526587781,1.0955362076362372
0.3599468566652247,0.08070105695564625,1.396024346302346
0.6873521942815843,2.0578769523689964,1.9832414364723987
0.5822583484290157,2.0578769523689964,1.8084602894771482
0.3536296477610168,0.3934176526587781,1.1599408023669286
0.47284636486966386,0.08070105695564625,1.277764049477255
0.4882877327722832,0.3934176526587781,1.329815808856361
0.4093333958611507,2.0578769523689964,1.6503655604954457
0.7420303654022851,0.3934176526587781,1.7569947594896556
0.7003414305000886,0.3934176526587781,1.7495266088079098
0.5801021685030155,2.0578769523689964,1.5098740563064028
0.5476617879360733,2.0578769523689964,1.8108205378381512
0.47885110019416327,0.08070105695564625,1.4370780827574752
0.5028019188757192,0.08070105695564625,1.123880565295562
0.5444908254093035,2.0578769523689964,1.5644418416538133
0.38139061363768784,2.0578769523689964,1.9523013846011068
0.5665948204021465,0.08070105695564625,1.7929936513925113
0.6444852422891802,0.3934176526587781,1.5787006476922425
0.5238187461521038,2.0578769523689964,1.6468056603490968
0.3757449435261213,2.0578769523689964,1.9305620270355726
0.6044540079568503,0.3934176526587781,1.4283427944349605
0.39927388934701485,0.08070105695564625,1.3313941389426374
0.4748135875311175,0.08070105695564625,1.977241565000449
0.42306804577465656,0.3934176526587781,1.8634431335103334
0.4389702534851112,2.0578769523689964,1.3230435846186024
0.6018711857247685,0.3934176526587781,1.4637805973609228
0.5121465490046818,2.0578769523689964,1.415078129007799
0.3865093345782088,0.08070105695564625,1.149095678671434
0.761525997681737,2.0578769523689964,1.957819323813259
0.6302867900924807,2.0578769523689964,1.4043124312197588
0.7386464141923791,2.0578769523689964,1.8753290826379079
0.39909505353613606,2.0578769523689964,1.189356227680665
0.5072928394814897,2.0578769523689964,1.5478708106372197
0.5649389105327268,0.08070105695564625,1.0239613851242697
0.6710602592287928,0.3934176526587781,1.7642204838423086
0.35271691959142526,0.08070105695564625,1.5809138982462785
0.36887994461041756,2.0578769523689964,1.6255895834697527
0.4432442209017242,0.3934176526587781,1.0517208825546533
0.5926516634688025,2.0578769523689964,1.2110383302086154
0.46529674578327085,0.08070105695564625,1.0743308723535803
0.48641607225219935,0.08070105695564625,1.2889143158038117
0.38451283340952047,2.0578769523689964,1.627439007682151
0.5861335062654357,2.0578769523689964,1.566185984317375
0.6578823569922371,0.3934176526587781,1.6121498216133903
0.4814585570535199,0.3934176526587781,1.5492512713778943
0.5676795148656176,2.0578769523689964,1.2730287956758595
0.6171233480299687,0.3934176526587781,1.2445074973444252
0.3852944694776597,2.0578769523689964,1.1370596835365814
0.5797763492838,2.0578769523689964,1.849070874903492
0.4536314376495536,2.0578769523689964,1.6164793585412445
0.5540336415666139,0.08070105695564625,1.1865110125040599
0.4922014983010845,2.0578769523689964,1.1772093798212395
0.632990388800039,2.0578769523689964,1.8730356015261367
0.6772139150390333,2.0578769523689964,1.7427308637633194
0.5006230536378693,0.3934176526587781,1.6593990799053713
0.6427248237744414,2.0578769523689964,1.4068641075392998
0.4929689929349384,0.08070105695564625,1.2619755642785175
0.42759337572190415,0.08070105695564625,1.9794507631128238
0.6455706091605558,2.0578769523689964,1.7972395750228003
0.5792520428139989,2.0578769523689964,1.3017792231362764
0.48880688990482435,2.0578769523689964,1.8475647962784947
0.7055289854437193,0.08070105695564625,1.7589319486146815
0.6128499636627396,0.3934176526587781,1.2970805498779985
0.43195852826244385,0.3934176526587781,1.4265528542416397
0.6072879040242793,2.0578769523689964,1.1859534453910268
0.36680803423066993,0.3934176526587781,1.1110524443781093
0.4289912282064321,0.08070105695564625,1.7227620328396966
0.3893321962821558,2.0578769523689964,1.2675118573538666
0.7357088760586263,0.3934176526587781,1.8200593657462536
0.6643626595906991,2.0578769523689964,1.995608711514426
0.36760923724925926,2.0578769523689964,1.0766198139296486
0.49334768142643864,0.08070105695564625,1.4730351250837002
0.6119854085386207,0.08070105695564625,1.802062559310803
0.38357946644729674,0.3934176526587781,1.7889508965412335
0.7163311091625272,0.08070105695564625,1.7599971583309686
0.5928365014455684,2.0578769523689964,1.3489949353019108
0.5131499418269846,0.08070105695564625,1.4538532556850523
0.7089038341087427,0.3934176526587781,1.5949683573414704
0.5492686043675964,0.3934176526587781,1.973940583573257
0.6447983710488416,0.3934176526587781,1.327547270938493
0.6572397657230276,0.08070105695564625,1.9231438877168578
0.5246094574174082,0.08070105695564625,1.269356918180494
0.43200379014972673,0.08070105695564625,1.9890744654737045
0.6946675477165355,0.08070105695564625,1.6702636868275917
0.4876324493326471,0.08070105695564625,1.463511480358551
0.4055120838632988,0.3934176526587781,1.6133904280636049
0.3380681884254292,0.3934176526587781,1.2725311690402068
0.5029109847651322,0.08070105695564625,1.2741738575114665
0.46846789636637376,2.0578769523689964,1.113554543843494
0.5189562097073462,0.3934176526587781,1.1140502977053988
0.6201779977655347,2.0578769523689964,1.3476717414689112
0.38065712413855707,2.0578769523689964,1.7628554778963716
0.6223702780802509,0.3934176526587781,1.6079711675981625
0.37843029550121954,2.0578769523689964,1.102584560331021
0.7277255625284269,2.0578769523689964,1.852236524975911
0.6543041867878382,0.3934176526587781,1.6013676269900663
0.6050034809667179,0.3934176526587781,1.9608555767847797
0.6265663798470469,0.08070105695564625,1.6701854674112075
0.4188546279290479,0.3934176526587781,1.175174863704181
0.5042196942216979,2.0578769523689964,1.4737833623078223
0.6658685887209995,0.3934176526587781,1.648497597547204
0.43886690022305413,0.08070105695564625,1.0282647010499777
0.4128072360668095,0.3934176526587781,1.0149102641548078
0.4620663465648576,2.0578769523689964,1.1294030005985678
0.5786857083700307,0.3934176526587781,1.2516644350454706
0.45198035039034584,2.0578769523689964,1.4295491235206756
0.401285395210492,0.3934176526587781,1.4874404737597884
0.5217815529628665,0.08070105695564625,1.1380276089378967
0.6731853160839638,0.08070105695564625,1.673391579115831
0.3810486508732856,0.3934176526587781,1.5961380616965348
0.40828187039252906,2.0578769523689964,1.2944640988411602
0.361202311023709,0.08070105695564625,1.0136598834352921
0.4173895045339575,2.0578769523689964,1.0776479153532907
0.4858499119291839,0.3934176526587781,1.3916947755108393
0.5349644017888435,0.08070105695564625,1.153974351165684
0.5492794538751529,0.08070105695564625,1.3768196061479707
0.5837437179114707,2.0578769523689964,1.6281826045103551
0.47092914832063065,0.08070105695564625,1.5472374278792835
0.5778893340597345,2.0578769523689964,1.2311758831373942
0.4860338887605166,2.0578769523689964,1.3438224912587524
0.7184418000724407,0.3934176526587781,1.6140311984486506
0.6306082110129372,2.0578769523689964,1.8608550280434488
0.3997334813032399,0.08070105695564625,1.7532134387388774
0.5909156870621096,2.0578769523689964,1.553400026833415
0.4414938545760233,0.08070105695564625,1.3622929983164862
0.558484719723448,2.0578769523689964,1.3650512775418053
0.381640464333025,0.3934176526587781,1.879417310264396
0.37081158396721303,0.3934176526587781,1.0392435760405463
0.7582577947094895,2.0578769523689964,1.9879826444202608
0.43453209486977135,2.0578769523689964,1.6643754108515623
0.6793496131792066,2.0578769523689964,1.6811376990723905
0.39623053342579645,0.3934176526587781,1.0379978373047423
0.5881140324167424,2.0578769523689964,1.6055292748912722
0.5842300745421917,2.0578769523689964,1.484778060090447
0.46342925084386133,0.08070105695564625,1.1057789068940669
0.42665136000848536,0.3934176526587781,1.277922010769359
0.44640422040927574,0.3934176526587781,1.8903144562136514
0.35390080658106704,2.0578769523689964,1.549988415865953
0.43978249955861487,2.0578769523689964,1.4134165751739087
0.4939588623450381,0.08070105695564625,1.0726821558408108
0.7281089849227868,2.0578769523689964,1.7141215274023056
0.6981238510694189,0.3934176526587781,1.7028508233960324
0.6368433265905855,0.08070105695564625,1.6140436069725634
0.6229343313922966,0.3934176526587781,1.5102626462206492
0.5644358315900148,2.0578769523689964,1.4337844022073727
0.4412550364965895,0.08070105695564625,1.5932710929879923
0.5975551134082012,0.3934176526587781,1.2333954517284067
0.6619371174363279,0.3934176526587781,1.9412590641776477
0.5539988176431543,0.3934176526587781,1.5887945291802295
0.3697284740827847,2.0578769523689964,1.3111924443543765
0.49255834120074865,2.0578769523689964,1.4496798508851572
0.5461211452429752,2.0578769523689964,1.8056847888768923
0.5682682763748591,2.0578769523689964,1.1616160607302974
0.5019192483668625,0.3934176526587781,1.2928356224602604
0.4968693897397494,0.08070105695564625,1.6795080227365555
0.6393436303292171,2.0578769523689964,1.315489206482224
0.39535741671587976,0.08070105695564625,1.792501681861466
0.4431155674894335,0.3934176526587781,1.1304534871773608
0.3649926657909361,2.0578769523689964,1.7626861704546086
0.5149877463546918,0.3934176526587781,1.0683517148505661
0.5459997520295986,2.0578769523689964,1.0125926126674947
0.47744681985762594,2.0578769523689964,1.8982235188321621
0.6645532611948171,0.08070105695564625,1.5813392169322986
0.42987464922002894,0.3934176526587781,1.3518268970868115
0.5983997147211227,0.3934176526587781,1.2325946369638503
0.6327996117199407,0.3934176526587781,1.6168857832608161
0.628549445596503,0.08070105695564625,1.5090021835367382
0.3620509598003334,0.08070105695564625,1.9915977755299852
0.8076798880876809,0.3934176526587781,1.9832159866537458
0.6259871639808763,0.3934176526587781,1.6350245661416096
0.4430016029828271,2.0578769523689964,1.4428705061058906
0.6332642611825164,2.0578769523689964,1.491140969134662
0.45771726095051213,0.08070105695564625,1.682479066236862
0.5562871316424188,2.0578769523689964,1.1015745442353815
0.37114620218702177,0.3934176526587781,1.3283520738107182
0.5072324565272984,0.3934176526587781,1.0752722410036037
0.465649748734484,2.0578769523689964,1.0733607595169197
0.359477680674366,2.0578769523689964,1.1958392418942339
0.4251191957594276,0.08070105695564625,1.4852532545932269
0.3532436451962644,2.0578769523689964,1.7847743211627893
0.5050171176697978,0.08070105695564625,1.4854958911658724
0.4311449541100194,2.0578769523689964,1.3354766105608697
0.4817638652750147,2.0578769523689964,1.0823529903367581
0.45099751415232653,2.0578769523689964,1.5502955231831295
0.42436403871717393,2.0578769523689964,1.2712685864831768
0.6282659439937843,0.3934176526587781,1.6149341779171476
0.37578162127167836,0.3934176526587781,1.9771877391324182
0.5664908117391337,0.3934176526587781,1.11131432147755
0.5766153463496781,2.0578769523689964,1.2121253987219398
0.5727672496404536,0.08070105695564625,1.4730945380993747
0.6307798194090026,2.0578769523689964,1.9686138153459294
0.7233197530852787,0.3934176526587781,1.7718097762699956
0.43468970741667773,0.08070105695564625,1.8982291931628301
0.36082988982288505,0.08070105695564625,1.3337148484757928
0.4670714229225795,0.3934176526587781,1.9920384737785946
0.5362655201989751,2.0578769523689964,1.1028328160641574
0.3369964066153229,0.08070105695564625,1.0529729060461008
0.6070160624898477,0.08070105695564625,1.855602627054028
0.8081680781762905,0.3934176526587781,1.9272648702069861
0.5492999957656853,0.08070105695564625,1.0905853575461018
0.46688558635559424,0.08070105695564625,1.1134274267458415
0.34334551818636405,0.08070105695564625,1.0331741577557738
0.5462096183246792,2.0578769523689964,1.104507562642724
0.5036511758790643,2.0578769523689964,1.2094198168002808
0.406818426047183,0.3934176526587781,1.970076618910001
0.38202108759501213,2.0578769523689964,1.6678602222396806
0.7322713637798236,0.08070105695564625,1.778553025518542
0.6302011055068496,2.0578769523689964,1.7761394036915221
0.6431754672435739,0.08070105695564625,1.5350737497792146
0.7238329419349085,0.08070105695564625,1.7974889777130172
0.5594236600791092,2.0578769523689964,1.5958075323899696
0.4962790956820069,2.0578769523689964,1.3145460976033576
0.5013793892924928,2.0578769523689964,1.5611101087684007
0.4565136080177804,2.0578769523689964,1.5335085861345135
0.5373993921448709,0.3934176526587781,1.8234530537593208
0.7181988710812446,2.0578769523689964,1.9817272173816591
0.5391135410176059,0.3934176526587781,1.4110425654209307
0.7213778524099242,0.08070105695564625,1.7633906784413598
0.44457058269877314,0.3934176526587781,1.0997630040381337
0.6041056991706699,0.08070105695564625,1.7768313694482885
0.5418475208796388,0.3934176526587781,1.371416911993232
0.4727940467591335,0.3934176526587781,1.0393901628896867
0.5633991797276553,0.08070105695564625,1.3632461785621772
0.4340738422893054,0.3934176526587781,1.6106427509216448
0.46537606248720986,0.08070105695564625,1.1192501676814666
0.39941107649501817,2.0578769523689964,1.9240344924302546
0.426676045912651,0.08070105695564625,1.0776724132728386
0.5757686708414887,0.3934176526587781,1.930006719833166
0.6103516385062857,2.0578769523689964,1.7071375179356865
0.6348066187834904,0.3934176526587781,1.3297121754142036
0.5352101565848287,2.0578769523689964,1.3907503477090932
0.6543284715552695,0.08070105695564625,1.740809364732744
0.5354622118620446,2.0578769523689964,1.6014711008812075
0.5966347599386562,2.0578769523689964,1.671642921454945
0.36072493267058214,2.0578769523689964,1.3891646165134799
0.4297439964627007,0.3934176526587781,1.487813481807599
0.5248224524089983,2.0578769523689964,1.9898674840378934
0.46816080502979124,0.08070105695564625,1.2139228704997178
0.35349286466789653,0.08070105695564625,1.4178561865221315
0.37756073864996953,0.08070105695564625,1.2918231875739674
0.4635563426395855,2.0578769523689964,1.7651115104398498
0.7546449738201004,0.08070105695564625,1.7640126256657207
0.4360641796962747,0.3934176526587781,1.2924454609973959
0.4519665386176119,0.08070105695564625,1.0813903166329828
0.3739438042289128,2.0578769523689964,1.0114326766722042
0.5449254297057199,0.08070105695564625,1.4274505332424856
0.43170535180669245,2.0578769523689964,1.410337594335771
0.45137651855105826,2.0578769523689964,1.9883898786398628
0.5194758039633997,0.08070105695564625,1.4698020756976797
0.33547954486936304,0.3934176526587781,1.2564183695754205
0.3542781609318671,0.3934176526587781,1.8912294410314674
0.41754670239380964,0.08070105695564625,1.4910679496535786
0.3569503221327759,2.0578769523689964,1.5991756352105777
0.35743566185582754,0.08070105695564625,1.0956687104282126
0.4481639031920023,2.0578769523689964,1.3829164073297742
0.7234839006528118,2.0578769523689964,1.9442236744737866
0.5584914534387526,2.0578769523689964,1.5895053841754254
0.4992932923573915,0.3934176526587781,1.3445018551424617
0.4569629876668253,0.3934176526587781,1.6256671806315932
0.7747385984371652,0.08070105695564625,1.9104110895781161
0.4538732120569236,0.3934176526587781,1.27399060047259
0.3715743734580019,2.0578769523689964,1.5051167184706744
0.6402091966458787,2.0578769523689964,1.9586906539117552
0.3630929940324958,0.08070105695564625,1.1723961432984527
0.4872535705454298,2.0578769523689964,1.7196639255967114
0.5378355189567053,0.08070105695564625,1.6144810082029823
0.6938450846529792,0.08070105695564625,1.6796751311406348
0.49418861212610815,2.0578769523689964,1.3512196306675697
0.5536084086897982,0.3934176526587781,1.3138793734837648
0.7423507314115656,2.0578769523689964,1.6842096705883705
0.37049732958784015,2.0578769523689964,1.2155432851045453
0.4305833574591549,0.08070105695564625,1.4196547448590051
0.4426880813628098,0.3934176526587781,1.188174646052918
0.42724667750202683,0.08070105695564625,1.0083048411233297
0.5456145601923258,2.0578769523689964,1.9700573600380693
0.6463269370508452,0.08070105695564625,1.431702978656419
0.6875166297594266,0.08070105695564625,1.9693496144198253
0.49423628678418946,2.0578769523689964,1.140323519767826
0.4592131874461896,0.08070105695564625,1.587366779457486
0.5659543136124381,2.0578769523689964,1.2009740327912395
0.7544321046876652,0.08070105695564625,1.7900741269632747
0.6960531545188595,0.3934176526587781,1.7837029887609752
0.33040722878183815,2.0578769523689964,1.1126071490393117
0.6408263904871309,0.3934176526587781,1.9120644528763893
0.3466132435167477,0.08070105695564625,1.1946296472032247
0.44199186285530345,0.3934176526587781,1.6129773415893602
0.38148370434712775,0.3934176526587781,1.985633620087704
0.6208893355384225,0.3934176526587781,1.8823965347663638
0.6722008148232876,0.08070105695564625,1.956563928561169
0.37251953053462705,2.0578769523689964,1.3425987712181193
0.4298312361343509,0.08070105695564625,1.1055756422194634
0.4600059161353569,0.08070105695564625,1.1883468732894502
0.47164410789739375,0.08070105695564625,1.500494895076614
0.3997879033864087,2.0578769523689964,1.7932296782733221
0.44467042995594347,0.08070105695564625,1.1501536441838751
0.640628609656668,0.08070105695564625,1.659731532260757
0.35787323500908785,2.0578769523689964,1.323577604039512
0.3615568572190888,2.0578769523689964,1.3412020723921536
0.48467492442282806,2.0578769523689964,1.6619177301579264
0.6668452497538107,0.3934176526587781,1.46699941953322
0.6366757818029565,2.0578769523689964,1.812033293025994
0.5162347720523031,0.3934176526587781,1.155918509662827
0.5020802153978451,0.3934176526587781,1.7899482697670384
0.47749123661251763,0.08070105695564625,1.0642352480574209
0.33503197714823274,0.3934176526587781,1.194053880245605
0.5946375106413674,0.08070105695564625,1.6561497145031654
0.7526591509110366,0.3934176526587781,1.8549256565110712
0.5150730357647847,2.0578769523689964,1.252679627739349
0.6100402888706582,0.08070105695564625,1.3271916058289128
0.6052511432900033,0.3934176526587781,1.53712074828674
0.36713796437515744,0.08070105695564625,1.2115728064893023
0.7371974958249048,2.0578769523689964,1.8111562615875056
0.3756883929126213,0.3934176526587781,1.7736366450057608
0.475122310087867,0.3934176526587781,1.1452917119657817
0.3886963622140268,2.0578769523689964,1.4638297318166322
0.3526536426725441,0.3934176526587781,1.7748277666546213
0.4695398022750711,0.3934176526587781,1.3373295311034148
0.4582894260544033,0.08070105695564625,1.6331068227177317
0.44849206856815443,0.3934176526587781,1.0502131214575727
0.5636139421723483,2.0578769523689964,1.608688760529318
0.3429618988402041,0.3934176526587781,1.1526529800006071
0.40273700707126114,0.08070105695564625,1.8305833251144512
0.5156846509026275,0.3934176526587781,1.3554494635804786
0.4384847883916326,0.08070105695564625,1.2815538627281957
0.6686166129287459,0.3934176526587781,1.840888976711485
0.4895952775890166,0.08070105695564625,1.0501440230718102
0.6172134675974312,0.08070105695564625,1.3966087993343448
0.5614350456628098,0.3934176526587781,1.3700035405750315
0.4651940872678941,2.0578769523689964,1.2848003742495508
0.6573978569387467,2.0578769523689964,1.9117543320014772
0.4616351678566682,0.3934176526587781,1.7509283935167224
0.4054421945555012,0.3934176526587781,1.0639231641919387
0.6674383490428145,0.3934176526587781,1.7146874494349542
0.5027614344134759,0.3934176526587781,1.527299133128794
0.7120427618767566,0.3934176526587781,1.9008678944015793
0.5907391832988635,2.0578769523689964,1.3129456173483585
0.6625866097247882,0.08070105695564625,1.5741619996095828
0.6664778724940555,0.08070105695564625,1.500755274740986
0.4922453398448881,2.0578769523689964,1.4895609062276058
0.44919697378309564,2.0578769523689964,1.4561053995172126
0.4982261493231224,0.08070105695564625,1.2056294755322812
0.5020395920781259,2.0578769523689964,1.7557099224923927
0.545740446536531,0.3934176526587781,1.4513360327392886
0.6814277993927358,2.0578769523689964,1.9585162750026057
0.5390850994984525,2.0578769523689964,1.2608084271927762
0.4949157982677879,2.0578769523689964,1.682743839627041
0.42919521544168204,2.0578769523689964,1.9407170796391084
0.5147672417210626,0.08070105695564625,1.6634583230160924
0.4137486150069376,0.08070105695564625,1.8712729076173946
0.735814152095472,0.08070105695564625,1.827480959757006
0.4479519804019722,0.08070105695564625,1.3601177154890038
0.4016872701897669,0.3934176526587781,1.6001239399394964
0.3381067506300093,0.3934176526587781,1.1562613398113557
0.5764737307662254,0.08070105695564625,1.5355258826955995
0.5182652070759135,0.08070105695564625,1.2304219718143372
0.4879855615445209,0.08070105695564625,1.7437368149524457
0.36709650166130103,2.0578769523689964,1.5280584218921245
0.4748819417873888,0.3934176526587781,1.4112273626316605
0.42750769493781376,0.3934176526587781,1.2687970961669777
0.6757907555012154,2.0578769523689964,1.998698481841287
0.4818190234671238,2.0578769523689964,1.0717105208849327
0.4177118358398644,2.0578769523689964,1.04356068057242
0.3954367536083044,0.3934176526587781,1.2172574004938645
0.8163704738408621,2.0578769523689964,1.9710724586278197
0.5670119699232337,2.0578769523689964,1.9792381683199844
0.6149174034531487,2.0578769523689964,1.6549277347721358
0.4133757087892571,0.08070105695564625,1.8801066672064048
0.47192081281308207,2.0578769523689964,1.2139617308407953
0.3659149012241149,0.08070105695564625,1.9720420941766235
0.46704749049788846,0.3934176526587781,1.1427848501395648
0.5798647659303776,0.3934176526587781,1.1011251881816584
0.4307186347568506,0.3934176526587781,1.112211539247273
0.3568718516987295,0.08070105695564625,1.5731279232725646
0.36098236586294785,2.0578769523689964,1.7809744007180524
0.46229348687909533,0.3934176526587781,1.366667177874633
0.4284669463155094,2.0578769523689964,1.9778959877861264
0.3465422709085339,0.08070105695564625,1.4344201381183295
0.5362390844461941,0.3934176526587781,1.1504485507732163
0.4987310985908856,2.0578769523689964,1.4659667481861367
0.4604710985666743,2.0578769523689964,1.6790371654224399
0.7413079214694877,0.3934176526587781,1.8322257805043787
0.37940164649684316,2.0578769523689964,1.458768289956593
0.7043124878910311,0.08070105695564625,1.5936068260491676
0.428183488007609,0.3934176526587781,1.2673447121588532
0.6913752725614619,0.3934176526587781,1.645916526405514
0.6383183796678145,0.3934176526587781,1.9859719439503438
0.5324708310247196,0.3934176526587781,1.0490535725877939
0.7921876518944324,0.08070105695564625,1.886530670705168
0.44890329361522696,0.08070105695564625,1.562282502767523
0.6181010842127473,2.0578769523689964,1.2520986595623
0.5336891338064431,0.08070105695564625,1.954889710009258
0.4754483984962324,2.0578769523689964,1.483354303058899
0.44309380381149305,2.0578769523689964,1.3316902516733857
0.4828216520275061,0.3934176526587781,1.1814976282708411
0.37884778441108036,2.0578769523689964,1.2444522102566622
0.5905360790086956,0.3934176526587781,1.8328490415914427
0.5509633230219884,2.0578769523689964,1.6144100093171658
0.6981528253621401,0.08070105695564625,1.913245619488316
0.5758018678763254,0.3934176526587781,1.2319684521577858
0.446648137719322,2.0578769523689964,1.1211385738489015
0.3986864704167811,0.08070105695564625,1.0060875309755901
0.4332757379674934,0.08070105695564625,1.5078620376159937
0.4462539836912989,0.3934176526587781,1.9983069303819883
0.36878380347522255,0.3934176526587781,1.694965268818639
0.441198558178603,0.3934176526587781,1.308394591965146
0.47106494910843416,2.0578769523689964,1.8768585830261717
0.7570963847929444,0.3934176526587781,1.7817222659879597
0.4606173845344234,0.08070105695564625,1.0154151660765391
0.4988219823018343,0.08070105695564625,1.8168604805410224
0.5135381217522147,0.3934176526587781,1.300526757238496
0.3687393415514852,0.3934176526587781,1.149673464583601
0.46166380585089073,0.08070105695564625,1.2263308397370745
0.557453735710255,2.0578769523689964,1.468579804375139
0.5033439870995313,0.08070105695564625,1.4248679270680111
0.45714774070799696,0.08070105695564625,1.2888872993742266
0.6065239636379486,0.08070105695564625,1.1722183222070326
0.7159855451063305,0.3934176526587781,1.7622307896421692
0.6487212117742253,2.0578769523689964,1.990109783734917
0.5883395557901402,2.0578769523689964,1.7777915804196904
0.5250899283094794,0.3934176526587781,1.2959369676715413
0.3927431250156233,0.08070105695564625,1.2448089614121334
0.4464410424668094,0.3934176526587781,1.2176658760659382
0.34121955556461503,0.3934176526587781,1.1366950744890363
0.5167045844884425,2.0578769523689964,1.551330549692301
0.5500496756981169,2.0578769523689964,1.605400371953344
0.43811357876696716,0.3934176526587781,1.7055026606631372
0.729802789463324,0.3934176526587781,1.680213370933668
0.612698823668203,2.0578769523689964,1.2923333112833824
0.5630847326989562,2.0578769523689964,1.3303110053968465
0.5581916155796263,0.08070105695564625,1.681514535442338
0.614127721268075,0.3934176526587781,1.3494476407836284
0.370087105788228,0.08070105695564625,1.212623189619313
0.5941592178963727,0.08070105695564625,1.3743361536967396
0.37179557276208713,0.08070105695564625,1.2720841575779778
0.5330042959126022,2.0578769523689964,1.088312721218578
0.4691758176183798,0.08070105695564625,1.8301389022766537
0.7362632085686959,2.0578769523689964,1.8531113891570363
0.6048238498103256,2.0578769523689964,1.2197503001668795
0.366028656229239,2.0578769523689964,1.0647721995252017
0.5378773887847019,0.3934176526587781,1.7388274373511794
0.6133047707843516,0.08070105695564625,1.2115286258634137
0.49699085098870954,2.0578769523689964,1.3934354894368601
0.545109306443377,0.3934176526587781,1.0641352522373833
0.5035645108266594,0.3934176526587781,1.2262695847584353
0.5081307870626598,0.3934176526587781,1.7929022783296358
0.4710730464621402,2.0578769523689964,1.8043964469152018
0.3904495279252738,2.0578769523689964,1.2070848248877104
0.5767421779532887,2.0578769523689964,1.3359138451066896
0.43397032112463374,0.3934176526587781,1.1342384190937436
0.45833250292276945,2.0578769523689964,1.0741726302849224
0.58694127486639,0.08070105695564625,1.9921717144484095
0.5714200250140632,2.0578769523689964,1.6555939512448392
0.658037567061699,2.0578769523689964,1.5420965091983188
0.7588946392247387,0.08070105695564625,1.7654985004052994
0.5277673122421265,2.0578769523689964,1.8400771596877241
0.7039340368137059,2.0578769523689964,1.8067147680447275
0.5102578260960856,2.0578769523689964,1.0165394492898767
0.49265481751951185,2.0578769523689964,1.1868078981904984
0.720114321244995,0.3934176526587781,1.654905302117831
0.40232279711732694,2.0578769523689964,1.375759347803963
0.40481944235266054,0.08070105695564625,1.9824826510611069
0.6824478048076714,0.08070105695564625,1.665404792638254
0.5570104073015082,0.3934176526587781,1.9565489087292065
0.5726357803069361,2.0578769523689964,1.2014464816457937
0.7459355793137412,0.08070105695564625,1.863957028115023
0.3551033267903456,0.3934176526587781,1.3213523058152252
0.7717542586159921,2.0578769523689964,1.9895648082378068
0.45365458580927,0.3934176526587781,1.1576886720731472
0.5243029948470272,2.0578769523689964,1.5163398188383266
0.6151853667128402,0.3934176526587781,1.792844533837122
0.6529275566392914,0.3934176526587781,1.4326424806040359
0.34615871998329883,0.08070105695564625,1.4680840601876466
0.578777837931864,0.08070105695564625,1.986355795505741
0.570527295964044,0.3934176526587781,1.4253081503011533
0.6182335028052555,2.0578769523689964,1.6040721005990637
0.5003949488875901,2.0578769523689964,1.0545396606751507
0.4083994521217693,2.0578769523689964,1.84221008021026
0.46146641728901816,2.0578769523689964,1.6481680489795436
0.4570516341284062,2.0578769523689964,1.4040201028628134
0.5197203337927737,0.08070105695564625,1.0161695399545199
0.4480879925372874,0.3934176526587781,1.591668820593504
0.3775140145280121,0.08070105695564625,1.012657828484162
0.5524470084652502,2.0578769523689964,1.001203613909018
0.34686840585154316,0.3934176526587781,1.6160985621493547
0.6121090474141395,2.0578769523689964,1.1890170673345541
0.5225557628849413,2.0578769523689964,1.1918875497180954
0.6696225312156455,0.3934176526587781,1.6532715658327437
0.4015130259214574,2.0578769523689964,1.0536971879393744
0.33981648820758664,0.08070105695564625,1.3134055614745563
0.5310528007781351,0.08070105695564625,1.1494319021420192
0.6552108113803782,0.08070105695564625,1.5801763697965339
0.6368287125398125,2.0578769523689964,1.6617651547273957
0.4046803445349447,0.08070105695564625,1.7211358535990435
0.5572986903300898,2.0578769523689964,1.2552312169185655
0.5267183675339709,2.0578769523689964,1.089249751636584
0.4964299831226458,0.08070105695564625,1.0786836569418978
0.5971699221850186,0.08070105695564625,1.426151548450724
0.7439023328407255,2.0578769523689964,1.945844409062715
0.5092783204211969,2.0578769523689964,1.2177290342470246
0.3601680732172967,2.0578769523689964,1.2567416013415493
0.4562012827221751,2.0578769523689964,1.100888802105859
0.3727712878534095,0.08070105695564625,1.6055702738939304
0.5077393735356267,2.0578769523689964,1.6798728739471749
0.5029550175250516,2.0578769523689964,1.64293120816076
0.3792374591723495,2.0578769523689964,1.8611302430447814
0.4628893188171061,2.0578769523689964,1.4864258350260717
0.3602778466547041,2.0578769523689964,1.1344570407670644
0.5811219257713796,0.3934176526587781,1.2894051307044125
0.7187488791371528,0.3934176526587781,1.662429973421352
0.3710730828889058,0.3934176526587781,1.6131219737415599
0.6879339291086526,0.08070105695564625,1.5310031297429625
0.5540966153117548,2.0578769523689964,1.6829644186886872
0.46046710681869824,0.08070105695564625,1.6373908503732992
0.3849541513404131,2.0578769523689964,1.8813248894649517
0.5310415273133524,0.3934176526587781,1.5860163774782965
0.6836299242261602,2.0578769523689964,1.7786013587005565
0.5422671610205722,0.08070105695564625,1.2487071559664678
0.36514439480802247,0.08070105695564625,1.6781825845890679
0.384107135736906,2.0578769523689964,1.9021941183826758
0.46946854492391377,0.08070105695564625,1.3857323278998332
0.47267498873188657,0.3934176526587781,1.7791041873386466
0.4415862685377132,2.0578769523689964,1.7247893011954354
0.3986857147192875,0.3934176526587781,1.0595261968718224
0.6440097031239514,0.3934176526587781,1.5815083096240723
0.578118058645672,0.08070105695564625,1.1301893492008024
0.5424998039008265,2.0578769523689964,1.9673191722305912
0.7388336914323061,0.3934176526587781,1.8114075027006562
0.41401769690594525,0.3934176526587781,1.10972380124712
0.4562497625251298,2.0578769523689964,1.1217519976476784
0.4284021200764235,0.08070105695564625,1.594473854912619
0.5400222014198273,0.3934176526587781,1.3448891741731832
0.5663643749347177,2.0578769523689964,1.0349058590731093
0.5621129894711426,2.0578769523689964,1.5416415078330532
0.45492535263504497,0.3934176526587781,1.387845099685847
0.4977977955265563,0.3934176526587781,1.1010764923717427
0.40108562078922855,0.3934176526587781,1.8019203922559828
0.7562794737634304,0.08070105695564625,1.915076765278806
0.5571973266322415,0.08070105695564625,1.75659393401413
0.5436555138629815,2.0578769523689964,1.8224223100162773
0.5010927899293032,2.0578769523689964,1.2164905672661175
0.5206179419662447,0.3934176526587781,1.2635729509186011
0.35304658723968646,2.0578769523689964,1.2085275402991877
0.6337468791604569,0.08070105695564625,1.765063431365564
0.46446817380601746,2.0578769523689964,1.947917078934497
0.6373068717391677,2.0578769523689964,1.7168372067339026
0.7186010047060087,0.3934176526587781,1.881466764879556
0.6567912019170723,0.3934176526587781,1.6386990948831726
0.5188623228820308,0.08070105695564625,1.387659900558799
0.5140334550908013,2.0578769523689964,1.4257616149303052
0.36518940979327663,2.0578769523689964,1.0753214321674047
0.516029559774838,2.0578769523689964,1.031457195246026
0.45487466160620527,0.3934176526587781,1.6954756041890775
0.5079604449865794,0.08070105695564625,1.4384288920111805
0.4464137541753801,2.0578769523689964,1.5522150680546294
0.391349174140683,2.0578769523689964,1.5576612476224163
0.5245055633252635,2.0578769523689964,1.2773758133333013
0.35872090296016845,2.0578769523689964,1.4758925108294907
0.6005046509960597,0.08070105695564625,1.4707602216677023
0.441768321818178,0.08070105695564625,1.388427221227857
0.349001402993767,0.08070105695564625,1.8206753834010705
0.5147869647439027,0.3934176526587781,1.451164003687596
0.3609643980317397,2.0578769523689964,1.6036445245059878
0.4754485008609448,2.0578769523689964,1.895520120380826
0.6638950022152778,2.0578769523689964,1.8662336228589225
0.3789941430641048,2.0578769523689964,1.8904222037791651
0.5861634603146106,0.08070105695564625,1.270004996465014
0.32885014251153644,0.3934176526587781,1.0349824883080627
0.40753022133518685,0.3934176526587781,1.261066799895329
0.5584006932823627,2.0578769523689964,1.2787073456207088
0.4949511064678864,0.08070105695564625,1.909360326724968
0.38424794992273753,0.3934176526587781,1.6492427328379706
0.42097047295836537,0.3934176526587781,1.0817039596022289
0.40300713647883096,2.0578769523689964,1.1353785960111011
0.5609147419190302,0.3934176526587781,1.1556761255419754
0.4651112998694009,2.0578769523689964,1.6304217481689232
0.6719093544075732,0.08070105695564625,1.7354140255070032
0.7443539262308836,2.0578769523689964,1.8596439105653961
0.5524399086607955,0.3934176526587781,1.940636550806243
0.5905633221740437,2.0578769523689964,1.2017045573864418
0.4521504068118438,2.0578769523689964,1.309772484724049
0.6159227361333757,2.0578769523689964,1.2403228807448308
0.36529499744270316,2.0578769523689964,1.3587615674661377
0.6643474756103127,2.0578769523689964,1.9146651074237493
0.5268904915341771,2.0578769523689964,1.5751125669393615
0.5068086072285459,0.3934176526587781,1.7381918973244992
0.5635662622242997,2.0578769523689964,1.490119236126782
0.49816647240329814,0.3934176526587781,1.0288579133361244
0.3297948660824674,2.0578769523689964,1.0641954859978142
0.4022655770619252,0.08070105695564625,1.5379230312678858
0.6373245643778556,2.0578769523689964,1.7187890348200257
0.5240088064159377,0.3934176526587781,1.2153305275287316
0.7414242463849825,0.3934176526587781,1.721909573992304
0.6762146356460771,0.08070105695564625,1.8106657734835125
0.6558993398036351,2.0578769523689964,1.4118974783621112
0.6384495472607052,0.08070105695564625,1.7464192328441048
0.4368846886545226,2.0578769523689964,1.40402995032846
0.38712493490654015,2.0578769523689964,1.6783506294550201
0.675125147643644,0.3934176526587781,1.763997049319543
0.6588756492823773,0.08070105695564625,1.9919266183081108
0.35156515645752506,0.08070105695564625,1.345396662063596
0.4582920476218941,0.3934176526587781,1.4110407805746115
0.5945781647603094,0.3934176526587781,1.1656200594101713
0.4747108032241285,0.08070105695564625,1.204073058401807
0.51955676150984,0.3934176526587781,1.6933950025983777
0.5602344300292225,2.0578769523689964,1.917045590154476
0.4065131991784105,0.08070105695564625,1.3946049516612407
0.4344699058553165,0.08070105695564625,1.1798444468355411
0.44696818467498717,0.3934176526587781,1.285099499382994
0.35720899355404323,2.0578769523689964,1.4550517048081386
0.568987703391392,0.08070105695564625,1.2906503293653684
0.4546075874385537,0.08070105695564625,1.2335790831218663
0.6857442477746403,2.0578769523689964,1.7359844887570794
0.5287680253569859,0.3934176526587781,1.0078449212406233
0.4187938937846041,0.3934176526587781,1.5392305273364832
0.6284630921097812,0.3934176526587781,1.7937668070297539
0.47544870201507605,0.3934176526587781,1.2662282863174683
0.6779777687604341,2.0578769523689964,1.6032915106120174
0.4303681107500877,2.0578769523689964,1.6689001056186177
0.6108258910427058,0.08070105695564625,1.65502469640509
0.5470868804505896,0.08070105695564625,1.4458496341987177
0.4303472171185203,2.0578769523689964,1.3465779878757793
0.4089730352133728,0.08070105695564625,1.8359240730278135
0.6195392961731153,2.0578769523689964,1.7584459569998643
0.5664099030917508,0.3934176526587781,1.3212551734139124
0.4117936139800805,2.0578769523689964,1.103019194442206
0.4916949078195996,2.0578769523689964,1.0718075454454692
0.4313961869488037,0.08070105695564625,1.0942759778989362
0.6104084468425142,2.0578769523689964,1.5828693611920428
0.37769198364597223,0.3934176526587781,1.0516621758289897
0.617573253878937,0.3934176526587781,1.3369268749640384
0.46685696334289556,0.08070105695564625,1.7531997019142294
0.4474188966251739,0.08070105695564625,1.2943481665153782
0.371747475432064,2.0578769523689964,1.7633080771801297
0.39317302132543275,0.08070105695564625,1.7454670382070554
0.48541073913282196,0.3934176526587781,1.2458271326332162
0.4563790806938345,0.08070105695564625,1.7288221800927455
0.6939174344102418,0.08070105695564625,1.7477766382721007
0.34248029740175046,0.3934176526587781,1.3974539256670269
0.4409718899569421,2.0578769523689964,1.2104204837415182
0.4626098353977451,2.0578769523689964,1.5212708068918692
0.36047194198483934,0.08070105695564625,1.9213975880001963
0.3925016851651358,0.3934176526587781,1.6396167324320619
0.4461083782131229,0.3934176526587781,1.1729224976272612
0.5421925621537379,0.3934176526587781,1.68275692473352
0.47508052546882684,2.0578769523689964,1.4272030272818346
0.5433003300942997,0.3934176526587781,1.5915287973553731
0.5917828561707487,0.3934176526587781,1.734064035023108
0.3443268279835692,2.0578769523689964,1.514947351514445
0.5488745793598429,0.3934176526587781,1.8139839745733086
0.740445641977832,2.0578769523689964,1.7221555793166279
0.5423776218408082,0.08070105695564625,1.6150733400185107
0.514953749712269,0.08070105695564625,1.1507928158323515
0.4854722331598515,0.08070105695564625,1.8359491109115682
0.7084846380179369,0.08070105695564625,1.9359055853198162
0.5379029247464103,0.08070105695564625,1.1369651238092948
0.5239291677609501,2.0578769523689964,1.4882411294334306
0.6242808059488302,2.0578769523689964,1.2588887419705044
0.39951049877571604,2.0578769523689964,1.7545233074255646
0.35322349475422654,0.3934176526587781,1.7216296360047
0.5379939018703656,0.08070105695564625,1.1408851205703987
0.7107380411833116,0.3934176526587781,1.8770272712616372
0.36533289031773525,0.3934176526587781,1.1809730639780023
0.46176197850980305,0.3934176526587781,1.7972590256481076
0.34527067628574915,0.08070105695564625,1.4569803596280049
0.42792940482375175,0.3934176526587781,1.3282722935581512
0.5424922698461545,0.08070105695564625,1.1582392626742135
0.4741797602278875,0.08070105695564625,1.1676142561466294
0.48203793169618064,0.08070105695564625,1.6618905547009004
0.4784061006349233,0.3934176526587781,1.5504303879471206
0.3306084700892349,0.08070105695564625,1.1220854216512328
0.4086368886718688,0.08070105695564625,1.1126978604383253
0.4921972028734781,2.0578769523689964,1.0723105747727915
0.7504692641753421,0.3934176526587781,1.7437673473735442
0.6904435882134863,2.0578769523689964,1.711882085229289
0.33442770932883703,2.0578769523689964,1.0584309908545753
0.6745187837108994,0.3934176526587781,1.560270075596973
0.5293972497586242,2.0578769523689964,1.0846761552426898
0.7045207639795277,0.08070105695564625,1.9037457706089418
0.5590087955178902,2.0578769523689964,1.9071174191801323
0.506185943068333,2.0578769523689964,1.69823298981313
0.49056407302231025,0.08070105695564625,1.9261889214394499
0.3769828848335867,2.0578769523689964,1.8114530304136904
0.44836497773218603,0.08070105695564625,1.8285385759270494
0.4340524831413288,0.3934176526587781,1.5697078505699333
0.48468781656500276,2.0578769523689964,1.3060591982161758
0.5477844510426715,0.3934176526587781,1.2177991151164216
0.48449453633910866,2.0578769523689964,1.3272000220389293
0.3661585244378545,0.08070105695564625,1.6284954300890622
0.5966617376090183,2.0578769523689964,1.1726565358323988
0.6143139143661847,0.3934176526587781,1.2586402366373215
0.6126587494490398,0.08070105695564625,1.4680608627954643
0.6219769353187108,0.08070105695564625,1.2330500985246156
0.5479594555327657,0.3934176526587781,1.5886436697160615
0.7921329976068868,0.3934176526587781,1.92317602845633
0.37840080647640834,2.0578769523689964,1.7480893657031265
0.48949711422558173,2.0578769523689964,1.666426614148913
0.4272047244181878,0.08070105695564625,1.5827214759837789
0.40910411697886817,0.3934176526587781,1.4879479092570649
0.37141295874609304,0.3934176526587781,1.1865638596346597
0.6313991695349686,2.0578769523689964,1.8947104554268654
0.564133821626624,2.0578769523689964,1.2485360020128362
0.47813584104752405,0.08070105695564625,1.0913088775781608
0.40815643832943166,0.3934176526587781,1.7500151792286953
0.5567306358113217,0.3934176526587781,1.1756155343311665
0.543442202439891,0.3934176526587781,1.371895999541176
0.4216656073043912,0.3934176526587781,1.0282849282909798
0.5114320830884836,2.0578769523689964,1.137067942540448
0.40357836685630455,2.0578769523689964,1.173203630759912
0.4141380580528018,2.0578769523689964,1.0544101277501778
0.7053984542980324,0.08070105695564625,1.6566569566228453
0.47625182660806153,0.3934176526587781,1.8370077958031172
0.4897481488600942,2.0578769523689964,1.373315406365941
0.7471890806278987,0.3934176526587781,1.8745764767182007
0.5354816713224976,2.0578769523689964,1.2133465745601266
0.35519236617754657,0.08070105695564625,1.3253904235612395
0.37100400428111496,2.0578769523689964,1.1507369930311684
0.34660433647980093,0.08070105695564625,1.6205591954189986
0.5503806362657949,0.3934176526587781,1.4198695908703067
0.5147861495050761,2.0578769523689964,1.6132833468418988
0.4035701096117825,2.0578769523689964,1.7616749053941836
0.6927417547467525,2.0578769523689964,1.5457030160329484
0.5483886173735711,0.3934176526587781,1.6276303549017879
0.46337357363373316,0.08070105695564625,1.935250314394333
0.4887618421426816,0.08070105695564625,1.299064309608843
0.5551968268262505,2.0578769523689964,1.3591639386339531
0.37729324041936685,0.3934176526587781,1.717703361709337
0.44838072557984615,0.08070105695564625,1.6113055170553867
0.5562219191449985,0.08070105695564625,1.1785329045397148
0.48678166046141613,0.08070105695564625,1.3761473100104902
0.529615243687956,0.08070105695564625,1.467838013124715
0.48370008476856285,0.08070105695564625,1.4193898379683894
0.3439621018397191,2.0578769523689964,1.178274808322041
0.42759661395524867,2.0578769523689964,1.9244300917842623
0.5339486961526158,2.0578769523689964,1.762318761693976
0.413304602291987,0.08070105695564625,1.4813558321078522
0.36511884897057056,0.08070105695564625,1.6800610283068367
0.7316850345177781,0.08070105695564625,1.8972826721355218
0.5935415338311626,2.0578769523689964,1.1361741423615712
0.5680212140202784,0.08070105695564625,1.2503730507069777
0.6538655755599839,2.0578769523689964,1.542701247256645
0.4518275669904734,0.08070105695564625,1.7990103713523586
0.5622421075789651,2.0578769523689964,1.0362548954415274
0.44628872546967124,0.3934176526587781,1.9840181501963605
0.6671242901399695,0.08070105695564625,1.4549066028823971
0.6565998088408358,0.08070105695564625,1.359231140621723
0.5523573852917446,2.0578769523689964,1.2927244378397718
0.6035719000002713,0.08070105695564625,1.1743567076508716
0.5906672986157061,2.0578769523689964,1.7915739089300278
0.47329856206886767,2.0578769523689964,1.9554141647460965
0.4843468609281996,0.3934176526587781,1.4136447548453983
0.6281908214597769,0.3934176526587781,1.9524206947534561
0.3807109859376627,0.08070105695564625,1.8237976154350342
0.5583024535490865,0.08070105695564625,1.4810511274763183
0.7350172003729316,2.0578769523689964,1.6740261791261326
0.4032429683258289,2.0578769523689964,1.434984179170463
0.6349659719411738,2.0578769523689964,1.5587234082125523
0.5547297588737965,2.0578769523689964,1.0580463370185038
0.7257698903795797,0.08070105695564625,1.6962634753005332
0.5663969002843354,0.3934176526587781,1.0528246444841367
0.5740816285065891,0.08070105695564625,1.8170849469196495
0.7730373680579734,0.08070105695564625,1.8249469294605576
0.5546536757033879,0.08070105695564625,1.2370772875562146
0.3862642362963837,0.3934176526587781,1.3236627810358002
0.5072875719273031,0.08070105695564625,1.4813103785582933
0.615087972865351,0.3934176526587781,1.5966629069324814
0.40995328463599173,2.0578769523689964,1.2873536617419967
0.5848892804167677,0.08070105695564625,1.592486404631925
0.5395137297607826,2.0578769523689964,1.2977870732292989
0.36890313437064354,2.0578769523689964,1.0554907210710607
0.46028077934849176,2.0578769523689964,1.002527549831909
0.5299423879555223,0.08070105695564625,1.1011510579184285
0.5606873440701853,2.0578769523689964,1.7922507001640182
0.35835786716813034,0.08070105695564625,1.9614313123833371
0.34146314681230083,2.0578769523689964,1.4269661992812193
0.4687415782087609,0.08070105695564625,1.5126839534499428
0.5814709096885063,0.08070105695564625,1.1468481690734262
0.42584902491234927,0.08070105695564625,1.5510313526801571
0.5021299666160332,2.0578769523689964,1.1446549020069767
0.4282497929880032,0.08070105695564625,1.61121433119883
0.49989420543182056,2.0578769523689964,1.9332586675808539
0.5716125464645594,0.3934176526587781,1.1956985393030397
0.6530407687207799,2.0578769523689964,1.764563718057102
0.3505865464596111,2.0578769523689964,1.023502422818324
0.47661118448870915,0.08070105695564625,1.375497241321621
0.33758454246274994,2.0578769523689964,1.110748507830509
0.49032086616623705,0.3934176526587781,1.3524754415956994
0.5150891454975434,0.08070105695564625,1.1735369196388836
0.3754928727546372,2.0578769523689964,1.3733049901228873
0.4351366779750153,2.0578769523689964,1.4175228061075305
0.45738092068673286,0.08070105695564625,1.3005911227809184
0.7061941286077391,0.08070105695564625,1.6566219494731291
0.8049300558346038,2.0578769523689964,1.9188520512589098
0.35259669122577614,2.0578769523689964,1.4005953741052724
0.5463390974246473,0.08070105695564625,1.1923431564750215
0.44587704449064164,0.08070105695564625,1.2707227581959835
0.5228386814410831,0.3934176526587781,1.854000823496369
0.6234866122881592,0.3934176526587781,1.571639723270148
0.6557735527918187,0.3934176526587781,1.4550110323069574
0.5888754016876115,0.08070105695564625,1.1496367215089267
0.537238036054427,0.08070105695564625,1.4497273083237818
0.44236703630067525,0.08070105695564625,1.2784920033573868
0.716299225754994,2.0578769523689964,1.9431631278533492
0.4631037009398158,0.08070105695564625,1.8840701094157313
0.47327379620881765,2.0578769523689964,1.083902541828198
0.4697461282175683,0.08070105695564625,1.5166534892612429
0.5230077102186165,0.08070105695564625,1.2250583455146722
0.4182884881797915,2.0578769523689964,1.4107770895242906
0.43595853998980516,0.08070105695564625,1.8768479982514563
0.6736817591412791,0.08070105695564625,1.5275145198885447
0.3680604252245283,0.08070105695564625,1.3342152933707598
0.4768575833731441,0.3934176526587781,1.207888354104997
0.44290033975124343,0.08070105695564625,1.8003248594064893
0.35870407994139714,2.0578769523689964,1.6245180153643473
0.3520382556685843,2.0578769523689964,1.468065460426231
0.3831853964369592,2.0578769523689964,1.217484353862978
0.6095264910396686,0.08070105695564625,1.3342463741571313
0.4843896601270594,2.0578769523689964,1.9598434267385185
0.6834536824997363,0.3934176526587781,1.5200899376058343
0.5306044504657403,2.0578769523689964,1.400699281243253
0.498435279066729,0.08070105695564625,1.5214220423483238
0.5930640489034896,0.3934176526587781,1.7789885058996087
0.4999113762914073,2.0578769523689964,1.3401089365028689
0.5428541483164415,0.3934176526587781,1.1787061209326088
0.44886076782665774,2.0578769523689964,1.5849361183390478
0.4843632694162516,0.08070105695564625,1.6652041034810672
0.7097695657476013,0.3934176526587781,1.7127180029585496
0.7741806244298428,2.0578769523689964,1.8819875907661296
0.6265921157260508,2.0578769523689964,1.371174120689113
0.43524914557646643,0.3934176526587781,1.075354896228892
0.7162384066001894,0.3934176526587781,1.9583485836309422
0.5005396304862403,0.3934176526587781,1.435011927437475
0.5353395506494198,0.3934176526587781,1.6232575096731314
0.4257880837672763,2.0578769523689964,1.6663053231282923
0.5584171279415788,2.0578769523689964,1.5465137087012035
0.38544835349481454,2.0578769523689964,1.20525752973627
0.4854567723397673,0.08070105695564625,1.7551430501161414
0.7150589631414739,0.3934176526587781,1.8037519743040815
0.4180518737872852,2.0578769523689964,1.55297558601744
0.3651622147632605,0.3934176526587781,1.4885611605848417
0.3481536659127307,0.3934176526587781,1.1139381831279853
0.5694851604726096,2.0578769523689964,1.0839516614997837
0.4967301478339248,0.3934176526587781,1.3395648455635287
0.46222642989841234,0.3934176526587781,1.3108461555173934
0.7294141682389386,0.3934176526587781,1.9536564509632712
0.7022353962211647,0.3934176526587781,1.7836227424434297
0.47555276532287033,0.3934176526587781,1.65992429525906
0.5904127364679677,2.0578769523689964,1.5176480890176052
0.5438799190469168,2.0578769523689964,1.1673675307266513
0.6613697187150591,0.3934176526587781,1.9784566721842838
0.38635970468118663,0.3934176526587781,1.37504069824021
0.558371435170922,0.3934176526587781,1.106925602447245
0.5310776399111112,0.08070105695564625,1.493798895715746
0.47625002909634206,0.3934176526587781,1.8739980116130832
0.5415841986350147,0.08070105695564625,1.8872910017773294
0.336211479903249,0.08070105695564625,1.0109659160564473
0.40805980933755504,0.08070105695564625,1.8862957447513997
0.5643247270521065,2.0578769523689964,1.2714842174998586
0.3280292734488017,0.08070105695564625,1.0389723639684232
0.532676630531139,0.3934176526587781,1.8477902703628744
0.5816737800143622,0.3934176526587781,1.8638667559882083
0.36362997148809156,2.0578769523689964,1.59623107984235
0.7057946607590527,2.0578769523689964,1.5744337572963585
0.4461955956711021,0.3934176526587781,1.8131202726214193
0.47716189370831064,2.0578769523689964,1.78630955271028
0.4874278865613815,2.0578769523689964,1.890105473442704
0.4266302013166179,0.08070105695564625,1.5527474475967034
0.353565781139779,0.08070105695564625,1.9676470927328087
0.7001156254175309,2.0578769523689964,1.9961468309333386
0.5846014837438027,0.3934176526587781,1.1165446099986327
0.44834812176577366,0.08070105695564625,1.849543759554122
0.5760893861546756,0.3934176526587781,1.4998222577485891
0.5810626336634495,2.0578769523689964,1.3875663382998322
0.6681658351269646,0.3934176526587781,1.6130723098827149
0.4335627466325314,0.3934176526587781,1.055965557262007
0.4487200473253812,0.3934176526587781,1.50646111876708
0.4950068273227441,0.3934176526587781,1.8708905700266667
0.5369085058780886,2.0578769523689964,1.2134615161389688
0.6143366262392232,2.0578769523689964,1.4263898947694251
0.43591994640569603,0.08070105695564625,1.9394808877148755
0.46396530974642874,0.08070105695564625,1.4285638378056973
0.6265126852469722,0.08070105695564625,1.3583676323323983
0.6140559561883547,0.08070105695564625,1.4405366481233783
0.6956832893043154,0.3934176526587781,1.5194527665175563
0.6360574347822457,0.08070105695564625,1.6319913441314688
0.5166894574668233,0.08070105695564625,1.8006928009167311
0.542281381047921,0.3934176526587781,1.4521022057643143
0.6344332270718753,2.0578769523689964,1.8174809350901402
0.36979850236957146,0.08070105695564625,1.5337206613520806
0.5084682402958843,2.0578769523689964,1.3384805103679778
0.623783486958891,0.08070105695564625,1.6579508281194142
0.4144558064508379,2.0578769523689964,1.7177222547434914
0.6303981223447522,0.08070105695564625,1.5580489756294875
0.4737378164561832,2.0578769523689964,1.0566149731347234
0.5944105903201277,2.0578769523689964,1.169882875160825
0.34750824467072117,0.08070105695564625,1.2852977208902283
0.4149988484906748,2.0578769523689964,1.282625605951493
0.5840205497702643,0.08070105695564625,1.6734208002468707
0.39852409075122214,0.08070105695564625,1.0183486616736326
0.645221684245734,0.3934176526587781,1.7556817770495199
0.5610718074033846,0.08070105695564625,1.2653424748069333
0.367040603177941,0.08070105695564625,1.3100218462161024
0.5272745522713697,0.08070105695564625,1.5279098279439243
0.47889407911806886,0.08070105695564625,1.2159256009389576
0.51614666374002,0.3934176526587781,1.8844713135755276
0.5678342800504556,0.3934176526587781,1.0853687793265654
0.6220276127029858,0.3934176526587781,1.4443823623010648
0.6562881821553064,0.3934176526587781,1.84942226945489
0.6173836991588426,2.0578769523689964,1.6158438944212357
0.47588730741110635,0.08070105695564625,1.2923295158426336
0.6481457479466352,0.3934176526587781,1.4207602077764607
0.6274451911385306,0.08070105695564625,1.7066943803425145
0.6953127162556235,0.3934176526587781,1.9732607433638993
0.7388552337952515,0.08070105695564625,1.8931387183794335
0.423198373859648,2.0578769523689964,1.3424328083823767
0.7374931526915491,0.3934176526587781,1.9981978792878574
0.37315499097672916,2.0578769523689964,1.0035046635310583
0.41123144811781365,2.0578769523689964,1.027629755808415
0.49453436327133354,0.08070105695564625,1.8238405151711938
0.6094342319068956,0.3934176526587781,1.199462686833052
0.542568114755163,2.0578769523689964,1.0607692683962409
0.5382603224898255,0.08070105695564625,1.237148073236502
0.5839658978966565,0.08070105695564625,1.4261001539808602
0.5775976057250333,0.08070105695564625,1.7305662704334048
0.7088052464712932,2.0578769523689964,1.6243355265512056
0.4784400921772631,0.08070105695564625,1.2376212175604204
0.47605058834185476,0.08070105695564625,1.5032704481005843
0.4264717717859592,0.08070105695564625,1.9262141053985689
0.6879847831349921,2.0578769523689964,1.8150077769837578
0.5655057613237174,0.08070105695564625,1.3231897848317935
0.5345708683606127,2.0578769523689964,1.9822645613556964
0.35616851239439457,0.08070105695564625,1.708620400435131
0.5385711552772711,2.0578769523689964,1.0624493556667818
0.33070617286626125,2.0578769523689964,1.0351607132886387
0.5255113369174133,0.3934176526587781,1.1684079490100299
0.7446945283073618,0.3934176526587781,1.7278558680501468
0.45418627737264006,0.3934176526587781,1.183738925842428
0.42486948693674975,2.0578769523689964,1.5114867692088336
0.5110673226186327,0.08070105695564625,1.0932601201808319
0.7249936503767742,0.08070105695564625,1.920886157830195
0.5099482541407377,2.0578769523689964,1.3439606135835676
0.7901790168048072,0.08070105695564625,1.9081320565606308
0.3761738472716854,2.0578769523689964,1.9448756419105444
0.4466004659903291,0.08070105695564625,1.0061286473136808
0.5886585896649023,2.0578769523689964,1.464135187198732
0.5356241484384848,0.3934176526587781,1.0246560557068929
0.43267888747709216,0.3934176526587781,1.9086927663029059
0.6288590269276901,0.08070105695564625,1.518407544734576
0.4689389470346026,0.08070105695564625,1.0749440126984968
0.4337192582150105,0.08070105695564625,1.1102767282765669
0.3803843997422344,0.08070105695564625,1.383509024492739
0.7515522800754137,0.3934176526587781,1.9402341928728895
0.40875242717195415,0.3934176526587781,1.692909151568081
0.48777619533525174,2.0578769523689964,1.8676188661891324
0.43059296299321537,0.08070105695564625,1.3664566463399797
0.5421304010470817,0.3934176526587781,1.0432136995499983
0.6690873340370072,2.0578769523689964,1.9743176372044142
0.5180856444769273,2.0578769523689964,1.0171729906623694
0.46840107036944895,2.0578769523689964,1.947651653081089
0.5392736418297707,0.3934176526587781,1.3686774238491446
0.4630948395185577,2.0578769523689964,1.0100904050218815
0.6794917194851281,0.08070105695564625,1.6891572317245083
0.7802545236483914,2.0578769523689964,1.9805403040313543
0.3585074203169189,2.0578769523689964,1.9656257228375926
0.5159155433886407,0.3934176526587781,1.1609370112024184
0.3462856667514389,2.0578769523689964,1.181247806066155
0.5459368353541625,0.3934176526587781,1.56553891461966
0.4558210222675402,0.3934176526587781,1.6373048264283243
0.47353727059557854,0.08070105695564625,1.7394179136658656
0.4302191374855673,2.0578769523689964,1.1810503604721476
0.642234430789049,0.08070105695564625,1.9590070867644345
0.47401422078864697,0.08070105695564625,1.638739256289238
0.6714109589411076,2.0578769523689964,1.847046918870555
0.4891757306706061,2.0578769523689964,1.5400657152841717
0.36096206613075377,0.3934176526587781,1.4142768475898826
0.7218788581671671,2.0578769523689964,1.977182906594996
0.4498184405024547,0.3934176526587781,1.582121370819836
0.5422936398072733,0.08070105695564625,1.866873582799179
0.671039746839377,0.08070105695564625,1.9532923963662898
0.4773055158665427,0.3934176526587781,1.6753546270086592
0.36245909699495393,2.0578769523689964,1.548938678518675
0.415325048325978,2.0578769523689964,1.0035108509106507
0.5592533410289972,0.3934176526587781,1.0400196407390059
0.5143084567003531,0.08070105695564625,1.2008512160511162
0.5199446377408946,0.3934176526587781,1.1860084318559951
0.5212792378926089,2.0578769523689964,1.2547587951998453
0.39655092569018485,2.0578769523689964,1.3049346376976607
0.4712678742393009,0.3934176526587781,1.3600654935507284
0.5908781984277501,2.0578769523689964,1.4205376900688766
0.3558815239298255,0.08070105695564625,1.0988663384560147
0.3962915896101177,0.3934176526587781,1.0423619319527822
0.45484265760403286,0.08070105695564625,1.6739444490730233
0.4988589751390837,0.08070105695564625,1.5373348248430778
0.6742709541304592,0.3934176526587781,1.4441442022201196
0.37014721810078205,0.3934176526587781,1.6344399411683523
0.5744969639781256,2.0578769523689964,1.8276794072035405
0.3990812477574146,2.0578769523689964,1.4276929091162045
0.7222704048203772,0.3934176526587781,1.6411194650519794
0.4051626038784979,0.3934176526587781,1.9535722238351587
0.5259686777853305,2.0578769523689964,1.8396244958615608
0.5876030773039025,2.0578769523689964,1.4260008105024093
0.6193078529907649,2.0578769523689964,1.644716837814743
0.44915672377220955,0.3934176526587781,1.1770709219159396
0.4702463133317443,0.3934176526587781,1.5605221848950899
0.5407097802295121,2.0578769523689964,1.9813282911384427
0.4359870658259422,0.08070105695564625,1.5183151152025223
0.44596155419549205,0.08070105695564625,1.9276382991901473
0.49885831337259606,2.0578769523689964,1.4073349205032608
0.48145272282519447,0.3934176526587781,1.998844827184631
0.4501793008753027,0.3934176526587781,1.5792200352275578
0.48924280537395487,0.08070105695564625,1.0422689942359344
0.7073021687272756,2.0578769523689964,1.586754796691388
0.5161961728413675,0.08070105695564625,1.2745726956795966
0.34655739536190155,0.08070105695564625,1.0324813220358946
0.38166336844326815,2.0578769523689964,1.8208533046946633
0.6212742053896284,0.08070105695564625,1.2757296369807558
0.47523636352644766,0.3934176526587781,1.7965485540464985
0.36273643199629674,0.08070105695564625,1.288217582955867
0.5010887626305137,2.0578769523689964,1.1943263538737743
0.6459742615115588,0.3934176526587781,1.9739355741044275
0.5456423133286963,0.3934176526587781,1.3616453277550196
0.4446836106763714,0.08070105695564625,1.6013762114431604
0.3490785275958077,0.3934176526587781,1.6099814928144716
0.6991653907867272,2.0578769523689964,1.5604734821735018
0.4657250412928948,0.08070105695564625,1.9146957435212146
0.6138043521726884,0.3934176526587781,1.6744410713668685
0.5726614918048782,2.0578769523689964,1.40373300410493
0.6201941722684478,0.08070105695564625,1.8623803845242741
0.4190557368904923,2.0578769523689964,1.1810628991159644
0.44082804905473405,0.3934176526587781,1.5442367576104175
0.629779534475372,0.08070105695564625,1.9505503719437565
0.6778305541503482,0.08070105695564625,1.6253976298804127
0.7577410214729225,0.3934176526587781,1.8169684504748762
0.3860449147208904,2.0578769523689964,1.653560725545193
0.41714958978893224,0.3934176526587781,1.8393708635378903
0.789302635898901,0.08070105695564625,1.9444878798452436
0.5558990680755078,0.08070105695564625,1.272921727532737
0.5752456268649717,0.3934176526587781,1.1696610812567187
0.4112031143154414,2.0578769523689964,1.48399075033254
0.5832561929520852,0.3934176526587781,1.7018624268242157
0.536303856262767,2.0578769523689964,1.227191253182216
0.48770036180590237,2.0578769523689964,1.004101450430167
0.46584838540551793,0.08070105695564625,1.3429351158367053
0.36012041061646843,2.0578769523689964,1.9688593354677884
0.5802203613650634,0.08070105695564625,1.6949674606058467
0.4217032265430916,2.0578769523689964,1.401325443941224
0.4588995253640635,2.0578769523689964,1.1925760973468402
0.6438128583999354,0.08070105695564625,1.356089673754747
0.44168624485962615,2.0578769523689964,1.1698394333012478
0.5488154847187777,0.3934176526587781,1.1063058213129513
0.4367534560958244,2.0578769523689964,1.9067423725725539
0.6733762937651301,0.08070105695564625,1.9976503383754736
0.5997415011120841,0.08070105695564625,1.1641144395957903
0.3537415916706667,0.3934176526587781,1.0545225588782796
0.33842367536876855,2.0578769523689964,1.3297311071462123
0.4895024635768202,0.3934176526587781,1.4616591807614152
0.3588147790636842,2.0578769523689964,1.2048212470758544
0.5653640021363646,0.3934176526587781,1.3014249117985583
0.5916641145666299,0.08070105695564625,1.2008707356916577
0.5306922154532145,0.08070105695564625,1.7742605684324513
0.4512851306530382,0.3934176526587781,1.7125779432472608
0.5125522409582278,2.0578769523689964,1.6349515157609817
0.5749323694128442,2.0578769523689964,1.3872178570792046
0.3554188560761,0.08070105695564625,1.909040941314236
0.629169999419431,2.0578769523689964,1.96953254153502
0.5014969693156707,0.3934176526587781,1.1736393126254119
0.5171575411592769,0.3934176526587781,1.223012641411878
0.42859813796600216,2.0578769523689964,1.5256310280003698
0.5130333771425298,0.08070105695564625,1.0912505692822454
0.36975943526733546,0.08070105695564625,1.4364483988231127
0.41733076215470266,0.08070105695564625,1.5817912647777101
0.6576200247199063,0.08070105695564625,1.5220735711373332
0.5684248280823747,0.08070105695564625,1.330908583078026
0.34652630491553366,0.3934176526587781,1.5424458060772068
0.46839707573130146,2.0578769523689964,1.9588009542588478
0.3935534589334793,0.3934176526587781,1.206017404291376
0.4508936498555766,0.08070105695564625,1.6548313583940035
0.38894822035779564,0.08070105695564625,1.0433966941560517
0.3444645402580456,2.0578769523689964,1.0664164044814348
0.5106632043371594,2.0578769523689964,1.551828224223585
0.5206185883580796,2.0578769523689964,1.1049391803279494
0.47352588477672414,0.3934176526587781,1.0223467884268573
0.5175977550052119,2.0578769523689964,1.1715129976480223
0.3722193110904512,0.3934176526587781,1.5648491709995744
0.7307187182127218,0.08070105695564625,1.7033409545189324
0.5704671021220408,0.3934176526587781,1.20247856414138
0.6637536415655851,2.0578769523689964,1.6682594372081745
0.561564557423767,0.3934176526587781,1.1824763310992292
0.7005270404316033,0.3934176526587781,1.6134574266312571
0.5199881668565726,0.3934176526587781,1.4119596798957987
0.4231103009515394,2.0578769523689964,1.6537995093336169
0.6464513364147729,0.3934176526587781,1.9950527524792472
0.6945502141743987,2.0578769523689964,1.937816965232562
0.5013878782543483,0.3934176526587781,1.0042817578361036
0.5844896170045025,0.3934176526587781,1.8854387643623056
0.3459577128934282,0.3934176526587781,1.0664907951747664
0.5249313746848355,2.0578769523689964,1.953046586159845
0.6135441998520554,2.0578769523689964,1.2818256790996847
0.5284155260670085,2.0578769523689964,1.3820348304112708
0.46791000330179194,0.08070105695564625,1.0916382051757278
0.4004805839835519,2.0578769523689964,1.1122727583289096
0.4975578707863922,0.3934176526587781,1.7267405652293197
0.7664164137210687,0.08070105695564625,1.9443322357482917
0.5980753994629316,2.0578769523689964,1.6107484949543096
0.6670390271009606,2.0578769523689964,1.715850015526811
0.5375876852498699,0.08070105695564625,1.7619697445971534
0.5221140361347135,0.08070105695564625,1.2628142745529418
0.3893092482822531,2.0578769523689964,1.045229630920215
0.4932481932177182,0.08070105695564625,1.0018727439191686
0.47302921395162323,0.3934176526587781,1.3506492829540186
0.46324758234399205,0.3934176526587781,1.241464228199216
0.49109049939105215,0.3934176526587781,1.0623177250491858
0.5924425860198572,2.0578769523689964,1.1795282924936668
0.3472857096159525,0.3934176526587781,1.1244988982679478
0.7271192139815081,0.08070105695564625,1.9148783806173704
0.409370204337706,0.3934176526587781,1.140267213459169
0.503239370351377,0.08070105695564625,1.5376484639876793
0.35113691243422845,0.3934176526587781,1.5931059551121645
0.4517222068183244,0.08070105695564625,1.5434894577086338
0.45982319066847915,0.3934176526587781,1.099056434215988
0.353037160082834,0.3934176526587781,1.3187983617505512
0.4499051992813681,0.3934176526587781,1.0512703324631532
0.6439305411646118,0.08070105695564625,1.395669914096316
0.36160120256885053,0.08070105695564625,1.188598931271592
0.625170340938971,0.3934176526587781,1.5616325332843797
0.5102105237139856,0.08070105695564625,1.6928083938491005
0.5792502532936439,0.08070105695564625,1.5321198602047064
0.42701388558748515,2.0578769523689964,1.4342366966113957
0.38973114107082907,0.3934176526587781,1.3873334208566925
0.41976511539522365,0.08070105695564625,1.8416917680970037
0.35315429849384217,0.08070105695564625,1.21936806506527
0.42311151358180976,0.08070105695564625,1.7342183395288688
0.6246152583110351,0.08070105695564625,1.757482324740119
0.6345474347388459,2.0578769523689964,1.4192000072707345
0.5846769027911671,0.08070105695564625,1.2973005992256392
0.5783273141392082,0.08070105695564625,1.4705414860459753
0.35792594942975925,2.0578769523689964,1.0932139258926985
0.399416650201353,0.3934176526587781,1.0459300322290899
0.4111505942101439,0.3934176526587781,1.1116031994518918
0.4020362841420198,2.0578769523689964,1.1871450314622263
0.5241131161664162,0.3934176526587781,1.504176820338043
0.5851607556622628,0.3934176526587781,1.8491366361611221
0.437466658062687,2.0578769523689964,1.235642331999687
0.5148791628721009,0.08070105695564625,1.9351620107467782
0.7379139971258245,2.0578769523689964,1.9549079089350034
0.7205186701984264,2.0578769523689964,1.9589046048452052
0.48385943050268926,2.0578769523689964,1.837562734676324
0.6316684324272377,2.0578769523689964,1.3638250407977206
0.5696705090471562,2.0578769523689964,1.0726839110026232
0.4637990569288533,0.08070105695564625,1.5688187317664948
0.47296438471176566,0.3934176526587781,1.5586814439372336
0.5721312166754684,2.0578769523689964,1.8499757671095955
0.8006809398226692,0.08070105695564625,1.9959910509461052
0.6538955864722441,2.0578769523689964,1.5081573065601477
0.3688671289150144,0.08070105695564625,1.3452040310397844
0.4418947214418763,0.3934176526587781,1.1859017115562671
0.45788256531490656,0.08070105695564625,1.0047998248173706
0.5206096930062227,0.08070105695564625,1.5091136924888793
0.41337202446459226,0.3934176526587781,1.5555186667025958
0.7216310546739828,0.3934176526587781,1.8249384798173973
0.5819312864657972,0.08070105695564625,1.5045769678928007
0.7334790696003615,2.0578769523689964,1.9164683486660565
0.675629668733889,2.0578769523689964,1.6280834765714354
0.676897630425946,0.3934176526587781,1.840336238221083
0.4499227102633806,2.0578769523689964,1.148301734807747
0.6192087911243448,0.3934176526587781,1.8553361303023146
0.40883413018699166,0.08070105695564625,1.6751438544438484
0.5175697739268345,0.08070105695564625,1.1702330324383305
0.38240619273451393,2.0578769523689964,1.1897635581460109
0.6697983666693713,0.3934176526587781,1.9265006190442213
0.383619225209146,2.0578769523689964,1.032215360450373
0.3800972259021982,2.0578769523689964,1.4625349432957062
0.386717403919703,0.08070105695564625,1.3134752899341016
0.34556718422969795,2.0578769523689964,1.665077439998428
0.663798366139292,0.08070105695564625,1.839629387568992
0.5724206113983045,0.3934176526587781,1.3603781215565696
0.5124370574534622,2.0578769523689964,1.426902087322837
0.4293605219443061,0.08070105695564625,1.9819177845014142
0.38338182862425746,2.0578769523689964,1.783916509679203
0.3596223268028979,0.3934176526587781,1.8972041309317915
0.39521475403006995,2.0578769523689964,1.4387622206516297
0.5929585913825939,2.0578769523689964,1.2340762039841153
0.4187609120232856,0.08070105695564625,1.4118634653864517
0.4905491548673482,0.3934176526587781,1.7160919178315135
0.3574609768411101,0.3934176526587781,1.1094304048359793
0.4009947033810146,0.3934176526587781,1.2704691056165087
0.45616379222412534,2.0578769523689964,1.0466359004615904
0.5447496628579264,0.08070105695564625,1.4323477383381316
0.4557117193748922,2.0578769523689964,1.8274457359796132
0.3415627666789575,2.0578769523689964,1.024663688298011
0.500603538788865,2.0578769523689964,1.675323526807166
0.4596041719328288,0.3934176526587781,1.9324958745137395
0.3974807413297155,0.08070105695564625,1.2369278615111823
0.7316022293035428,0.3934176526587781,1.6936348407276482
0.6427270522499395,2.0578769523689964,1.9751019011002002
0.6127366841452304,2.0578769523689964,1.9622780601524632
0.4545663619522431,0.08070105695564625,1.2349291930291433
0.44090294658914014,0.3934176526587781,1.1003310532120687
0.47746609624879205,2.0578769523689964,1.1482825378959158
0.6272827599782717,2.0578769523689964,1.702035668482142
0.6342395925477008,0.08070105695564625,1.7257588754532756
0.41327823545857484,2.0578769523689964,1.6742365616281991
0.49405936810562584,0.3934176526587781,1.336078387742238
0.4452458479323177,0.3934176526587781,1.1697769397581221
0.668988009527164,2.0578769523689964,1.5807610919522532
0.561958239582517,2.0578769523689964,1.4836804457578665
0.5651735616337746,2.0578769523689964,1.7288341471223034
0.3781948099262187,0.08070105695564625,1.4413600786856215
0.5278574139458332,0.08070105695564625,1.3386396946864685
0.37068162107906333,0.3934176526587781,1.2934785773590143
0.429112380212593,0.3934176526587781,1.2114703200497465
0.3768266377461494,2.0578769523689964,1.2657463761866614
0.508074213135605,2.0578769523689964,1.0948304388441015
0.4019953408927419,2.0578769523689964,1.3468570109288895
0.4235628821809477,0.08070105695564625,1.0365698123629583
0.5828075857149654,0.08070105695564625,1.1864138471663268
0.43175643071637304,2.0578769523689964,1.746770444619429
0.49490956102847816,2.0578769523689964,1.3254689886766227
0.510931564208603,0.3934176526587781,1.668237016977344
0.35355687556764986,0.08070105695564625,1.7168841755972775
0.6399155289425592,2.0578769523689964,1.5811853427321134
0.3848140473588636,0.08070105695564625,1.9586977413653983
0.44153185730736527,2.0578769523689964,1.0214398666231133
0.5783325532007372,2.0578769523689964,1.7386526505881421
0.6455203944073679,0.3934176526587781,1.958786643940408
0.6549911203281197,0.3934176526587781,1.8622717293529392
0.40127595188375303,0.3934176526587781,1.1678926918050134
0.3388606069808373,2.0578769523689964,1.326820306251732
0.5317677797466537,0.3934176526587781,1.1724518398764654
0.546605469190253,2.0578769523689964,1.601308363814704
0.6860639365028803,0.08070105695564625,1.7121879819794923
0.5913451366796451,0.08070105695564625,1.3170737693630583
0.6493049112541629,2.0578769523689964,1.5395065739842955
0.5402599642186272,0.3934176526587781,1.690920570071195
0.4505662369237614,0.3934176526587781,1.4213398166110482
0.698773593819459,0.08070105695564625,1.8540155304554593
0.5376077581572167,2.0578769523689964,1.7715499352878172
0.374708932672569,2.0578769523689964,1.0646655438505706
0.6725462115980596,2.0578769523689964,1.6211252990908291
0.5908391177357801,0.08070105695564625,1.2353255509597496
0.5141666932784038,0.08070105695564625,1.5575182646672752
0.38783355954009735,0.3934176526587781,1.9568884426329662
0.5238079645495679,2.0578769523689964,1.8790620045522501
0.6050449754364969,2.0578769523689964,1.4045164031151316
0.6101520606110067,2.0578769523689964,1.2915138583443535
0.3925904710990946,2.0578769523689964,1.234405744408259
0.36557081490635407,0.08070105695564625,1.53251486975652
0.560497431435305,0.3934176526587781,1.1142484532580563
0.48476276207457936,0.08070105695564625,1.5492750081282485
0.45459391118688847,0.3934176526587781,1.0013336394907921
0.6387987771146738,2.0578769523689964,1.323849630745845
0.35204753347164586,2.0578769523689964,1.2199343138305814
0.65706463173774,2.0578769523689964,1.971218789960782
0.37684813150213103,2.0578769523689964,1.7272423195699789
0.45625080385585365,2.0578769523689964,1.3496533804622377
0.5364656266457162,0.08070105695564625,1.0928450865306205
0.4966957947762028,0.3934176526587781,1.516800594690624
0.6184504125079436,0.08070105695564625,1.2134478813260423
0.5450268883117516,2.0578769523689964,1.5364295458983577
0.4894696145408916,0.3934176526587781,1.8353623541788924
0.4278638256088937,0.3934176526587781,1.6157925521013854
0.47987058449684794,2.0578769523689964,1.6337884195450023
0.47760321516028487,0.3934176526587781,1.5410302890628116
0.38329803432804566,0.08070105695564625,1.9272656326314093
0.5217687692003974,0.08070105695564625,1.9319026844206033
0.5071949083855197,0.08070105695564625,1.5127232010735523
0.5583416915292104,0.08070105695564625,1.3057594871435043
0.5664032950961867,0.3934176526587781,1.459587005879444
0.5304916671273183,0.08070105695564625,1.1865579121956156
0.34725930375911424,0.3934176526587781,1.6363443153180892
0.4177659373265848,2.0578769523689964,1.500092335782233
0.501810156629614,0.08070105695564625,1.10330047781328
0.46912402793124974,2.0578769523689964,1.1976477811196153
0.3416807769263837,0.08070105695564625,1.4796319561995268
0.7118791309288035,2.0578769523689964,1.8875889907188583
0.6292831260456597,2.0578769523689964,1.5663907206310974
0.5641970995495813,2.0578769523689964,1.6815350002084708
0.35711121132264645,2.0578769523689964,1.3390285497439098
0.6280054619797574,2.0578769523689964,1.5714113930442344
0.5391090061160845,0.3934176526587781,1.4473798226380674
0.6526284412088942,0.3934176526587781,1.6591299126231607
0.5142738821333369,0.08070105695564625,1.0505755660790104
0.6244114723768516,0.3934176526587781,1.4933002162389593
0.4936427978318439,2.0578769523689964,1.2959926251439668
0.3797331391999752,0.3934176526587781,1.3261850612779091
0.6658368392757605,0.3934176526587781,1.9609174315580615
0.5050816433704212,2.0578769523689964,1.1826948127113828
0.5654952948676891,0.3934176526587781,1.311245252578597
0.40143661405789194,2.0578769523689964,1.5098925757308717
0.4364493431024381,0.3934176526587781,1.8630269481496238
0.636867780813052,2.0578769523689964,1.4166700832063706
0.6576023033782654,0.08070105695564625,1.743865280888171
0.7507837092071034,0.3934176526587781,1.8563740982148023
0.5703430208523533,0.08070105695564625,1.310016355821849
0.5344002414765311,2.0578769523689964,1.39275018353871
0.5465180670180496,2.0578769523689964,1.3565562236883562
0.7366878199086697,0.08070105695564625,1.832855808617921
0.4704639955579468,2.0578769523689964,1.0443468619536012
0.5309198761402866,2.0578769523689964,1.30842108882868
0.4075622289749557,2.0578769523689964,1.6794085575951299
0.5180951045960278,2.0578769523689964,1.5654434995653426
0.5823958614558116,2.0578769523689964,1.4362893592936943
0.44037724121146815,2.0578769523689964,1.5399482272213842
0.3894564253395749,2.0578769523689964,1.1975845858283183
0.4448600423215372,2.0578769523689964,1.4307166216080103
0.42637762927780937,0.08070105695564625,1.5017029841763492
0.4482777585782805,0.3934176526587781,1.9011891219546015
0.46055778148395626,2.0578769523689964,1.2608351628039762
0.7534223043182003,0.08070105695564625,1.8678285021649326
0.5421309179154419,2.0578769523689964,1.6442414008259818
0.3726398093715373,0.3934176526587781,1.020340831067601
0.3779058760864613,2.0578769523689964,1.7246313368993937
0.4976033481998279,0.08070105695564625,1.035551877549055
0.5356347780058752,0.08070105695564625,1.997381126813813
0.7163022107927901,0.3934176526587781,1.8726366876911977
0.5372558128876732,2.0578769523689964,1.2973437475400456
0.5704746108048433,0.08070105695564625,1.2574112301967055
0.4261216819593953,0.3934176526587781,1.381441082105609
0.5587143577355125,0.3934176526587781,1.356166965314443
0.4227209717540687,2.0578769523689964,1.3723378183853812
0.6283088073894898,0.08070105695564625,1.3182765461194803
0.5884436265171739,2.0578769523689964,1.6211334068483314
0.4205282696504667,2.0578769523689964,1.1642636637206238
0.4679062606744128,2.0578769523689964,1.8459812924460133
0.43097356259954367,0.08070105695564625,1.8124024840313153
0.5827930968439099,0.3934176526587781,1.4764832078552703
0.44614834303559814,2.0578769523689964,1.8527299652785476
0.5090193382845292,2.0578769523689964,1.2471450700302933
0.39080469045786603,0.08070105695564625,1.0175654557039668
0.5979324912923675,2.0578769523689964,1.619207925029823
0.6207443131327998,0.3934176526587781,1.4579094069647154
0.6313867468947237,2.0578769523689964,1.5671645462958708
0.6947546475891951,0.3934176526587781,1.899339409018403
0.44092937834287427,2.0578769523689964,1.9699255735659436
0.3782491032483495,2.0578769523689964,1.634453139755603
0.6403997982450553,2.0578769523689964,1.7640555898524384
0.4232810238609574,0.3934176526587781,1.0838084334871643
0.44968799852751584,2.0578769523689964,1.1607155848915056
0.35942763100069597,2.0578769523689964,1.7332048049529765
0.4265332978570122,2.0578769523689964,1.431365456388002
0.35045279153584075,0.3934176526587781,1.4459652704044057
0.6073310493626344,2.0578769523689964,1.3086076816354366
0.43607250922227525,0.08070105695564625,1.6073563834777438
0.48785427235797646,0.3934176526587781,1.1851650454162026
0.3588097949072413,0.08070105695564625,1.6269162793138956
0.5163605109473142,2.0578769523689964,1.1737988571352398
0.40961976446049536,0.3934176526587781,1.0638260347097135
0.6184137997904371,0.3934176526587781,1.3303576886990611
0.59145410048568,2.0578769523689964,1.2311403420098477
0.4969071408914807,0.08070105695564625,1.8889916385563323
0.5522474369312586,0.3934176526587781,1.0549534538686265
0.6083348289124358,0.3934176526587781,1.1766136925741228
0.6448439246249997,0.3934176526587781,1.5487196055830494
0.6364151067799215,0.3934176526587781,1.4810671908474737
0.38951703846915864,0.3934176526587781,1.0458520183747015
0.4638023538285172,2.0578769523689964,1.0072524280151445
0.38524143003188693,0.3934176526587781,1.98806794196115
0.38199328962126816,0.08070105695564625,1.6588347003588382
0.6595607217497793,0.3934176526587781,1.3654061309015568
0.45338878629668866,2.0578769523689964,1.4704322476632412
0.5580854723329823,2.0578769523689964,1.266550120454287
0.5929029000571207,0.08070105695564625,1.3448737836932096
0.6802353634960838,0.3934176526587781,1.6490444672682139
0.7973031840187252,0.08070105695564625,1.8828117988673707
0.39940940139981884,0.08070105695564625,1.1841300230811849
0.3671248256089781,0.08070105695564625,1.8403615053853186
0.4389690295699194,0.08070105695564625,1.121556629518269
0.3700610016059633,0.3934176526587781,1.2149922235883912
0.3334527883634789,2.0578769523689964,1.0371752880496459
0.42773169043949794,2.0578769523689964,1.1408118620929995
0.708964726021711,0.3934176526587781,1.9173031454640506
0.5350638832070896,0.08070105695564625,1.4594387466183787
0.40846477078452975,0.3934176526587781,1.0776658617783537
0.657771795879538,0.08070105695564625,1.9597268380389612
0.4541784492983911,0.08070105695564625,1.8789923077586501
0.3531729537012028,0.3934176526587781,1.7546825208681414
0.7035329992822055,0.3934176526587781,1.9334727919475578
0.5126190172357056,0.08070105695564625,1.220129420835764
0.6821653755596042,0.08070105695564625,1.8363692930100863
0.36107305233639386,0.08070105695564625,1.6899911963543062
0.7224533255823128,0.08070105695564625,1.8697592495676885
0.6128900622412594,0.3934176526587781,1.7969115657426298
0.5157546992403786,2.0578769523689964,1.346495063176825
0.6110741371606199,2.0578769523689964,1.7743985370172557
0.5919230547796446,0.08070105695564625,1.2624563029848903
0.5202454372163515,2.0578769523689964,1.3285921630280548
0.4815838683415876,2.0578769523689964,1.1079057172229763
0.8080592583372348,2.0578769523689964,1.9350766159804689
0.5657543824000092,2.0578769523689964,1.2910033634002815
0.5003775223450695,2.0578769523689964,1.520622465171452
0.5704722352171995,2.0578769523689964,1.3913328364661925
0.5341792833083694,0.08070105695564625,1.9599281205835015
0.40823841119364107,0.08070105695564625,1.3350491709384824
0.6000752616906584,0.08070105695564625,1.778545821422689
0.7593513286532411,0.3934176526587781,1.85541615463118
0.6546056402754208,2.0578769523689964,1.435606497480966
0.44864302209360657,2.0578769523689964,1.3781718144529314
0.5661006280629661,0.3934176526587781,1.747745820932628
0.4477059715363394,2.0578769523689964,1.9128959803062342
0.7623255326610052,0.08070105695564625,1.7549317330722383
0.6174448068724211,0.08070105695564625,1.2271263655918656
0.6424361765671514,0.3934176526587781,1.8883077474377052
0.6016027213559259,0.08070105695564625,1.387581667436833
0.6097982824527529,0.3934176526587781,1.5762294117779343
0.6074843791898222,0.08070105695564625,1.831435619292711
0.34699033651608585,2.0578769523689964,1.1883947674004922
0.5408347479570663,0.08070105695564625,1.7845101356775532
0.5984963961650301,0.3934176526587781,1.5961627979106776
0.6559767296481764,2.0578769523689964,1.8933416418276083
0.43478125817399466,0.3934176526587781,1.1719704018435428
0.6550904260410815,2.0578769523689964,1.4206822370409284
0.4221904838892851,2.0578769523689964,1.8328430928668373
0.447480198224178,0.08070105695564625,1.0192317034567602
0.5111222479639318,0.08070105695564625,1.112201366765643
0.6837282358735327,2.0578769523689964,1.9905652127567346
0.5308195525243858,0.08070105695564625,1.2803941785903505
0.48249755107512926,0.08070105695564625,1.9755431937239534
0.3754677549316132,0.3934176526587781,1.1825315510086738
0.5414942754704017,0.08070105695564625,1.3610944430073357
0.596718087412924,2.0578769523689964,1.7528694445035706
0.41517289744185293,0.08070105695564625,1.6577784072381785
0.607035392859695,2.0578769523689964,1.5811223999290556
0.5062856710695287,2.0578769523689964,1.5298991758050076
0.6422170032229477,0.3934176526587781,1.8434404436647402
0.5775643305552708,2.0578769523689964,1.2349485628333927
0.39682214283860745,2.0578769523689964,1.4424709269935185
0.3363619991169409,0.3934176526587781,1.1554522921564572
0.6379565172546601,2.0578769523689964,1.5959415957307044
0.5138510560594536,0.3934176526587781,1.2505444242713202
0.5566921200223324,2.0578769523689964,1.333842064343386
0.6318135127678792,0.08070105695564625,1.471250716623528
0.5216647631271981,0.3934176526587781,1.0267705857031277
0.5766891395292867,0.3934176526587781,1.0919379359208377
0.5598970731404181,2.0578769523689964,1.6859292207082195
0.503800580813668,0.3934176526587781,1.4289699807175071
0.5283281176458232,2.0578769523689964,1.8647902219998955
0.40742471691529536,0.3934176526587781,1.6946720036441993
0.46297189208406797,0.3934176526587781,1.0081009416473226
0.44976888332609044,0.08070105695564625,1.6167123307671347
0.5669410593247964,2.0578769523689964,1.0937248660597163
0.5947005807113434,0.08070105695564625,1.7809331797904941
0.6344822726906707,0.3934176526587781,1.991507688278502
0.4700647248127731,2.0578769523689964,1.5311987942415115
0.36602760894360675,0.08070105695564625,1.6827795001941304
0.3426126554487558,0.3934176526587781,1.2373141608947515
0.4828564794738388,0.08070105695564625,1.4375977437537935
0.38721172892343164,0.3934176526587781,1.8560953322363836
0.4986371297950387,0.3934176526587781,1.1674229477462512
0.597593630090955,2.0578769523689964,1.265535605613762
0.6412387683722204,2.0578769523689964,1.4454336752860302
0.6140653012528529,2.0578769523689964,1.712248891844014
0.40583559807625785,0.3934176526587781,1.3758839547956738
0.7475583595158155,0.08070105695564625,1.9277322797830039
0.5580411298469361,2.0578769523689964,1.0944570512687193
0.4007112519958338,2.0578769523689964,1.3708041975448475
0.6452682249978261,2.0578769523689964,1.708954123428422
0.41600156175029296,2.0578769523689964,1.2259867656614925
0.6601764367228256,0.3934176526587781,1.6564131342296728
0.6053259478254956,0.08070105695564625,1.164216958227346
0.3359472314355034,0.3934176526587781,1.0559802848616864
0.5673984621461515,0.3934176526587781,1.1210157167486487
0.6377298815579222,0.3934176526587781,1.9299847831341346
0.6999843252598628,2.0578769523689964,1.5517508829395514
0.5468216830364269,0.08070105695564625,1.796345775479649
0.6030409133389122,0.3934176526587781,1.3326545009050512
0.3664196295434897,0.3934176526587781,1.5926586478854468
0.45903520976982926,0.3934176526587781,1.4949521337049916
0.38331235896684535,2.0578769523689964,1.9457379594022939
0.751941277960303,2.0578769523689964,1.7475746360541105
0.6823810344253518,0.3934176526587781,1.730542631496579
0.538225980541004,2.0578769523689964,1.0463532694342796
0.6864237570974036,0.08070105695564625,1.549669669003691
0.36906307874252614,2.0578769523689964,1.466991453901815
0.5286471263579811,0.3934176526587781,1.9278422666061945
0.35497636685792205,0.08070105695564625,1.2573419881895322
0.39747155666112627,2.0578769523689964,1.2698334532910942
0.4146491643172552,0.3934176526587781,1.4113462488815003
0.4713046371235133,0.08070105695564625,1.2433697134063761
0.4019504334309038,0.08070105695564625,1.1291839178087495
0.3945224797085882,0.08070105695564625,1.857414846650801
0.40382736691084226,2.0578769523689964,1.5582765244039158
0.41521509618367425,0.08070105695564625,1.861362718956567
0.7728174205990058,2.0578769523689964,1.831134765403696
0.564658184069211,0.3934176526587781,1.282042354789671
0.6968728042476761,2.0578769523689964,1.547737444324274
0.4414324314992357,2.0578769523689964,1.0832177027400705
0.47829055366718914,0.3934176526587781,1.9152518840307584
0.6032452344019765,2.0578769523689964,1.404262715065153
0.44517007230476885,2.0578769523689964,1.3936761838890215
0.42731569789082596,0.3934176526587781,1.302755370617953
0.4197797146940685,0.08070105695564625,1.4606637447107038
0.3720777668970898,0.3934176526587781,1.251759386545448
0.42047521579653185,0.08070105695564625,1.3748522727968044
0.5003956230508232,2.0578769523689964,1.7999470485848819
0.6432124682634366,0.3934176526587781,1.834255503585172
0.3544187237069791,0.08070105695564625,1.3041824776285162
0.4128126772175185,2.0578769523689964,1.469014430552788
0.7108611592591587,2.0578769523689964,1.8738197762800524
0.3648069036038006,2.0578769523689964,1.052673331829697
0.5047203756689282,0.08070105695564625,1.8891449619957854
0.5818221083902434,0.08070105695564625,1.2191843456523317
0.40688787206218846,0.08070105695564625,1.6785392442143758
0.3736350287415724,2.0578769523689964,1.5825516963846002
0.5202439867520285,0.08070105695564625,1.552940748189252
0.4836814569485437,0.3934176526587781,1.8593602247528214
0.47597402540289696,0.08070105695564625,1.1015721436446613
0.5924674047118109,0.08070105695564625,1.3470280253256361
0.3914154591220492,2.0578769523689964,1.5382527463447655
0.5987033414440583,0.3934176526587781,1.81128885394604
0.47799980785794943,0.3934176526587781,1.2164430834116715
0.4102092313179633,0.3934176526587781,1.8029298413742763
0.5444710105790108,0.08070105695564625,1.3996384824939359
0.40883696169593575,2.0578769523689964,1.1889138564336954
0.5511777772952978,0.08070105695564625,1.7589864404434827
0.3505640138073698,2.0578769523689964,1.0908989014745478
0.505806598831151,0.3934176526587781,1.514767374075443
0.4054750053954088,0.08070105695564625,1.0638757838618884
0.6004991386487873,2.0578769523689964,1.3564178551577877
0.3647140179477114,0.08070105695564625,1.6010767990063925
0.49636540427917303,2.0578769523689964,1.556115541487213
0.4902899740381324,0.3934176526587781,1.4046554179046664
0.5838667898776316,0.08070105695564625,1.4290479939721157
0.4994633373386441,0.3934176526587781,1.2267695533507665
0.5693343235936447,0.08070105695564625,1.455882588424103
0.713603731048378,0.08070105695564625,1.9532548557208342
0.7290804959551326,2.0578769523689964,1.8504529177837905
0.41565856680161933,2.0578769523689964,1.1452328690763438
0.4581606138088855,2.0578769523689964,1.029780787320921
0.7383888989905949,0.3934176526587781,1.9335243127166306
0.6992718205957129,0.3934176526587781,1.5267497498807476
0.6657671868407194,0.08070105695564625,1.5378378231493077
0.5050688919500315,2.0578769523689964,1.7807179957065222
0.39608981872855675,0.3934176526587781,1.3146889738713265
0.5117596466664028,0.08070105695564625,1.4819075688360022
0.7003130811531726,0.3934176526587781,1.9686629131467375
0.5405322697267246,0.08070105695564625,1.6721486869324071
0.46261215644787346,2.0578769523689964,1.1537450319957858
0.5545604679497094,0.08070105695564625,1.1332267479843532
0.4352149456337075,0.08070105695564625,1.2042647583330055
0.7084410471098463,2.0578769523689964,1.7667116744207174
0.45948874166246156,2.0578769523689964,1.295377003840616
0.40643398173117434,0.08070105695564625,1.0213888466750798
0.5622346945453626,0.3934176526587781,1.9441743635056619
0.5419835232781275,2.0578769523689964,1.1697134163949108
0.3571600631750534,0.08070105695564625,1.0095581861480687
0.39073546879348453,2.0578769523689964,1.237131602383323
0.6108659727949631,2.0578769523689964,1.2350287871181336
0.3973789844262684,0.3934176526587781,1.422005250845723
0.6109541727718929,2.0578769523689964,1.920389831500037
0.6093962010141314,0.08070105695564625,1.879184917779098
0.508222482788903,0.08070105695564625,1.456894554982428
0.5533963842716615,2.0578769523689964,1.4108999049918065
0.4265986350880362,2.0578769523689964,1.5550090864748514
0.49586396604685246,0.3934176526587781,1.2434540119717656
0.4205774891641591,0.3934176526587781,1.0521849919663628
0.6573718599088486,0.3934176526587781,1.9392241361712066
0.3715389736721865,0.08070105695564625,1.1866989848771727
0.49381596684476875,0.3934176526587781,1.1984007292457164
0.4042735578700445,0.08070105695564625,1.4724603288539475
0.4386525929406324,0.3934176526587781,1.4916133448403306
0.3798796386775436,0.08070105695564625,1.018434209700742
0.3804533378855819,2.0578769523689964,1.1479547387739708
0.6064719504792748,0.08070105695564625,1.3781548185607417
0.4595093870338654,2.0578769523689964,1.683730693510539
0.602117296783695,0.08070105695564625,1.2284184568319358
0.665197634351434,0.08070105695564625,1.4230144462417627
0.5529093378640694,2.0578769523689964,1.5573450647164668
0.41498959229793403,0.08070105695564625,1.8885924946232922
0.4531985938444688,0.08070105695564625,1.3260705023271233
0.5438101395982713,0.3934176526587781,1.1335582658634835
0.4697596249842894,2.0578769523689964,1.4892722258976083
0.38307519974855353,2.0578769523689964,1.746721601684062
0.47558744383389406,0.3934176526587781,1.1098597570527335
0.6235186317949865,0.3934176526587781,1.4246834916969604
0.5180386877721163,2.0578769523689964,1.0177851412624834
0.37047887569472415,2.0578769523689964,1.0335591816472511
0.5763598008157251,2.0578769523689964,1.4829533632166656
0.40265141117995223,0.3934176526587781,1.2981972981509293
0.4453199984299544,0.3934176526587781,1.845107299005412
0.6753929690267896,0.08070105695564625,1.6021543061264543
0.4251349798665263,0.3934176526587781,1.4539329617429904
0.42566558858751224,0.08070105695564625,1.4079353710542963
0.34052071756785524,0.08070105695564625,1.4972454801895632
0.5412913837703656,0.3934176526587781,1.0404388312126613
0.7076698114429001,0.3934176526587781,1.8927933564206598
0.6520361692394927,0.3934176526587781,1.9983031557339583
0.5410634452520224,0.3934176526587781,1.1814871248586987
0.3703685638713655,2.0578769523689964,1.1203829647746197
0.45445208229123835,0.3934176526587781,1.1435774634485951
0.4831743060868111,0.08070105695564625,1.6610270582343671
0.38167236788325204,0.08070105695564625,1.6614408384507748
0.5632574147979356,2.0578769523689964,1.847924162278411
0.730326896882435,2.0578769523689964,1.7518263884262533
0.3527748268090156,0.3934176526587781,1.4496896733693396
0.4549384766446384,2.0578769523689964,1.6128553615653187
0.4286065347881577,0.3934176526587781,1.688284670368008
0.4261116888182554,0.3934176526587781,1.5127364702852253
0.657396666084703,2.0578769523689964,1.4756509844516366
0.5270320264411383,2.0578769523689964,1.6450974456426533
0.51415679350487,0.08070105695564625,1.5574745489756538
0.6410171351597284,2.0578769523689964,1.6439423053359103
0.40251389231255424,2.0578769523689964,1.6128547739633639
0.545206209955697,2.0578769523689964,1.7191965605136548
0.5118608793747924,0.08070105695564625,1.642803508782876
0.5559725529818884,0.3934176526587781,1.5197424864372673
0.744401246328381,0.08070105695564625,1.6817968112843866
0.6032431267617999,2.0578769523689964,1.449481965185428
0.4501679304659123,2.0578769523689964,1.241671225972601
0.5219117428444401,2.0578769523689964,1.0014182201339155
0.4051310218207517,0.3934176526587781,1.5599641471458432
0.35428532616924113,0.08070105695564625,1.5906552266086411
0.44893084077929085,0.08070105695564625,1.9720489647757145
0.44634054163208225,0.3934176526587781,1.3614783340942755
0.5060599995328394,0.08070105695564625,1.3941332428283117
0.5069309499949934,0.3934176526587781,1.2017995813421902
0.5584768256840158,0.3934176526587781,1.070534295237322
0.5624470477629039,0.08070105695564625,1.7728044928617406
0.4816854818146523,0.08070105695564625,1.249681064339325
0.3624592173435201,0.3934176526587781,1.6089048610300378
0.359379132552202,0.08070105695564625,1.6877730355454816
0.5317513132003897,0.3934176526587781,1.4712366872916478
0.5459498449791168,0.08070105695564625,1.8763521130271916
0.6258877538435444,0.08070105695564625,1.4437948409797288
0.38341711561103536,0.08070105695564625,1.284908623041765
0.3622197467737977,0.08070105695564625,1.8960155229616222
0.5488008741506479,0.08070105695564625,1.8615642842499565
0.3965998678745255,2.0578769523689964,1.1640399470764131
0.339655785193662,2.0578769523689964,1.025961018353921
0.5154904214257358,0.08070105695564625,1.0899855563496206
0.36859387385565645,0.08070105695564625,1.2865473985538172
0.6384837065625497,0.08070105695564625,1.9722598017417106
0.4458218056458682,0.3934176526587781,1.558516153160825
0.393366054724208,2.0578769523689964,1.3732617320292688
0.5213410008680164,0.3934176526587781,1.8887160946127464
0.6150340981731084,2.0578769523689964,1.4531363314784995
0.4573896676868078,2.0578769523689964,1.3152386284010211
0.6988929305539099,0.08070105695564625,1.9412195287456573
0.40489639556237117,0.08070105695564625,1.849517666192678
0.6882894517923321,0.3934176526587781,1.843668375419441
0.4256386813515285,0.3934176526587781,1.512284743050213
0.6361843924107747,0.08070105695564625,1.789438398815455
0.4892692429924925,0.08070105695564625,1.1793533592645518
0.6890823871701817,2.0578769523689964,1.5732229575562435
0.5361604727053482,2.0578769523689964,1.9838459228475456
0.3549645615318779,0.08070105695564625,1.2909584305179616
0.35640774254255825,2.0578769523689964,1.7943523292476753
0.632218247141676,0.3934176526587781,1.4904784072080672
0.4564757933561853,2.0578769523689964,1.0398056832220872
0.6721585614187079,0.08070105695564625,1.7630193978156674
0.39613821443893493,2.0578769523689964,1.1685691443921127
0.47750794296349836,0.08070105695564625,1.6314735671327503
0.33697606686006176,2.0578769523689964,1.085664194046973
0.7976688384075307,0.3934176526587781,1.9468673974959647
0.5387652515506288,0.3934176526587781,1.291723887180361
0.6033905396698793,0.08070105695564625,1.226464691677395
0.401129803219888,0.08070105695564625,1.1291364040663343
0.6353901310752346,0.08070105695564625,1.946002193339048
0.621911533768151,2.0578769523689964,1.7119037424413053
0.47822055190211127,2.0578769523689964,1.7416608887180887
0.6417875723977423,2.0578769523689964,1.4994045613802447
0.6707044461762042,0.3934176526587781,1.4747277852704834
0.5614548159188268,0.08070105695564625,1.1100212429914766
0.6154047979092979,2.0578769523689964,1.5598410955839919
0.41533797227509855,0.3934176526587781,1.2469164951087905
0.4856237315762213,0.08070105695564625,1.9771453328004058
0.7596467302135789,0.3934176526587781,1.7965809400151473
0.34147575428484267,0.08070105695564625,1.4129920601928876
0.5255168468884998,2.0578769523689964,1.151341258691533
0.6476464632905232,0.3934176526587781,1.785331691138784
0.49498404997207707,0.3934176526587781,1.122053767081316
0.6100284292911863,0.3934176526587781,1.1893337534970705
0.4218717384659148,0.08070105695564625,1.2115205177442274
0.4674265127842805,0.08070105695564625,1.5568906382730945
0.3815690759985676,0.3934176526587781,1.7870566539903663
0.4730394243894258,0.08070105695564625,1.314314878724692
0.3959602561013865,0.3934176526587781,1.0846698142752893
0.45857934635049297,2.0578769523689964,1.4645384635244192
0.6936161901866017,0.3934176526587781,1.7481102411599356
0.6028408697022329,0.3934176526587781,1.2216638430873883
0.38638220208429375,0.08070105695564625,1.2199245480393741
0.524902276948696,0.08070105695564625,1.947227027346711
0.7842721855628606,0.08070105695564625,1.954153727119178
0.3827640506663086,2.0578769523689964,1.9904657320615764
0.38827856974415165,2.0578769523689964,1.8076596015747801
0.377678435938492,2.0578769523689964,1.1881841691679456
0.5030114654435138,0.08070105695564625,1.2119815207992612
0.38380106978092554,0.3934176526587781,1.340225241522392
0.6373162671792506,0.3934176526587781,1.3181325313334908
0.5605290646873373,0.3934176526587781,1.956527749078009
0.5613356393909468,0.08070105695564625,1.7890739828816935
0.44736726080210903,0.08070105695564625,1.724008792161554
0.4638020637205795,2.0578769523689964,1.1859632240581317
0.6519568293251444,0.08070105695564625,1.9095255593623297
0.6755434085872756,0.3934176526587781,1.827870379506174
0.5383507525434407,2.0578769523689964,1.1636418413279237
0.6074302969880315,2.0578769523689964,1.8711703319609725
0.6062301449722902,0.08070105695564625,1.2722475363704713
0.5372884000087049,2.0578769523689964,1.0808697458321062
0.642333400290962,2.0578769523689964,1.65682230651421
0.3663092805402757,0.08070105695564625,1.6538046593843307
0.3312984512042015,2.0578769523689964,1.094932009565618
0.40178752925496025,0.3934176526587781,1.3188518089365824
0.668225434014075,0.08070105695564625,1.9928144622555386
0.5090151835171984,0.3934176526587781,1.6784266670087369
0.5118986717671746,0.3934176526587781,1.7300751666033292
0.5860575086035029,0.3934176526587781,1.2129172856043056
0.5566833114333487,0.3934176526587781,1.0787820710039142
0.6088218261420257,2.0578769523689964,1.2769016897409378
0.42626902643602826,2.0578769523689964,1.248898385193192
0.5348012553247777,0.08070105695564625,1.234544100748053
0.40862760762922445,0.08070105695564625,1.1927543218870396
0.41356954795293305,0.3934176526587781,1.5747556906554043
0.39376971435166097,0.3934176526587781,1.3281034758418218
0.4969697470060359,0.08070105695564625,1.8203450150475304
0.45206096388507455,0.08070105695564625,1.183947417847384
0.6277985409917615,0.08070105695564625,1.4646270708685445
0.3559370122475336,0.08070105695564625,1.01365783642608
0.597948350133619,0.3934176526587781,1.481682322455192
0.4606012351849136,0.08070105695564625,1.0558382208764745
0.48865708449452616,2.0578769523689964,1.9777235118726435
0.5578580144154494,0.3934176526587781,1.7905921286504127
0.44603420335688243,2.0578769523689964,1.4901114766364554
0.4819047632291322,0.08070105695564625,1.0865873581793504
0.5067568141812051,2.0578769523689964,1.5924454407904143
0.4159892688202369,0.08070105695564625,1.7587637507018776
0.3648569927131546,2.0578769523689964,1.1907172530047454
0.5455564766799698,0.3934176526587781,1.568208340787491
0.7379257255561968,2.0578769523689964,1.814210898382868
0.4920609691334713,0.3934176526587781,1.7682477776463164
0.6625877176176571,2.0578769523689964,1.8029920178671528
0.6448808877320888,2.0578769523689964,1.8793234248697197
0.7814958851337173,0.3934176526587781,1.9376821021594703
0.6110717520626081,0.3934176526587781,1.405521155203536
0.5530542889013816,0.08070105695564625,1.5687691025228774
0.6277506009796346,0.3934176526587781,1.7906595260456108
0.7077284284854142,0.3934176526587781,1.6971398139457832
0.5433538052073568,0.08070105695564625,1.995520228264379
0.405275121060319,0.3934176526587781,1.0136776511046441
0.3399531448763477,0.3934176526587781,1.3551332153157907
0.5848139644038777,2.0578769523689964,1.2810279262702025
0.5729601812293378,0.08070105695564625,1.2623158501655345
0.363099262915968,0.08070105695564625,1.2225297824988859
0.5801229676661452,2.0578769523689964,1.709123840815229
0.44783233263880984,0.08070105695564625,1.0847594732753219
0.39594391938154117,2.0578769523689964,1.7416088339433382
0.7398750406626905,0.3934176526587781,1.6934258420162736
0.3971498854955198,0.08070105695564625,1.2508041325008965
0.35365342534618205,0.3934176526587781,1.2528337831651613
0.5737801807879322,0.08070105695564625,1.6288605853445022
0.6567460430311821,0.3934176526587781,1.7621711054836777
0.36491390022812475,0.08070105695564625,1.8764856130873655
0.6398664109818273,0.08070105695564625,1.8521395638544758
0.6016609225788644,0.3934176526587781,1.9648829941638533
0.38128210623955505,2.0578769523689964,1.581384895336511
0.42962019196772494,0.08070105695564625,1.9086555613403595
0.592770960560946,2.0578769523689964,1.8085132732604108
0.4844660236844358,2.0578769523689964,1.8946676243140135
0.5505764435634423,2.0578769523689964,1.0116266012853665
0.7358107561015421,2.0578769523689964,1.965902991865811
0.6831119668734692,2.0578769523689964,1.4735301628464783
0.4593191341635797,2.0578769523689964,1.798182989574843
0.5881336183158143,0.08070105695564625,1.1272041193377809
0.48010564995131244,2.0578769523689964,1.3959410958139742
0.4386883507828717,0.08070105695564625,1.2714606630209908
0.3501643948511353,0.08070105695564625,1.291658770500937
0.3442561581302914,0.08070105695564625,1.1232556199508816
0.6455585641387813,0.3934176526587781,1.805763832543007
0.4359368215252147,2.0578769523689964,1.009242314581078
0.4056619548804896,0.3934176526587781,1.3125054569852024
0.5018195992693152,2.0578769523689964,1.174410543216415
0.43807578146691545,0.3934176526587781,1.5890389406083405
0.5049907824744753,0.08070105695564625,1.2542524026145438
0.44079006984517194,0.3934176526587781,1.2589984545280997
0.6305684502174986,0.08070105695564625,1.4883381439953187
0.6664410009437477,0.3934176526587781,1.6526890393409257
0.45642795468817143,2.0578769523689964,1.1213047045651636
0.42900659746521036,2.0578769523689964,1.1755114524654962
0.44043838877381036,0.3934176526587781,1.2471747445945176
0.7314498796368288,0.3934176526587781,1.9737482141179605
0.44617320236877583,2.0578769523689964,1.3971524999429203
0.42233036115556655,0.3934176526587781,1.5989900906310264
0.35828829313383687,0.3934176526587781,1.241542812715978
0.5049772867618907,2.0578769523689964,1.490459525157488
0.4509509395218889,0.08070105695564625,1.0741191743859582
0.5326970634393536,2.0578769523689964,1.034742145922327
0.41652601034999215,2.0578769523689964,1.46873352682146
0.4638220507208849,0.3934176526587781,1.398659287518412
0.5473990440192191,2.0578769523689964,1.1368803196918278
0.675448453854703,2.0578769523689964,1.6876014289207337
0.5359617198681094,0.3934176526587781,1.9929034908992644
0.48928323972097526,0.3934176526587781,1.3956468211967126
0.4606323989038864,0.08070105695564625,1.6245586359173945
0.7883140990202456,2.0578769523689964,1.9629759423644857
0.40089247399574995,0.08070105695564625,1.8315349724468752
0.6632051096648731,0.08070105695564625,1.4635522233026856
0.6289918636616576,0.08070105695564625,1.7374894844599194
0.47181985519085023,0.08070105695564625,1.1281350402505241
0.35239419617288065,2.0578769523689964,1.512103855463799
0.47825365698313,2.0578769523689964,1.2790602771799366
0.4430074545934162,2.0578769523689964,1.161163687896161
0.3928524841654184,0.08070105695564625,1.4262809062545347
0.5055610669207098,0.3934176526587781,1.1310145544336145
0.7375367691712295,2.0578769523689964,1.6989851081744856
0.5331648293506368,0.08070105695564625,1.4562400440533354
0.600701882315199,0.08070105695564625,1.5311446325646638
0.3494100384987082,0.08070105695564625,1.146375938668157
0.44300087635933727,0.08070105695564625,1.1397716610934945
0.3863056122827109,0.08070105695564625,1.583415435260124
0.64280717123297,0.08070105695564625,1.9850097478294462
0.572005908588355,2.0578769523689964,1.0962505832377256
0.5357898700886514,0.3934176526587781,1.2857314285657813
0.3843907738454831,2.0578769523689964,1.8694591165378875
0.41849364840132275,2.0578769523689964,1.072272012255237
0.5960666430593221,0.08070105695564625,1.8758857213669513
0.48673932233735295,2.0578769523689964,1.5242859833747513
0.6159108976279383,0.3934176526587781,1.4082667739264259
0.5876042629525433,0.3934176526587781,1.309680564351456
0.5225898058885899,0.08070105695564625,1.297117158127842
0.4504914359419296,0.3934176526587781,1.3058025824494788
0.4651107305939508,0.08070105695564625,1.8848030809601957
0.38970262668191896,0.3934176526587781,1.7237952301747854
0.48560073716743785,0.3934176526587781,1.6697230078311507
0.5249940161181196,2.0578769523689964,1.7987491489520009
0.5346360307901398,0.3934176526587781,1.257114663004145
0.5962528850103935,0.08070105695564625,1.6180428120817556
0.36354815108806027,0.3934176526587781,1.460066238957951
0.5153472370821952,0.3934176526587781,1.7824416352001933
0.3915438113530539,2.0578769523689964,1.3092561104732856
0.40535860139137986,0.08070105695564625,1.6431786168698959
0.7209025967637532,0.08070105695564625,1.8822124118173136
0.35166040354496414,0.08070105695564625,1.4021504761949286
0.4340667600568045,2.0578769523689964,1.0666220873674614
0.4012504346057096,0.3934176526587781,1.5160508223417928
0.6162879523173057,0.08070105695564625,1.345972487807026
0.566141538837252,0.3934176526587781,1.672225380547175
0.4598354102411203,0.3934176526587781,1.9510329247486062
0.5168844212597704,0.3934176526587781,1.4856083179968471
0.593596968323352,2.0578769523689964,1.4661902301555338
0.7208453853256694,0.3934176526587781,1.6545848001914603
0.3870875752194778,2.0578769523689964,1.1034975035935677
0.596262518674871,2.0578769523689964,1.2535061889250145
0.7780546298290993,2.0578769523689964,1.9189793255003984
0.7082670209735212,0.08070105695564625,1.6699426133637663
0.478824732443518,2.0578769523689964,1.0134440439834163
0.5116040080974196,0.08070105695564625,1.20462547255902
0.5063784013432263,2.0578769523689964,1.682837266028899
0.6628749827572741,2.0578769523689964,1.7643992025625743
0.5818527353871623,2.0578769523689964,1.8398595726740419
0.5417741153103967,2.0578769523689964,1.2921768033820449
0.5487170510710894,0.3934176526587781,1.9310285962775626
0.6112048970704899,0.3934176526587781,1.5529468935778925
0.6778019581872536,2.0578769523689964,1.696539022387893
0.3984309407743837,0.3934176526587781,1.596738862779908
0.5507597955929078,0.08070105695564625,1.1227400546746205
0.6051258870631854,0.3934176526587781,1.9631146593848798
0.553897777360379,0.3934176526587781,1.1228755798941528
0.46170234290663636,0.3934176526587781,1.2548819564111837
0.5121583115148874,2.0578769523689964,1.8136278802229802
0.695039157462976,0.08070105695564625,1.6185969615011015
0.45917257163816816,2.0578769523689964,1.838149165376357
0.6441597834879034,0.08070105695564625,1.5157361883740448
0.49483662686114355,2.0578769523689964,1.3769932353666348
0.5866738210528507,0.3934176526587781,1.921845499547785
0.40318613009732707,0.08070105695564625,1.0362523175147949
0.6027947640261468,0.3934176526587781,1.8561302203530459
0.42771360492507393,0.08070105695564625,1.2308177851877815
0.3669549599347212,0.08070105695564625,1.8487363277539677
0.4037892330021198,2.0578769523689964,1.1391966134168856
0.34490044741905246,2.0578769523689964,1.5802189636905406
0.7900628092107719,0.3934176526587781,1.888107919011472
0.6768917551903537,0.3934176526587781,1.4735396468988906
0.510929324824996,0.08070105695564625,1.746566673803393
0.6609434662291451,0.08070105695564625,1.8046716178555584
0.4893436112656547,2.0578769523689964,1.7364942087167792
0.659103147605847,2.0578769523689964,1.9253297368745983
0.6150148086165679,2.0578769523689964,1.4468342305199287
0.5937277734622638,2.0578769523689964,1.1731254391651558
0.4269849302398829,2.0578769523689964,1.0478110637024798
0.5642696219642177,0.08070105695564625,1.246459869637505
0.40252157040850944,0.08070105695564625,1.1431975038802422
0.7078663537907643,0.3934176526587781,1.5579487414344806
0.3391400756086082,0.08070105695564625,1.184945337211732
0.475610057101271,2.0578769523689964,1.0389337072893712
0.4887521787240416,0.08070105695564625,1.0359898288686678
0.6488228537261738,0.08070105695564625,1.8315694983648616
0.3882670961921774,0.08070105695564625,1.5914499314430248
0.6382034983936395,0.3934176526587781,1.3580853018933783
0.4325358541472432,0.3934176526587781,1.894228042740247
0.48583624908166617,0.08070105695564625,1.0701966114077135
0.45814919919595853,0.08070105695564625,1.980322072727826
0.4613150617129342,2.0578769523689964,1.616291790254461
0.4845416262845671,0.3934176526587781,1.1834642539688485
0.5114865313069191,2.0578769523689964,1.6790690989769685
0.41454425901869674,2.0578769523689964,1.7633812597835625
0.39634322653734033,0.08070105695564625,1.4293427833707746
0.5351345920576,0.08070105695564625,1.8616326062455473
0.5365886627136489,0.08070105695564625,1.1507324072964704
0.6059084048400916,2.0578769523689964,1.2788375835776082
0.3511628674182881,2.0578769523689964,1.0934923615839898
0.4450319154493578,2.0578769523689964,1.2108778406073522
0.36270844236839106,0.08070105695564625,1.238728811911145
0.35910606812861273,0.08070105695564625,1.9176331909217101
0.49713076035118436,0.08070105695564625,1.078109688751156
0.5421027664693561,2.0578769523689964,1.4274151201877094
0.4004661481034053,2.0578769523689964,1.5323986872269129
0.45661680895878193,0.3934176526587781,1.8986930538021607
0.36495108321135117,0.08070105695564625,1.9976962186612135
0.694974567204886,2.0578769523689964,1.7533881149198358
0.8100377042961823,0.3934176526587781,1.9707909905690295
0.4055757946981251,2.0578769523689964,1.7871011325358737
0.4608833356409869,2.0578769523689964,1.9632026409714167
0.6980361158569556,0.08070105695564625,1.707270725944455
0.5647814586818573,0.3934176526587781,1.079763425451071
0.4770337829197156,2.0578769523689964,1.4019201869926765
0.3640721682580331,0.3934176526587781,1.6465972838024703
0.348958514219235,0.3934176526587781,1.3507185094542509
0.5070557648125348,0.08070105695564625,1.2733839181137787
0.4894587622155947,0.3934176526587781,1.577399267133091
0.36514126086913823,0.08070105695564625,1.9335018767024348
0.46999092538703446,0.08070105695564625,1.0349818735161536
0.3523182374366079,0.08070105695564625,1.7692312035414377
0.66852094084656,0.3934176526587781,1.7227272780446272
0.4959729643655096,2.0578769523689964,1.963953425388287
0.3703777108367443,0.08070105695564625,1.9307112223325436
0.5937349931686294,2.0578769523689964,1.762232562044193
0.48426801218699966,0.3934176526587781,1.5204087646825988
0.609351482778929,2.0578769523689964,1.2042675532335199
0.5410022380088032,2.0578769523689964,1.5452357183255745
0.4629180860905698,0.08070105695564625,1.7653519939196538
0.6708043515615627,0.08070105695564625,1.8956692126378931
0.46359074676111495,0.08070105695564625,1.789712009210549
0.5873719601146582,0.3934176526587781,1.195266935191054
0.4852657486116063,2.0578769523689964,1.5996863142280593
0.5091653431400144,0.3934176526587781,1.332173459531357
0.33923483336354493,0.3934176526587781,1.0092056673906429
0.4530942662536827,0.3934176526587781,1.200220935788666
0.5484470329594389,0.3934176526587781,1.1132206499334494
0.7024911193485817,0.08070105695564625,1.8427191235394687
0.4006161169293343,2.0578769523689964,1.258506252147812
0.40326654552683067,0.08070105695564625,1.2846979688875555
0.7338055631752572,0.08070105695564625,1.9599365717988841
0.6408576335484498,0.3934176526587781,1.3790867230488522
0.34988532953552665,0.08070105695564625,1.0095856401443946
0.4711787979774096,2.0578769523689964,1.2838461483461365
0.4192266161698758,0.3934176526587781,1.1192995806018124
0.556042681637408,0.08070105695564625,1.1028085617358538
0.3502573591161112,0.3934176526587781,1.0774872901357495
0.4226697330475362,2.0578769523689964,1.5932594701753773
0.5433124184281356,0.3934176526587781,1.1893477236298586
0.3531742507219828,0.08070105695564625,1.3612427940410106
0.568120241540374,0.08070105695564625,1.8620177161300169
0.4874825823561219,2.0578769523689964,1.4243381397962755
0.5038646105535625,2.0578769523689964,1.9156913500516377
0.4804096867335139,0.3934176526587781,1.4979380533956062
0.5131763053447018,0.08070105695564625,1.3988366148397557
0.41417011702310635,2.0578769523689964,1.7503889270907016
0.47353203384994125,2.0578769523689964,1.0731750987680022
0.5361391300256461,0.08070105695564625,1.0894783829824175
0.6425404514728248,2.0578769523689964,1.6519737139229607
0.394251344288157,2.0578769523689964,1.4869407132392483
0.41164031700071474,0.08070105695564625,1.7904152503192101
0.4737394754902689,2.0578769523689964,1.9162708373435313
0.45605600578215966,0.08070105695564625,1.3883668776715474
0.4976603136328575,0.08070105695564625,1.5964100265846461
0.5821754480320539,0.3934176526587781,1.50069662779531
0.3799771693932723,0.08070105695564625,1.9816106556424329
0.3643147418781583,2.0578769523689964,1.8310844073565953
0.5295914046725342,0.3934176526587781,1.9117377082773537
0.540435849076386,0.3934176526587781,1.2543400875776043
0.42912979248117855,2.0578769523689964,1.7725264231625943
0.5259557024146372,0.3934176526587781,1.265473224997649
0.406731774076801,2.0578769523689964,1.2087425334283899
0.7621171125204439,0.3934176526587781,1.9442661596555508
0.5422947569871797,2.0578769523689964,1.0193044167178666
0.4918403778552147,0.08070105695564625,1.9653887036634297
0.3933301154719817,0.08070105695564625,1.1492618969888062
0.5267980231419132,0.3934176526587781,1.819438081793268
0.40691295554062407,0.3934176526587781,1.275922553068103
0.551272628453916,0.08070105695564625,1.3507023274307275
0.5701614482950877,2.0578769523689964,1.216757711321985
0.5958437241644722,0.3934176526587781,1.5855140424810796
0.5992564139198228,0.08070105695564625,1.348095547507874
0.5007800929161624,0.3934176526587781,1.6573930394946632
0.36475086369062715,0.08070105695564625,1.015647317942066
0.5136831386024219,0.08070105695564625,1.0643748835150397
0.4230711364152779,0.08070105695564625,1.0996611527312488
0.5637839113920006,2.0578769523689964,1.4189936853102312
0.4655361321972009,0.3934176526587781,1.814796172659976
0.3872256323784059,2.0578769523689964,1.8881779103783827
0.6254680570237867,2.0578769523689964,1.2448107400609008
0.40069067479517273,0.08070105695564625,1.574369724239014
0.7628761707391976,2.0578769523689964,1.7683649926926006
0.632505141540175,0.3934176526587781,1.2888294299196086
0.6027912602537793,0.3934176526587781,1.4090077367362732
0.5792825170846508,0.08070105695564625,1.523974202685714
0.4852373302595628,0.08070105695564625,1.1348748464080476
0.5367707134937577,0.3934176526587781,1.0259822937257803
0.4097880403611961,0.3934176526587781,1.1528058093182834
0.5243376526016486,0.08070105695564625,1.6268536212535334
0.485590380645733,2.0578769523689964,1.0736182615336816
0.44753943368754445,0.3934176526587781,1.1896963648501284
0.4713328666218133,0.08070105695564625,1.3378538856953037
0.41293078765891,0.08070105695564625,1.0778700643063663
0.4908457650528904,0.3934176526587781,1.1916992711616343
0.7380491668825565,0.08070105695564625,1.911269788983511
0.375828097856316,0.3934176526587781,1.0192991322269846
0.711251703832409,0.08070105695564625,1.6534319241743622
0.5631068488069271,0.08070105695564625,1.384408930915185
0.6719433943529103,2.0578769523689964,1.672648739432371
0.5523802650003294,0.08070105695564625,1.5886917203634046
0.5582312529558235,0.3934176526587781,1.2234987543546443
0.3567680852486923,0.3934176526587781,1.8472094875733887
0.6295503621873366,2.0578769523689964,1.4919403826093567
0.36638280475337226,0.3934176526587781,1.8225360189134716
0.6341321387718191,0.08070105695564625,1.4060125361882192
0.8218284115086333,2.0578769523689964,1.984685553915239
0.4713173152386036,0.3934176526587781,1.7704893585012962
0.4512133359699677,0.08070105695564625,1.9659502051125735
0.6155270647219052,2.0578769523689964,1.514326478909859
0.4280241503382916,0.08070105695564625,1.4736911322907005
0.7082144478814262,0.3934176526587781,1.7554538093252579
0.39652461169294767,0.3934176526587781,1.8802912630134303
0.41164675934209716,0.3934176526587781,1.9641457958655582
0.6424546634540832,0.3934176526587781,1.3245519060324997
0.6364244772818287,2.0578769523689964,1.798704573842639
0.5747349122096773,0.3934176526587781,1.2106455976355366
0.4604635375848453,2.0578769523689964,1.5455743467454452
0.5201772852197777,2.0578769523689964,1.1798481484091992
0.5257357566616424,0.08070105695564625,1.347397361750339
0.6290223101297049,0.3934176526587781,1.9313583672064594
0.5154097631428483,0.08070105695564625,1.1460906997730862
0.5668312572950382,0.08070105695564625,1.6324008951351965
0.5050163757771486,0.08070105695564625,1.5929542729274033
0.40312314879659816,0.08070105695564625,1.1207383527089865
0.5767813564650242,0.08070105695564625,1.3259790437688121
0.42593549763926286,0.3934176526587781,1.5629815045152657
0.5260151579627347,0.08070105695564625,1.1871786089884901
0.4482652693566174,2.0578769523689964,1.8006236564128155
0.6464485002780613,2.0578769523689964,1.97215650953475
0.5470509286817439,0.3934176526587781,1.214759399962472
0.3932625748387157,2.0578769523689964,1.186911964790576
0.3598202183494674,0.08070105695564625,1.4549350717974447
0.40137739088432034,2.0578769523689964,1.747765277140032
0.5181208113235289,0.08070105695564625,1.2816006102352513
0.5313382596244912,0.3934176526587781,1.0198799086972805
0.35791171783540604,2.0578769523689964,1.541220628032894
0.6943490504066521,2.0578769523689964,1.9566005677673077
0.4498794954995422,2.0578769523689964,1.3912768554069457
0.49917240495073956,0.3934176526587781,1.4201345541831003
0.7880722301692691,0.3934176526587781,1.968901717114038
0.47916707999080366,2.0578769523689964,1.6946076116267283
0.5362481552096118,0.3934176526587781,1.7191719228421252
0.3471119653997092,0.08070105695564625,1.5627020053710676
0.39140251601046777,0.3934176526587781,1.9746092108632416
0.4491252198014629,2.0578769523689964,1.688866484425556
0.3634858237325965,0.08070105695564625,1.8950327516051695
0.6005110737981071,2.0578769523689964,1.6993788657332212
0.5224113581487174,2.0578769523689964,1.735115824840396
0.5019918961788217,2.0578769523689964,1.2904109221422466
0.3889380091638963,0.3934176526587781,1.3034786980138189
0.47332659967353075,2.0578769523689964,1.7829846495760293
0.5384601514743216,0.08070105695564625,1.2967062891698995
0.6998670777732228,0.08070105695564625,1.5627700708015317
0.3485392431935534,0.08070105695564625,1.249352310906702
0.7334071460825679,2.0578769523689964,1.8169833808090694
0.4809512697282403,0.08070105695564625,1.11050135122769
0.594430920470664,0.08070105695564625,1.8294466397616644
0.5333722368850677,0.08070105695564625,1.6027298005076018
0.35142717613489516,0.08070105695564625,1.1869095348270773
0.37435468061326205,0.3934176526587781,1.5420353855061182
0.516734211732285,2.0578769523689964,1.2824988368473405
0.44237862803304717,2.0578769523689964,1.3234673347304966
0.6297461627918407,0.08070105695564625,1.3515280415968802
0.4304917365408498,2.0578769523689964,1.063319246972321
0.42108062936920104,0.08070105695564625,1.9859616844014174
0.5013285427758817,0.08070105695564625,1.031534628131224
0.46049808076348353,0.08070105695564625,1.6624968731842784
0.5074632058086478,2.0578769523689964,1.3712276477574306
0.6169355589468082,0.3934176526587781,1.646010290946699
0.6254576908363565,2.0578769523689964,1.3562482530875837
0.6598389407317156,2.0578769523689964,1.6737506462588587
0.6243286410706466,0.3934176526587781,1.729235509468361
0.6183064641746119,2.0578769523689964,1.6905526403996447
0.5784371360452968,0.3934176526587781,1.1139619813581523
0.46092411680405115,0.08070105695564625,1.6568932346546847
0.33481197791599937,0.3934176526587781,1.2799875494540973
0.3935934296521762,0.08070105695564625,1.0288013705693335
0.41109025459511567,0.3934176526587781,1.414830671888954
0.5633209909020409,0.08070105695564625,1.433543102803801
0.5598037239897614,2.0578769523689964,1.4671741333524464
0.5861335097730553,0.3934176526587781,1.7048241653907161
0.3402755362429381,2.0578769523689964,1.3088438091424592
0.5621326436232363,0.08070105695564625,1.3152805131039225
0.4094031298423431,0.3934176526587781,1.0605522562412606
0.611756845738731,0.3934176526587781,1.686821215992296
0.5491713598726602,0.3934176526587781,1.567826091399584
0.44577051885964913,2.0578769523689964,1.3494251126937882
0.4003542005770373,0.08070105695564625,1.7051889789173547
0.3757841534703435,2.0578769523689964,1.537357749226877
0.6290443482171305,0.3934176526587781,1.4692449458705397
0.6697252221102397,0.08070105695564625,1.5113245436611265
0.5963924105091913,0.08070105695564625,1.6363481252670566
0.38540748230693933,2.0578769523689964,1.6600026045745995
0.457232155060177,2.0578769523689964,1.2889578191407172
0.5268736733717718,0.3934176526587781,1.1407433633911532
0.5439730482064168,0.3934176526587781,1.1566341811905188
0.3900957620318766,0.3934176526587781,1.6393908859030017
0.3503534924201964,0.3934176526587781,1.872873285767126
0.5756346058507299,0.08070105695564625,1.4094962783455518
0.4299344912466165,0.3934176526587781,1.1695201603294625
0.453440411262527,0.3934176526587781,1.7566024982938546
0.35487789127200614,0.3934176526587781,1.8324894744194484
0.5921801523588481,2.0578769523689964,1.8805824431209666
0.6677628888681989,2.0578769523689964,1.606831428913733
0.7737106301251404,2.0578769523689964,1.8607285593880847
0.46253695972603054,0.3934176526587781,1.0154149584484076
0.4641195876815381,0.08070105695564625,1.1072358017695234
0.3513588894369586,0.3934176526587781,1.0925760670520988
0.5693163749051092,2.0578769523689964,1.7126046842547331
0.4245686301682831,2.0578769523689964,1.069581783543579
0.55561305052426,0.3934176526587781,1.496364372466307
0.4752968340946529,0.08070105695564625,1.472706898636289
0.40978624520679907,0.08070105695564625,1.310703523558241
0.3925116292585551,0.08070105695564625,1.8704051699420998
0.4185257736678931,2.0578769523689964,1.1704332018799959
0.36734501128848984,2.0578769523689964,1.3524627843992398
0.42227791456822605,0.08070105695564625,1.7741715000229292
0.5672133555597106,0.3934176526587781,1.0304223143932842
0.5213973278559754,0.08070105695564625,1.6729504002463687
0.5784725378417266,0.3934176526587781,1.8163977263615707
0.753504803907379,2.0578769523689964,1.9322678388381673
0.7946447067211083,2.0578769523689964,1.876296640491485
0.517379929936661,2.0578769523689964,1.3193841168336853
0.6484631748106718,0.08070105695564625,1.5863641413229526
0.4120209698815769,0.08070105695564625,1.0772934931504659
0.42476928369400674,2.0578769523689964,1.2578700035480086
0.4333423091097237,2.0578769523689964,1.0942223787475074
0.5446099836801667,2.0578769523689964,1.3151872901539639
0.654606852072011,0.08070105695564625,1.8751872134587289
0.436760374350613,0.08070105695564625,1.3471668396742926
0.3913699739522797,2.0578769523689964,1.5618981030014263
0.5532956753327619,0.08070105695564625,1.4333808481149408
0.3836224870777538,0.08070105695564625,1.4589165242987354
0.6240395337028635,0.08070105695564625,1.9695720518365583
0.5474282672647378,0.08070105695564625,1.296154468263858
0.6143685980609583,2.0578769523689964,1.6273244695231712
0.5916312514330224,2.0578769523689964,1.4200626695794472
0.5467346263970723,0.08070105695564625,1.061146181047686
0.5165631215150296,2.0578769523689964,1.489330831624236
0.6635061969304652,2.0578769523689964,1.8133433290451082
0.48995581840573826,2.0578769523689964,1.0987529686816884
0.375863950870411,0.3934176526587781,1.069591847396309
0.3380860968073928,2.0578769523689964,1.1536315203932666
0.46672941008156626,2.0578769523689964,1.764400111389306
0.5277842857894298,0.08070105695564625,1.723995384144738
0.5711893132751119,0.08070105695564625,1.5650177689061104
0.6352291029322432,0.3934176526587781,1.4682264040926323
0.43888474260867216,0.3934176526587781,1.888325814702622
0.40020418143795955,2.0578769523689964,1.7666978238334825
0.7636730651166186,2.0578769523689964,1.8119422513018053
0.3953130841548096,0.08070105695564625,1.8132623013506541
0.5307639846190914,2.0578769523689964,1.642717154745558
0.5415276554798737,2.0578769523689964,1.458014624315946
0.5901617886416277,2.0578769523689964,1.8646777525856504
0.39117821205549697,2.0578769523689964,1.9260074176032507
0.3413580052723516,2.0578769523689964,1.0238060432583431
0.3544782394318755,2.0578769523689964,1.0515548732662512
0.6255478677567523,2.0578769523689964,1.9587432969084373
0.49874090630794987,2.0578769523689964,1.2771606138441949
0.45448121575389644,0.08070105695564625,1.8733694396494187
0.547080714292118,0.3934176526587781,1.3887951189614025
0.5465386713095709,2.0578769523689964,1.1191000576093555
0.3397192976931085,0.08070105695564625,1.0804432002093343
0.4670864358528893,2.0578769523689964,1.1565078990804565
0.5372508805238767,2.0578769523689964,1.2498931948673646
0.42907232652306526,0.3934176526587781,1.4885183539308262
0.4701229489810569,0.08070105695564625,1.7014979005657835
0.6434473376875581,2.0578769523689964,1.9863985764852998
0.6454279859634535,0.3934176526587781,1.441506743289171
0.6323812241028645,0.3934176526587781,1.51818494234311
0.5513537223572511,2.0578769523689964,1.5218157013832556
0.6079976029552263,2.0578769523689964,1.539434355487936
0.4721159601270382,0.08070105695564625,1.5177406571044623
0.47930243895819374,0.08070105695564625,1.0087747550619177
0.43685076064685324,2.0578769523689964,1.0017248221098407
0.37872967945367403,2.0578769523689964,1.097666318126123
0.5118843130660241,0.3934176526587781,1.1015566034291788
0.5711653584660586,0.08070105695564625,1.704896908954796
0.4344974971024982,2.0578769523689964,1.2049160325159998
0.7615970949507439,2.0578769523689964,1.8947141047556129
0.36143542167668125,0.08070105695564625,1.9286063295770195
0.5015651522202486,2.0578769523689964,1.9758933378958987
0.3783513659598775,0.3934176526587781,1.9390813048870201
0.5647048342725831,0.3934176526587781,1.2718883219185246
0.5919258930219933,2.0578769523689964,1.5097768447035125
0.4235999387678079,0.08070105695564625,1.175454970196941
0.6386262451169791,0.3934176526587781,1.8062096551724331
0.5285765894505707,0.08070105695564625,1.8884317051440962
0.6826409895496932,0.08070105695564625,1.8512888392975149
0.49278576023931286,0.08070105695564625,1.4333669486968348
0.5195611183654011,0.3934176526587781,1.758673884686781
0.571371174485951,0.3934176526587781,1.0975791695762696
0.3894887163864919,2.0578769523689964,1.0402447706192506
0.3973115271003975,0.08070105695564625,1.7532364143087609
0.5357037248458254,0.3934176526587781,1.4253552743286837
0.8139618970040825,0.3934176526587781,1.9955492647395692
0.4272879705508036,2.0578769523689964,1.0972542158555325
0.3772497765676686,0.3934176526587781,1.8556276815352337
0.4588382318965164,0.3934176526587781,1.4799830655289918
0.5688702716701439,0.3934176526587781,1.8271501955038771
0.41878938879585803,2.0578769523689964,1.8171272821701447
0.6514235718784525,2.0578769523689964,1.9159920013620773
0.6411513407713851,0.08070105695564625,1.2978500112861027
0.5619562302429859,0.3934176526587781,1.949799353462003
0.42741621908311167,2.0578769523689964,1.1516669603576202
0.431316397124216,2.0578769523689964,1.0819687775934905
0.377579016498959,2.0578769523689964,1.4316155173723493
0.7330514508265265,0.08070105695564625,1.8283229686418427
0.48449589496597645,0.08070105695564625,1.4734211306334455
0.5175873362265527,0.08070105695564625,1.829286677530514
0.6175644658782589,0.08070105695564625,1.7296868057943051
0.4588299321549548,0.08070105695564625,1.2094283861389337
0.6529402764523807,0.3934176526587781,1.9488816248994638
0.3439591175786192,0.3934176526587781,1.0607811686294033
0.7184030126375737,2.0578769523689964,1.898279707543795
0.6252531606163849,0.08070105695564625,1.304443448990374
0.5710714333449615,0.08070105695564625,1.5001480831643992
0.6598506000682313,2.0578769523689964,1.4223518727007345
0.3734588503332668,0.3934176526587781,1.1718345569169162
0.49001285660424226,0.08070105695564625,1.3581468664016931
0.5016286002388276,0.08070105695564625,1.1929344362927954
0.49780377596658004,0.08070105695564625,1.2038864754605239
0.44448137918279046,0.3934176526587781,1.1870568360263802
0.4593873074927894,0.3934176526587781,1.4890173803465943
0.4025287716444099,0.08070105695564625,1.7979313675113155
0.48800666749586186,0.08070105695564625,1.5689700337612411
0.4241239794147058,2.0578769523689964,1.893206588550842
0.6292828406772962,2.0578769523689964,1.6365444885767242
0.4292050332081311,0.3934176526587781,1.6893401156326044
0.36803531509349047,2.0578769523689964,1.667607229727003
0.5286922540482195,0.08070105695564625,1.449459193183741
0.584215430181548,0.3934176526587781,1.689338822200083
0.5485249445295611,2.0578769523689964,1.069707746468961
0.6051499969258087,0.3934176526587781,1.8598514719156631
0.4937526245272732,0.08070105695564625,1.7778121434439174
0.5698048651437894,2.0578769523689964,1.2452299582316788
0.5745154781451498,2.0578769523689964,1.7680324542540824
0.3462068450800848,2.0578769523689964,1.0126426014000185
0.4954660395269259,0.08070105695564625,1.2172465724808803
0.5564998947073283,0.3934176526587781,1.065137238670896
0.515522772515069,2.0578769523689964,1.7802269166178948
0.470833389032996,0.3934176526587781,1.755874151178387
0.4106044973494008,0.3934176526587781,1.8136360238018305
0.3628809447094582,0.3934176526587781,1.0044816933255287
0.494404744615876,0.08070105695564625,1.501232726678408
0.5870337965372298,0.08070105695564625,1.7048361975173365
0.35311627795213213,2.0578769523689964,1.1554011287390153
0.7123461954885792,2.0578769523689964,1.6497907275126247
0.5221071516174446,0.3934176526587781,1.0841100993096857
0.4954021965650614,0.3934176526587781,1.1813258561043132
0.6294545653336107,0.3934176526587781,1.475796814994601
0.37594908003128336,0.08070105695564625,1.653565152681102
0.4597708094081685,0.08070105695564625,1.145869126953896
0.5082182819921125,2.0578769523689964,1.185223330830938
0.568118964263457,0.3934176526587781,1.204446367065663
0.5626485920590787,0.3934176526587781,1.2387008046989785
0.41331793287008917,0.08070105695564625,1.2265538485262912
0.6483486843082522,2.0578769523689964,1.3951491084976366
0.39329655098184174,0.3934176526587781,1.653789650836723
0.6368162462667245,0.3934176526587781,1.4380317831344698
0.7575135250859678,2.0578769523689964,1.7759739087498883
0.41857471673003027,0.3934176526587781,1.7192685059486148
0.5221719521494909,0.08070105695564625,1.1265269140490757
0.3382378998317615,2.0578769523689964,1.0488416233207438
0.5315318038708423,0.3934176526587781,1.877941563999606
0.4604545283107442,0.3934176526587781,1.0798310665628734
0.4882399535003886,0.08070105695564625,1.148339180719713
0.5526597255804259,0.08070105695564625,1.022133275558118
0.6036056170161741,0.08070105695564625,1.6283363652986538
0.5232416893104114,0.3934176526587781,1.5823705631583485
0.7362271132245166,0.3934176526587781,1.9869036664352557
0.7772692372986862,0.3934176526587781,1.886932396317172
0.34534917891195666,2.0578769523689964,1.4108431774809098
0.6558977453571901,0.08070105695564625,1.371585840912535
0.36133900046525264,2.0578769523689964,1.296852034279985
0.5524632544773146,0.08070105695564625,1.1524069200378815
0.4059240859550901,0.3934176526587781,1.1380836566020092
0.3658174312173255,2.0578769523689964,1.1322837080096053
0.44556136640389943,2.0578769523689964,1.1141147571867784
0.5221502680681778,0.08070105695564625,1.240512042405537
0.4529082059068871,2.0578769523689964,1.3066686303131165
0.37818059501465356,2.0578769523689964,1.9615789710389158
0.566941573572572,0.3934176526587781,1.5784732510018857
0.7802404409705542,0.08070105695564625,1.9875957745132808
0.46144055370560066,2.0578769523689964,1.3724669478256732
0.41394271377198816,0.3934176526587781,1.4576266325894411
0.47433935856110576,2.0578769523689964,1.324578659165279
0.34538031818548925,0.3934176526587781,1.1828876508965527
0.5520483646264391,2.0578769523689964,1.1431647077775793
0.7346649450900433,0.3934176526587781,1.945079197807832
0.6313977685871707,0.3934176526587781,1.9868106817987559
0.4150398925225,0.08070105695564625,1.0449094965087316
0.5480410123908935,0.3934176526587781,1.1503458747317665
0.5253308664890873,2.0578769523689964,1.4235240923010226
0.5632578978768301,0.3934176526587781,1.1863334763444073
0.5405488880532168,0.3934176526587781,1.3638803936268833
0.5392853205082986,2.0578769523689964,1.1290963498596334
0.54576152890042,2.0578769523689964,1.4565117567217902
0.45874016856734096,0.3934176526587781,1.2716946161692593
0.6428526087293377,2.0578769523689964,1.3519050557586607
0.469045655696898,0.3934176526587781,1.0943126514627477
0.5431183146219016,0.3934176526587781,1.4281280507101417
0.4573523344831391,0.3934176526587781,1.9832576109615698
0.5324557634752809,2.0578769523689964,1.3288330468811904
0.6054990699407977,0.08070105695564625,1.876429274842435
0.43054565071160655,0.08070105695564625,1.843199141623685
0.3801329912664869,0.3934176526587781,1.9520584182972107
0.6052407058678448,0.3934176526587781,1.7901095122670945
0.6455312986403863,2.0578769523689964,1.6595968270588148
0.5809559891005145,0.08070105695564625,1.8565844442274577
0.3864666657757072,0.08070105695564625,1.0756446806573496
0.5703973512771742,0.08070105695564625,1.4628306571988077
0.3913754890960976,2.0578769523689964,1.989256238615059
0.5333656208951508,2.0578769523689964,1.7696001512947324
0.42899405951411484,2.0578769523689964,1.962075378037223
0.4258549127507159,0.3934176526587781,1.779634356133479
0.44058626100205256,2.0578769523689964,1.8748819674421442
0.5026239040676311,0.3934176526587781,1.7065296323031909
0.36872936972848136,0.3934176526587781,1.7605020044172397
0.4846466985222855,0.3934176526587781,1.5231780098395007
0.5859409264855711,0.3934176526587781,1.924237700814133
0.5587353986559659,2.0578769523689964,1.8250389106233618
0.5173709589896343,2.0578769523689964,1.8438849656656322
0.6783299443565289,0.08070105695564625,1.6730091009630523
0.379968148288651,0.08070105695564625,1.304579947087249
0.4511958096076616,0.3934176526587781,1.0356297953901392
0.38058886866448177,0.08070105695564625,1.9356551294095445
0.36944351743309783,0.08070105695564625,1.586120348805497
0.5111146429647663,0.08070105695564625,1.2981429711481403
0.48440758628634106,0.3934176526587781,1.1491351078475378
0.7310598070114844,0.08070105695564625,1.8295231655007547
0.5929411011296984,2.0578769523689964,1.8365201944475789
0.7627459577627076,0.3934176526587781,1.8145079681305316
0.3632604216402502,2.0578769523689964,1.6450826919667862
0.36846368899427606,0.3934176526587781,1.366015387591876
0.34870919419986623,2.0578769523689964,1.304070284780257
0.37116396147210057,0.08070105695564625,1.0085547701181703
0.5852342002705202,0.3934176526587781,1.8336075586882403
0.4947289074254513,2.0578769523689964,1.0874326974936426
0.3615053932409071,0.3934176526587781,1.6307549980407676
0.6777591792249691,2.0578769523689964,1.5040749468400882
0.645938695205078,0.08070105695564625,1.526689358926351
0.4877273339178773,0.3934176526587781,1.9267128453077733
0.34656866716218615,0.3934176526587781,1.031615011271242
0.41926984048412425,2.0578769523689964,1.7733922246287723
0.359819979993282,2.0578769523689964,1.0520523983673071
0.3581287108648992,0.08070105695564625,1.0381536059353773
0.5141054339107385,2.0578769523689964,1.429817698141382
0.3902192738405085,2.0578769523689964,1.0630751743429667
0.5003812098305193,2.0578769523689964,1.7891439512929121
0.7000371221662927,0.08070105695564625,1.529563093648337
0.4934696054486676,0.08070105695564625,1.0290387826597744
0.5604855921460881,0.3934176526587781,1.0405006864819195
0.39793416676461646,0.08070105695564625,1.6126685297394794
0.512601486739168,2.0578769523689964,1.806111817658405
0.5276350108267429,0.3934176526587781,1.4377995312747736
0.37012480845739715,0.08070105695564625,1.5545806715356245
0.35017660247492244,0.08070105695564625,1.7998294540499016
0.5995477800226067,2.0578769523689964,1.6105061740418192
0.5186678016255213,2.0578769523689964,1.2247602376588196
0.5006357490316781,0.08070105695564625,1.6130520258694787
0.5330242224688896,0.3934176526587781,1.6282794590652134
0.5177677305483077,2.0578769523689964,1.7341069808811267
0.3528311083149598,0.08070105695564625,1.6208741875568013
0.5100647099281418,0.08070105695564625,1.969242130458038
0.3823186867223814,2.0578769523689964,1.1972883087170685
0.39812147895368777,0.3934176526587781,1.9510906795670762
0.6904032724341747,0.3934176526587781,1.5383394903500163
0.5828981408906685,0.3934176526587781,1.671956140494912
0.5184490094616921,2.0578769523689964,1.0994615974521897
0.44023124441014955,2.0578769523689964,1.380575941378107
0.5128662872178424,2.0578769523689964,1.7693791464631725
0.441947740814506,0.3934176526587781,1.7069110150989903
0.35179742979876594,0.3934176526587781,1.0401393881654102
0.407276540397646,2.0578769523689964,1.5465942634972447
0.533843819487991,2.0578769523689964,1.0882781929684096
0.6754532166161646,2.0578769523689964,1.9958564291781622
0.5977936829927875,0.3934176526587781,1.8972965885332946
0.44168178286083626,0.08070105695564625,1.021080660428537
0.7576204074168791,0.08070105695564625,1.858649578902631
0.38479471332881965,0.3934176526587781,1.9194296005584075
0.42632076111358863,2.0578769523689964,1.3535482225634552
0.48916137172198293,2.0578769523689964,1.719501655047766
0.6061118011023103,2.0578769523689964,1.442103746207779
0.7345284321316717,2.0578769523689964,1.6552324845763442
0.4124101469411495,0.3934176526587781,1.3403174042981916
0.6091321030488966,0.08070105695564625,1.3225592366332684
0.6185698946762113,0.08070105695564625,1.4244338888575792
0.3915846919520632,0.3934176526587781,1.145567758652501
0.5230587583289,2.0578769523689964,1.8311389644353826
0.4670544754591216,0.08070105695564625,1.3486978953616366
0.6619947898991316,0.3934176526587781,1.400149553905845
0.43239239032883936,2.0578769523689964,1.8940546127021447
0.6237793966778733,0.08070105695564625,1.4966238140631714
0.46393729978532505,0.3934176526587781,1.544253909350863
0.6928009173476912,0.08070105695564625,1.9564981247770985
0.5391703114879496,0.08070105695564625,1.8867263831449892
0.49112884768784504,0.3934176526587781,1.1694667088884394
0.6303273171292367,0.3934176526587781,1.473215029918105
0.7301819361771088,0.08070105695564625,1.9712962274285455
0.6183907284276795,0.08070105695564625,1.3723662982286027
0.3562804291681902,0.3934176526587781,1.3715731085162002
0.5274486788460571,2.0578769523689964,1.1950302317891544
0.3668161524768075,2.0578769523689964,1.1143231141191252
0.5187089189129578,2.0578769523689964,1.7403047907559817
0.5783238821881843,2.0578769523689964,1.7700304687015165
0.5416031600820876,0.3934176526587781,1.9690129635029998
0.5666508524582032,2.0578769523689964,1.773418210905363
0.6262392249316056,0.08070105695564625,1.2433524940335987
0.3611610959383826,2.0578769523689964,1.0401165782885156
0.6724870253536535,0.3934176526587781,1.9854373843696602
0.4616841363217485,2.0578769523689964,1.3404506955436057
0.37660281896874054,2.0578769523689964,1.3119715424324208
0.423185593322272,0.3934176526587781,1.9059552097493824
0.6996273060653542,2.0578769523689964,1.585099898544986
0.5850956840405133,0.3934176526587781,1.2148711738491347
0.7582831971348694,2.0578769523689964,1.8890962427162394
0.8239289722573745,0.3934176526587781,1.9933608550547435
0.38263880223471874,2.0578769523689964,1.0866785611508307
0.5074470096009612,0.08070105695564625,1.8622516283024872
0.557742810651785,0.08070105695564625,1.390515697684394
0.515837217295895,0.3934176526587781,1.5240724465067044
0.5420245877133171,0.3934176526587781,1.9148159757649807
0.5210465167774064,0.3934176526587781,1.9733791957751172
0.5111201359106031,0.08070105695564625,1.2621639104087994
0.4975399513881006,0.3934176526587781,1.2128507709599137
0.3702371914161706,2.0578769523689964,1.080516558591512
0.5167733785142974,0.3934176526587781,1.561797852662138
0.45931546470981577,0.3934176526587781,1.0136043954506682
0.5286827014772435,2.0578769523689964,1.4118982976099366
0.38206915280822296,2.0578769523689964,1.0733840166520086
0.584815068407477,0.08070105695564625,1.405225782929334
0.3342202621375409,2.0578769523689964,1.0399321892656093
0.5041445225373015,2.0578769523689964,1.8352172606087689
0.5554788506079998,0.3934176526587781,1.2097389939385659
0.5129569475460375,0.08070105695564625,1.3283087103579119
0.46639938732567626,2.0578769523689964,1.8700479966063919
0.6352717085859476,0.08070105695564625,1.746266061332205
0.4962016387824199,2.0578769523689964,1.2190383616420584
0.5299391351903816,0.08070105695564625,1.071899418657496
0.6456629651783915,2.0578769523689964,1.7156737768553394
0.5383156277470331,0.3934176526587781,1.3907025506881094
0.5523450294359619,0.08070105695564625,1.7660799991182212
0.38449980541072165,0.08070105695564625,1.4452947723752105
0.4194724501522147,2.0578769523689964,1.3460024129722763
0.48315155508605284,0.08070105695564625,1.4512054082123966
0.5959794698572781,2.0578769523689964,1.7485589856706767
0.5835436412472924,0.08070105695564625,1.9022202865403741
0.3995386863337493,0.08070105695564625,1.0497671965885755
0.3433437724617921,0.3934176526587781,1.5241115412269552
0.4484819168962855,0.3934176526587781,1.0328354290838777
0.43890446421385515,0.08070105695564625,1.4684095450243588
0.6800367765642626,0.3934176526587781,1.8852828290969004
0.34437539466361566,0.08070105695564625,1.3615902664203097
0.6207871422553436,2.0578769523689964,1.9324504210806432
0.7082301319428171,0.08070105695564625,1.6306084716506093
0.43222947096056397,0.08070105695564625,1.9341553437930064
0.5441581010067909,0.3934176526587781,1.7571666254125198
0.35352738599537825,0.3934176526587781,1.1034351666487623
0.5151334105007231,2.0578769523689964,1.231151367562677
0.5192527525255658,2.0578769523689964,1.3941704545835063
0.4440192837859842,2.0578769523689964,1.170106882012076
0.5249737512583581,0.08070105695564625,1.4949116047766604
0.65220986164755,2.0578769523689964,1.4713681557014906
0.4439356381773871,2.0578769523689964,1.9562591980273814
0.34625238242462875,0.3934176526587781,1.4337278828959779
0.7136573032253894,0.3934176526587781,1.7856268042879977
0.6188103327903072,2.0578769523689964,1.94191054485148
0.7480016610961115,2.0578769523689964,1.8769888309739855
0.5029422247276885,0.08070105695564625,1.208667624511592
0.6275510667622362,0.08070105695564625,1.4960298942535442
0.47331253230778103,0.3934176526587781,1.3477397822959256
0.5862273218796157,2.0578769523689964,1.3998586951372154
0.6306829224071226,2.0578769523689964,1.3608068262457511
0.5974906474424547,2.0578769523689964,1.8263592101750041
0.4012800219845377,2.0578769523689964,1.4521390551224473
0.4381068106750656,2.0578769523689964,1.523694332244688
0.4469830859432897,0.08070105695564625,1.9824473570470746
0.3902051379084442,0.08070105695564625,1.0599792721915164
0.4481039643988678,2.0578769523689964,1.4879576397907488
0.5817236549509442,0.08070105695564625,1.774061706946116
0.4907052096401205,0.08070105695564625,1.1511619581882266
0.5064529815556814,2.0578769523689964,1.611531594614774
0.5136037504268562,0.08070105695564625,1.2394647795344667
0.3864167244683922,2.0578769523689964,1.8674041132245676
0.36329567261933915,0.08070105695564625,1.3270996654000793
0.3898127098672702,2.0578769523689964,1.3290628169009095
0.5394540688722419,2.0578769523689964,1.5981938785178935
0.39167817739088956,0.08070105695564625,1.1835629081199088
0.4206591337473953,0.08070105695564625,1.2848886389030612
0.47243421188065987,0.3934176526587781,1.4166318501194115
0.5965059560115539,2.0578769523689964,1.3536378631401105
0.34604020331487484,2.0578769523689964,1.5248772180055825
0.589510707016859,2.0578769523689964,1.5996401440689663
0.5907178801424445,2.0578769523689964,1.5666674537501646
0.6581177482396016,0.08070105695564625,1.6541683119919321
0.6236932476429016,0.08070105695564625,1.3077495166078204
0.3357152423906559,0.3934176526587781,1.126426227155028
0.4116809343519197,2.0578769523689964,1.760807541431077
0.739704404952835,0.3934176526587781,1.8507803826306821
0.47006466168485084,0.3934176526587781,1.2570062322224322
0.5259960206762114,0.3934176526587781,1.4070919561580197
0.575848677468275,0.3934176526587781,1.4985692169635554
0.588160351443676,0.3934176526587781,1.5333268427529365
0.7117162588874519,0.08070105695564625,1.659490171087652
0.5725279990678674,0.08070105695564625,1.0416032333553213
0.6407659750595638,0.3934176526587781,1.7214770827340171
0.40047127721741965,0.08070105695564625,1.0619710069794102
0.6456095039545656,0.08070105695564625,1.4682885676728679
0.37051582171886327,0.3934176526587781,1.8276711355691941
0.41850786214347596,0.08070105695564625,1.4512153132783963
0.5742219571783714,0.08070105695564625,1.1490897487682479
0.47435985060742836,2.0578769523689964,1.9850338450059597
0.4499215428302849,0.3934176526587781,1.8892854620742634
0.40576038361099304,2.0578769523689964,1.771313633225014
0.6251620148653099,2.0578769523689964,1.4115116028992105
0.47163621725277527,0.3934176526587781,1.183845726889298
0.663887554977173,2.0578769523689964,1.941411181418501
0.4280956412500337,2.0578769523689964,1.532351126517139
0.6836506606978294,0.08070105695564625,1.8523554603874852
0.577472303769324,2.0578769523689964,1.3420950057594259
0.4347063261919985,0.3934176526587781,1.3352883170794705
0.5474014964822617,0.08070105695564625,1.985540480674039
0.41660892179230863,0.08070105695564625,1.52183304849485
0.5934847808413197,0.08070105695564625,1.1406954238607463
0.5188354394543793,0.3934176526587781,1.2196746779947074
0.6681120208630973,0.3934176526587781,1.4819442793927209
0.40256723418102747,0.3934176526587781,1.0424709104884113
0.6103226530524936,2.0578769523689964,1.4625339853783004
0.59556016782504,2.0578769523689964,1.4189408420801275
0.6402968884666126,0.08070105695564625,1.779336265319487
0.6461011647853059,0.08070105695564625,1.3549419644892418
0.5389452775719409,0.3934176526587781,1.9825487615395994
0.3682506668764953,0.3934176526587781,1.1807699193009031
0.5963550848429138,2.0578769523689964,1.590986684968135
0.5166425459557848,2.0578769523689964,1.0896992970082546
0.5834817519362918,0.3934176526587781,1.733863983993982
0.451781097723376,0.3934176526587781,1.9947536880619716
0.5670416458752219,2.0578769523689964,1.819138637751632
0.45704636975496515,0.08070105695564625,1.5557035407203013
0.490377944503455,0.08070105695564625,1.4847413573996922
0.6308054517348223,2.0578769523689964,1.835029961266847
0.6952458150699675,2.0578769523689964,1.9359740847107243
0.4633834918759829,0.08070105695564625,1.9892065257980929
0.47161699300265214,2.0578769523689964,1.3965392275644841
0.4810254091550988,0.08070105695564625,1.9909174747945122
0.3853247761745124,0.08070105695564625,1.1559262521738316
0.5658231652755766,2.0578769523689964,1.2535497759319092
0.5626771049451432,0.3934176526587781,1.089016124733896
0.44554669346994447,0.3934176526587781,1.2717385164844817
0.6631407158586513,0.3934176526587781,1.7679375516180111
0.7449879548675686,0.3934176526587781,1.8529243581784498
0.7055101653523507,0.3934176526587781,1.7788926451025717
0.4146428051859026,0.3934176526587781,1.6310657781676963
0.6839817993109074,0.3934176526587781,1.5139665125226456
0.49881387995117665,2.0578769523689964,1.7087042892136464
0.4491469545851141,2.0578769523689964,1.3908335492672217
0.3768254214070892,0.3934176526587781,1.841308351499702
0.5387182621682929,2.0578769523689964,1.6771900939767854
0.38961028654696483,0.08070105695564625,1.6978046984944086
0.431848411359613,0.3934176526587781,1.5359359931290713
0.4927689533469634,0.08070105695564625,1.8852289842111727
0.573018668352147,2.0578769523689964,1.2520147336790526
0.623421889619764,0.3934176526587781,1.3811476533610507
0.47556324135055994,0.08070105695564625,1.7776425696776892
0.6439967188122391,2.0578769523689964,1.4927488961293376
0.7359319223383406,0.3934176526587781,1.8892140134241908
0.5798552091235986,0.3934176526587781,1.3463993197628523
0.3844103383645886,0.08070105695564625,1.3693301688196446
0.6608476228798268,0.08070105695564625,1.8887357893866255
0.6673231513630453,0.08070105695564625,1.464370320182041
0.5861356129890295,2.0578769523689964,1.5161245842024869
0.4404452905329021,0.08070105695564625,1.3327637153356795
0.48545553127918145,0.08070105695564625,1.276669942179082
0.5983867515545317,0.08070105695564625,1.6559487108383921
0.4649912367507214,0.3934176526587781,1.119840661541204
0.4041188643094453,0.08070105695564625,1.8792726411829093
0.4797766693228027,0.08070105695564625,1.779203136765108
0.5576381750266487,2.0578769523689964,1.1907482637058027
0.6920977743954366,2.0578769523689964,1.6940199458245653
0.3953221228811732,0.08070105695564625,1.6026329212856347
0.5982087323910081,2.0578769523689964,1.1845350507366441
0.4332541687957676,2.0578769523689964,1.2732035060502325
0.5589098674220586,2.0578769523689964,1.4089865037338343
0.6490945221518092,0.3934176526587781,1.6992427352454738
0.659903609230033,0.08070105695564625,1.638723408817006
0.6848473967124877,0.08070105695564625,1.532234847676698
0.47903629452062807,0.08070105695564625,1.7684105431140342
0.7058515050006182,2.0578769523689964,1.757937739606166
0.39407781433027006,2.0578769523689964,1.617859154062256
0.6474610427554501,2.0578769523689964,1.7869900833848251
0.5701387442272822,0.3934176526587781,1.3342633747792092
0.6537659100176416,2.0578769523689964,1.8812495283226056
0.4401351723684386,0.3934176526587781,1.6149100858019407
0.7271924952821615,0.08070105695564625,1.8223635138124306
0.4035238597665668,2.0578769523689964,1.546279104790284
0.34826274157114434,0.3934176526587781,1.2184382449886804
0.6039343222774247,0.3934176526587781,1.5424101286783087
0.49122060513432475,2.0578769523689964,1.371111663776588
0.6879459944242179,0.3934176526587781,1.6974990360370945
0.47380456416361283,2.0578769523689964,1.475793791734736
0.42281202511397115,0.3934176526587781,1.8361128049276876
0.6784110781289985,0.08070105695564625,1.6780725123219167
0.5648712766169797,0.08070105695564625,1.684544433031324
0.3871796201218226,0.08070105695564625,1.217155333491065
0.693476493475827,2.0578769523689964,1.9842497664912904
0.5732975852547887,0.08070105695564625,1.8416752092714888
0.6050306773158984,0.08070105695564625,1.7890048845606947
0.4808562368424104,0.08070105695564625,1.3302152251600274
0.6430914016776025,2.0578769523689964,1.5356316528472318
0.5531222199961124,0.3934176526587781,1.1371031880743288
0.6002028297381772,2.0578769523689964,1.5384759766627059
0.359376581228688,2.0578769523689964,1.1458892464832873
0.6507677047874143,0.08070105695564625,1.553037843989601
0.6069669152625227,0.3934176526587781,1.6487218801549055
0.5668341590599678,0.08070105695564625,1.3901959672499022
0.46926237085086825,0.08070105695564625,1.4985448783312934
0.7426040968243797,2.0578769523689964,1.875653387674586
0.519431342128521,2.0578769523689964,1.1085631447028095
0.3961125868741411,2.0578769523689964,1.791732892999653
0.4442141205055622,0.08070105695564625,1.1707545509961963
0.5442428565552606,0.3934176526587781,1.0367079828046284
0.3451572012580144,0.3934176526587781,1.1855746027450478
0.7506710024301888,0.08070105695564625,1.7650431899704897
0.563796827844583,0.3934176526587781,1.40512607333686
0.6314701238736518,0.08070105695564625,1.872520516846182
0.43883637854502977,0.3934176526587781,1.524707541182266
0.38741802187009555,0.08070105695564625,1.0222503519263308
0.7302945433072394,0.3934176526587781,1.7167136096019266
0.4079930602337798,2.0578769523689964,1.1102329087212328
0.6778963164873721,2.0578769523689964,1.7893796334619245
0.43984284352985903,2.0578769523689964,1.16810254980518
0.38055865114598136,2.0578769523689964,1.3454463858055135
0.351837831959358,0.08070105695564625,1.7612714296253604
0.6055739536550697,0.3934176526587781,1.9542313574764216
0.6536690802146775,0.08070105695564625,1.3714339506467323
0.5097127112022758,2.0578769523689964,1.8294002201989357
0.4324980272122397,0.3934176526587781,1.1907922654758387
0.49638505195560634,0.08070105695564625,1.8071797702024912
0.5494098228071209,2.0578769523689964,1.657494059256251
0.4562220152276572,0.3934176526587781,1.1927435072123684
0.606099904589211,0.3934176526587781,1.3025039603514115
0.4654296456158753,2.0578769523689964,1.131770888597036
0.50346404855334,2.0578769523689964,1.3829670110643133
0.37175842726782177,0.3934176526587781,1.2036486411232774
0.7277278603500116,2.0578769523689964,1.6439979536304734
0.47224590554569734,0.08070105695564625,1.9945051042205586
0.3447694330006179,2.0578769523689964,1.0120091630842643
0.5837875328719296,2.0578769523689964,1.5409198132872985
0.5645904352068527,2.0578769523689964,1.5736665975490096
0.5404701580519671,0.3934176526587781,1.9142087896808118
0.4912528829597779,0.3934176526587781,1.5060053347669375
0.6289395912566572,2.0578769523689964,1.5437014196449175
0.4078576036007011,0.3934176526587781,1.4716528013283887
0.5801875407721854,2.0578769523689964,1.2689043045614814
0.48979585438354417,0.08070105695564625,1.0560291332489138
0.47767555963534003,0.3934176526587781,1.408657682209836
0.4419019284235335,2.0578769523689964,1.0525914712406785
0.43609049681812206,0.3934176526587781,1.550492469465918
0.5677319085015097,0.08070105695564625,1.3072936432422932
0.5277750221652359,0.08070105695564625,1.5336024015254277
0.41640623268299914,2.0578769523689964,1.1342969643951868
0.625976762145491,0.3934176526587781,1.9326299657393595
0.7995763625258149,0.08070105695564625,1.894521243549935
0.4543393231061445,0.3934176526587781,1.1899965092022846
0.6288323517911115,2.0578769523689964,1.3434442832940099
0.47550693511357195,0.08070105695564625,1.6134927718519796
0.3436761390605225,0.08070105695564625,1.0956862073059064
0.4019403567333319,0.3934176526587781,1.354567821116151
0.45748301462992313,0.08070105695564625,1.251112286819006
0.4515543081715987,2.0578769523689964,1.9155167287166965
0.34989495264563125,2.0578769523689964,1.8525106362892052
0.6854374322125826,0.08070105695564625,1.5798327412668638
0.6451003954531593,2.0578769523689964,1.5203463368715742
0.6928212045692281,0.08070105695564625,1.9307257945453973
0.42907906249899713,0.08070105695564625,1.9324277829788152
0.40932253092006254,0.08070105695564625,1.9693301253516604
0.34827767089480316,0.08070105695564625,1.1253788841081875
0.5295376749007231,0.3934176526587781,1.1605578107631702
0.7148800523854661,0.08070105695564625,1.6767366986798866
0.49885304893074145,2.0578769523689964,1.541434476609845
0.3560246790633381,0.3934176526587781,1.0184659048932359
0.4567837200393515,2.0578769523689964,1.0619750359895193
0.5073820749505253,0.08070105695564625,1.888080382258805
0.516805701397168,2.0578769523689964,1.8688707955393862
0.536113791077217,0.3934176526587781,1.357270921996045
0.6740649741882692,2.0578769523689964,1.8910506169305346
0.38469153725217575,0.3934176526587781,1.5936750743979018
0.3638246106987681,0.08070105695564625,1.8059056470189019
0.6745982207430847,0.08070105695564625,1.4274310711602143
0.3911018467816079,2.0578769523689964,1.1133983273449086
0.3568706247496595,2.0578769523689964,1.4337270626460161
0.40478151824931063,0.08070105695564625,1.4572997979968978
0.3560558958260464,0.08070105695564625,1.550944193840603
0.4319094789842572,2.0578769523689964,1.105582712904428
0.7337776946557235,0.08070105695564625,1.9914018630496115
0.4338261360804454,0.3934176526587781,1.2441368208069064
0.45798955204807684,0.3934176526587781,1.198552403537093
0.5856591211076535,2.0578769523689964,1.5268029188559367
0.5268657790980289,2.0578769523689964,1.5372081793948886
0.6325724837915924,0.08070105695564625,1.4398207378332444
0.7122800726898286,0.08070105695564625,1.7718921463252544
0.34437186480055837,0.3934176526587781,1.5166544007286027
0.6405016076910874,2.0578769523689964,1.6096954551449842
0.5349983348446664,2.0578769523689964,1.7237463854077855
0.5661484754124042,2.0578769523689964,1.0250251015638665
0.5222968841231016,2.0578769523689964,1.5706441825450448
0.7928632824606159,0.3934176526587781,1.8841944712283691
0.5080533893676094,0.3934176526587781,1.017388742925434
0.4205452932169054,2.0578769523689964,1.405182103800961
0.5984679854391576,0.3934176526587781,1.9262274502058299
0.6541220616774815,2.0578769523689964,1.353154402282538
0.635647803033045,0.3934176526587781,1.4587288242002407
0.399159481812718,0.08070105695564625,1.9815413930443126
0.5323344239321338,0.3934176526587781,1.199323858950574
0.41542697477029517,2.0578769523689964,1.065255189125006
0.3530669448562853,0.08070105695564625,1.8594225908613042
0.5294902625230367,2.0578769523689964,1.8684653412123686
0.42150858733155716,0.08070105695564625,1.4720778346800132
0.6347100665006551,0.08070105695564625,1.5142071744772863
0.49657238993767816,0.3934176526587781,1.8358063696178362
0.6885300973731495,0.3934176526587781,1.7385594981157952
0.3342572171294547,0.08070105695564625,1.2651490022170107
0.4010747454477387,0.08070105695564625,1.0168933550715185
0.42439161110987045,0.08070105695564625,1.4797001625335457
0.4532039327201429,2.0578769523689964,1.8589123260956413
0.3816992530351392,0.3934176526587781,1.8958346766901621
0.4396651038773535,2.0578769523689964,1.9562261970761539
0.5988367397719622,0.3934176526587781,1.879563237612781
0.4517200257997477,2.0578769523689964,1.5800435552980985
0.4817254577610788,0.3934176526587781,1.4446055992361009
0.5066642687767083,0.08070105695564625,1.774849846534099
0.7088125384253968,0.08070105695564625,1.7398216343655966
0.6715965683351436,0.3934176526587781,1.5381434300814543
0.4556111592634377,0.08070105695564625,1.0873273725584691
0.5030342605813534,0.08070105695564625,1.9260813467869187
0.37600783093037077,2.0578769523689964,1.4556025375016621
0.6443291130034504,0.3934176526587781,1.3633337819162643
0.36712362529707904,0.08070105695564625,1.6295673951687717
0.46331045839424495,0.3934176526587781,1.673837961166977
0.41783774721511197,2.0578769523689964,1.2106879170303015
0.48930144792544317,0.3934176526587781,1.8369388448099562
0.3848463955078097,2.0578769523689964,1.289937093662378
0.5513561078875155,2.0578769523689964,1.1866839259143167
0.37865340899368644,2.0578769523689964,1.4063998528544974
0.6075381710971475,0.08070105695564625,1.7305600808974653
0.41073530461225866,2.0578769523689964,1.9654581784398033
0.3789721995152185,0.3934176526587781,1.809281264371433
0.7719519447251908,0.3934176526587781,1.9403483776701917
0.3818945429149456,0.08070105695564625,1.1406058040765268
0.5360904130142068,0.08070105695564625,1.071176798863677
0.5431296899538217,2.0578769523689964,1.5577047619066713
0.35850301634303455,2.0578769523689964,1.2902974830440344
0.7643523898397041,2.0578769523689964,1.828054972969273
0.4430053366634322,0.08070105695564625,1.671987871402326
0.7560729392911941,0.08070105695564625,1.9707281639857945
0.38385675015145143,0.3934176526587781,1.254792355731304
0.6406955512359321,2.0578769523689964,1.4857841143552324
0.345103448954003,2.0578769523689964,1.5012404774253532
0.48321173857907296,0.3934176526587781,1.2391767948573762
0.6330583710029516,0.3934176526587781,1.5900933994880078
0.6584633138824187,0.3934176526587781,1.4432859860792395
0.6505567773536293,0.3934176526587781,1.4467215559898736
0.6010306686833886,2.0578769523689964,1.3627366479724836
0.5399249605215567,0.08070105695564625,1.0169293524255352
0.412850430381287,2.0578769523689964,1.5220952369147889
0.4257264474694566,0.3934176526587781,1.335247835700331
0.39506467465147743,0.08070105695564625,1.0013198689843297
0.4518536008276593,2.0578769523689964,1.307943707661932
0.45332405928565955,0.3934176526587781,1.278628333089757
0.5171659999801397,0.08070105695564625,1.3934481532236358
0.37318565165443873,0.08070105695564625,1.131851989643397
0.5876341233315611,0.08070105695564625,1.5076838246350843
0.41285916186333527,2.0578769523689964,1.69244035251813
0.46391113412027396,0.3934176526587781,1.6301855690545723
0.5642849216956556,2.0578769523689964,1.8037549475691907
0.6130643373368504,2.0578769523689964,1.452008287987081
0.6072066399733531,2.0578769523689964,1.5190917303397282
0.626455598612763,0.08070105695564625,1.8104019408589833
0.3911041643688469,0.3934176526587781,1.4277011708192386
0.5668287017960785,2.0578769523689964,1.701599349899597
0.3683288202883577,0.3934176526587781,1.4346023687179918
0.46486465494417123,0.08070105695564625,1.4177361945115625
0.5202714558195675,2.0578769523689964,1.7602056245291604
0.3427001689791424,0.3934176526587781,1.1748369154662113
0.42281510058383676,0.08070105695564625,1.3385859719415736
0.6093037048877795,2.0578769523689964,1.2241722767469017
0.643320193288597,2.0578769523689964,1.359109942967597
0.43554799129515215,0.3934176526587781,1.230374822366024
0.35863655980057263,0.3934176526587781,1.5794056310866547
0.4248818319402899,2.0578769523689964,1.7981708026178453
0.5145645108389063,2.0578769523689964,1.7866130612179019
0.6428123807593203,0.08070105695564625,1.3645009645487924
0.420266543833686,0.08070105695564625,1.9887604058942618
0.6316145753926904,2.0578769523689964,1.5938543647058008
0.37368200534959173,0.3934176526587781,1.3994003017782948
0.7775373050421545,0.3934176526587781,1.8355392792414253
0.5033306840105344,2.0578769523689964,1.7298740126426408
0.6692209035864511,0.08070105695564625,1.7492753368241045
0.42897774153798496,2.0578769523689964,1.1961393497338717
0.5579075102670186,0.3934176526587781,1.468324307368555
0.43505095773031155,2.0578769523689964,1.8618281308246027
0.39253333453934314,2.0578769523689964,1.5040380076287572
0.7202621314792022,0.08070105695564625,1.6834527434210504
0.6884360338647648,0.3934176526587781,1.5879337330342644
0.7382497344201936,0.3934176526587781,1.8423567877183822
0.5245346584279518,2.0578769523689964,1.2845608397616026
0.6444694616812412,0.3934176526587781,1.575475277886365
0.3485646843056657,0.3934176526587781,1.123234668009804
0.47982881776469066,0.3934176526587781,1.6902107766994678
0.47563732687168186,0.3934176526587781,1.7319678383527122
0.48416571247952267,0.08070105695564625,1.0428373211889985
0.48670352493735286,0.08070105695564625,1.675790963627985
0.3878334702301095,0.08070105695564625,1.4146901541657864
0.4883949558619991,0.08070105695564625,1.1240968761096823
0.6120825325563723,0.08070105695564625,1.4199075476984677
0.4399150338392328,0.3934176526587781,1.1942329296955818
0.382444249154267,2.0578769523689964,1.4155595321233165
0.40172574324578214,2.0578769523689964,1.3843390279585277
0.44481724181577986,0.08070105695564625,1.7383916369360575
0.4741389254005145,0.3934176526587781,1.7742155581663588
0.5883531693835968,0.08070105695564625,1.6070286543845467
0.472192364023144,2.0578769523689964,1.0226868421824475
0.6716535855737177,0.3934176526587781,1.9310222790709939
0.49049850237256476,0.3934176526587781,1.6862332800964477
0.528455654767501,0.3934176526587781,1.0341954499211887
0.43713150793625016,2.0578769523689964,1.8188328992141178
0.4652630076555109,2.0578769523689964,1.2002661547179962
0.64255284410955,0.08070105695564625,1.5792211895711068
0.40208123258225914,0.08070105695564625,1.4666343699501871
0.3751608178893263,2.0578769523689964,1.4198387823550767
0.7479370132436554,0.08070105695564625,1.8897137201243974
0.45544912433065127,2.0578769523689964,1.4373612915626146
0.5022271133217926,0.3934176526587781,1.0753441175731506
0.36405331958964626,0.08070105695564625,1.9466387272149526
0.6668589004132798,2.0578769523689964,1.9205352312396275
0.4717335321219846,2.0578769523689964,1.6844326895815986
0.358892207976077,2.0578769523689964,1.467892528132025
0.48650893961804453,0.08070105695564625,1.0928594729435213
0.45062567114219254,0.08070105695564625,1.790748118577476
0.4269957588803152,0.3934176526587781,1.075477914424029
0.3490998633007191,0.08070105695564625,1.0686009848951457
0.3950146255449529,0.08070105695564625,1.5373838424393682
0.4128313312119134,0.08070105695564625,1.1601282401846402
0.34846541652096086,0.3934176526587781,1.007730267340349
0.6453033892260724,0.3934176526587781,1.4231134309957862
0.3322770949232542,0.3934176526587781,1.137217231610066
0.4637671362704543,0.08070105695564625,1.1605154152806914
0.3603072188612612,2.0578769523689964,1.0769106387353347
0.4200218647604783,0.08070105695564625,1.20509375372361
0.7234638600758341,0.3934176526587781,1.7154841797743894
0.41815199498082817,0.08070105695564625,1.8089273072177914
0.6714735671192824,0.08070105695564625,1.4525336440293006
0.4140371002205366,2.0578769523689964,1.5065538158814178
0.5080759032400791,2.0578769523689964,1.0326550345942027
0.4665206630565889,0.08070105695564625,1.0693162613713167
0.5967318481504306,0.3934176526587781,1.2575677256495168
0.5443774091822217,0.08070105695564625,1.5438984207131474
0.5676839621576161,0.08070105695564625,1.7395511487349928
0.41761379997214665,0.08070105695564625,1.605003061338033
0.39226407757278914,0.3934176526587781,1.3921278549867884
0.5717867153629403,0.3934176526587781,1.118324073003138
0.4866120845818411,0.3934176526587781,1.7807732348871894
0.45681374080431153,0.3934176526587781,1.3637860515990572
0.6600430987659375,0.3934176526587781,1.7360540144827896
0.46224445304395156,0.08070105695564625,1.5129788419143417
0.7399934103059007,0.3934176526587781,1.7386620535618253
0.6860247030627327,0.08070105695564625,1.907289561452572
0.6246314279129832,0.08070105695564625,1.921029516053802
0.6619696755623987,0.08070105695564625,1.5351067800006035
0.3584463443103778,2.0578769523689964,1.5115083647656387
0.4109905900943246,0.3934176526587781,1.2656784655028372
0.566182120620586,0.3934176526587781,1.9357998315292915
0.4176432166813225,0.08070105695564625,1.4579191671996208
0.528192239237547,2.0578769523689964,1.1275912392873773
0.6505083600446309,0.3934176526587781,1.4327049146265498
0.4430032554626322,0.08070105695564625,1.127053250238004
0.4622911091606045,2.0578769523689964,1.502531684257075
0.6980901919730035,0.08070105695564625,1.561275514856212
0.47681644938391177,2.0578769523689964,1.3377557614935853
0.452344047558358,0.08070105695564625,1.0716506142314848
0.5148239063337103,0.3934176526587781,1.943503535633239
0.7309601341733526,0.08070105695564625,1.7733531134834295
0.5981661966542579,0.08070105695564625,1.838881080505121
0.5833710396450525,2.0578769523689964,1.3668683942862294
0.6869886805897094,2.0578769523689964,1.7608310300194505
0.46031839467891866,0.3934176526587781,1.4853728951691942
0.45535347778039026,0.08070105695564625,1.201083488406046
0.5552630607682258,2.0578769523689964,1.1244233769072132
0.4518244503713561,0.3934176526587781,1.3450508693220569
0.5436655499439992,0.3934176526587781,1.1375521114751397
0.8011970586972756,2.0578769523689964,1.9982689762040686
0.482236454244272,2.0578769523689964,1.0491889902320222
0.5919767159260926,0.08070105695564625,1.4411435993690764
0.6160611789235471,0.3934176526587781,1.4520935223903841
0.5949270295944457,2.0578769523689964,1.3006319285816756
0.4895292093732094,0.3934176526587781,1.5713515657069452
0.3449033082069671,0.08070105695564625,1.1499770241515446
0.5183317942383071,2.0578769523689964,1.7839123805872337
0.5482609228131027,0.3934176526587781,1.3324477182476384
0.5128443860843651,2.0578769523689964,1.5913425897986417
0.6513356587916462,0.08070105695564625,1.7156392360669592
0.5111503020661482,0.08070105695564625,1.889042117690161
0.6263720085260248,0.08070105695564625,1.8357874364522
0.41440841442337634,0.08070105695564625,1.6083090281035597
0.5836888456448289,2.0578769523689964,1.388393180383887
0.5349027861569636,2.0578769523689964,1.503204670074964
0.4333189634011847,0.3934176526587781,1.7687347933788025
0.48080059192511193,0.3934176526587781,1.877545542559473
0.5245134072586185,2.0578769523689964,1.1037819281766719
0.4954982377595261,2.0578769523689964,1.3848562624930536
0.43893012148243404,0.3934176526587781,1.7761165984135006
0.6665457863006311,2.0578769523689964,1.4316517625939609
0.5612574453654986,0.08070105695564625,1.3322277640662838
0.6578786731725104,0.08070105695564625,1.4113226968232695
0.5055585327738994,0.08070105695564625,1.6028447467863507
0.5798525383558862,0.3934176526587781,1.9998051441338016
0.6579460101862836,2.0578769523689964,1.4929924291045318
0.4823957757782587,0.3934176526587781,1.2084944749542605
0.5254020980652182,0.3934176526587781,1.1628465752790946
0.3899896568821037,2.0578769523689964,1.0423497474764143
0.5071066973776396,0.3934176526587781,1.5588172349183216
0.38677540281023054,0.08070105695564625,1.5445720914888343
0.3910940028308391,2.0578769523689964,1.2052339267803092
0.34596894972500714,0.08070105695564625,1.695329406452567
0.36305539147022686,0.08070105695564625,1.7411070416296808
0.624713540437848,2.0578769523689964,1.2590982053821111
0.4132658701407578,0.08070105695564625,1.3440997640297365
0.6676875510283216,0.08070105695564625,1.9904716723472566
0.6099494999363924,0.08070105695564625,1.3742644678507343
0.5777246061203417,2.0578769523689964,1.7608016717561017
0.3918077221427859,2.0578769523689964,1.4527254266299399
0.6585451555832047,2.0578769523689964,1.793344827860976
0.5998807542460461,0.3934176526587781,1.7690232387826479
0.6344042843637907,0.08070105695564625,1.6677560251985355
0.6893203266720385,0.3934176526587781,1.8547783462955794
0.8021140849861041,0.3934176526587781,1.9392184948776852
0.5574926285689245,0.08070105695564625,1.579983320452084
0.4332157203753891,2.0578769523689964,1.2374689072227456
0.5523944365916884,0.3934176526587781,1.398628961644075
0.37586710129325096,2.0578769523689964,1.7583057135132933
0.6960955042166354,2.0578769523689964,1.6508834851238694
0.3649263683152552,0.08070105695564625,1.1777983385652488
0.40949568655630036,0.3934176526587781,1.0512395411464248
0.6712556237818169,0.3934176526587781,1.682961593542065
0.5102825231080174,2.0578769523689964,1.2510790240293455
0.480287608790654,0.08070105695564625,1.4996702437290534
0.5434370174280682,0.3934176526587781,1.7467467725125942
0.6587875209538853,2.0578769523689964,1.562666780656333
0.41598892693319833,2.0578769523689964,1.0833025831117964
0.575322305734604,2.0578769523689964,1.1855802367835553
0.35823321834960753,0.08070105695564625,1.2193281840309191
0.5647939858995217,0.08070105695564625,1.2578642536448448
0.6568247634472316,2.0578769523689964,1.5654033919505044
0.40529127464070486,2.0578769523689964,1.5039657798253936
0.4546748613224855,0.08070105695564625,1.203160038364209
0.37040264218000285,2.0578769523689964,1.067554843455687
0.5269076576096563,2.0578769523689964,1.171432204474718
0.6061251340416385,0.08070105695564625,1.9843813126186034
0.560610845492412,2.0578769523689964,1.4685469497914723
0.43743894911723774,2.0578769523689964,1.8673455047021124
0.4427688098846352,2.0578769523689964,1.8487524666688433
0.3555411106072631,0.08070105695564625,1.5115195574628737
0.4764415416835614,0.08070105695564625,1.7066877084605436
0.4897534908097441,0.08070105695564625,1.1927520104127123
0.6893842555764224,0.3934176526587781,1.6883967049269084
0.5348544622181557,0.3934176526587781,1.2723845792632895
0.5388793588400831,0.3934176526587781,1.8320620967541508
0.5725770804439646,0.3934176526587781,1.0837241331089098
0.6507235502641976,0.08070105695564625,1.7731386728852776
0.5707816970318275,2.0578769523689964,1.0999369065686195
0.5865886451445105,0.08070105695564625,1.881189236894309
0.41497443534029826,0.3934176526587781,1.3042045181350037
0.36524152447864583,0.08070105695564625,1.6543933648305749
0.5960171376257477,2.0578769523689964,1.4875022786202798
0.3760112677699665,0.3934176526587781,1.3663031452623389
0.4625169420738652,2.0578769523689964,1.6454418331834963
0.5990540347896424,2.0578769523689964,1.947522980551238
0.4664257314815956,2.0578769523689964,1.041269747374622
0.625699609322977,0.3934176526587781,1.9188528558831042
0.4067641803031495,0.08070105695564625,1.6090816550210136
0.5117124469854413,0.3934176526587781,1.8073143007690522
0.5394512911854017,0.3934176526587781,1.3838749534342776
0.6778719090830704,0.08070105695564625,1.4718429748376138
0.6735894792381063,0.08070105695564625,1.8688507518011641
0.6472154453630738,0.08070105695564625,1.414847969809823
0.6186720169661845,0.08070105695564625,1.534659566749085
0.46954999401501274,2.0578769523689964,1.020194923084333
0.38371767952887686,0.3934176526587781,1.1585980058380423
0.6039554691015576,0.3934176526587781,1.6416865079747998
0.600396853040082,0.3934176526587781,1.7169769010638771
0.5687773073440577,0.08070105695564625,1.5826009367844995
0.46289991001000336,0.3934176526587781,1.1433100362756106
0.5199258589913031,2.0578769523689964,1.4454054285778348
0.44373230429322935,0.3934176526587781,1.3550947663631898
0.5243560911702976,0.3934176526587781,1.4956613440350883
0.43813537086577514,2.0578769523689964,1.8703290345540942
0.6875304393035289,2.0578769523689964,1.775861438658652
0.37667593349893924,0.3934176526587781,1.083989501389159
0.3890042217922029,0.08070105695564625,1.8903091977745643
0.4917572208574291,0.08070105695564625,1.4717671511498236
0.6196228557616077,0.3934176526587781,1.7438621448859983
0.44842603760975364,0.3934176526587781,1.1400392312643521
0.45471433508190895,0.3934176526587781,1.6707195257070482
0.49633355649749444,0.3934176526587781,1.236326017609458
0.45694829748719323,0.08070105695564625,1.4383808971409315
0.5505964858777204,0.3934176526587781,1.0168628700821043
0.5816964536111752,2.0578769523689964,1.151610637930476
0.4587253758298233,0.08070105695564625,1.0920804931236199
0.4294343988223089,0.08070105695564625,1.2397441729382583
0.5207589586339187,2.0578769523689964,1.1000180900243222
0.36024838509655277,0.3934176526587781,1.691910026619562
0.44272768376917404,0.3934176526587781,1.0290399022092194
0.47263589748038576,0.3934176526587781,1.6177405006249979
0.5784147174368295,0.3934176526587781,1.1407078308255743
0.3578287808024024,0.3934176526587781,1.945161457177897
0.6061732786958127,2.0578769523689964,1.9330940731098543
0.5474144921066503,0.3934176526587781,1.2255031025209626
0.5292469322614745,2.0578769523689964,1.6144212982230295
0.34839234749606307,2.0578769523689964,1.0280053194724585
0.7988147741418472,2.0578769523689964,1.931788543051174
0.52803443656476,0.3934176526587781,1.5229873081917096
0.4789654089527832,0.3934176526587781,1.043223151417779
0.4113051917266658,0.08070105695564625,1.3424999930081374
0.45168750820161707,0.08070105695564625,1.0768494618612343
0.47902685778578724,2.0578769523689964,1.3929444393733599
0.3746050081919547,0.08070105695564625,1.669926342161323
0.3765345519060277,2.0578769523689964,1.4698899080414396
0.6115806969703721,0.08070105695564625,1.3837221747194546
0.3934498490354021,0.3934176526587781,1.1191570455404647
0.39088395326379133,0.3934176526587781,1.2449390456936564
0.46057503462135313,2.0578769523689964,1.100143287738351
0.6788615636849213,2.0578769523689964,1.8074987316566609
0.34718719963691586,0.3934176526587781,1.1352398279847224
0.5612584157892269,0.3934176526587781,1.5953733665488934
0.37402765673430083,0.3934176526587781,1.3427404135888459
0.3435887112743813,0.08070105695564625,1.2259783846551835
0.3646200980077555,0.08070105695564625,1.6394684394921037
0.6271785777527161,0.08070105695564625,1.4570023093769406
0.3768012818306782,0.08070105695564625,1.4001454672845592
0.35991115409745045,2.0578769523689964,1.5928520048922215
0.4949122589722209,2.0578769523689964,1.4912676284900006
0.5952613183642373,0.08070105695564625,1.3034842085515608
0.43897982716849154,2.0578769523689964,1.5590612877652517
0.5120602682124286,0.08070105695564625,1.6694985765506947
0.33734268650433413,0.08070105695564625,1.0266931585868542
0.4954375028607076,0.3934176526587781,1.4658717289076755
0.4723825075300938,0.08070105695564625,1.0576832845835438
0.4918541941713695,2.0578769523689964,1.186405414068111
0.46502676021167544,0.08070105695564625,1.560508734077973
0.49018077629150203,0.3934176526587781,1.8661889152655808
0.3983471502581941,2.0578769523689964,1.8828056791884848
0.42128986289909814,0.3934176526587781,1.0699440101386313
0.37163705074724684,0.08070105695564625,1.4191050862867067
0.6304864696764736,0.08070105695564625,1.5830064830045512
0.5923711144968308,0.08070105695564625,1.1470699045503434
0.7544033760645011,0.08070105695564625,1.7654322167447716
0.7053722291500328,2.0578769523689964,1.744235258437239
0.6231356189761779,0.08070105695564625,1.9033410137067945
0.4934586913198272,0.3934176526587781,1.0084860120834431
0.4147332796668928,2.0578769523689964,1.2166842439890027
0.6231011302568766,2.0578769523689964,1.8271867142453218
0.5256601090589376,2.0578769523689964,1.6705800508269353
0.5680873156337872,0.3934176526587781,1.8943898536984909
0.5171471134092911,0.3934176526587781,1.0571796545302665
0.44978196482271227,0.3934176526587781,1.596963965716443
0.46058386586630323,0.3934176526587781,1.5690465748936742
0.5533208512936609,0.08070105695564625,1.0356744163605325
0.3608991377253118,0.08070105695564625,1.5135220769124835
0.5287787429985794,0.3934176526587781,1.6095203113099243
0.5888069104079978,0.3934176526587781,1.1912931742021073
0.5180065582747467,0.08070105695564625,1.273329583124663
0.5568718846512488,0.08070105695564625,1.640347346297737
0.426409491084512,0.3934176526587781,1.4683009475999582
0.5015970167286782,2.0578769523689964,1.8580136575683268
0.6067664508288257,2.0578769523689964,1.3423817660091883
0.5015360712979583,0.3934176526587781,1.266659658388201
0.5964678240891567,2.0578769523689964,1.9848659403448428
0.39663061704765856,0.08070105695564625,1.9111357701300835
0.3316404890826885,2.0578769523689964,1.02899274499898
0.7530940120934722,0.3934176526587781,1.7707286153065658
0.4286049279116009,2.0578769523689964,1.110334773825203
0.47356342823389563,2.0578769523689964,1.0274851948293708
0.3583070638280897,2.0578769523689964,1.2736955159663488
0.5391415515513861,0.08070105695564625,1.2693458790611043
0.7522129685675639,0.08070105695564625,1.8193187623469647
0.5798943085050103,0.08070105695564625,1.7106672459428351
0.41271927328302316,0.3934176526587781,1.9816094273320144
0.5824960897357392,2.0578769523689964,1.7115129003118184
0.5955795430327915,0.08070105695564625,1.418255553256048
0.5096648513071528,0.08070105695564625,1.6989276609452169
0.7723981581161834,2.0578769523689964,1.999459067186402
0.6094655243983009,0.3934176526587781,1.710141882562528
0.7237799884305262,2.0578769523689964,1.7616813559803184
0.639614061883364,0.3934176526587781,1.9383650151902594
0.3644916731581632,2.0578769523689964,1.1136512613116833
0.4712321738768894,0.08070105695564625,1.7047842934477269
0.4385495532077963,0.08070105695564625,1.850805957967449
0.7751197177878704,0.08070105695564625,1.9543786002208932
0.5500772091158934,0.3934176526587781,1.2109692897116995
0.5816149375435437,2.0578769523689964,1.5039290077242442
0.46529492857156174,0.3934176526587781,1.6805548476444818
0.3878535228832729,0.08070105695564625,1.2474677295013374
0.630325660522315,0.3934176526587781,1.600472863250274
0.47479107885137267,0.3934176526587781,1.2575787824979994
0.40713456064872783,0.3934176526587781,1.3334570205316472
0.5493660615926806,2.0578769523689964,1.441518696510865
0.3557686494632854,0.3934176526587781,1.529190098746567
0.45100694232330185,0.3934176526587781,1.4493658716251505
0.506017676686966,0.3934176526587781,1.4931955197879292
0.38040624840512277,0.08070105695564625,1.2985887562882925
0.600483316665251,0.08070105695564625,1.1589650940226306
0.37980627844075104,2.0578769523689964,1.0473499773268395
0.3690335535186241,0.08070105695564625,1.1959787224916676
0.4189426504065556,2.0578769523689964,1.581943641505783
0.6744639895545633,0.08070105695564625,1.7861154478031325
0.4489171924401479,2.0578769523689964,1.1692475974428946
0.4776329501736338,2.0578769523689964,1.1085553577726484
0.3557645039862172,2.0578769523689964,1.7492903605492502
0.34577616307861936,0.08070105695564625,1.3051583305372896
0.5594408294589525,0.3934176526587781,1.9514994392273524
0.6786250372555531,0.08070105695564625,1.714317970610373
0.6135589065195315,0.3934176526587781,1.3267560472430309
0.36116694413044964,0.08070105695564625,1.289542747793705
0.5354951310287295,0.3934176526587781,1.5236983862713092
0.5612624762128611,0.08070105695564625,1.0791446682782095
0.43236286009470987,2.0578769523689964,1.117676512645299
0.5619023230174668,2.0578769523689964,1.1758578813161926
0.4040969441539808,2.0578769523689964,1.7747235933045602
0.6764535085537958,0.3934176526587781,1.5138573592691225
0.505883431299073,0.3934176526587781,1.010567122774443
0.7190510754697569,2.0578769523689964,1.6735165274721089
0.5664715687707026,0.3934176526587781,1.4236901786604972
0.47081836390084036,2.0578769523689964,1.510852364963798
0.601711756161772,0.08070105695564625,1.2141162434129356
0.4431678938023271,0.3934176526587781,1.5517822283941036
0.5096237322617468,0.3934176526587781,1.9791532397514886
0.5061462721132645,0.08070105695564625,1.0734446910057613
0.5668796360478385,0.3934176526587781,1.2839173996644306
0.6064319934019871,0.3934176526587781,1.2429975928608297
0.39405423573759873,0.3934176526587781,1.2485493107511796
0.5975519808222217,0.08070105695564625,1.3787063575653773
0.6680576815575574,2.0578769523689964,1.8181097847441676
0.3804359573565912,2.0578769523689964,1.9128586899643873
0.4423107368205771,0.08070105695564625,1.2022150874589732
0.44497952700051374,0.08070105695564625,1.5429499379481126
0.462331914131409,0.08070105695564625,1.6368989721654803
0.6956203214428975,2.0578769523689964,1.521827474363845
0.5569466381614752,0.08070105695564625,1.4340763941969197
0.5340686765737997,2.0578769523689964,1.1919755058592378
0.6845330019778907,0.08070105695564625,1.4882193591992385
0.46286762252900077,0.3934176526587781,1.4012148277113288
0.6904549965233069,2.0578769523689964,1.7955633625022696
0.5295069915591828,2.0578769523689964,1.7636043591629953
0.5631083711368063,0.08070105695564625,1.1339986812056706
0.37568676776256404,0.3934176526587781,1.0885190525630675
0.7814028732465507,2.0578769523689964,1.908153943227503
0.4209721630465138,0.08070105695564625,1.5355083889644976
0.4940399356256553,0.3934176526587781,1.8578009372825908
0.5169556314045212,2.0578769523689964,1.0581511205664011
0.4835940512257576,0.08070105695564625,1.5265156165216303
0.5634542882490335,0.3934176526587781,1.5394265145762365
0.546708970279506,2.0578769523689964,1.86070203254215
0.5216218198096637,2.0578769523689964,1.0976099982297076
0.40033318212254837,0.3934176526587781,1.2404455636759093
0.35733188783710335,0.08070105695564625,1.4065383138870131
0.48322210779189617,0.08070105695564625,1.8658414754199422
0.5708869271747844,0.3934176526587781,1.938883315070567
0.43322669660656854,2.0578769523689964,1.992724619593628
0.5180396112553463,0.3934176526587781,1.9591934864585214
0.42177502227097685,0.3934176526587781,1.0059417558443544
0.34241584493973165,0.3934176526587781,1.047708341453872
0.4888385779700807,2.0578769523689964,1.1476068191575886
0.6185772615328891,0.3934176526587781,1.3488620967702731
0.41520184938347393,0.3934176526587781,1.8299180309869587
0.6199605545290919,2.0578769523689964,1.8926561953354804
0.5182120834322658,2.0578769523689964,1.186834406294583
0.5047517191948759,0.3934176526587781,1.6196641516197086
0.6712866696799961,0.08070105695564625,1.9173619850652766
0.4818486847502399,0.3934176526587781,1.4637317359313209
0.4610081610749228,2.0578769523689964,1.103543571952784
0.3417735374969477,2.0578769523689964,1.457813650084625
0.5623041739155441,2.0578769523689964,1.3757949022880571
0.5899626002844974,0.08070105695564625,1.5776579960660069
0.35180811903033554,2.0578769523689964,1.4386586844071036
0.41558379569520787,0.08070105695564625,1.017345926853718
0.8181659541930684,2.0578769523689964,1.9939977334136711
0.49554064801395603,2.0578769523689964,1.543540237730571
0.514946421935193,0.3934176526587781,1.4736307554846095
0.7756916243498386,0.08070105695564625,1.954617371504054
0.5267475207055317,0.3934176526587781,1.155860367587077
0.4954532026315363,0.08070105695564625,1.1892376025452482
0.691458288559104,2.0578769523689964,1.8080147490627834
0.5915212809743083,2.0578769523689964,1.2608310800250089
0.5437484658841046,0.08070105695564625,1.7992271062915268
0.47704357066148734,0.3934176526587781,1.2715334829085025
0.4217408774090101,0.08070105695564625,1.0331876302250014
0.6885110248065193,0.08070105695564625,1.517014723886716
0.5292143381623519,0.08070105695564625,1.1966864341268613
0.3820213111674961,2.0578769523689964,1.757846292932471
0.6803275534012289,0.08070105695564625,1.6411996332321481
0.5715931204283812,2.0578769523689964,1.9236026679779177
0.3770670807861962,0.3934176526587781,1.782988357265736
0.4850241036441414,2.0578769523689964,1.1807759548407268
0.5268798191775941,0.3934176526587781,1.8001582366647964
0.686217249166554,0.3934176526587781,1.6417370448140232
0.4257176970017805,0.3934176526587781,1.668951641760625
0.7092497242864231,2.0578769523689964,1.8322628859701489
0.5505503099883042,0.08070105695564625,1.5738240691889402
0.3584235703631026,2.0578769523689964,1.4660035143530128
0.7215577333992979,0.3934176526587781,1.636641035358728
0.49228533988879203,0.08070105695564625,1.297957428958359
0.4130629428012702,2.0578769523689964,1.1825971310870993
0.5235687886831695,0.3934176526587781,1.6165878380712464
0.5832855739229844,0.3934176526587781,1.2338483690854778
0.40669096852425457,0.08070105695564625,1.0799151093466066
0.3723339755734107,2.0578769523689964,1.000554184585254
0.3925217369322221,0.08070105695564625,1.6083194014000672
0.43269577437957985,0.08070105695564625,1.3621487834802368
0.6718728949611549,0.08070105695564625,1.7523109706734559
0.4905417948634802,0.08070105695564625,1.3751763983131025
0.4201069877166468,2.0578769523689964,1.4860034482382267
0.39324827130155837,0.08070105695564625,1.407084972815385
0.4747656266520349,0.3934176526587781,1.6505747911093462
0.6381591225189684,0.3934176526587781,1.3561391620149683
0.5130529701782612,0.3934176526587781,1.963767649942309
0.807166384175368,0.08070105695564625,1.9361469865985301
0.5628768781879467,0.3934176526587781,1.8480279026572815
0.43344867238730567,2.0578769523689964,1.920300270572748
0.6449498406295802,0.08070105695564625,1.449139688459391
0.5090648826453942,0.08070105695564625,1.5364303967894921
0.6405530190435407,0.08070105695564625,1.7420925925582444
0.7418563111769216,2.0578769523689964,1.696145924938541
0.37337778366958724,0.08070105695564625,1.8906785956054708
0.3855702998604971,0.08070105695564625,1.7163310272566954
0.6962413560682367,0.3934176526587781,1.9978847082284605
0.4262357217512411,0.3934176526587781,1.348505799831591
0.42958458446524617,0.08070105695564625,1.832997742239418
0.36152014084531453,2.0578769523689964,1.697634822832664
0.35425857197861976,0.3934176526587781,1.6913864452150187
0.5786027127539214,0.08070105695564625,1.325835594844999
0.4050513362343779,0.3934176526587781,1.7856017924230225
0.5624803999850799,0.3934176526587781,1.9003760223475992
0.5072032395333201,2.0578769523689964,1.2185484615205628
0.5089755382973563,0.08070105695564625,1.625496837116704
0.34641048954038944,0.3934176526587781,1.3921348291027753
0.7244212875262406,0.08070105695564625,1.9895481192948772
0.34348074249479293,2.0578769523689964,1.4788328158316815
0.5541510389180833,2.0578769523689964,1.2283201737969427
0.629418481414601,0.3934176526587781,1.3818576252218326
0.5144196116973051,2.0578769523689964,1.6538383898166262
0.46477109169910924,0.3934176526587781,1.0760893713495763
0.5246363776527909,0.08070105695564625,1.6036019202212377
0.530710703361225,0.3934176526587781,1.931224759178898
0.7401554700687836,0.3934176526587781,1.8503627876578506
0.5535805856419665,2.0578769523689964,1.0676735366579835
0.5128721173172804,0.08070105695564625,1.9933898787390683
0.5938163787238193,0.08070105695564625,1.6987269237038791
0.5855217233889838,0.3934176526587781,1.1622808243140237
0.5564303124064826,0.08070105695564625,1.0124160891694234
0.4722474071770768,0.08070105695564625,1.1712826362921513
0.5473004240333789,0.3934176526587781,1.8381759206857384
0.39455277511212683,0.3934176526587781,1.0216393249451636
0.6125480787457852,0.08070105695564625,1.2331473036180864
0.40687742981310726,0.3934176526587781,1.7573055953348753
0.5608609612186831,2.0578769523689964,1.586110535898135
0.46763289347459774,0.08070105695564625,1.7827357103601917
0.4626951683285194,0.3934176526587781,1.746150503826788
0.42850497762782047,0.08070105695564625,1.0506013871218047
0.8004172506167608,0.08070105695564625,1.8925114190941517
0.3489896038658304,2.0578769523689964,1.2270318342822688
0.5549424626185767,2.0578769523689964,1.5533924402297639
0.37645276824042107,0.08070105695564625,1.6442881565277787
0.3741078442997455,2.0578769523689964,1.1686282108850954
0.5598128711691904,0.3934176526587781,1.9762312567009745
0.5200941715857657,0.08070105695564625,1.488155956087309
0.39297611887681005,2.0578769523689964,1.0576426955973934
0.49790898635775876,0.08070105695564625,1.9372620447778404
0.3754005190503974,0.08070105695564625,1.586267843193268
0.46805390046682044,0.3934176526587781,1.6991931979813764
0.6905759017462081,0.3934176526587781,1.5251757899342242
0.7613839591371239,0.3934176526587781,1.8347379547769676
0.4092923047447893,2.0578769523689964,1.033133462193211
0.505301832484368,2.0578769523689964,1.2683783652771479
0.6563271309869197,2.0578769523689964,1.469648356402692
0.3306016254742008,0.3934176526587781,1.07660361631371
0.674326275734104,0.08070105695564625,1.7059066693266582
0.6504435119404829,0.3934176526587781,1.3936634140556408
0.3617526124238972,2.0578769523689964,1.2726679902681441
0.36517146244461074,2.0578769523689964,1.0033788468084124
0.7387192870895241,2.0578769523689964,1.7198303117499538
0.5836397853183147,0.3934176526587781,1.8338093088728618
0.3422431056457329,2.0578769523689964,1.3950405356814986
0.43767147179518084,0.3934176526587781,1.5642179770333655
0.4635559944965983,0.08070105695564625,1.2276866259295984
0.6104009282713397,0.3934176526587781,1.622197646280133
0.5018615169407533,2.0578769523689964,1.0121374583152005
0.6912788867279254,0.08070105695564625,1.4886438970987586
0.4564362297119641,2.0578769523689964,1.6442054818406922
0.5971312969273219,0.08070105695564625,1.918191773229734
0.5115807670905685,2.0578769523689964,1.3813358171222843
0.5175997366893573,0.3934176526587781,1.7651902029810298
0.40710493543379456,2.0578769523689964,1.5976870299435006
0.7998581875145676,0.3934176526587781,1.9270121129250806
0.6201747092019803,0.3934176526587781,1.3983776756594306
0.4910042616779078,0.08070105695564625,1.3190953398729879
0.6214594795857301,0.3934176526587781,1.8871419986941438
0.3844391438020007,0.3934176526587781,1.0492444014082891
0.47637042726637163,0.3934176526587781,1.136385392933677
0.5064093516629325,0.08070105695564625,1.0824044345840445
0.5752887630843347,2.0578769523689964,1.8431099565764026
0.5626727729539364,2.0578769523689964,1.0106074233703195
0.6206591970930868,0.3934176526587781,1.8616571554970482
0.46661221256877455,0.3934176526587781,1.4512677953712667
0.5094192471823641,2.0578769523689964,1.0040252788539707
0.39430464975888213,0.3934176526587781,1.4016451772120417
0.43970244073040654,2.0578769523689964,1.1868008410450357
0.47745383199249586,0.08070105695564625,1.6244004874721631
0.5173507919144313,0.3934176526587781,1.6793587899216464
0.6156584380100949,0.3934176526587781,1.4875275704049997
0.44665058273326386,2.0578769523689964,1.04051952543967
0.6567224442286395,2.0578769523689964,1.656128804367202
0.6019825352838732,0.08070105695564625,1.8420387836055212
0.48603744286156814,0.3934176526587781,1.7203242773264016
0.7015574273987945,2.0578769523689964,1.8299579189553186
0.39989130697836667,0.08070105695564625,1.2005095235508874
0.4515662457986551,2.0578769523689964,1.8888879396564826
0.4933886020480059,2.0578769523689964,1.322193450647963
0.38952571882403,0.08070105695564625,1.0134048142519911
0.3535334868264519,0.08070105695564625,1.8433916463290707
0.651678772267392,0.08070105695564625,1.9418212689647267
0.5454011890592051,0.08070105695564625,1.6555581974173488
0.46277521074735584,0.08070105695564625,1.2314366304634246
0.6197349493390893,0.08070105695564625,1.2517444642825304
0.5379748158711474,0.3934176526587781,1.4665928734356195
0.7407402155147689,0.08070105695564625,1.8978310796014195
0.3688035270776161,0.3934176526587781,1.1495976561475585
0.59616124174359,2.0578769523689964,1.825973669583487
0.5997827478358158,2.0578769523689964,1.2913028087051504
0.5992876594759582,0.08070105695564625,1.808586169429098
0.6795828683280899,2.0578769523689964,1.9202711976015387
0.464213885402135,0.08070105695564625,1.4274938719943202
0.36661941718045976,0.08070105695564625,1.3650506541055307
0.5445916192830816,0.3934176526587781,1.8022213189713017
0.4842174816637349,2.0578769523689964,1.529482882379394
0.6921130183423284,0.08070105695564625,1.684449048463197
0.43762402757019125,2.0578769523689964,1.6228292369611794
0.5940059678562608,0.3934176526587781,1.1528888456447963
0.7698306741162546,2.0578769523689964,1.8447903602895617
0.4021302428961677,0.3934176526587781,1.1957751114131363
0.5119195034741723,0.3934176526587781,1.932282144070781
0.5983276835270602,0.3934176526587781,1.2505712914221478
0.7447663718466373,0.08070105695564625,1.733880973273742
0.4692777338563565,0.08070105695564625,1.284655393493592
0.4355382531405959,2.0578769523689964,1.3177854085868639
0.4982704107819694,0.08070105695564625,1.3100018527823054
0.6326041307518043,0.08070105695564625,1.7478922540260833
0.4428639833070522,2.0578769523689964,1.5568151179693932
0.680397235384717,0.3934176526587781,1.882952455847497
0.351179758201133,0.3934176526587781,1.3073727192040447
0.3653066663090929,2.0578769523689964,1.6919925220567444
0.5080141798618584,0.08070105695564625,1.7529485996631107
0.42705447470503277,2.0578769523689964,1.1514821130299582
0.44237606526574713,2.0578769523689964,1.4005893573198112
0.5124630942043888,0.08070105695564625,1.482817494350411
0.4393978290454575,2.0578769523689964,1.3556873898943742
0.3957277592539297,0.08070105695564625,1.3221125959691382
0.46928219532456894,0.08070105695564625,1.686419893997642
0.612698868687369,2.0578769523689964,1.2158663976594886
0.5128757937022933,0.3934176526587781,1.7093907452511288
0.5567215714160227,0.08070105695564625,1.9350441963907306
0.5561617156883448,0.3934176526587781,1.5651975211777511
0.7193797845731803,0.08070105695564625,1.611434236739474
0.38965378680294327,0.3934176526587781,1.068932702124089
0.6521574598153694,2.0578769523689964,1.8644769036178284
0.5522106742353634,0.08070105695564625,1.2854477871998655
0.5762146143411461,2.0578769523689964,1.6150511655285649
0.3948985468198822,2.0578769523689964,1.9791121697448024
0.5991611329601033,2.0578769523689964,1.5955026005728077
0.3726339177309625,0.08070105695564625,1.7247094874643776
0.5430200155079474,2.0578769523689964,1.4453196182237518
0.5132704683067305,2.0578769523689964,1.0603658435150574
0.43846010040080174,0.08070105695564625,1.7975993494897886
0.5329296660088929,2.0578769523689964,1.0349988412639857
0.3579913875025694,0.08070105695564625,1.700657828887854
0.5306859813123017,2.0578769523689964,1.0229215731496368
0.5539003995237215,0.3934176526587781,1.8623052365766706
0.39062970638433486,2.0578769523689964,1.1576360358329807
0.3887717380713976,0.3934176526587781,1.5142714954425511
0.7042334006994005,0.08070105695564625,1.5971507044831474
0.3643213444374718,0.3934176526587781,1.457545407373412
0.39925872517713756,0.08070105695564625,1.3407634893488871
0.4604806979128684,2.0578769523689964,1.4678142961809717
0.5276856750935578,0.3934176526587781,1.3114157538811586
0.5243036856314172,2.0578769523689964,1.438122347080863
0.37699351635102935,0.3934176526587781,1.3589129909980306
0.4497720113182486,0.08070105695564625,1.5662048235071453
0.40317462689829836,0.08070105695564625,1.2379241622449835
0.4544968589868168,0.08070105695564625,1.9886565549140125
0.4866627234487557,0.08070105695564625,1.5008699533821654
0.5306583985176139,2.0578769523689964,1.1941620774145096
0.41586777567834005,2.0578769523689964,1.4770667495672725
0.5129030290142701,2.0578769523689964,1.8664151295248241
0.42154824752494086,2.0578769523689964,1.0218067931243957
0.7345883923518137,2.0578769523689964,1.679554119107289
0.6921251496655261,0.08070105695564625,1.547967796793928
0.5523531846744214,2.0578769523689964,1.1695579943701355
0.453260278655802,2.0578769523689964,1.8174764393049205
0.3588979281198841,2.0578769523689964,1.3688846223740057
0.4317904536219505,0.08070105695564625,1.2938020288155074
0.465088621727554,0.08070105695564625,1.828125191856901
0.5408389473933256,0.08070105695564625,1.6385250461916647
0.7021472219861755,0.08070105695564625,1.8982590836748243
0.6758794082048081,2.0578769523689964,1.6298837036711995
0.696211904177117,2.0578769523689964,1.7408176579321153
0.5063971166206894,0.3934176526587781,1.8364458962596129
0.49911790974411274,2.0578769523689964,1.0547396359099368
0.47978027141988877,0.08070105695564625,1.7760489588693802
0.36672904823571045,0.08070105695564625,1.6137064818495768
0.5055671526602192,2.0578769523689964,1.0695077965151931
0.3441067446733822,0.3934176526587781,1.508577921868715
0.4335388543062442,0.08070105695564625,1.0824580779839539
0.48250913853785593,0.3934176526587781,1.7359472017232225
0.5959162181972772,0.08070105695564625,1.5465017138978832
0.7086502778485031,0.08070105695564625,1.9535735374122973
0.4168062850165411,2.0578769523689964,1.1831353715717698
0.652515264900685,0.08070105695564625,1.6060334525203785
0.4167386508087984,0.3934176526587781,1.2115821345704914
0.514375352534098,0.3934176526587781,1.6140649847273982
0.6438081909804497,2.0578769523689964,1.7226497023608565
0.6297886664722232,0.08070105695564625,1.7223043293295386
0.7747901339312664,0.3934176526587781,1.8150739906826099
0.44905406968319944,2.0578769523689964,1.8535502279583167
0.49712687053176635,0.3934176526587781,1.0772717262671772
0.5299414445981708,2.0578769523689964,1.343267157072404
0.7119885275621617,0.3934176526587781,1.6871225203598057
0.3958692263133034,0.08070105695564625,1.4985862873912121
0.5434002741065815,0.3934176526587781,1.1906759467547916
0.5510457993262596,0.3934176526587781,1.552709570166698
0.4294260921397938,2.0578769523689964,1.4074356527661438
0.4935517024947294,2.0578769523689964,1.390038277654305
0.4922300474526433,2.0578769523689964,1.809753717435664
0.5309857856471509,0.3934176526587781,1.4075983338321811
0.5424126743598978,2.0578769523689964,1.0264545054804242
0.470375638535556,0.08070105695564625,1.0580633388910914
0.6287126960009546,2.0578769523689964,1.8562440416916202
0.5946792321353881,2.0578769523689964,1.9606008100125214
0.3659184219595072,0.08070105695564625,1.6884093364557076
0.41192510742391236,2.0578769523689964,1.36436829410008
0.5790069721185244,2.0578769523689964,1.9386003157947274
0.46719247420988164,0.3934176526587781,1.6628030863757357
0.42927822226716766,0.3934176526587781,1.8443335491993378
0.5590068468020934,2.0578769523689964,1.7658523040370093
0.4425145701004155,0.08070105695564625,1.3791393157725924
0.43024427903962065,2.0578769523689964,1.4787022008507855
0.4618728967978856,2.0578769523689964,1.1861321543680994
0.37551337713385347,2.0578769523689964,1.292014100440734
0.7398224370199047,0.3934176526587781,1.7781256612865217
0.7417596782767806,0.08070105695564625,1.8939783918831083
0.6362277804689964,0.08070105695564625,1.7244604232514118
0.3763063488792448,0.08070105695564625,1.4651736966566382
0.5279178755327533,0.3934176526587781,1.0865092689397475
0.5295873401560346,0.3934176526587781,1.0569479486984483
0.5867577882122494,2.0578769523689964,1.3743255646128538
0.3789244551091391,0.3934176526587781,1.463821718767663
0.5891579334043204,2.0578769523689964,1.6091206222132968
0.5246611358976101,0.3934176526587781,1.0064895213869973
0.6268466237761641,2.0578769523689964,1.9897228904663065
0.545384812066724,0.3934176526587781,1.363938883404043
0.5510811488535997,0.08070105695564625,1.8480946638011213
0.5337429524764388,2.0578769523689964,1.5349667056654044
0.33963782139432935,0.3934176526587781,1.1304394545333465
0.6213091330013804,0.3934176526587781,1.7975655525345218
0.3790528522473839,2.0578769523689964,1.709827074919876
0.49864921457779704,0.3934176526587781,1.5274360849292279
0.4458371091827436,0.08070105695564625,1.51455309133378
0.46907779081800965,2.0578769523689964,1.0874796057509282
0.3969789491716865,2.0578769523689964,1.655848948573874
0.6657923029019757,2.0578769523689964,1.9112451557542998
0.5342859316328246,2.0578769523689964,1.0932449192213585
0.3828153772664313,2.0578769523689964,1.263511450648905
0.39832434250490717,0.08070105695564625,1.902307973442099
0.37877578558690383,2.0578769523689964,1.2843439098197933
0.6888799472878837,0.08070105695564625,1.6539436721799263
0.5335315150675728,0.08070105695564625,1.534818164943144
0.519923617261716,0.08070105695564625,1.5963276050038622
0.373888703193531,2.0578769523689964,1.4157889015772531
0.5346870448226099,0.08070105695564625,1.299991470553711
0.5425462706971295,2.0578769523689964,1.048533450729669
0.6900977906872743,0.08070105695564625,1.744280939294164
0.6066567450974691,2.0578769523689964,1.7460934621942268
0.37479269717652175,0.3934176526587781,1.6707257400787232
0.3880587300841059,0.3934176526587781,1.6436337881196206
0.34799451349717925,0.08070105695564625,1.2437171321675262
0.389515904806859,0.3934176526587781,1.0223449337662913
0.406946046919785,0.08070105695564625,1.8087153968854397
0.4320358683729678,0.08070105695564625,1.4911385356958269
0.4541973287257056,0.08070105695564625,1.3068381307026185
0.574610786589761,0.3934176526587781,1.1019319067805702
0.4814175775125308,0.08070105695564625,1.0627215909013885
0.6028208411325452,0.3934176526587781,1.3488667217951773
0.6532271622918394,0.3934176526587781,1.8047370647669405
0.4029139683989483,2.0578769523689964,1.9187237493338305
0.6829644462836773,0.3934176526587781,1.8967513646130647
0.4772427036491186,2.0578769523689964,1.9200008347496549
0.64127336827503,0.08070105695564625,1.9077253431293428
0.46456245177476796,0.08070105695564625,1.5272247516003958
0.6201842996132927,2.0578769523689964,1.219415638556904
0.4609653310950499,0.08070105695564625,1.7980465828368204
0.4127083458966298,2.0578769523689964,1.213712974852579
0.612878398412759,2.0578769523689964,1.2672072767565692
0.3404047118899436,0.08070105695564625,1.2332543218225485
0.5909991514661342,2.0578769523689964,1.514982403695806
0.5623776483980246,2.0578769523689964,1.32182750816908
0.5588411163708297,2.0578769523689964,1.1541560496253416
0.6746028233223477,0.08070105695564625,1.4531734118938824
0.7851103180826368,0.08070105695564625,1.873907238785167
0.36656994737237847,0.08070105695564625,1.5705528549499723
0.7175863372539448,0.08070105695564625,1.878335605887587
0.514697567477535,0.08070105695564625,1.1958721850791374
0.5097106806021515,0.3934176526587781,1.166973873672554
0.3903582876452301,0.3934176526587781,1.5755771256984201
0.5648267367382913,2.0578769523689964,1.463328901546273
0.7318873445711569,0.3934176526587781,1.6601726416469569
0.7371573615559263,0.08070105695564625,1.7946267910267815
0.5298050252458721,0.08070105695564625,1.7513072956521765
0.37065548145947647,0.08070105695564625,1.942261173658561
0.4575840588116631,2.0578769523689964,1.3982564091570115
0.5679135711904283,2.0578769523689964,1.2063867422481809
0.5997581441869725,2.0578769523689964,1.5509126399478856
0.4502165396277751,2.0578769523689964,1.1107431201911857
0.3515032639672405,2.0578769523689964,1.2888511233316313
0.4543068296767174,2.0578769523689964,1.2078880552631444
0.4926829975161979,0.3934176526587781,1.3965637167970808
0.5731885520584394,0.08070105695564625,1.1112165750022154
0.48350950702107726,0.3934176526587781,1.0318417445480979
0.46714033665178767,2.0578769523689964,1.6567940046300318
0.5440475224933737,0.08070105695564625,1.6102489782898048
0.37273954373459844,0.08070105695564625,1.7083589360386613
0.7280354672794336,0.08070105695564625,1.660386440271344
0.4246241195836932,0.3934176526587781,1.1142946811423835
0.4806450700623812,0.08070105695564625,1.2910788813756464
0.4250803686382598,2.0578769523689964,1.1295266099003523
0.6485926497222466,2.0578769523689964,1.8429724020485632
0.6218152983706363,0.3934176526587781,1.7469036553555233
0.535307282355512,0.3934176526587781,1.2015270029182425
0.4212127603714095,2.0578769523689964,1.3413092404898934
0.5005623357982347,0.3934176526587781,1.9666149922642142
0.3902578025722897,0.08070105695564625,1.5941593578796516
0.6290412793175119,0.3934176526587781,1.8011555973011573
0.34595802693530997,0.08070105695564625,1.264591034768729
0.5033890639982641,0.08070105695564625,1.2100529201793053
0.7166614303967725,0.08070105695564625,1.7839169288465484
0.7019650084928855,0.08070105695564625,1.6858724552314401
0.5244401706728307,0.08070105695564625,1.6809779292117637
0.5109076376853409,2.0578769523689964,1.552634581829194
0.3706101887552145,2.0578769523689964,1.5635783427765488
0.6232466672509238,2.0578769523689964,1.7356975053062538
0.5807358664938674,0.08070105695564625,1.2700024811211952
0.4147404612804718,0.3934176526587781,1.3527684658569559
0.5378143564782913,0.3934176526587781,1.871636770520055
0.5949035762628461,0.08070105695564625,1.3088652010121578
0.6632617057868994,0.3934176526587781,1.546309571379299
0.44411945950748954,0.08070105695564625,1.7026394640066842
0.6157904722999311,0.3934176526587781,1.9999248268331766
0.40407628900397097,0.08070105695564625,1.435291331495332
0.37289932438153794,0.3934176526587781,1.4280928766249437
0.7486665321179897,0.3934176526587781,1.8425883794336675
0.7006512592533898,2.0578769523689964,1.8055031112598634
0.6590858575265705,0.3934176526587781,1.7310758817345486
0.35628666799480263,0.3934176526587781,1.4632296374090288
0.5998832375741429,0.08070105695564625,1.3239391201607158
0.5104974330178234,0.3934176526587781,1.6087304825848485
0.5031968220711764,0.3934176526587781,1.876223293131641
0.5954485897468577,0.3934176526587781,1.8837774582085864
0.353756374726073,0.3934176526587781,1.1084983450704384
0.5944307729763229,0.3934176526587781,1.4283502838131508
0.5415670924679212,2.0578769523689964,1.4647219561987495
0.44094992296880203,0.3934176526587781,1.9776153675237533
0.4201238616510886,0.08070105695564625,1.6779980152425846
0.3992784661683284,0.08070105695564625,1.4072464172620704
0.34144326327308694,0.3934176526587781,1.026057885985593
0.5603713846923046,0.3934176526587781,1.565385160099196
0.5466140351155447,0.3934176526587781,1.0960759756383562
0.35694288251009876,2.0578769523689964,1.834449957347763
0.36752404063777094,0.08070105695564625,1.7525186605703622
0.5375188673958581,2.0578769523689964,1.4605091599081788
0.6158864697449747,2.0578769523689964,1.4292107795416997
0.49843794312789796,0.3934176526587781,1.8973389655687687
0.44120407985309895,0.3934176526587781,1.2884583504181284
0.5096461814057943,0.08070105695564625,1.2490199621067708
0.4786193850212631,0.3934176526587781,1.939197432825762
0.3600800253932383,0.08070105695564625,1.8092458367534827
0.6671366782344923,2.0578769523689964,1.8206255930671946
0.5087442574254755,0.08070105695564625,1.1951938142759255
0.48742968511892376,0.08070105695564625,1.1432959914309344
0.506743905386024,0.08070105695564625,1.0260295498171348
0.5306589357846014,2.0578769523689964,1.2370415089186801
0.4344993569628861,2.0578769523689964,1.7741904917143247
0.43667161567810875,0.3934176526587781,1.2400384187641498
0.3982917240412764,0.3934176526587781,1.7291032835948763
0.37213906720170914,0.08070105695564625,1.2519082653674216
0.5609452559606344,0.08070105695564625,1.3952924979506718
0.7584864902185817,2.0578769523689964,1.9831622899114083
0.6166891930904433,2.0578769523689964,1.2448117312841356
0.5417686899853266,2.0578769523689964,1.3763706272982676
0.39168217057353355,0.08070105695564625,1.3010871804652138
0.3575508593068132,0.08070105695564625,1.1096249863300023
0.6271396772292999,2.0578769523689964,1.489894142130825
0.5259975972836956,0.08070105695564625,1.3786906633330023
0.5944390262268128,2.0578769523689964,1.69488708580728
0.6864942898108196,0.3934176526587781,1.8175945469515462
0.5991054522394476,2.0578769523689964,1.5442497144956384
0.5305465108693778,0.08070105695564625,1.032196422087337
0.3651425452180323,0.08070105695564625,1.6189223562347217
0.5142241970257616,0.08070105695564625,1.0553907300209393
0.6698558136387766,0.08070105695564625,1.616356323599025
0.4598045918757732,2.0578769523689964,1.6850299492691885
0.5133854187834767,2.0578769523689964,1.1977676276175184
0.48477495591084807,0.3934176526587781,1.819346148721771
0.7868254515311399,2.0578769523689964,1.9110851315740485
0.36314455633710885,0.3934176526587781,1.8130869641138196
0.5140930543334011,2.0578769523689964,1.3051091902120822
0.4053588169796683,2.0578769523689964,1.5866430124456343
0.6758544967634313,0.08070105695564625,1.9148151491912277
0.39050901312148806,0.3934176526587781,1.32066472622285
0.45076193017438215,0.08070105695564625,1.8200278222654251
0.44462154401182086,0.08070105695564625,1.0094751312616965
0.5430173701251179,2.0578769523689964,1.0036467027846763
0.4358326690035137,2.0578769523689964,1.7597116603389673
0.40772742277196344,0.3934176526587781,1.7614475821271212
0.6707831114352838,0.3934176526587781,1.7889771878522938
0.581718433144399,2.0578769523689964,1.9300268378881622
0.5704435627747516,0.3934176526587781,1.1179063118202843
0.37585981465518986,2.0578769523689964,1.2319849849836884
0.6436387069578339,2.0578769523689964,1.9037249203738076
0.3964297498090057,2.0578769523689964,1.1772361977723533
0.40785732776194145,0.3934176526587781,1.682229267576584
0.5891986806097091,0.08070105695564625,1.5304630000408155
0.4807150090523372,0.3934176526587781,1.0831936768515074
0.5639766669461339,0.08070105695564625,1.2852636619415327
0.45246163411057705,0.3934176526587781,1.5203722164409679
0.5470879425592606,0.08070105695564625,1.852350116683834
0.5103548417940097,0.08070105695564625,1.7075384896146737
0.7224219604078156,0.3934176526587781,1.621883161454933
0.44389227026124023,0.3934176526587781,1.4960328899414148
0.42551100703113853,0.08070105695564625,1.2986839838141342
0.42373140248263363,2.0578769523689964,1.119244911319261
0.5263200241787775,0.08070105695564625,1.4090760345660955
0.3888158845226677,0.08070105695564625,1.0285184939112926
0.5943918419083039,2.0578769523689964,1.2110558892668506
0.4287059841476543,0.08070105695564625,1.4324833758726598
0.6391508217905099,2.0578769523689964,1.418605185671915
0.353605873007086,2.0578769523689964,1.0442954309969923
0.5902815235513661,0.3934176526587781,1.5890601535252913
0.6750412996730009,0.08070105695564625,1.5496842558532362
0.37193069435586357,0.08070105695564625,1.0781043040209128
0.7998715935055701,2.0578769523689964,1.9431630524604393
0.4469820664281736,0.08070105695564625,1.0993827789508601
0.7669381028049846,2.0578769523689964,1.854834151237336
0.4862035216938317,0.08070105695564625,1.000309731915006
0.4855913531923823,0.08070105695564625,1.882281095045383
0.37268676208477214,2.0578769523689964,1.0197197322043126
0.4741180541690277,2.0578769523689964,1.757812031892116
0.3666377229155708,0.08070105695564625,1.361690811300253
0.4061452383924669,0.08070105695564625,1.7382168001363199
0.3724711534100303,2.0578769523689964,1.4017452054249784
0.4355626623625824,0.3934176526587781,1.0709079223318416
0.6816566309142518,0.3934176526587781,1.767506695395364
0.3645639805485743,0.08070105695564625,1.0712526853213649
0.41124341201152126,0.08070105695564625,1.9221204359612178
0.4875549206621417,0.08070105695564625,1.0509740357916613
0.4089400081396902,2.0578769523689964,1.4793252777715153
0.38628045265239125,0.08070105695564625,1.7230344308507957
0.3925430446001115,0.08070105695564625,1.3932464647920377
0.5983455107511886,0.08070105695564625,1.2172334745924347
0.6906413731441878,0.3934176526587781,1.759090961396027
0.4981052138607252,0.08070105695564625,1.7842947047887265
0.6516217944994387,0.08070105695564625,1.9226949839543672
0.5120657081279788,2.0578769523689964,1.3761651104310777
0.5823146385784918,0.3934176526587781,1.5062517344973267
0.5569359868099091,2.0578769523689964,1.363128442846072
0.5206410679355359,0.08070105695564625,1.2570818218513682
0.45778427546192246,0.08070105695564625,1.7510329615376086
0.3484352531768278,0.08070105695564625,1.3396518450169554
0.4925433412813438,0.08070105695564625,1.428149441992352
0.6339207962333568,0.08070105695564625,1.4036736576240278
0.5777150532147424,2.0578769523689964,1.712661225646746
0.7312654897545688,0.08070105695564625,1.9177956261106797
0.737238810698404,0.08070105695564625,1.6667560613073773
0.3966595234982774,0.3934176526587781,1.4715825960942326
0.6403231113725321,0.3934176526587781,1.7792051147388834
0.6067849403876955,0.08070105695564625,1.6409713241221375
0.5733555772851128,0.08070105695564625,1.0606103571178136
0.5840234570901462,0.08070105695564625,1.0956635864188415
0.4957478528274716,0.08070105695564625,1.0379169440736333
0.42329577553184194,0.08070105695564625,1.4568163262063198
0.6956889533876431,0.08070105695564625,1.8258534343389647
0.368599692150815,2.0578769523689964,1.313083169351352
0.593077656595762,2.0578769523689964,1.3841601830924817
0.7647129863614182,2.0578769523689964,1.9094771083678905
0.5165621033069944,0.3934176526587781,1.8369034453166548
0.5940799831530708,0.08070105695564625,1.66504811238256
0.4629126102226626,0.3934176526587781,1.2668037820922513
0.44539914880427683,0.3934176526587781,1.1170414826884434
0.40160048778012647,0.3934176526587781,1.0160588226801137
0.5287098997852459,2.0578769523689964,1.1070106726044209
0.6209303494632518,0.08070105695564625,1.2925964436239428
0.6879846812889991,0.08070105695564625,1.5517900635794957
0.3724915402527223,0.3934176526587781,1.0640000827523868
0.5650308936108778,2.0578769523689964,1.1362277783184491
0.53740133775463,0.3934176526587781,1.181080702307941
0.44183177769011783,0.3934176526587781,1.6319820929833062
0.36926143621099605,0.08070105695564625,1.6157897989801244
0.4402892027397603,2.0578769523689964,1.5507657263721528
0.6032313268050766,0.08070105695564625,1.2505014246959396
0.5424016224714595,0.3934176526587781,1.371119691218732
0.5159238409669117,0.08070105695564625,1.096689716337743
0.40753935916336004,0.3934176526587781,1.226460603758055
0.675697251630308,2.0578769523689964,1.8977052264725804
0.3664458043830958,0.08070105695564625,1.9796917464358286
0.4911129864511186,0.08070105695564625,1.6476595856402947
0.6372840432717527,0.08070105695564625,1.91682329202342
0.4011517118306747,0.08070105695564625,1.642741900401425
0.5279889802404354,0.08070105695564625,1.0331964861054699
0.4653419473641831,2.0578769523689964,1.996762584986409
0.4985656114464617,2.0578769523689964,1.098952301686535
0.5071479097204445,0.08070105695564625,1.6826418014450608
0.5102066818983749,0.3934176526587781,1.2528362030747902
0.3728832913831918,0.3934176526587781,1.3919811129069601
0.3508754868560673,0.08070105695564625,1.6459341848009381
0.6481653850236768,0.08070105695564625,1.436487349307707
0.4133624955979861,2.0578769523689964,1.2505460589311284
0.5947060943397808,2.0578769523689964,1.3344461868783246
0.6533284720897358,0.08070105695564625,1.3415481169231764
0.45121913979739703,0.08070105695564625,1.9593239045082136
0.46170864452644367,0.3934176526587781,1.798613015923451
0.5683298733941473,2.0578769523689964,1.4585487714794
0.605823813947915,0.08070105695564625,1.1998209203413641
0.7429148075216732,2.0578769523689964,1.8110161102626559
0.4684810115277023,0.08070105695564625,1.1571824716083734
0.5598924863970117,0.08070105695564625,1.2104622171420034
0.3806644792329099,0.08070105695564625,1.3660133918401511
0.7876170500024764,0.08070105695564625,1.88034819585199
0.5878930530949912,0.3934176526587781,1.1317866686341103
0.37357647685990275,0.08070105695564625,1.122234192854526
0.4462328839823643,0.3934176526587781,1.493974988305266
0.36459907942246383,0.3934176526587781,1.2764105410936746
0.44331351617557946,0.08070105695564625,1.5687279416481599
0.619694867845495,2.0578769523689964,1.4516366846832236
0.46721440379316204,2.0578769523689964,1.4349591063512168
0.353150873537202,0.08070105695564625,1.1119729704869932
0.42286021969498067,0.08070105695564625,1.1410496902498402
0.7737876428243923,0.08070105695564625,1.82107857744685
0.6331003390359706,2.0578769523689964,1.8858827375717444
0.45464773278418646,2.0578769523689964,1.2346835328852501
0.37373323432814975,0.08070105695564625,1.1134605015247692
0.5730084721049539,2.0578769523689964,1.0534166719345106
0.6565379750224628,0.3934176526587781,1.6082976137418967
0.46080775553609543,2.0578769523689964,1.7153532125002056
0.3597273568632203,2.0578769523689964,1.3728099892032055
0.36775480924421233,0.08070105695564625,1.6796758674906396
0.3950373355604511,0.3934176526587781,1.7129588155595261
0.619402899293595,0.08070105695564625,1.9353422813969052
0.5616376642074344,2.0578769523689964,1.0648736378351074
0.47194629802893107,0.3934176526587781,1.19229172323108
0.5409551258446224,0.08070105695564625,1.0685259875969881
0.5482680497679973,2.0578769523689964,1.8679939333361104
0.6500704024066126,0.3934176526587781,1.7925871600335685
0.6157477766867323,0.08070105695564625,1.574642070621839
0.37363660131838883,0.3934176526587781,1.0836634100511833
0.44301546044366547,2.0578769523689964,1.2733123586537196
0.5305107366130585,0.08070105695564625,1.297719848058517
0.368159675942172,2.0578769523689964,1.5607431960154172
0.4413750968656401,0.3934176526587781,1.2580438940367156
0.4640959610584102,2.0578769523689964,1.072959863912955
0.7561277106431902,0.3934176526587781,1.7307623018532994
0.4807558730265835,0.08070105695564625,1.2990802116554114
0.6198942610757912,2.0578769523689964,1.4523741770233007
0.44528852302836813,0.08070105695564625,1.1276666349823055
0.6896559797452113,0.08070105695564625,1.8025483033945795
0.5632244255719199,0.08070105695564625,1.5655318769240576
0.752097933768015,0.08070105695564625,1.901585626209863
0.4859122404231626,2.0578769523689964,1.4954715630653332
0.6312871166314816,2.0578769523689964,1.9414256718178797
0.6343189061295387,0.08070105695564625,1.891868204381326
0.4985027881351791,0.08070105695564625,1.576459856459234
0.41836490690222744,0.3934176526587781,1.9338934381498634
0.36490973688443396,0.08070105695564625,1.3230887472945523
0.34215588885250287,0.3934176526587781,1.3656421627042112
0.5431879651941703,0.3934176526587781,1.045477951306037
0.4319126596039425,0.08070105695564625,1.589200906763853
0.4328100199255369,2.0578769523689964,1.7219239699289335
0.6578756943715842,0.3934176526587781,1.7735191902421032
0.41779323373635063,2.0578769523689964,1.1498162860461032
0.5119977830010803,0.08070105695564625,1.4441590723125004
0.376853941960695,0.08070105695564625,1.1768632120939158
0.7234298518040364,0.08070105695564625,1.662127348854249
0.5638593375290731,0.08070105695564625,1.157946372421768
0.7423885727564907,0.3934176526587781,1.904163683956075
0.4514047385892843,0.3934176526587781,1.2306346456614135
0.5675571110855143,2.0578769523689964,1.291402266288245
0.41306845126215164,2.0578769523689964,1.8509063221509998
0.34222966941610167,0.3934176526587781,1.458467610145724
0.3324379484551282,0.08070105695564625,1.0239959458000731
0.5480311405979704,2.0578769523689964,1.4945862512026458
0.4456083017280956,0.3934176526587781,1.084543335380123
0.5980863915597623,2.0578769523689964,1.9853447186873106
0.34553223754960466,0.3934176526587781,1.5881115704556024
0.4593598080209453,0.08070105695564625,1.2565326176109783
0.608409715964827,0.3934176526587781,1.5637176795476178
0.441339130309535,2.0578769523689964,1.0768671033817547
0.6616233447981,0.3934176526587781,1.799891304268817
0.4584656484600502,2.0578769523689964,1.9253280538641637
0.7128353029027548,2.0578769523689964,1.8744443882061597
0.5229331245318164,2.0578769523689964,1.341757602298563
0.4017982666061595,0.08070105695564625,1.3257681196433686
0.3855899600678512,0.08070105695564625,1.0350876112163
0.5906209419488659,0.3934176526587781,1.6514003587009167
0.6433748035669518,0.3934176526587781,1.534904784189795
0.48299059664694816,2.0578769523689964,1.4593463713273414
0.46847014597313524,0.08070105695564625,1.907630953334707
0.5704144497868993,0.3934176526587781,1.1678789010828463
0.4861854732956286,0.3934176526587781,1.0096662666901823
0.4422287198705053,0.08070105695564625,1.0733164521207654
0.47394059073733996,2.0578769523689964,1.2233714378273688
0.3775445413430121,0.3934176526587781,1.033285549263457
0.5637403687259188,2.0578769523689964,1.5028437106431354
0.4468850307973573,0.08070105695564625,1.3140904552335781
0.6092237996142928,0.08070105695564625,1.1804830080681326
0.5467125426996892,0.3934176526587781,1.7500840749486621
0.4706383433538349,0.3934176526587781,1.20445132623253
0.5721473215771438,0.08070105695564625,1.6876051009937934
0.6290221996758512,2.0578769523689964,1.349264905847639
0.6277072975173117,2.0578769523689964,1.5118277606625545
0.5595163093055617,0.08070105695564625,1.9338670398513198
0.5034572538482315,0.3934176526587781,1.037351634815813
0.5488549745016352,0.08070105695564625,1.5002645074774619
0.5669419669944162,0.3934176526587781,1.8544229603276183
0.4151727399974674,2.0578769523689964,1.5879742483703485
0.4744248735822358,0.3934176526587781,1.2768705169651566
0.4189734374796604,2.0578769523689964,1.3976811351450342
0.7101917070997449,0.08070105695564625,1.6802656287285744
0.5016475508500726,0.3934176526587781,1.890811894313803
0.5614345912248363,2.0578769523689964,1.0410663737466117
0.4634347105614065,0.3934176526587781,1.0715388218903765
0.5336321000622233,2.0578769523689964,1.3250515236095874
0.4913264990801044,2.0578769523689964,1.232779684437479
0.37275234681029235,0.08070105695564625,1.264930886222406
0.44130865456178087,0.08070105695564625,1.221269998625881
0.36021428684150003,0.3934176526587781,1.1958250488551578
0.4965690474879052,2.0578769523689964,1.1306239668692917
0.5575700777904864,0.08070105695564625,1.933954131795238
0.5408074922633074,0.3934176526587781,1.144189463906153
0.39515147339732676,0.08070105695564625,1.2044037747655363
0.38203226516663696,0.3934176526587781,1.2462657239807857
0.538800670797512,0.08070105695564625,1.9330148731304204
0.7337315231188297,0.08070105695564625,1.7557141336010846
0.6502822487478519,2.0578769523689964,1.7896994303155147
0.4388694595572942,2.0578769523689964,1.1047582595384982
0.575182192694919,0.08070105695564625,1.8363098750156717
0.3659877695874205,2.0578769523689964,1.408193081817418
0.6278661890045774,0.08070105695564625,1.2628230262123887
0.5915009062890567,0.3934176526587781,1.5757500835203104
0.4726087047855332,0.08070105695564625,1.8221829058167338
0.5954255792500787,0.08070105695564625,1.7786521510749094
0.40000923021732127,0.3934176526587781,1.889997482581132
0.7948220767499619,0.3934176526587781,1.928132186015444
0.3844807052628271,2.0578769523689964,1.2381220714277497
0.5568629082482724,0.3934176526587781,1.4238578941692717
0.38596086090154946,2.0578769523689964,1.01462853920507
0.67120409570158,0.08070105695564625,1.87932165926506
0.5427136086245817,0.3934176526587781,1.1545721514747675
0.6481045318466703,0.08070105695564625,1.8614748123426943
0.5290471988583064,2.0578769523689964,1.3293873219865964
0.6258283440756709,0.3934176526587781,1.3681335899811382
0.34726154605272214,2.0578769523689964,1.0391322544838593
0.4395974822519348,2.0578769523689964,1.3268787897653196
0.46225931386503866,0.3934176526587781,1.888363682801264
0.5660873638879211,0.3934176526587781,1.0255474011216041
0.467527599617615,2.0578769523689964,1.4063274730467255
0.5056449274147508,0.3934176526587781,1.031399629812741
0.5590925665284059,2.0578769523689964,1.370923425109065
0.39029353235212827,0.08070105695564625,1.1726406407802912
0.40445173971067894,0.08070105695564625,1.2522183932683721
0.47606089675575963,0.3934176526587781,1.877598373161419
0.4785044285603123,0.3934176526587781,1.436049220621891
0.4048642812367222,0.08070105695564625,1.2737979914019122
0.35016330990149347,2.0578769523689964,1.5893383779505479
0.5676791626934685,2.0578769523689964,1.1421069598325824
0.6213159480006691,2.0578769523689964,1.2593916074208558
0.4668565902420292,0.3934176526587781,1.5462479676028886
0.43230529639505283,2.0578769523689964,1.237523041848069
0.34798316306018806,0.3934176526587781,1.6791277374008733
0.5806180234570743,0.3934176526587781,1.4914913022595226
0.6952091749330388,0.3934176526587781,1.771989070254691
0.4203120130636041,0.08070105695564625,1.9482445357224685
0.3720822770898714,2.0578769523689964,1.1158048893474077
0.5854107864772085,0.3934176526587781,1.334665009984545
0.5278871290713028,2.0578769523689964,1.3195490628784066
0.3432116383531767,0.08070105695564625,1.1511829193372543
0.6165461816292482,2.0578769523689964,1.8103031373334708
0.47649168184510987,0.08070105695564625,1.75987870403879
0.46967059632470404,0.3934176526587781,1.484425470834399
0.6220684068281404,0.3934176526587781,1.5377707777946097
0.5309049322888232,0.08070105695564625,1.0595441380024964
0.48955446603018615,0.3934176526587781,1.5555073523270457
0.751391012723977,2.0578769523689964,1.7913415240196364
0.4940907099039857,2.0578769523689964,1.5738275735838572
0.5649012967475426,0.08070105695564625,1.265306370120419
0.5364222123018427,2.0578769523689964,1.6675482723343373
0.6258537684382901,0.3934176526587781,1.3614884299652477
0.6741459603998382,0.3934176526587781,1.5448732842857353
0.3708508689905182,0.3934176526587781,1.4875653632789247
0.6433741702903675,2.0578769523689964,1.3811750009651802
0.6832692274122175,0.3934176526587781,1.7188779803941352
0.7051538468296314,2.0578769523689964,1.8838761119858818
0.3746216392648958,0.08070105695564625,1.005212518476925
0.7223153435329523,0.3934176526587781,1.9336165192303674
0.6453102224076801,0.08070105695564625,1.5115151360832249
0.4625246265055659,2.0578769523689964,1.7007318803632652
0.7700269879408861,2.0578769523689964,1.855624566175877
0.3568160933030858,0.08070105695564625,1.46710369231427
0.4147219860718352,0.3934176526587781,1.8349740733648903
0.4811487849806586,0.3934176526587781,1.1776198194552023
0.4887166545764311,0.3934176526587781,1.1591675344798145
0.5984380311124881,0.08070105695564625,1.6574713688561535
0.3578130707184301,2.0578769523689964,1.8701430055517372
0.7830998224240047,0.08070105695564625,1.8924261775360394
0.3616063673668073,2.0578769523689964,1.6437404583772466
0.39279133159513746,0.3934176526587781,1.5254892302093175
0.34026507652943794,0.3934176526587781,1.331393087696516
0.6202898173580487,2.0578769523689964,1.9800004155993314
0.6265446003146771,0.3934176526587781,1.3196956866662504
0.6228485986965685,0.08070105695564625,1.7441861072315932
0.6400669898313286,2.0578769523689964,1.5319817999050007
0.34833555283426093,0.3934176526587781,1.6085123425253467
0.516333114111742,0.3934176526587781,1.393480550588626
0.5676502024634691,0.3934176526587781,1.9648231254722477
0.528312325157503,0.3934176526587781,1.5716823260992712
0.38536696314088126,2.0578769523689964,1.93778763045879
0.48938996284061603,2.0578769523689964,1.0075914161739141
0.5300439930259269,0.3934176526587781,1.572670583191121
0.6582579322361076,0.08070105695564625,1.7171868897252716
0.5481173718614148,0.08070105695564625,1.745080171162218
0.4188832348724619,0.08070105695564625,1.9049768817816815
0.4802327766006917,0.08070105695564625,1.0044016090037862
0.36754456445073,2.0578769523689964,1.0003301592594764
0.6439909107090238,2.0578769523689964,1.4722634607952152
0.4762732305353839,0.08070105695564625,1.0292937050053705
0.426921865449194,2.0578769523689964,1.9745325536623746
0.6106929765469676,0.08070105695564625,1.222065174541392
0.5205341972536698,0.3934176526587781,1.4726647293648447
0.34683563553956054,0.3934176526587781,1.0611376300122237
0.5671640618322056,0.08070105695564625,1.5220484161712586
0.41986073253111933,2.0578769523689964,1.3799561251474084
0.5258190961134707,0.08070105695564625,1.0446600288772236
0.5942721806625463,2.0578769523689964,1.3351242666962246
0.6599483283703839,0.3934176526587781,1.3914360202228555
0.5911338923862836,2.0578769523689964,1.9899214912749401
0.4623105287223468,0.08070105695564625,1.2078858719193755
0.617599769078632,0.3934176526587781,1.5447796153700997
0.4160508611859786,0.3934176526587781,1.9873155491986285
0.5811047353841552,2.0578769523689964,1.7920192079401351
0.6126948090397558,0.3934176526587781,1.9933675008820888
0.39479758431347645,0.3934176526587781,1.9682983146601694
0.4876524823386915,2.0578769523689964,1.4895395420941542
0.6893729641676102,0.3934176526587781,1.6963758498705657
0.5540431820540912,0.08070105695564625,1.110443126941151
0.37266732871389563,2.0578769523689964,1.4411488250468019
0.38764012944657106,2.0578769523689964,1.8090185422666973
0.43424956776968904,2.0578769523689964,1.5053353209771434
0.6995281912437666,2.0578769523689964,1.702699032817232
0.4004009620232356,0.08070105695564625,1.745751329984277
0.5470295050234006,2.0578769523689964,1.2534691412428938
0.39554000926843,0.08070105695564625,1.8756993729425655
0.5548276549494346,2.0578769523689964,1.459822430909179
0.43436358560190097,2.0578769523689964,1.2101851036215439
0.7000789112348298,0.3934176526587781,1.8654158817884436
0.4166320103084335,0.3934176526587781,1.4178188061062538
0.6128729582770911,0.08070105695564625,1.7503124383797197
0.42817575945424613,0.3934176526587781,1.548033072221593
0.5706561897855824,2.0578769523689964,1.3818717522345003
0.7245061217497432,0.08070105695564625,1.8098764150385693
0.3902891496887937,0.3934176526587781,1.584469931644613
0.6227309996870604,2.0578769523689964,1.3905621024270318
0.48516796858018474,0.3934176526587781,1.109597870335127
0.40824542813162445,0.3934176526587781,1.8954453137667078
0.43212550897311797,0.3934176526587781,1.0354695853416667
0.42134712278744835,0.3934176526587781,1.863187348368056
0.5620197943475328,2.0578769523689964,1.3599615248831554
0.6393863234959013,0.3934176526587781,1.6393387635014058
0.4000345899966149,0.08070105695564625,1.9221997238356852
0.4685582487528483,0.08070105695564625,1.1517066155038984
0.6449448223645415,0.3934176526587781,1.5669504756388102
0.7399257671045999,0.08070105695564625,1.764432862370192
0.5617009667415113,0.3934176526587781,1.7575838327190574
0.6848053826966265,2.0578769523689964,1.5256319145995039
0.5502674605940301,2.0578769523689964,1.6247394599064582
0.5118627094692055,0.08070105695564625,1.7575269941328444
0.7207435779725633,0.08070105695564625,1.8410276377574117
0.5537407115396191,0.3934176526587781,1.7618130968758638
0.4876591760379719,0.3934176526587781,1.3540049431812426
0.5866466037523106,0.3934176526587781,1.996726401057733
0.6263452742125533,2.0578769523689964,1.4345026937193044
0.5281792439715561,0.3934176526587781,1.0244647027589333
0.4668159249455263,2.0578769523689964,1.362616951585462
0.4190382250563498,0.08070105695564625,1.1277829545738434
0.4603019114218418,2.0578769523689964,1.121442615728375
0.508043818892101,0.08070105695564625,1.2815350401068943
0.3875228172843291,2.0578769523689964,1.0533754941772608
0.6637573374924308,2.0578769523689964,1.688512188409563
0.452032949641915,0.3934176526587781,1.073988884201905
0.42733105140456185,0.08070105695564625,1.2032895554359562
0.3569792696115751,2.0578769523689964,1.0928997144941195
0.3884740528938657,2.0578769523689964,1.063167730903031
0.6185909573357806,0.08070105695564625,1.2677516655395418
0.4560535492709484,2.0578769523689964,1.57189896766037
0.4317342199505976,0.08070105695564625,1.9646855564468417
0.555877299610963,0.08070105695564625,1.8755566543496063
0.4874144889977653,0.08070105695564625,1.8759339254453247
0.34145361287178294,2.0578769523689964,1.1760670360376575
0.43067792649188696,2.0578769523689964,1.26490719349782
0.46699043424953524,0.3934176526587781,1.0763933167953057
0.5809846819921483,0.08070105695564625,1.778468339915185
0.41869510857030195,2.0578769523689964,1.069816301485562
0.5070344683057771,2.0578769523689964,1.5566956708208533
0.6183027795932506,0.08070105695564625,1.2478755723239507
0.44435773106826515,0.08070105695564625,1.2434456340287448
0.4758274779054677,0.08070105695564625,1.990725055247605
0.44885856682827296,0.3934176526587781,1.7567798069785374
0.5492897647792845,0.3934176526587781,1.8369393582910503
0.6255177687821805,0.3934176526587781,1.5719826853440126
0.44193798310001126,0.08070105695564625,1.8710142873937492
0.6213119739096987,2.0578769523689964,1.645490539166353
0.36209392574146604,0.08070105695564625,1.9461737047963452
0.46141157720448184,2.0578769523689964,1.2813385860456368
0.6365976772425905,0.3934176526587781,1.595319545782895
0.48140320988925167,0.3934176526587781,1.6901313479368922
0.5234112495675979,0.3934176526587781,1.3929373050278067
0.4421508552604696,2.0578769523689964,1.8797079824040532
0.7027675931143347,2.0578769523689964,1.9798031631041544
0.3587062779405732,0.08070105695564625,1.4937694913726616
0.618122748385875,0.08070105695564625,1.390640654804339
0.4087450333480116,0.08070105695564625,1.4719379285564587
0.7349879382697355,0.3934176526587781,1.8527367457319315
0.48195366053459676,0.08070105695564625,1.6454684255181675
0.5059200896685645,0.3934176526587781,1.044772372518095
0.45823984440159055,2.0578769523689964,1.5421699104457147
0.5442551285670519,0.3934176526587781,1.01730012274097
0.4013383960602858,0.3934176526587781,1.7785353710034055
0.39186383489405724,0.3934176526587781,1.3283122735424637
0.5115968566561183,2.0578769523689964,1.4720074821173292
0.38338305008225054,2.0578769523689964,1.798678105907632
0.376505422309187,0.08070105695564625,1.0464488172857616
0.589195184428548,0.08070105695564625,1.1585415355916104
0.6608475368135942,0.08070105695564625,1.397960376445115
0.4424508722907577,2.0578769523689964,1.2299251635455606
0.6282763519263609,2.0578769523689964,1.3379014257750632
0.6127791617770056,2.0578769523689964,1.998174737892465
0.4661211327425731,2.0578769523689964,1.8254144375738108
0.6653249133933219,2.0578769523689964,1.8839018149601086
0.6556937314546704,0.3934176526587781,1.9370546335657752
0.6499207224569352,0.08070105695564625,1.3409358803141957
0.41622339459681745,0.3934176526587781,1.2970769577964727
0.529170277041942,0.08070105695564625,1.234062492572075
0.3718296862334558,0.3934176526587781,1.8301169113081226
0.39049015137052034,2.0578769523689964,1.679551862285185
0.334447366673597,0.08070105695564625,1.2361719824828774
0.6628434096787772,0.3934176526587781,1.3769938292104549
0.6271036871485965,0.08070105695564625,1.5067117639327983
0.6261823474532217,2.0578769523689964,1.5281400572737538
0.5797248744090319,2.0578769523689964,1.8887277285517148
0.4352311609743919,0.08070105695564625,1.3805661329472163
0.41996038544403147,0.08070105695564625,1.9085240305005122
0.4359960024827234,2.0578769523689964,1.4413675603197897
0.502946160287302,2.0578769523689964,1.7463726747923538
0.699161095411835,2.0578769523689964,1.930254319985056
0.5961253646528764,0.3934176526587781,1.9075757039632664
0.3477913331825394,0.08070105695564625,1.0569528672956812
0.33762063675069004,2.0578769523689964,1.2057042949765697
0.37556173317925223,0.08070105695564625,1.476905425532275
0.47772598210584427,0.3934176526587781,1.4315542899531073
0.7076111835362987,0.3934176526587781,1.640891664837207
0.647166131053862,2.0578769523689964,1.9447090508254123
0.5402537732288039,0.08070105695564625,1.1124047112779487
0.4994965228294452,0.3934176526587781,1.4518586651342404
0.4339399333864483,0.08070105695564625,1.1924110378871393
0.39974015769605276,0.08070105695564625,1.8941075983979476
0.7622493659710029,2.0578769523689964,1.964580185801653
0.6142443187923547,0.3934176526587781,1.47870168189035
0.373512378943545,0.3934176526587781,1.1040102977281407
0.5653358840625633,0.3934176526587781,1.7852946667226732
0.5420721398597456,0.08070105695564625,1.697141350492399
0.5368608172454197,0.3934176526587781,1.3546708266103105
0.7754399589350817,0.3934176526587781,1.8874074739689635
0.6256804134329546,0.08070105695564625,1.9758318897827072
0.5415223938443333,0.3934176526587781,1.5578538491301954
0.3608111574802874,0.3934176526587781,1.5657279113442923
0.3542449183563757,0.08070105695564625,1.2975135051137778
0.41305136710549395,0.3934176526587781,1.5845060359833143
0.3498211612804187,2.0578769523689964,1.4396423205248465
0.5639732200285547,0.08070105695564625,1.3021910269280519
0.5105830184634831,0.3934176526587781,1.0671851965239014
0.3740205452372205,2.0578769523689964,1.2527078597091248
0.5687272915278089,0.08070105695564625,1.1978546496776645
0.3980919657054738,0.3934176526587781,1.5420419845539488
0.45754619195632157,0.08070105695564625,1.601670021763594
0.43830632813902093,2.0578769523689964,1.6085717243060165
0.45972630032542394,0.08070105695564625,1.388181001045679
0.42397487636641573,0.3934176526587781,1.421229733685496
0.5625189099056026,2.0578769523689964,1.83423842964064
0.4822569276980466,0.08070105695564625,1.4762328135171625
0.8200974516156068,0.3934176526587781,1.9877733321371225
0.35781932730783744,0.3934176526587781,1.439617230008865
0.4000421691091338,2.0578769523689964,1.6495809446178389
0.34139446066949986,2.0578769523689964,1.0503629989933958
0.5901069019039217,0.08070105695564625,1.6533399244188107
0.3737609851135161,0.3934176526587781,1.851426394415006
0.7387401032041372,2.0578769523689964,1.9424578385332962
0.5970123381944479,0.3934176526587781,1.9973206116397706
0.49427781113740893,0.08070105695564625,1.2821786456492332
0.5522589952554003,2.0578769523689964,1.5753700648257167
0.3977529197511306,0.08070105695564625,1.4507179855321475
0.41540119372005313,0.08070105695564625,1.563817480575171
0.4182587422552481,2.0578769523689964,1.1574529571898466
0.6118251867737909,0.08070105695564625,1.8561495725959416
0.4467578446361913,0.3934176526587781,1.9095689433445875
0.37896947828538013,2.0578769523689964,1.4496616631129227
0.6281353495533168,0.3934176526587781,1.2804298615735767
0.33666678369485187,0.08070105695564625,1.1408334276530123
0.6662180057812256,2.0578769523689964,1.6837648247778043
0.5799065711449725,0.3934176526587781,1.3122318396207353
0.4863142812014461,0.3934176526587781,1.9095385699133887
0.39874882427112956,0.3934176526587781,1.67101247484487
0.4011512355787079,0.3934176526587781,1.6456853251742407
0.5999150133702699,0.3934176526587781,1.5594021158982407
0.4864572391467342,0.08070105695564625,1.0457763394287256
0.7116589803781489,0.08070105695564625,1.9319224356855869
0.7060102390671763,0.08070105695564625,1.6279374932994601
0.6819371856413293,0.08070105695564625,1.9940619833831104
0.39818037807690077,0.08070105695564625,1.5373564047728872
0.44486360086584753,0.08070105695564625,1.7101108919062131
0.5379383892370357,0.08070105695564625,1.056209557866222
0.4249507495106669,0.3934176526587781,1.6317361768234109
0.37785284238593875,0.08070105695564625,1.7646496115903574
0.645050948302968,0.3934176526587781,1.7785142948525574
0.5169003191662922,2.0578769523689964,1.7701116522302853
0.5995314506352684,0.08070105695564625,1.2262826272936675
0.658739567254376,0.3934176526587781,1.9753984776052258
0.396545312439144,2.0578769523689964,1.9951821206249387
0.5691602998248084,2.0578769523689964,1.0755958751616013
0.47115194163314467,0.3934176526587781,1.9364464228117573
0.43753310204799245,0.3934176526587781,1.2894491943043693
0.5067957146464287,0.3934176526587781,1.689284081750965
0.35224753359525895,0.08070105695564625,1.3381109207361321
0.5853547368423904,2.0578769523689964,1.9677543233731214
0.3617136600806613,0.08070105695564625,1.1015038583035355
0.48265787035318075,0.08070105695564625,1.4977468169563761
0.4570623366093749,0.08070105695564625,1.4280477919420747
0.5781266214287717,2.0578769523689964,1.326023452277985
0.6579895856862313,2.0578769523689964,1.6455339908801485
0.37140883480586173,2.0578769523689964,1.1310557434216675
0.49562017166449285,0.3934176526587781,1.716662418133697
0.5291860549952047,0.08070105695564625,1.9805921238047874
0.41345398763228147,0.3934176526587781,1.8045587144686301
0.703127731851715,0.3934176526587781,1.8600167529095453
0.5641702327950412,0.08070105695564625,1.3596367431790024
0.3953424424876568,2.0578769523689964,1.3248866064812188
0.4727197946829594,0.08070105695564625,1.5170483546901332
0.3542534034001481,0.3934176526587781,1.0457266147622728
0.6430270772623915,2.0578769523689964,1.9453581344565327
0.36357551342087724,2.0578769523689964,1.1437851730161923
0.7974040140451286,0.3934176526587781,1.9030130391680924
0.5285192591107982,2.0578769523689964,1.0835822220003557
0.5180720410918881,2.0578769523689964,1.82262492767856
0.4882779595533602,0.08070105695564625,1.1519625258782151
0.5506839946758545,0.08070105695564625,1.0381316140914727
0.5725452639427407,0.3934176526587781,1.7194894502594087
0.3872955408352161,0.3934176526587781,1.2802653001744284
0.5003196574111816,0.3934176526587781,1.7144961527843496
0.6528187690502807,2.0578769523689964,1.5550852504728199
0.4982686718855595,0.3934176526587781,1.1088073902300657
0.6510219064427333,0.08070105695564625,1.9321300733011637
0.6373483333227657,2.0578769523689964,1.4523141747634776
0.7149797034058936,0.3934176526587781,1.734447277798688
0.667666965585793,2.0578769523689964,1.501020572015625
0.3792643740552413,2.0578769523689964,1.6043614749612047
0.5027164114755349,2.0578769523689964,1.3027735923566923
0.5422134178653838,0.3934176526587781,1.2003603040034503
0.6184022871535289,2.0578769523689964,1.5425702034080677
0.54575868817485,2.0578769523689964,1.440218972971002
0.39231315424757157,2.0578769523689964,1.3901132134339331
0.6616582260618739,0.08070105695564625,1.672567195094623
0.6345475904128649,0.3934176526587781,1.690506632011136
0.3494205705170679,0.08070105695564625,1.045920056091263
0.4829533323598294,2.0578769523689964,1.3387444942436721
0.3961659341208857,2.0578769523689964,1.4117645502263774
0.41681196781942476,0.08070105695564625,1.0968921611641682
0.3385749444928206,2.0578769523689964,1.2359008666982882
0.42748575140628375,0.08070105695564625,1.0516417972227567
0.6148740759146994,2.0578769523689964,1.9962420986170206
0.6022938283103207,2.0578769523689964,1.7365572029698444
0.4993230806718447,2.0578769523689964,1.0874501565027537
0.5282660216836987,2.0578769523689964,1.020249379790092
0.43422082165020354,0.3934176526587781,1.7192878001522802
0.37981091177117504,0.3934176526587781,1.439192165682667
0.7096307688173734,0.3934176526587781,1.786796709064576
0.42335236539729765,0.08070105695564625,1.9234760378183837
0.7129254755467663,0.08070105695564625,1.5993003890163724
0.5680860787152668,0.08070105695564625,1.187108422917253
0.5600489838042174,0.08070105695564625,1.7821940360464525
0.809252999930648,0.3934176526587781,1.9558117431743745
0.37901508207846124,0.08070105695564625,1.580231287059956
0.4662766026201019,0.08070105695564625,1.6819974472807335
0.537967713768301,0.08070105695564625,1.337474695036673
0.451658677266795,2.0578769523689964,1.3815276946603112
0.72920520622536,0.08070105695564625,1.734654497853064
0.381903996850574,2.0578769523689964,1.927771098406819
0.5562350032178203,0.08070105695564625,1.6289883872243522
0.5994560678649883,0.08070105695564625,1.7898479084853474
0.5120512343405457,2.0578769523689964,1.171635017415373
0.40582795054066373,0.08070105695564625,1.2119590902579735
0.4736612477002011,2.0578769523689964,1.53203468683339
0.5659794035320181,0.08070105695564625,1.1765541922428406
0.4196281029004767,0.08070105695564625,1.6349950702209237
0.5873099772672229,2.0578769523689964,1.2916531853946989
0.5877293264149142,0.3934176526587781,1.791532618666892
0.6761720311839909,2.0578769523689964,1.8081103466143436
0.5869080858158869,0.3934176526587781,1.463787455755353
0.3896558126713779,2.0578769523689964,1.1808106350376353
0.5666484095863169,0.3934176526587781,1.6467749610819324
0.7650606647557455,0.08070105695564625,1.9927870182635865
0.5100476744042743,0.3934176526587781,1.6225908979425232
0.5635719953359607,0.08070105695564625,1.0357746907140077
0.435672715784131,2.0578769523689964,1.0172939757670827
0.38014917781375135,0.3934176526587781,1.3203619704923062
0.44216326179261345,0.08070105695564625,1.1957838068604048
0.7588844001525623,2.0578769523689964,1.813051207143308
0.4898205006163805,0.3934176526587781,1.8448056670360005
0.5921115943161176,0.08070105695564625,1.2586187713104762
0.6120416392680448,0.3934176526587781,1.3256447769498927
0.43557820565883176,0.3934176526587781,1.2362469677151147
0.38908205796456624,0.08070105695564625,1.908382547371264
0.5985270857917897,0.08070105695564625,1.5026493346222822
0.4670181644909452,2.0578769523689964,1.65613704408202
0.600550170244822,0.08070105695564625,1.4154820866996034
0.5152293339949279,0.08070105695564625,1.631014193504531
0.4965155942317921,0.3934176526587781,1.385855376721736
0.5826401885928375,0.08070105695564625,1.3396784377292255
0.4923010805322739,0.3934176526587781,1.63448007317348
0.5100797593751842,0.3934176526587781,1.5910620780489892
0.4498947946167762,0.08070105695564625,1.2935279541679496
0.4305755545028389,0.08070105695564625,1.1493484503194735
0.5072110833541563,0.08070105695564625,1.3685766938381376
0.6091611689209314,0.08070105695564625,1.4151976391419092
0.4836511054874681,2.0578769523689964,1.6286843334246048
0.5901987042117964,0.3934176526587781,1.9145287636368638
0.49152495781130323,2.0578769523689964,1.036184797532925
0.41267520918340445,2.0578769523689964,1.2436610125418448
0.41037600332702556,0.3934176526587781,1.1937159422795602
0.6728338047647253,2.0578769523689964,1.5022944086937837
0.5834999253186771,0.08070105695564625,1.4297008070431598
0.5835574725233306,0.08070105695564625,1.7290376238201883
0.5236011861976666,0.08070105695564625,1.242415912544864
0.3539758892571152,0.08070105695564625,1.5944983657497587
0.6275507460368213,0.3934176526587781,1.8838572635999593
0.5829079160035032,0.08070105695564625,1.9106777399183046
0.6069880893182349,0.3934176526587781,1.958784604725031
0.49912746552706544,0.3934176526587781,1.7732611520799886
0.3881613185218949,0.3934176526587781,1.9059879062589151
0.38964461354228336,0.3934176526587781,1.2345308719852741
0.6010856705858195,2.0578769523689964,1.197580944350477
0.42390566890128345,2.0578769523689964,1.0064880837805266
0.5350825714745009,0.08070105695564625,1.7068443574290983
0.37636328126228824,0.3934176526587781,1.9374671878137444
0.34251083080761946,0.08070105695564625,1.1869353450416764
0.6226871780339697,0.08070105695564625,1.6369435754268788
0.5702251240769202,0.08070105695564625,1.7464597592217777
0.5850710473544157,0.08070105695564625,1.9276142351480565
0.4393386659686293,0.3934176526587781,1.6468602240172217
0.7021057005791924,0.3934176526587781,1.9702937327487522
0.38973323697253504,2.0578769523689964,1.3446731410125476
0.3970178295954897,0.3934176526587781,1.3499285337714078
0.5101012813992465,0.3934176526587781,1.5430125100143455
0.431006333131451,0.08070105695564625,1.3835018811159072
0.38530017119123516,0.3934176526587781,1.0014257282875327
0.6120059264971633,0.08070105695564625,1.7317720250869875
0.618025267560169,0.3934176526587781,1.7517170414784835
0.6891843788651283,2.0578769523689964,1.7469746046867705
0.4691506408729771,0.08070105695564625,1.3450206666104667
0.36733815026322136,0.3934176526587781,1.5222894733111718
0.4246950335440898,0.3934176526587781,1.3599735181766694
0.561655671099785,0.08070105695564625,1.0160364000306457
0.5630125870795836,2.0578769523689964,1.5624489412714189
0.5183501756281785,2.0578769523689964,1.123760666084011
0.33099743989517566,0.3934176526587781,1.0800413240914406
0.563342677389873,0.3934176526587781,1.7554990686967873
0.33614913813691366,0.3934176526587781,1.0095062024181056
0.6179679873391204,0.08070105695564625,1.959008443608726
0.6715523749757193,0.08070105695564625,1.5152553641125768
0.8102750066107405,0.08070105695564625,1.9830164307061484
0.4632018797366369,0.3934176526587781,1.0579975724727084
0.5147387696407424,2.0578769523689964,1.5835295488659131
0.6380609302949667,0.08070105695564625,1.3493270359759113
0.6447885426986258,2.0578769523689964,1.8434824928142857
0.35755645629246047,0.3934176526587781,1.3612227352342863
0.4726891323735304,0.08070105695564625,1.260487579057349
0.456040476446284,0.08070105695564625,1.8575531270999133
0.48987549202872477,0.08070105695564625,1.3746530916532609
0.43638778139008494,0.3934176526587781,1.0168333198605615
0.5290397622407563,0.3934176526587781,1.3902891008393339
0.48463044813522177,0.3934176526587781,1.654522269010942
0.3824819801594587,2.0578769523689964,1.2543595388063817
0.5094001035916066,2.0578769523689964,1.4319875924251573
0.5350709151519704,0.08070105695564625,1.0567151382822255
0.5929095553849327,0.08070105695564625,1.588092791513957
0.48841847224665413,0.3934176526587781,1.7562949238603938
0.6511572263404442,0.3934176526587781,1.4133125614011104
0.6450590321923356,0.3934176526587781,1.42023263280146
0.38302706896253347,0.08070105695564625,1.0882824985849164
0.34357349608516075,0.3934176526587781,1.2019408645119825
0.5330616912334868,2.0578769523689964,1.1546753031279127
0.6304965646370235,2.0578769523689964,1.481687768661538
0.6921083209801524,0.08070105695564625,1.52925554095075
0.7649784949561855,0.08070105695564625,1.94894013128426
0.48075582584167703,2.0578769523689964,1.073231504277234
0.5442536280044242,0.3934176526587781,1.5998679731550471
0.3511486926666378,0.08070105695564625,1.5264985273282412
0.42946488277209627,0.08070105695564625,1.5162330979358292
0.5550759007959961,0.08070105695564625,1.8731592873828264
0.5113920910188028,2.0578769523689964,1.2055384706954864
0.4645897486680439,0.08070105695564625,1.0407732743413716
0.6398409385630427,2.0578769523689964,1.6722715076341925
0.4252638327788968,2.0578769523689964,1.3451574641359803
0.46270179572828946,0.3934176526587781,1.0175899162125246
0.3597731643974378,0.3934176526587781,1.2513740072904138
0.463353063103439,0.3934176526587781,1.309326774216812
0.6313312362057024,0.08070105695564625,1.616838376784242
0.523481183355883,2.0578769523689964,1.172585794049272
0.6695369725671958,0.08070105695564625,1.413054347953398
0.43753070904643465,2.0578769523689964,1.4824754444178325
0.5115227462094056,0.08070105695564625,1.4592373913640908
0.5078262796387876,2.0578769523689964,1.9739407666667819
0.4366418090034648,0.3934176526587781,1.045504237790296
0.7502024440795365,0.3934176526587781,1.9509681864523993
0.5993404504522774,0.08070105695564625,1.5819372139940333
0.7248906604830152,2.0578769523689964,1.7957277149698383
0.4074510913122633,0.3934176526587781,1.4303926180160755
0.6399597760085136,2.0578769523689964,1.4538378812569803
0.3772214444694677,0.08070105695564625,1.8793264990158236
0.7516437171979566,0.3934176526587781,1.8959344962919022
0.42967101488601167,0.08070105695564625,1.2386888814312975
0.4213877811145517,0.08070105695564625,1.1992418785846182
0.521881076943339,2.0578769523689964,1.496235173869951
0.776232471385325,0.08070105695564625,1.9002770271276916
0.3505546657300405,0.08070105695564625,1.3223550934061763
0.4825675958551876,2.0578769523689964,1.6520146153391313
0.6934414644678495,2.0578769523689964,1.708151687740601
0.5152239760998832,0.08070105695564625,1.7786746648941558
0.4159532040646305,0.3934176526587781,1.5639244579209632
0.4788179503274253,0.3934176526587781,1.4024551782789696
0.5333118904534503,2.0578769523689964,1.9670159887989729
0.6933794332647927,0.08070105695564625,1.6113307533028527
0.6593390944005347,0.3934176526587781,1.7285652116332708
0.4969621499423104,2.0578769523689964,1.3449828456958783
0.7367966649539385,2.0578769523689964,1.66994918100308
0.47218228624153435,2.0578769523689964,1.2577976621641258
0.35067454600729053,0.08070105695564625,1.2450969175286362
0.4529271083218734,2.0578769523689964,1.7147222018094264
0.4982355488952781,0.3934176526587781,1.521394736262935
0.4079817273278932,0.08070105695564625,1.6832766104223897
0.6185068186731195,0.3934176526587781,1.2694384907480916
0.6339044963262945,0.3934176526587781,1.5987233410567305
0.4306349238713864,0.3934176526587781,1.4439336497031126
0.5668249166681201,0.08070105695564625,1.596960286845528
0.5549604269037927,0.3934176526587781,1.2908797322442194
0.7296567787974614,2.0578769523689964,1.7154509636491238
0.7269856835240831,2.0578769523689964,1.8059293661594655
0.48733866156995226,0.3934176526587781,1.2599164738577238
0.5732764728474997,2.0578769523689964,1.3006205598556422
0.5663731549102441,0.08070105695564625,1.661154269719093
0.5681540034403724,0.08070105695564625,1.6955851743035442
0.39226237265568453,2.0578769523689964,1.70409968439745
0.3956517183762933,2.0578769523689964,1.682698504775837
0.5121113721692518,0.08070105695564625,1.3928077169525388
0.42634031562666713,0.3934176526587781,1.3948536744036784
0.3400399582947592,0.08070105695564625,1.2548176236443815
0.5284639044127746,0.3934176526587781,1.1568336998963629
0.35857337464230987,2.0578769523689964,1.6925773793969057
0.48282163094189035,2.0578769523689964,1.0931887859723128
0.600645145794206,0.3934176526587781,1.9377922867867816
0.7698051596517677,0.3934176526587781,1.8266863036714514
0.5637886893204208,0.08070105695564625,1.857505739957256
0.3800876536443723,0.3934176526587781,1.9066688146151902
0.5219383992065649,2.0578769523689964,1.40860497072324
0.7189337856445661,2.0578769523689964,1.8467007233504011
0.6035767422581516,2.0578769523689964,1.1580613002916493
0.43100514462243994,0.3934176526587781,1.0216417946082357
0.48384933436059063,0.3934176526587781,1.78489139466385
0.5585249339788549,2.0578769523689964,1.0747966479969393
0.4439334603144762,0.3934176526587781,1.9885246673259216
0.5897742576776784,0.08070105695564625,1.6747964296015558
0.516167499266215,0.08070105695564625,1.7534497102421054
0.34565358294226045,0.3934176526587781,1.245803856277866
0.4830414040086881,0.3934176526587781,1.6738653939196881
0.3932718410068987,2.0578769523689964,1.0432199372549573
0.6491729551346923,0.3934176526587781,1.8378257199236008
0.5933972564366655,2.0578769523689964,1.1696240930315724
0.45369277736303393,0.08070105695564625,1.6973580668337704
0.5676821687501256,0.3934176526587781,1.2244805012327284
0.34274629901632625,0.08070105695564625,1.0684531694260428
0.528809029564084,0.3934176526587781,1.4814936785493944
0.3509800680045867,0.3934176526587781,1.1692862102727895
0.7302263161258562,2.0578769523689964,1.7294439883265498
0.5573991962187254,2.0578769523689964,1.2375658433834849
0.5451351050822935,0.3934176526587781,1.3424725562358288
0.6485009709917443,0.3934176526587781,1.567439251264473
0.5313164592704577,2.0578769523689964,1.2849682775773115
0.653155300059272,0.08070105695564625,1.3779881162099616
0.6569368954374039,0.3934176526587781,1.8156217710403868
0.5891276535059117,2.0578769523689964,1.1792098495610257
0.46102904315485127,0.3934176526587781,1.0822015894819337
0.3725555488907304,2.0578769523689964,1.3283577851330193
0.5165244348900621,0.08070105695564625,1.4243767670138783
0.3879196229023335,0.3934176526587781,1.5426592821365677
0.5294188698643911,0.3934176526587781,1.372423696175007
0.5533662831165346,0.08070105695564625,1.789911700222805
0.4803358011585268,0.3934176526587781,1.0393194876684733
0.3419440964958145,0.3934176526587781,1.431767538198558
0.40096673624850887,0.3934176526587781,1.3822559146564046
0.5364758452102668,2.0578769523689964,1.647578490806859
0.7975410453429739,2.0578769523689964,1.966276251897396
0.4779986847954842,0.3934176526587781,1.5103754066288622
0.5540420466035768,0.08070105695564625,1.9868768469417204
0.5551604226828342,0.08070105695564625,1.3022493949131975
0.4742860049243408,0.3934176526587781,1.030868132542461
0.41363761888073247,2.0578769523689964,1.1656631674764126
0.473254861106918,2.0578769523689964,1.3951248847745674
0.40322665532024743,0.3934176526587781,1.3163339091885522
0.5793288295261714,2.0578769523689964,1.0970541309833777
0.38289191148086066,2.0578769523689964,1.4326601076907168
0.45374896090141714,0.08070105695564625,1.3381157716595626
0.33710393968914043,0.3934176526587781,1.1226192204574383
0.4028761103595964,2.0578769523689964,1.296117130611909
0.7008471953834001,2.0578769523689964,1.8864360553553905
0.3970075923834584,2.0578769523689964,1.3020488654893403
0.37868094928016643,0.3934176526587781,1.7139554232420515
0.5248644829747294,0.3934176526587781,1.6120470796577555
0.3417839972720478,2.0578769523689964,1.4271811624083717
0.3581923794172726,0.08070105695564625,1.2390256368036692
0.598549839005522,0.08070105695564625,1.3690146993459456
0.6342525363425052,0.3934176526587781,1.5921072134710428
0.6288737048664865,0.08070105695564625,1.3507532147493548
0.5779042269825192,2.0578769523689964,1.2148964335742318
0.5099163710033795,0.3934176526587781,1.116462748891632
0.3739184249980047,0.3934176526587781,1.8797669379095652
0.6058707193898443,0.08070105695564625,1.4403129757519055
0.6698459604850566,0.3934176526587781,1.62520832174293
0.6223905504069223,0.08070105695564625,1.4904103611368051
0.5767533094720739,0.08070105695564625,1.8725665183579634
0.42706387842063354,2.0578769523689964,1.546934852448211
0.6365102679994863,0.08070105695564625,1.4807814179491134
0.6846358544547789,0.08070105695564625,1.9246009904217125
0.7468585638991504,0.3934176526587781,1.7196895960453547
0.3707635978305539,2.0578769523689964,1.1115499073468573
0.394463216237541,2.0578769523689964,1.177704461196814
0.4379992797890075,0.08070105695564625,1.7871228629394418
0.6952534390256006,0.3934176526587781,1.8358513211799543
0.4100645406940884,0.3934176526587781,1.5451908290902965
0.36639607247193423,0.3934176526587781,1.5544552278666393
0.7306779307974189,2.0578769523689964,1.6319329628514445
0.3471937925298984,2.0578769523689964,1.4391157742826395
0.6784183359301093,0.08070105695564625,1.680199123483904
0.42535110630043427,0.08070105695564625,1.1084812575664156
0.7454502350515209,0.3934176526587781,1.9612792423673864
0.5776744697203076,0.08070105695564625,1.7501548237949218
0.69294792123963,0.3934176526587781,1.631174204009007
0.6238058898253933,2.0578769523689964,1.3163220570094807
0.3337826207166237,0.08070105695564625,1.1609554874567292
0.3631046812880037,0.3934176526587781,1.4093429638289448
0.4434478483009674,2.0578769523689964,1.6615767405740585
0.6034810910993406,0.3934176526587781,1.633709743423111
0.6279608932917411,0.08070105695564625,1.3826411550655715
0.5194835909853909,0.3934176526587781,1.6132863938331297
0.6104405467248002,2.0578769523689964,1.8137482955675477
0.37320778667681853,0.08070105695564625,1.0262847723376072
0.6156914469317472,2.0578769523689964,1.4506210479302757
0.7514652816330569,0.08070105695564625,1.7585552284667911
0.44008791629785915,0.3934176526587781,1.546144470463377
0.5384117247208048,2.0578769523689964,1.65147608792907
0.3717749423391672,2.0578769523689964,1.516676392605342
0.6185681871601564,0.3934176526587781,1.991874544682311
0.45329342832077835,2.0578769523689964,1.0546215364890381
0.3911687648073043,2.0578769523689964,1.4910448217723773
0.44311817981404816,2.0578769523689964,1.0914165491145176
0.42268347223306163,2.0578769523689964,1.1597855621135704
0.5080822450415321,0.3934176526587781,1.383038350418262
0.49080511750547173,2.0578769523689964,1.1555400915004874
0.3567392328903196,2.0578769523689964,1.963687165956651
0.7047902111469139,2.0578769523689964,1.9467897767251592
0.5613626353892491,0.08070105695564625,1.3361096462206037
0.4866695382385704,0.08070105695564625,1.6397477120376796
0.3605184394839056,0.3934176526587781,1.533753320593786
0.6746133987497251,0.3934176526587781,1.8155869805157687
0.7127205421885846,0.3934176526587781,1.627445609816942
0.3834790653311037,2.0578769523689964,1.0002524544905622
0.4829445765309022,0.08070105695564625,1.7631743856097388
0.4232530418544723,0.08070105695564625,1.746848121296118
0.5471149834889592,0.3934176526587781,1.509722705566481
0.42122523362090836,0.08070105695564625,1.9029189732330538
0.5129797379375349,0.3934176526587781,1.9084462056904017
0.5928532860832654,2.0578769523689964,1.5239116767043972
0.5569790111100973,0.08070105695564625,1.6079882311965377
0.5372734283502287,2.0578769523689964,1.9965220719246723
0.4640473952788502,2.0578769523689964,1.2988202348114175
0.5117985071686512,0.08070105695564625,1.3246172423114775
0.3335115367563297,0.3934176526587781,1.1827739026634965
0.3863554333679672,0.08070105695564625,1.895866939157868
0.7121403976615769,2.0578769523689964,1.7444883899492662
0.350105741455108,0.3934176526587781,1.105642848870242
0.6865750311085187,2.0578769523689964,1.9817673511979657
0.7248537705074624,0.3934176526587781,1.7309617081611162
0.4688380272385799,0.08070105695564625,1.8505221096049747
0.4196929707641248,2.0578769523689964,1.048150789173201
0.5434666031427772,0.3934176526587781,1.5049609189421678
0.7013553422608835,0.3934176526587781,1.6985982867270393
0.6861670700136198,0.08070105695564625,1.5429465845718413
0.637468744797657,0.3934176526587781,1.6666474656992776
0.38629837346672496,0.3934176526587781,1.8178740635904727
0.5546814254531806,2.0578769523689964,1.3743370629601963
0.5300358265339635,0.08070105695564625,1.8486686756187098
0.4605003027433375,0.08070105695564625,1.1629161047652907
0.34899587307534174,2.0578769523689964,1.2708860550263748
0.37506806318903974,2.0578769523689964,1.0433456199273259
0.592008845577208,2.0578769523689964,1.3644268113352511
0.48543491849203524,0.3934176526587781,1.3799095448241203
0.47796991807430356,0.08070105695564625,1.805270597207251
0.49516728662468207,0.08070105695564625,1.653130670289656
0.6294488163818083,0.08070105695564625,1.4367225581556666
0.63819215050707,0.3934176526587781,1.6521139786237482
0.395895210418099,0.08070105695564625,1.0527833505156912
0.36454016178361637,0.08070105695564625,1.1802715360183762
0.44106650317970103,0.08070105695564625,1.6269478552417551
0.7028852527032785,0.08070105695564625,1.6413668192253024
0.5928884840618828,2.0578769523689964,1.7741346587074271
0.5149949055128925,0.3934176526587781,1.402999759053602
0.5903416085249938,0.08070105695564625,1.722554096616156
0.4916516184364872,0.08070105695564625,1.6839803325601894
0.7298141559905766,0.08070105695564625,1.9633933783698492
0.4829064254945089,0.08070105695564625,1.2151302264246793
0.3847104539263926,0.08070105695564625,1.5516795637526395
0.39214026571701577,2.0578769523689964,1.6017644421104693
0.6090650568514329,2.0578769523689964,1.9986478849342206
0.5979870472582504,0.3934176526587781,1.2011841421666518
0.45234881109702174,0.3934176526587781,1.5232180199672922
0.6132206212191047,0.08070105695564625,1.3461853077136388
0.6175097493256155,0.08070105695564625,1.525892968579
0.4053235398629417,2.0578769523689964,1.232128602103106
0.3372201983804849,0.3934176526587781,1.047612378427488
0.3802979090673453,0.08070105695564625,1.5725654538976888
0.5662041595116843,0.08070105695564625,1.335854315860832
0.3875549197985064,0.08070105695564625,1.1819414017484338
0.4519225377277605,0.3934176526587781,1.3239355660780339
0.45223592752116065,2.0578769523689964,1.049280201447745
0.6890661263623761,2.0578769523689964,1.9504422340901033
0.3850083238487897,0.08070105695564625,1.5811479149732603
0.5240806399065467,0.08070105695564625,1.814768681347025
0.5018019487296334,0.08070105695564625,1.4231181975477303
0.595985093729447,0.08070105695564625,1.9033146675661858
0.6276134173277564,0.08070105695564625,1.4833182215522533
0.4064420087961585,0.3934176526587781,1.5739453222006694
0.6257875348521876,2.0578769523689964,1.4917939800626567
0.6318963135985309,0.3934176526587781,1.7332782958676516
0.5487202639760359,0.3934176526587781,1.5666560776020624
0.5445058603601846,0.08070105695564625,1.2715989235803977
0.4422088798526342,0.3934176526587781,1.1455395313226462
0.39594929880228824,2.0578769523689964,1.6061243888829777
0.5750646841761204,0.08070105695564625,1.4891799615470362
0.46506046661703915,2.0578769523689964,1.095975696696113
0.5488400140626202,0.3934176526587781,1.3956174657932685
0.4621430529770565,0.08070105695564625,1.5147764220004536
0.7429553403196585,2.0578769523689964,1.82689323382559
0.47791047694872957,2.0578769523689964,1.0761010558333624
0.36355924735897693,0.08070105695564625,1.348495348246003
0.5438838852044896,2.0578769523689964,1.8226561227103852
0.6403067347255504,0.08070105695564625,1.6484239317715788
0.5769438707561804,0.08070105695564625,1.2899583218037867
0.5665996113170959,0.3934176526587781,1.8453351220226424
0.6568838277149259,2.0578769523689964,1.4932935805626923
0.43538718134978444,0.08070105695564625,1.4983518913104605
0.5462369783694531,0.3934176526587781,1.9765873392003843
0.7685971797432902,0.3934176526587781,1.9471165032363784
0.6247257001192649,0.08070105695564625,1.358532683369844
0.5152119099608958,0.08070105695564625,1.1405791286630822
0.6050632518892357,2.0578769523689964,1.3256667322780942
0.3493269015982216,2.0578769523689964,1.030483260311388
0.5352778368635683,2.0578769523689964,1.020767886710391
0.44350296596004724,0.08070105695564625,1.3955221362514192
0.43451266977180963,0.3934176526587781,1.9410198226972342
0.45681904610097634,0.3934176526587781,1.8713573412322078
0.49043775173724957,0.08070105695564625,1.5114428339176231
0.4353699888562729,2.0578769523689964,1.5652263811708307
0.4029851793338981,0.3934176526587781,1.0059334967460565
0.3714965162989409,0.3934176526587781,1.2155011558337656
0.39906252756358274,2.0578769523689964,1.0247741269343837
0.5857407226374065,0.3934176526587781,1.7545395326953876
0.45028498117424276,2.0578769523689964,1.1456457960264976
0.5043347018345098,0.3934176526587781,1.869047102476817
0.6353780229081871,0.3934176526587781,1.6433243136757882
0.5926056294077789,0.3934176526587781,1.2294186765157133
0.5379151585201573,2.0578769523689964,1.1577203170832497
0.4720310559285573,0.3934176526587781,1.6276247009230531
0.687650530921745,0.3934176526587781,1.9008369802823235
0.4082370113820975,0.3934176526587781,1.7183602189143816
0.37789409507375404,0.08070105695564625,1.3485466516033777
0.47286878238067065,0.3934176526587781,1.5873835952686473
0.5856850351537762,0.3934176526587781,1.3107616953724213
0.47092525332050594,2.0578769523689964,1.9991495667786587
0.373302468262164,2.0578769523689964,1.7488391884618513
0.3938831520782681,0.08070105695564625,1.6143816397567536
0.6277831816614737,2.0578769523689964,1.4232591427658292
0.5869119914413726,2.0578769523689964,1.6181522902595573
0.41649774756827385,2.0578769523689964,1.3416160624673348
0.4621994485685086,0.08070105695564625,1.0288648394580306
0.51181784097936,0.08070105695564625,1.395088522356633
0.6528830731896966,0.3934176526587781,1.9304808195798668
0.4337492869154389,0.3934176526587781,1.6263010947738659
0.5499799861489983,2.0578769523689964,1.0839557030709015
0.48934935438942767,0.3934176526587781,1.884993613395026
0.5423556872049651,0.3934176526587781,1.2688748493415147
0.33824482348941104,0.08070105695564625,1.2437694930827274
0.44922922674819743,0.08070105695564625,1.2970909687803207
0.47402486273513383,0.3934176526587781,1.5772022361259574
0.54065416927807,0.3934176526587781,1.5446880934339766
0.365845246135627,0.3934176526587781,1.4914137546228816
0.6685235995861999,2.0578769523689964,1.7175368635126271
0.40326801827071473,0.08070105695564625,1.316537731334959
0.6346337066659627,0.3934176526587781,1.7820645215724311
0.5544708299261428,0.3934176526587781,1.1753216783785991
0.5859535385676046,2.0578769523689964,1.7826207890770092
0.6374088927183422,0.08070105695564625,1.663810105250283
0.6098042497124542,2.0578769523689964,1.6832083095475865
0.4647054539330143,2.0578769523689964,1.4815533971272599
0.6649675133027233,0.3934176526587781,1.6670015326808647
0.40408404906139045,2.0578769523689964,1.0797970465594573
0.6012350120786167,2.0578769523689964,1.8515511170493673
0.513728939362251,0.3934176526587781,1.055547233487646
0.43365316426882283,0.08070105695564625,1.1487415098714975
0.45567141395387667,0.3934176526587781,1.5767897084972362
0.5365822141740492,0.08070105695564625,1.7394114554566915
0.5363966144023834,2.0578769523689964,1.0762515643462534
0.7765018469341123,2.0578769523689964,1.92076481412232
0.6090199852032214,0.3934176526587781,1.9736076488006986
0.5952726620367299,0.3934176526587781,1.605950173007711
0.6569580091425945,0.3934176526587781,1.4812434553768365
0.38759089581588957,2.0578769523689964,1.7413949722797497
0.4086970457899625,2.0578769523689964,1.3283573523272054
0.5910963202186121,0.08070105695564625,1.4932644341051065
0.7269508039569476,0.3934176526587781,1.9161510268144013
0.7513318869749672,2.0578769523689964,1.9556554252415337
0.5420823526554092,0.08070105695564625,1.927069116051185
0.36066188254194276,0.3934176526587781,1.2624480669638403
0.4606612184578352,0.3934176526587781,1.2324690402167633
0.4057479760833559,0.08070105695564625,1.2976645059293141
0.43821737724285603,0.08070105695564625,1.44131111238846
0.5754248321986178,0.08070105695564625,1.3141674127919636
0.36156405987979634,2.0578769523689964,1.374212795739058
0.6618967133204511,0.3934176526587781,1.6206369521207595
0.5264915512155324,0.3934176526587781,1.762525677093976
0.5924213471822467,0.08070105695564625,1.735558198267917
0.38744194339361293,2.0578769523689964,1.814423567079152
0.4097929830024882,0.08070105695564625,1.0321844032154022
0.3503860879992349,2.0578769523689964,1.0477337896787562
0.7570116928549486,0.3934176526587781,1.7893829606886293
0.6347167354804907,0.3934176526587781,1.5330788223246319
0.51453454644962,2.0578769523689964,1.5781406737621202
0.38380484448344004,0.3934176526587781,1.052586860214377
0.6107200483528743,0.3934176526587781,1.2553138011712708
0.47807442104011016,0.08070105695564625,1.6383543048854778
0.4211396577485322,2.0578769523689964,1.8591818901106762
0.6083166510715696,0.3934176526587781,1.9169833971814025
0.6760472936586355,0.3934176526587781,1.5004194958350818
0.3429832056795966,2.0578769523689964,1.5454742327381976
0.45304322272166786,0.3934176526587781,1.8330496310689908
0.683556603240207,2.0578769523689964,1.5376246007473546
0.4023413310476423,2.0578769523689964,1.5168585255373173
0.4025149142313999,0.08070105695564625,1.9050840377609537
0.5906736981297087,2.0578769523689964,1.7899327210558802
0.742657496055014,0.08070105695564625,1.9090725263612947
0.47009678490851203,0.3934176526587781,1.2182470547811537
0.7004906418068373,2.0578769523689964,1.5243754866553567
0.6470339541975121,0.08070105695564625,1.842472128593358
0.34935989656278,2.0578769523689964,1.111147827467109
0.7717208807862177,0.3934176526587781,1.7946621542939618
0.4457734219054337,0.08070105695564625,1.1829733834148695
0.4721246172568567,0.08070105695564625,1.8081187549853213
0.5567719750167762,0.08070105695564625,1.6120009375568682
0.41787623529873336,0.3934176526587781,1.1932359914848671
0.3698364947293172,0.08070105695564625,1.473354179332801
0.34580036521819624,0.3934176526587781,1.6819051664607716
0.5182948075346309,0.3934176526587781,1.6338529008835425
0.6213175776595836,2.0578769523689964,1.4272471962317044
0.6095898721048251,0.3934176526587781,1.899366528920927
0.7008019217362293,0.08070105695564625,1.5192634144878443
0.4429190234189207,0.08070105695564625,1.5058672985286883
0.3988055360135858,0.3934176526587781,1.0622505899414543
0.4246991170254399,0.3934176526587781,1.922120389797637
0.3773019484436746,2.0578769523689964,1.177116568678373
0.44447157974594664,2.0578769523689964,1.528344693436554
0.6883566529637234,0.08070105695564625,1.8035676014003101
0.5927423309716761,0.3934176526587781,1.2154532769556434
0.6942349941610254,0.08070105695564625,1.527373289970841
0.40151304223682643,0.3934176526587781,1.240684909223341
0.7157910223117159,0.08070105695564625,1.7596949977999117
0.46388817759162415,0.08070105695564625,1.5643411678731507
0.39968383803221935,0.08070105695564625,1.8559758603951435
0.7429429417129918,0.3934176526587781,1.8945580028773827
0.593306765723778,2.0578769523689964,1.648733482445398
0.4139083526247926,2.0578769523689964,1.7253912461589445
0.4996097299639513,0.3934176526587781,1.5492200998868637
0.4314155062380062,2.0578769523689964,1.384428733067383
0.6325895667960201,0.08070105695564625,1.6481179230208345
0.5570906883087737,0.3934176526587781,1.9082886234873289
0.6700418252927545,0.3934176526587781,1.4166803804314378
0.3524154768310604,2.0578769523689964,1.3144100263737952
0.4540722050470436,2.0578769523689964,1.388436938552574
0.5024861747457686,0.08070105695564625,1.4353976302115996
0.45618194747945734,0.3934176526587781,1.0735610289777162
0.45253973088071575,2.0578769523689964,1.4984418404349944
0.5985081714251591,0.3934176526587781,1.4943142480500597
0.6723946272660788,0.08070105695564625,1.588443827640523
0.6394614459824409,0.08070105695564625,1.3628200304713314
0.6515861046463626,0.08070105695564625,1.6131075959555896
0.7303967240086203,0.3934176526587781,1.8782163102742029
0.6086951206195198,0.3934176526587781,1.9554709904951642
0.6528909690923999,0.3934176526587781,1.5836122161410495
0.4026082657448047,0.3934176526587781,1.042590953970313
0.5396343037626851,0.3934176526587781,1.969235997267109
0.4742670764457799,0.08070105695564625,1.7058620608962562
0.4836990502116046,0.08070105695564625,1.3359636485536521
0.40819873351775426,0.08070105695564625,1.1471577009637235
0.5901661985368495,2.0578769523689964,1.143418612236275
0.4176784585859973,0.08070105695564625,1.1677444061396027
0.352335226502202,0.3934176526587781,1.0455725216138203
0.5894645763449013,0.08070105695564625,1.9021541886529114
0.36231673349721694,2.0578769523689964,1.5407682328273364
0.39034202664842815,2.0578769523689964,1.699959412713837
0.4444854979131524,2.0578769523689964,1.8281085092683074
0.5458743587076657,2.0578769523689964,1.7915410063332002
0.544570890077633,2.0578769523689964,1.8826056237288415
0.7271969783390504,0.3934176526587781,1.9672546225249519
0.5908171870198119,0.08070105695564625,1.4390706147419396
0.5502329492567214,0.3934176526587781,1.9503354666683905
0.4829368525695712,0.3934176526587781,1.7232899483428163
0.4086811794492546,2.0578769523689964,1.0706681903080786
0.6543197037453807,0.08070105695564625,1.6817831212123453
0.3662155186297792,0.08070105695564625,1.6867166596048486
0.3570346614567802,0.08070105695564625,1.905860563792527
0.5954904571806917,2.0578769523689964,1.372932132470092
0.5220506276422806,0.3934176526587781,1.5849115002718177
0.3584718973023089,0.08070105695564625,1.0121875510117424
0.41010329194497164,0.3934176526587781,1.332075242181336
0.5619147667087498,0.08070105695564625,1.062243726158781
0.6510890676279754,0.08070105695564625,1.521872972764897
0.6554969175055958,0.08070105695564625,1.8174476505069532
0.46988188751493826,0.08070105695564625,1.206442692129069
0.5295469918828636,2.0578769523689964,1.5274410455577785
0.6096943848190792,2.0578769523689964,1.2040086365107672
0.5853931485734531,0.3934176526587781,1.1206884678462403
0.4177701799885741,2.0578769523689964,1.5109967919343426
0.535301120228349,0.08070105695564625,1.0791486209497276
0.4169829674315628,0.3934176526587781,1.5873546311379894
0.37964915509334984,0.3934176526587781,1.0313374606767263
0.5062042671316432,0.3934176526587781,1.1067149718683755
0.4905831634739872,0.08070105695564625,1.5499974854873577
0.6945439476272852,0.08070105695564625,1.591407412898914
0.34931213240786446,0.3934176526587781,1.0289869300937582
0.5332483231490338,2.0578769523689964,1.5733767880015583
0.7508956066534985,0.08070105695564625,1.8385025253236371
0.716192042044106,0.08070105695564625,1.722316177293954
0.37224836379414217,2.0578769523689964,1.1311851039207985
0.4813674311573463,0.3934176526587781,1.592474647563615
0.5907952671735818,2.0578769523689964,1.6722525000742134
0.3668923121808827,0.08070105695564625,1.0372312017522918
0.7769094557498604,0.3934176526587781,1.8553476686836228
0.7659880116590894,0.3934176526587781,1.90626739728983
0.423192368542634,2.0578769523689964,1.8504522733622586
0.40159994910216734,0.08070105695564625,1.8246314679891134
0.38232447346079823,0.08070105695564625,1.7449651984608932
0.6965274899889744,0.3934176526587781,1.6334320312819601
0.42231823265817203,0.08070105695564625,1.678627004988252
0.5272957396972274,0.3934176526587781,1.8063952933349832
0.5218738055647493,0.3934176526587781,1.6624984583613047
0.5238924063662954,0.3934176526587781,1.327726956682071
0.36040767181158306,0.08070105695564625,1.3759611021613538
0.45329815757690045,2.0578769523689964,1.8970574683722923
0.5503320896896463,0.3934176526587781,1.017122085797162
0.712181079168943,2.0578769523689964,1.698820581244282
0.7159020323244956,2.0578769523689964,1.9547775524252153
0.3537428015610371,2.0578769523689964,1.7062281699579738
0.5087480296397967,2.0578769523689964,1.993911988231782
0.5970259432484316,2.0578769523689964,1.687544905528331
0.3948941657897523,0.3934176526587781,1.034363029216861
0.7441653411636571,0.08070105695564625,1.8270098816469236
0.5271150424798516,2.0578769523689964,1.284629911939319
0.36355293597219007,0.08070105695564625,1.446057225664441
0.61741561858288,0.08070105695564625,1.312091915907082
0.6213401053914783,0.3934176526587781,1.2685541062096795
0.36487561015418757,2.0578769523689964,1.4314057036697854
0.5108652932074519,0.08070105695564625,1.3787514484406738
0.46153898708093755,0.08070105695564625,1.6333385818425894
0.5180490127049334,2.0578769523689964,1.8131512009875106
0.3900330317728849,0.3934176526587781,1.2970886531872408
0.4983943474227448,0.3934176526587781,1.2137211528220173
0.7239603621145957,2.0578769523689964,1.6668952708703424
0.5444319909133798,0.08070105695564625,1.6703200658307815
0.3885875094872609,0.3934176526587781,1.9011312392861717
0.4755907578972922,0.3934176526587781,1.015945686453311
0.4997079453776711,0.08070105695564625,1.85304066211651
0.649595273004845,0.08070105695564625,1.521002172948357
0.5108648507591691,0.08070105695564625,1.6213020891720988
0.3790199807244383,0.08070105695564625,1.0913714405614148
0.40340975888568426,2.0578769523689964,1.4326149328720457
0.5559299178766475,0.08070105695564625,1.2273024072385237
0.4125017205166411,0.3934176526587781,1.254225030082509
0.6140342713775385,0.08070105695564625,1.5040951146760273
0.4374227754706385,0.08070105695564625,1.8124559504031124
0.4801531347927703,2.0578769523689964,1.7437809301448561
0.5185118946437015,2.0578769523689964,1.5909999590859538
0.6857433394046025,0.08070105695564625,1.539418192753467
0.6534024932124951,2.0578769523689964,1.42730604323449
0.45011868636235786,2.0578769523689964,1.9727099735613862
0.474537861086751,2.0578769523689964,1.5601925542342334
0.3780493075258188,2.0578769523689964,1.253966398312222
0.48132710794274597,0.08070105695564625,1.2300907920400395
0.5194626689970879,2.0578769523689964,1.6113530307751418
0.6662088302873587,2.0578769523689964,1.5228275273109286
0.5476138744406913,0.3934176526587781,1.0076978029547128
0.516068031223495,0.08070105695564625,1.8300653721957794
0.5448441756971125,2.0578769523689964,1.7041223542324346
0.6982958156148853,0.3934176526587781,1.6618292896781035
0.5318917456861904,2.0578769523689964,1.0687806576976588
0.3378500571957738,0.08070105695564625,1.3620558501724913
0.49937406056907196,0.3934176526587781,1.9353822607327862
0.5368639671812789,0.3934176526587781,1.8625892413413636
0.40444059809032623,0.08070105695564625,1.2855429378695336
0.3856658666759985,0.3934176526587781,1.1570588840991387
0.3519720246626665,0.3934176526587781,1.449087957168577
0.5429309755841389,2.0578769523689964,1.3558303786676609
0.45009937910310377,0.3934176526587781,1.682226376705991
0.3773364304943943,0.08070105695564625,1.9664348100843196
0.41120568068282304,2.0578769523689964,1.3630014499825616
0.5292434091522387,0.3934176526587781,1.062224172652242
0.7352993802871887,2.0578769523689964,1.8976140083423854
0.44601179829229354,0.08070105695564625,1.0379497302398708
0.5457864002708249,0.3934176526587781,1.952765897153333
0.7312185576274061,0.08070105695564625,1.6645794280090398
0.4448296702007241,0.08070105695564625,1.9416892084419493
0.39332494236540194,0.3934176526587781,1.1996596866489782
0.399568885801863,0.3934176526587781,1.0406997952538077
0.4009839466221381,2.0578769523689964,1.4882099782764917
0.4694215221737042,0.08070105695564625,1.4506234145701251
0.622757611246465,0.3934176526587781,1.3314922732548828
0.639227312083841,0.08070105695564625,1.9576564743886975
0.5274721716214884,0.3934176526587781,1.8225837321614322
0.7132950294595042,0.08070105695564625,1.6615820213755934
0.34463895473394124,2.0578769523689964,1.1628582916378276
0.43326637363842774,0.08070105695564625,1.7343234082185246
0.5785868706693924,0.3934176526587781,1.7270124546997239
0.5461221227890557,2.0578769523689964,1.4250681736160073
0.3698409820339932,2.0578769523689964,1.9247859097140136
0.4424371276079371,0.3934176526587781,1.1669778822290104
0.5285849354319943,2.0578769523689964,1.2673375624116643
0.5034623941515503,0.08070105695564625,1.0632243392506338
0.6205759245291571,0.08070105695564625,1.7954509581775875
0.4670029650221597,0.3934176526587781,1.6217593860953974
0.36449589221457723,0.08070105695564625,1.3149403056812496
0.4486562139114087,0.3934176526587781,1.1638136635943153
0.3595806492412651,2.0578769523689964,1.0401477700287405
0.5923412750145317,0.08070105695564625,1.1667455686259367
0.5027235707135685,0.3934176526587781,1.453284646337658
0.4270892066399056,0.08070105695564625,1.247176969010606
0.5619106558154046,2.0578769523689964,1.2589821774319667
0.5725056530290127,2.0578769523689964,1.8755763666677143
0.4521367381554786,0.08070105695564625,1.5151376734611006
0.6800361422321052,2.0578769523689964,1.7292519731284146
0.5393162814666266,0.3934176526587781,1.035710949028143
0.5542028773749742,0.08070105695564625,1.3651633556780287
0.3562687129476892,0.08070105695564625,1.479169347395442
0.49057226080821803,2.0578769523689964,1.1864168552101848
0.531789520197993,0.3934176526587781,1.1201915414455388
0.41098038978418866,0.08070105695564625,1.8703037784998426
0.4576282200451656,0.08070105695564625,1.9394316270997964
0.5533682654689411,2.0578769523689964,1.0788066980454074
0.34274567348540375,2.0578769523689964,1.349018712542443
0.7033472082163498,0.3934176526587781,1.9582856281444738
0.45010974504588214,0.3934176526587781,1.083161733132465
0.5185196910842464,2.0578769523689964,1.6436413728787262
0.356328490129605,0.3934176526587781,1.9722213709670056
0.738879437018123,2.0578769523689964,1.9782236685813746
0.4650420419445025,0.08070105695564625,1.4712233309037432
0.4796993831435993,2.0578769523689964,1.1627491077823806
0.5246266647699923,2.0578769523689964,1.202084314977439
0.6665452624366928,2.0578769523689964,1.8896013951243946
0.786074042595902,0.08070105695564625,1.911683004329736
0.5459819617584031,0.3934176526587781,1.6078796438735548
0.5152356152818839,0.3934176526587781,1.7661763994699113
0.7409967511711725,0.3934176526587781,1.7399312514704082
0.5980309657906363,2.0578769523689964,1.661821597989107
0.47863193250141106,2.0578769523689964,1.8272769548719392
0.3959371518695857,0.3934176526587781,1.685406623040321
0.6477590652948746,0.08070105695564625,1.5340023057474994
0.43916226394813207,0.08070105695564625,1.2369563625881568
0.6205235146359555,0.08070105695564625,1.743888144118619
0.5040485199140156,0.08070105695564625,1.4734378678382745
0.3957743663942145,2.0578769523689964,1.2947916840075093
0.6061354967814879,0.3934176526587781,1.8019462757417752
0.3700779851663833,0.08070105695564625,1.6967136003530283
0.5425705245975342,2.0578769523689964,1.9373395631247
0.4817306422618212,2.0578769523689964,1.1654416400188778
0.5150661599948928,2.0578769523689964,1.6491892846364933
0.55361213679334,0.3934176526587781,1.244239468088176
0.7260140968234807,2.0578769523689964,1.9035829853016417
0.529491818712899,0.3934176526587781,1.0994994142566157
0.35980145618906445,0.3934176526587781,1.656161806444877
0.43078612178946074,0.3934176526587781,1.79108572152803
0.5085338218977241,0.3934176526587781,1.354917840364707
0.7871469100588675,2.0578769523689964,1.9541380793838092
0.7171563599302655,2.0578769523689964,1.8507306845860372
0.5927754776937774,2.0578769523689964,1.2946182996849034
0.3990385366208945,0.08070105695564625,1.0075410927159987
0.46659081436136485,0.08070105695564625,1.2966571761180608
0.4770903072684576,0.3934176526587781,1.2813104704707425
0.42153282181926804,0.3934176526587781,1.889964607500909
0.36740351747046485,0.3934176526587781,1.9671211782547475
0.5676049969361958,0.3934176526587781,1.0704399859702605
0.42352072908341154,0.3934176526587781,1.4712948285333167
0.4297673768308031,0.08070105695564625,1.5483319985297959
0.3509427712792288,0.3934176526587781,1.0929116613297034
0.6398425930279582,2.0578769523689964,1.3774977091375225
0.5160678452324174,0.3934176526587781,1.3170824173929505
0.5842978745389645,2.0578769523689964,1.5360563543270873
0.7041911204214342,2.0578769523689964,1.661190899731938
0.4856362317141873,2.0578769523689964,1.7034851104965667
0.4972650232186552,2.0578769523689964,1.1367550236133876
0.365456363188258,0.3934176526587781,1.8129477019446214
0.41958130161107904,0.3934176526587781,1.678542029790759
0.7242252053939935,0.3934176526587781,1.8890749167467196
0.6022917714219501,0.3934176526587781,1.449336059435434
0.5088411698573782,0.3934176526587781,1.8938897627221916
0.5173242882527493,0.08070105695564625,1.8657741223560755
0.5205168535619611,2.0578769523689964,1.4384093323592695
0.3372609778340552,2.0578769523689964,1.3811433152929786
0.46286790086080193,0.08070105695564625,1.9328120149702568
0.43095070791104106,0.08070105695564625,1.7151647345384378
0.46671815625706903,0.3934176526587781,1.9282453464380755
0.6925017077784116,0.3934176526587781,1.796974778895813
0.4500921674800018,2.0578769523689964,1.6092974392914143
0.38046516656682533,0.3934176526587781,1.1158527770037645
0.488762235057855,2.0578769523689964,1.2914806725790986
0.7584428099015454,0.3934176526587781,1.9688424070983914
0.41085193916518925,0.3934176526587781,1.3194220987142045
0.3497112514779296,2.0578769523689964,1.0932548697853708
0.49045741864880077,0.08070105695564625,1.7075533559193197
0.6545993200576927,0.08070105695564625,1.7340042545436842
0.5019790540568857,0.3934176526587781,1.2854577202871509
0.5855782196375426,0.08070105695564625,1.2976719793463038
0.6735442890326324,0.3934176526587781,1.4688929855087838
0.5181285843154698,0.08070105695564625,1.0217889497622554
0.6048686527669168,0.08070105695564625,1.7893230103611635
0.4891548247949234,2.0578769523689964,1.3170887872741255
0.3674894697048378,0.08070105695564625,1.8537631020019776
0.7701930863997375,0.3934176526587781,1.8026304216000337
0.49594135408020557,2.0578769523689964,1.661402033118783
0.38338438517825807,0.08070105695564625,1.3248748670992887
0.5804808394122714,2.0578769523689964,1.51631656166117
0.4361936728033506,0.08070105695564625,1.4448292575979589
0.5216082885578611,0.3934176526587781,1.3388818862486742
0.6075088955089414,0.3934176526587781,1.848136289303178
0.4966392059333602,2.0578769523689964,1.4835070745776653
0.713559855872758,0.08070105695564625,1.8327230977971465
0.39882267691826495,0.08070105695564625,1.1052184741418243
0.45149396923388063,2.0578769523689964,1.1410247886003357
0.606128938569405,2.0578769523689964,1.9773203051129769
0.5927030376592808,0.3934176526587781,1.5877684626060895
0.6212256549953235,2.0578769523689964,1.509769673499049
0.4835655670907083,0.08070105695564625,1.5231560631441117
0.5181600759120014,2.0578769523689964,1.2152687740328598
0.4076998167439608,0.3934176526587781,1.7187039495019731
0.5676156688252506,2.0578769523689964,1.0847806237297544
0.48529290512677437,0.08070105695564625,1.573323713103023
0.6140853410994742,2.0578769523689964,1.5707687965859014
0.36070692534806204,2.0578769523689964,1.914188424133511
0.41531538955919933,2.0578769523689964,1.5261828101048605
0.46127092378139195,0.3934176526587781,1.1370626959741794
0.6699772837713719,0.3934176526587781,1.5727532592481626
0.46501299265904095,0.3934176526587781,1.0913276443653324
0.5967411619899058,0.3934176526587781,1.2037938352999218
0.44521019191448385,0.08070105695564625,1.0311085841874161
0.5166775546982276,0.08070105695564625,1.5132935824594984
0.35984290868278723,0.3934176526587781,1.0845326152935724
0.6190284908274843,0.3934176526587781,1.469394378531329
0.4655099251225693,0.3934176526587781,1.9329450353241442
0.7137287363146695,2.0578769523689964,1.7197614130193322
0.5602244639740679,0.08070105695564625,1.077411674225293
0.6057453672367608,2.0578769523689964,1.2242098122088432
0.5517447585149995,0.3934176526587781,1.6736624198934342
0.6560377685495045,0.08070105695564625,1.8947018610241837
0.5171120555921737,0.3934176526587781,1.0329185867639539
0.40516612128712337,2.0578769523689964,1.812451131720594
0.5646450392740775,0.08070105695564625,1.5618138803383088
0.3541718517371373,2.0578769523689964,1.5460913252963926
0.5843894806472557,0.08070105695564625,1.957813182753358
0.4112809391392843,0.3934176526587781,1.747644612596773
0.43019623473095514,0.08070105695564625,1.850118868056112
0.4534205105443787,2.0578769523689964,1.3539955695446668
0.501240532076506,2.0578769523689964,1.5543640408284098
0.582351481931458,2.0578769523689964,1.6154056774277707
0.3588551391090167,2.0578769523689964,1.3215839403624652
0.5298611764560588,0.3934176526587781,1.5702481249473994
0.3866702347405056,2.0578769523689964,1.2366553794797137
0.48561425410661113,0.3934176526587781,1.1433756710682395
0.5442869179719777,0.08070105695564625,1.3739702592773326
0.5767956119415306,2.0578769523689964,1.739289628746437
0.6880115722294813,0.08070105695564625,1.9161871480738877
0.45514616419135856,0.08070105695564625,1.4577140514982325
0.6425492281092247,0.3934176526587781,1.6428236882754317
0.4422487032470055,2.0578769523689964,1.1030371309751006
0.5705079126637035,0.3934176526587781,1.9044637585523287
0.583351690879387,2.0578769523689964,1.5686042135699343
0.35563086958257,0.08070105695564625,1.780338247625157
0.6271552462161195,0.3934176526587781,1.7944412009213937
0.5175204732763448,2.0578769523689964,1.2564805263681058
0.4534925819187377,0.08070105695564625,1.5291744531818496
0.39270386685894376,0.3934176526587781,1.9604797515609773
0.3527293550249373,0.3934176526587781,1.0896345448208278
0.7142293454840503,0.3934176526587781,1.6830498980295634
0.6745514953210362,0.3934176526587781,1.9622640780351719
0.37411622065732086,0.08070105695564625,1.3005771080540223
0.5079249518533231,0.08070105695564625,1.861447921404348
0.6245108672162444,0.08070105695564625,1.9336575454082716
0.6937980158908877,0.08070105695564625,1.747086209394825
0.34587305903620474,2.0578769523689964,1.2313283123069583
0.4106008454910603,0.08070105695564625,1.3340007188265939
0.5448481939233906,0.3934176526587781,1.0358092944177306
0.35322210025223044,0.3934176526587781,1.8314532342453553
0.43828544357975896,0.3934176526587781,1.8496111865110798
0.7155640391744865,0.3934176526587781,1.6327103099661926
0.5327395211263088,2.0578769523689964,1.3525278512638512
0.39541391113587243,0.3934176526587781,1.0768110276399205
0.3750363926804056,0.3934176526587781,1.7530576099149093
0.35798578616592563,0.3934176526587781,1.726526193609923
0.46274564196402923,0.08070105695564625,1.912602521738901
0.7088986906546392,0.08070105695564625,1.730532021005362
0.5299665657872125,2.0578769523689964,1.828694942244002
0.6457390147145148,2.0578769523689964,1.7459546179039995
0.6992748759669405,2.0578769523689964,1.6306871883123164
0.4763188304734822,0.3934176526587781,1.4269663941910093
0.4376578369649584,2.0578769523689964,1.9021173086422778
0.5470744907347045,0.08070105695564625,1.6509685719074698
0.6383022859345459,0.08070105695564625,1.398355321965909
0.5345427445550373,0.08070105695564625,1.0834692951819571
0.3548513993116645,0.3934176526587781,1.290704855904382
0.595083985704111,0.3934176526587781,1.5437267348301646
0.5068083406606032,2.0578769523689964,1.2756353700161944
0.594650446671333,2.0578769523689964,1.2212353479179021
0.3854542942601833,2.0578769523689964,1.5273935140878472
0.47895173681586906,2.0578769523689964,1.1698203458957346
0.7247364505715601,0.3934176526587781,1.8004100633251034
0.4841930785907967,0.08070105695564625,1.4843681513426579
0.5222956581631873,0.3934176526587781,1.57386277396265
0.34999767121174197,2.0578769523689964,1.1473832675973485
0.422817884080366,0.3934176526587781,1.3245763356293674
0.44631540337077075,0.08070105695564625,1.410089683261153
0.7548180015910589,0.3934176526587781,1.8082128305165028
0.4664899019867506,0.08070105695564625,1.7701595230861527
0.4660755131535532,2.0578769523689964,1.2229774747876814
0.6009492121479691,0.3934176526587781,1.6161790816070076
0.3811457468446391,2.0578769523689964,1.2434563577719975
0.5835873706718481,2.0578769523689964,1.9882471556902455
0.6954757007768301,0.08070105695564625,1.9521238781308705
0.6634903843072855,0.08070105695564625,1.5632647205206205
0.5983617349469821,2.0578769523689964,1.698902571894143
0.6348908277425125,0.08070105695564625,1.801430382208645
0.39789956765886486,0.08070105695564625,1.720998420044904
0.727513153431684,2.0578769523689964,1.6998286910824207
0.41441191817361167,2.0578769523689964,1.958554007949528
0.6363888719271156,0.08070105695564625,1.5964561063072833
0.4468630126030453,2.0578769523689964,1.6363026718190556
0.7601918739736658,2.0578769523689964,1.8492687504381813
0.6303606373611981,0.08070105695564625,1.6698908678584068
0.6569143344963941,0.3934176526587781,1.7329326220175225
0.3971167798427391,0.3934176526587781,1.2341686861966426
0.48071490578216197,2.0578769523689964,1.371266924115071
0.4981259547444876,0.08070105695564625,1.147301345711893
0.6153657320674185,2.0578769523689964,1.5057654423348055
0.37503438465428646,0.08070105695564625,1.4557274006802463
0.8110753223098144,2.0578769523689964,1.9971628142794569
0.6837156927820269,2.0578769523689964,1.6112086528155425
0.4628042744065499,0.08070105695564625,1.7864448231944232
0.5955824325594471,2.0578769523689964,1.3340146707576541
0.5749191332597471,0.3934176526587781,1.8315453313427965
0.5204455800228052,0.3934176526587781,1.6150849664876834
0.4723537861126567,0.08070105695564625,1.6969923315984383
0.5126761929679817,2.0578769523689964,1.2944307779494544
0.6097402760638773,0.3934176526587781,1.5486383916955773
0.5033291126473369,0.08070105695564625,1.6340369734136087
0.5799786840175563,0.08070105695564625,1.5890946758165811
0.670049544620081,0.08070105695564625,1.9151937114245665
0.6720786312181102,0.3934176526587781,1.8982726644925534
0.377336783557048,0.3934176526587781,1.9709840578768705
0.6852085775130965,0.3934176526587781,1.6674280060069893
0.5680102033203388,0.3934176526587781,1.9719141301256846
0.4635773327915737,2.0578769523689964,1.8324780000319087
0.40685223310223667,0.3934176526587781,1.2708321403399592
0.5017257528916922,0.08070105695564625,1.427435669551297
0.5928227739540096,2.0578769523689964,1.2383924421890098
0.41645063219217815,0.3934176526587781,1.0041971608305653
0.5422731254294434,2.0578769523689964,1.1880487531469086
0.34995485331440707,0.08070105695564625,1.0040605862868757
0.5407198391194813,0.3934176526587781,1.71983846135049
0.6732005064733096,2.0578769523689964,1.4255342977211996
0.5745179921030638,0.3934176526587781,1.3125747270778583
0.4354924638212843,2.0578769523689964,1.7617208910951878
0.567707166237012,2.0578769523689964,1.8324867746196452
0.46289170960300763,0.08070105695564625,1.97529953864988
0.503797167421339,0.08070105695564625,1.642013584675241
0.6094807825019894,0.3934176526587781,1.4615289585400517
0.5732089552583236,0.3934176526587781,1.305264301607436
0.39878471403501337,2.0578769523689964,1.2223182092142264
0.5968400575872564,0.08070105695564625,1.2129259504826013
0.5356734640376336,0.08070105695564625,1.4091893747197988
0.5336068073854473,2.0578769523689964,1.9917863552879298
0.4451449194777557,0.08070105695564625,1.0008536974374032
0.5032846681323386,0.08070105695564625,1.197205897231001
0.48909018533965987,2.0578769523689964,1.188392982403574
0.5445560135014305,0.3934176526587781,1.7171194855322924
0.49801694048989714,0.3934176526587781,1.3524847275980618
0.40013006981967864,0.3934176526587781,1.4572608045918205
0.5511720299564936,2.0578769523689964,1.148624130469905
0.5180596699488093,0.3934176526587781,1.4049970388769477
0.363827461883602,2.0578769523689964,1.103199811905836
0.6197662242079492,2.0578769523689964,1.5330432878885831
0.5708701649762137,0.08070105695564625,1.097938365382856
0.7512442009632375,0.08070105695564625,1.7905083811731561
0.4792751488802046,0.3934176526587781,1.5666017175404896
0.4018504676673003,2.0578769523689964,1.723967873773517
0.512337279869035,0.3934176526587781,1.418516386652684
0.37401821671059315,0.3934176526587781,1.3814912932422274
0.5713376092920259,0.08070105695564625,1.0982088890488635
0.4073309962852134,0.3934176526587781,1.5238556070428226
0.4315094128891901,0.3934176526587781,1.514502164857092
0.4809732929235881,0.08070105695564625,1.4681020444496053
0.505233804597711,0.3934176526587781,1.7405183646824494
0.6954500171385078,0.3934176526587781,1.8325044000323545
0.536885289516628,2.0578769523689964,1.7507896749485081
0.3769074531048253,0.3934176526587781,1.143865742806844
0.4464950061690369,0.08070105695564625,1.6220595092821082
0.4587041009204586,0.08070105695564625,1.0803231056895335
0.4049114809068032,2.0578769523689964,1.6946222874404766
0.5372824778395014,0.08070105695564625,1.3818390965611267
0.4816223770318823,0.08070105695564625,1.1324989562662866
0.6664916319306922,0.08070105695564625,1.8620508569761278
0.7025783982442977,0.3934176526587781,1.6140083390389375
0.628930641042708,2.0578769523689964,1.3547249679475275
0.5572858470520986,2.0578769523689964,1.0307271796504995
0.4305732963572762,2.0578769523689964,1.5373102590036105
0.41187720385057774,2.0578769523689964,1.9232258784862326
0.45743802499797337,0.08070105695564625,1.5963798327023657
0.7729153082417436,0.3934176526587781,1.971650604619493
0.5911649387741885,0.08070105695564625,1.1364511182704584
0.6618760610873585,0.08070105695564625,1.5683051045948369
0.3953574430353588,0.08070105695564625,1.7981250480064295
0.6837507270850134,0.08070105695564625,1.5255407311257163
0.4382618249832746,2.0578769523689964,1.0910663559874725
0.34607668325854496,2.0578769523689964,1.5828860015472177
0.5125588147226733,0.3934176526587781,1.6117379058424717
0.36540052169606907,0.08070105695564625,1.7287092484753526
0.5749515957688435,2.0578769523689964,1.761211515165474
0.490063932546481,0.3934176526587781,1.7707726882106072
0.5317101838605302,0.08070105695564625,1.663444393638966
0.5088190610587305,0.08070105695564625,1.2158111864186583
0.6266838032860447,2.0578769523689964,1.4042357558394793
0.6271187896636372,0.08070105695564625,1.7761299726143986
0.5542259660669657,0.08070105695564625,1.953426983400813
0.5373718834127422,2.0578769523689964,1.078946964836622
0.6710616061091735,0.3934176526587781,1.5355366777971948
0.37252215677838285,0.3934176526587781,1.3125222713243065
0.48697717278390623,2.0578769523689964,1.2253938943168299
0.4420801853040711,2.0578769523689964,1.505810683519715
0.361137164768741,0.3934176526587781,1.6060893405565366
0.4860339984093791,0.3934176526587781,1.0097722314194812
0.7128553836060623,2.0578769523689964,1.780206572201191
0.4193943264292984,2.0578769523689964,1.8198821312594475
0.7327641595662406,2.0578769523689964,1.9655108245679331
0.5696269927066608,0.08070105695564625,1.180643733224695
0.6888247129594577,2.0578769523689964,1.594552562360948
0.4280391059467151,0.08070105695564625,1.4266253734763945
0.6214054881088784,0.3934176526587781,1.3348278515553507
0.46120529862996745,0.3934176526587781,1.5656334514375048
0.5818745662601608,2.0578769523689964,1.7823830932235503
0.3397581981635369,2.0578769523689964,1.0230527834452101
0.3734858486882304,0.3934176526587781,1.9694001125661869
0.6585561808253947,0.3934176526587781,1.809881585705711
0.5320102745587784,0.3934176526587781,1.7511537036455784
0.45453115870712735,0.3934176526587781,1.7603873821805034
0.400012274380811,2.0578769523689964,1.3890607096186525
0.6259071133722431,0.08070105695564625,1.7516205508448137
0.33746457334492425,0.3934176526587781,1.3867702086029576
0.7149612307887182,0.3934176526587781,1.898706829574793
0.3537443296695385,0.08070105695564625,1.1772223833064697
0.39331842516397614,2.0578769523689964,1.2923474242151514
0.483845555057929,0.08070105695564625,1.551337542699076
0.4868168224462142,2.0578769523689964,1.3192110358872724
0.458084092264452,2.0578769523689964,1.4242372452952734
0.4536103219772962,2.0578769523689964,1.4924226893985946
0.7753584009998601,2.0578769523689964,1.8563533488135087
0.5726932169881215,2.0578769523689964,1.5231922536086928
0.34423816172970206,0.3934176526587781,1.3624598486145605
0.4604370220672438,2.0578769523689964,1.247736164035116
0.6298023388575474,0.3934176526587781,1.4086759787921972
0.44911489923579784,2.0578769523689964,1.51573610441437
0.386173780882385,0.3934176526587781,1.7461148572032363
0.5306722270703543,0.08070105695564625,1.1210487761723387
0.5077654985173128,0.08070105695564625,1.2216091882391509
0.5233999386432283,0.3934176526587781,1.3796540158686732
0.35387614847433335,2.0578769523689964,1.3603984051195146
0.38376053183232806,0.3934176526587781,1.3917480876052117
0.6135821871667675,0.3934176526587781,1.7935212646403245
0.40075253723366155,2.0578769523689964,1.324154402962173
0.5198761707658689,0.08070105695564625,1.5018981804026645
0.5536807622788166,0.3934176526587781,1.6239070328578964
0.4157176543408916,0.08070105695564625,1.2321785501836051
0.7333963887553342,0.08070105695564625,1.7186953871475388
0.6507365436162641,0.08070105695564625,1.5471113197382809
0.586535113259813,0.3934176526587781,1.446781163031378
0.3822025197038747,0.3934176526587781,1.8097840267383138
0.3646798961893478,2.0578769523689964,1.243495259185182
0.5713061814567963,2.0578769523689964,1.8831759706143232
0.40150375423142654,0.3934176526587781,1.5610487353667037
0.7168462276285653,2.0578769523689964,1.6091748793796583
0.421081255004827,0.08070105695564625,1.8750589641689428
0.5594712637362381,0.08070105695564625,1.817582687849336
0.4814565579131994,0.3934176526587781,1.6015620688219003
0.6134693827211699,0.08070105695564625,1.753187703848174
0.38238776736153374,0.3934176526587781,1.433319490232897
0.4995477753432429,0.3934176526587781,1.5473777534997462
0.3973503910015111,0.3934176526587781,1.062070136708511
0.5573624574308469,0.08070105695564625,1.089857918000047
0.36682808204564465,0.3934176526587781,1.829425404186332
0.5565830472841797,0.3934176526587781,1.0596716556824965
0.5613852517402467,2.0578769523689964,1.1693991256326073
0.4752854302516877,0.08070105695564625,1.7958326589504416
0.5128418440888648,0.3934176526587781,1.0011459506282563
0.34400312304172825,2.0578769523689964,1.2824043288458644
0.705967698589347,0.3934176526587781,1.5840386578266217
0.5422626380426531,0.08070105695564625,1.5954499314692967
0.475858535393166,2.0578769523689964,1.7771529082294735
0.4699624478199913,2.0578769523689964,1.5059262544921705
0.36437623768906363,0.3934176526587781,1.5094018695309703
0.7518563318150188,0.3934176526587781,1.7253105755407003
0.3542837623244858,0.08070105695564625,1.4986244632662835
0.5932418210679756,0.08070105695564625,1.6084910865636168
0.550840547572968,0.3934176526587781,1.897774068255051
0.6526118792465995,2.0578769523689964,1.4014510076123718
0.41795356980007825,0.08070105695564625,1.3851250709192222
0.45265897894897533,0.08070105695564625,1.0035489918647713
0.5280849272426797,2.0578769523689964,1.6134262615212318
0.4981057903312123,0.3934176526587781,1.0297719074071319
0.364723908492715,0.08070105695564625,1.5041484897283164
0.4316069601552152,2.0578769523689964,1.8042337890322266
0.42057072272586354,0.08070105695564625,1.549921070519663
0.5557131941900257,2.0578769523689964,1.269636165216676
0.42830644574737625,0.08070105695564625,1.7861684214493714
0.5063133266163479,0.3934176526587781,1.2697170040825387
0.43521153127188744,2.0578769523689964,1.7330317809458986
0.672559479726786,0.08070105695564625,1.6102584551902313
0.5916686154825316,0.08070105695564625,1.169996296748001
0.5861503518720447,2.0578769523689964,1.9051338748441857
0.4322246842626766,2.0578769523689964,1.2006436829571956
0.464282872450619,0.3934176526587781,1.9895870741406698
0.338973375579626,2.0578769523689964,1.0073104886549409
0.41421130993985433,0.08070105695564625,1.263483377142903
0.5176703274427245,0.3934176526587781,1.1998602972741987
0.4546417464691641,2.0578769523689964,1.0139934101704626
0.735080946300511,0.08070105695564625,1.7323679001473156
0.5049016247822017,2.0578769523689964,1.6934258020995963
0.6437533452588265,0.08070105695564625,1.7923509643549305
0.4791706338499399,0.08070105695564625,1.2566985464645652
0.514258815079429,0.3934176526587781,1.4443351670829698
0.45009322113548456,0.3934176526587781,1.6591135216215473
0.4939188693887487,2.0578769523689964,1.4397685038881436
0.5354115238384702,0.3934176526587781,1.6973257703179159
0.6180073657193885,2.0578769523689964,1.633973408440442
0.5772230712160626,0.3934176526587781,1.1146478030221765
0.48726832882788423,0.3934176526587781,1.781043121076968
0.3635152671463804,2.0578769523689964,1.7206763590925183
0.5396252270180292,0.3934176526587781,1.6558343876174053
0.4795046971632356,0.3934176526587781,1.1550936062710022
0.3846361226472648,0.3934176526587781,1.2679964487953637
0.5883398513408679,0.3934176526587781,1.3931770315876004
0.6324868745475721,2.0578769523689964,1.2799296216564433
0.6073744119732046,0.08070105695564625,1.2278102906761315
0.43311279079515624,2.0578769523689964,1.8053576701617757
0.684454740638156,2.0578769523689964,1.6382322463602024
0.6037193208989122,2.0578769523689964,1.5654721315502504
0.46445189546813204,0.3934176526587781,1.225952710853254
0.5982041302816574,0.3934176526587781,1.9180765622686413
0.5710076743890371,0.08070105695564625,1.1911830390973162
0.553080675797576,0.3934176526587781,1.794950932824677
0.5274938627339283,0.08070105695564625,1.9666726667052932
0.548798284952832,0.08070105695564625,1.727092729224236
0.6282090206072769,0.3934176526587781,1.9928587751846298
0.4185126862691064,0.08070105695564625,1.6510511169779467
0.5918395807430294,2.0578769523689964,1.217460343603895
0.524071054187026,2.0578769523689964,1.2038194937165114
0.5340852947206199,2.0578769523689964,1.3245642842554763
0.3507427891633256,0.08070105695564625,1.007130020221006
0.5864874601752778,0.08070105695564625,1.6816984700828346
0.3704439552252529,2.0578769523689964,1.2686677846278276
0.38275207597637906,0.3934176526587781,1.8151832322927528
0.5062071891700746,2.0578769523689964,1.3591726505593003
0.4811006450499329,0.3934176526587781,1.4799564934633127
0.6282204606790471,0.3934176526587781,1.9656889165603693
0.35964855499414156,0.08070105695564625,1.242172123047277
0.5224915210738807,0.08070105695564625,1.7212540974297394
0.4200763972351653,0.3934176526587781,1.7551177893054173
0.617558044277558,0.3934176526587781,1.2209981575236353
0.5400523497674287,0.3934176526587781,1.5009968366121957
0.5559875908136176,0.08070105695564625,1.3502019253129682
0.48465586355699913,2.0578769523689964,1.7719062434000892
0.3801207432501005,0.3934176526587781,1.6224833190290373
0.6810665221440783,0.08070105695564625,1.475983054860547
0.4688814206638321,2.0578769523689964,1.7793632650477182
0.4569390626006555,0.08070105695564625,1.2351555700084171
0.6179132812669805,2.0578769523689964,1.753621880584359
0.3610938905089442,0.08070105695564625,1.8653743120928243
0.7124771374492117,2.0578769523689964,1.8786215968075726
0.5754004013646128,0.3934176526587781,1.783673593019604
0.43066391231725015,0.08070105695564625,1.4080141669982686
0.3823089771731101,2.0578769523689964,1.981808022717827
0.39020849603591373,2.0578769523689964,1.3795936438224399
0.6921991110656478,2.0578769523689964,1.6386253991024256
0.5192300596394326,0.3934176526587781,1.1610741780694687
0.4709900879297794,0.08070105695564625,1.9804488986363928
0.3723690167578526,2.0578769523689964,1.7039859218646631
0.6348450845710194,0.3934176526587781,1.7533775452463685
0.4724183261330066,0.3934176526587781,1.0657767034111445
0.5169074801278601,0.3934176526587781,1.7634178142206718
0.5010592065424214,0.3934176526587781,1.7747234292206013
0.43102037236043717,0.3934176526587781,1.6717727263622297
0.5393326129689578,0.3934176526587781,1.2919096137903436
0.6828175101500664,0.3934176526587781,1.4896900421608814
0.37593295214637423,0.08070105695564625,1.1104343713087164
0.5478335699749314,0.08070105695564625,1.4715870664591526
0.45816646073535205,0.3934176526587781,1.2438238526004048
0.47892109516268155,2.0578769523689964,1.349096986494082
0.401051548254827,2.0578769523689964,1.1626004084036987
0.572892218909402,2.0578769523689964,1.230054367746897
0.4520930023829605,0.3934176526587781,1.0765686418201161
0.59976691707319,2.0578769523689964,1.9199013664369213
0.45177215291233425,0.08070105695564625,1.5304106879754034
0.3977243199224723,0.08070105695564625,1.3967419712627396
0.3725717503083953,0.08070105695564625,1.535029212768784
0.6197782172235922,0.08070105695564625,1.6282932284815526
0.44136303352348105,0.3934176526587781,1.921878793369349
0.5237392713731462,0.08070105695564625,1.1786929522863132
0.45447804508600165,2.0578769523689964,1.2955524986352176
0.54857026522838,2.0578769523689964,1.9757893363441146
0.4891879991090964,0.08070105695564625,1.3711929866485244
0.4160555936693328,0.08070105695564625,1.0225616507573276
0.35817364826778353,0.08070105695564625,1.1476434926371588
0.402465421146949,2.0578769523689964,1.0263387017485521
0.6677858737449074,2.0578769523689964,1.9899231424207284
0.5357242158965154,0.08070105695564625,1.278870848991223
0.48266276969757743,2.0578769523689964,1.923542756936226
0.572175539963769,2.0578769523689964,1.9958862757597158
0.4164693930754121,0.3934176526587781,1.5998412211431141
0.37902480357831053,0.08070105695564625,1.0331963150655619
0.3350394362834554,0.08070105695564625,1.081591630386927
0.6547505390513426,0.3934176526587781,1.4815890551078779
0.4080118957337999,0.3934176526587781,1.4061720129114859
0.4299258960497834,2.0578769523689964,1.6061773057817677
0.43402663186561025,0.3934176526587781,1.438847809711364
0.41059858555447915,0.08070105695564625,1.9340768492714844
0.57394318161116,0.08070105695564625,1.5347397154135112
0.37577049367969656,0.08070105695564625,1.693726061462442
0.4115039225749783,2.0578769523689964,1.8964852726424966
0.5053395983245949,2.0578769523689964,1.1468718758332073
0.431797135798546,0.08070105695564625,1.2297346541185286
0.5146329630736846,0.08070105695564625,1.107318660474015
0.4805491114669585,2.0578769523689964,1.1396383992299124
0.43250868137542914,2.0578769523689964,1.5125839669342331
0.5389658048640513,0.3934176526587781,1.321179258967464
0.3774990427902459,2.0578769523689964,1.4231728395267549
0.6063319706623597,2.0578769523689964,1.9824898317940618
0.4504734473939065,0.08070105695564625,1.156704347795948
0.43933526909539494,0.08070105695564625,1.5408120707980757
0.48604860838835373,0.08070105695564625,1.098871155053651
0.607240541826175,0.3934176526587781,1.3184963132638785
0.7029016117884725,2.0578769523689964,1.5275259236745986
0.6337857142500573,0.3934176526587781,1.9466317459653377
0.47075242722484173,2.0578769523689964,1.391228221283483
0.38520030341704825,2.0578769523689964,1.0649066962146698
0.4218613728309764,0.08070105695564625,1.388161447960317
0.46045971395480034,2.0578769523689964,1.1457411758739777
0.43984885682026403,0.3934176526587781,1.2299896132914454
0.6944354735558605,0.08070105695564625,1.6180906231649903
0.42137619718308567,0.3934176526587781,1.0674238662036817
0.46903197535695096,0.3934176526587781,1.4647237562500375
0.4897752248700899,0.08070105695564625,1.6094615860107644
0.6200054562265006,2.0578769523689964,1.421858392367497
0.4835324470562495,0.3934176526587781,1.0191263506237305
0.6435447527502038,2.0578769523689964,1.9855193569028655
0.4449252286234908,0.08070105695564625,1.3671157673405352
0.693510034776462,2.0578769523689964,1.778577186933267
0.347727444908696,2.0578769523689964,1.3256464921874533
0.6440846499570126,0.08070105695564625,1.4750167569934187
0.5059241880337852,2.0578769523689964,1.3884636426109966
0.4626536759847425,0.3934176526587781,1.3425392295096077
0.44709848908738303,0.3934176526587781,1.0218513772077786
0.5514317750400806,0.3934176526587781,1.3600209378545034
0.35652080788080814,2.0578769523689964,1.8894899903995301
0.6953163300513281,0.3934176526587781,1.6903933385936836
0.4515753487443169,2.0578769523689964,1.1454228590954398
0.4722792018870647,2.0578769523689964,1.5911550046227392
0.4130721112905019,2.0578769523689964,1.8922308599488715
0.5231459697856239,2.0578769523689964,1.7000340409648556
0.465448905543683,0.08070105695564625,1.1486843923566967
0.5294854450047318,0.3934176526587781,1.8678324967344966
0.5439290493021975,0.3934176526587781,1.3015440132888654
0.48413721230151135,2.0578769523689964,1.4540761443123418
0.6889665506297921,0.08070105695564625,1.5261427596891464
0.6134112328269876,2.0578769523689964,1.8505066043781953
0.7229559178161266,0.3934176526587781,1.9316074951476612
0.4020578094823211,0.3934176526587781,1.9296528777905562
0.4213845727621748,0.08070105695564625,1.0079541812785406
0.5056479682464724,2.0578769523689964,1.9218884855854572
0.4698172767042886,0.08070105695564625,1.0543869660015723
0.5917092617556373,2.0578769523689964,1.2657736568174354
0.3689010806567528,0.08070105695564625,1.514987854727833
0.365279989838671,0.3934176526587781,1.4799256890043941
0.6669540315851971,0.08070105695564625,1.604709793887392
0.4144421987804588,0.3934176526587781,1.4794462287370058
0.6597303699297097,0.3934176526587781,1.9343756796404208
0.49253194952051244,2.0578769523689964,1.240548848214587
0.5851426327741615,0.08070105695564625,1.2740246940384858
0.40877278588076243,0.08070105695564625,1.9207379356930563
0.3619552312466727,0.08070105695564625,1.0767395137452562
0.5559736696032417,0.08070105695564625,1.6095608219048099
0.7231486483275328,2.0578769523689964,1.6817359520656108
0.48862559676075756,2.0578769523689964,1.5055417234297395
0.4771034298761171,2.0578769523689964,1.6942318788231372
0.49951534844230044,0.3934176526587781,1.1727546460119669
0.7596529351250949,0.3934176526587781,1.8526322327715399
0.5557646066041788,0.3934176526587781,1.1400256894698857
0.6678945309780159,2.0578769523689964,1.4008124443157497
0.3347135985731878,0.3934176526587781,1.0752576013082058
0.3829300741596762,0.08070105695564625,1.5452110788174003
0.5865272808127409,0.3934176526587781,1.669745807425639
0.7311319359546149,2.0578769523689964,1.9412216350952907
0.46463175617302516,2.0578769523689964,1.739336195896001
0.4288865638244097,2.0578769523689964,1.5411029164541512
0.7137533102043234,2.0578769523689964,1.9326170171703336
0.35954048499283425,0.08070105695564625,1.4784368380408766
0.4787863613571604,0.3934176526587781,1.5612056530988694
0.5344904232749161,0.3934176526587781,1.5960985276700956
0.5250495698824105,2.0578769523689964,1.4099797258865667
0.6678856447762654,0.3934176526587781,1.838482690565824
0.43120815976750787,0.08070105695564625,1.1851759388450591
0.5677742392214925,2.0578769523689964,1.554842190371608
0.5857795306053658,0.3934176526587781,1.722233256187194
0.599163407363318,0.3934176526587781,1.903976171876577
0.6375884475852787,0.3934176526587781,1.8839183964342783
0.4333949605861367,0.3934176526587781,1.508740289430142
0.37721018461340355,2.0578769523689964,1.6431614511633417
0.3769042269985075,2.0578769523689964,1.394237736129301
0.417644820738188,0.08070105695564625,1.4681777628802002
0.5780268652100485,2.0578769523689964,1.9062657925730495
0.7378965521677486,0.3934176526587781,1.9307039931924739
0.667081976750219,0.3934176526587781,1.8954140580670198
0.5425299029690172,0.3934176526587781,1.1383708618136383
0.5041164303478046,0.08070105695564625,1.8500840213306362
0.5399352504763132,2.0578769523689964,1.9483637310214803
0.46347706537179967,2.0578769523689964,1.3612496945736048
0.40994748898929134,2.0578769523689964,1.5186462894216692
0.37371183505481426,0.3934176526587781,1.779095255812996
0.5609699236246914,0.3934176526587781,1.5620781375656487
0.8228627643991357,0.3934176526587781,1.9934835217062494
0.396717969160137,0.08070105695564625,1.4557133651568284
0.36509220168081397,0.08070105695564625,1.7139427112073777
0.6802973932258451,0.3934176526587781,1.7925911401965442
0.4296579322429162,0.08070105695564625,1.4941004157584394
0.7162351385990829,0.08070105695564625,1.856983805711376
0.5997208461443523,0.08070105695564625,1.5461545912071966
0.6541316345876779,2.0578769523689964,1.4116507968016314
0.43665041834001245,0.08070105695564625,1.107823673851947
0.5558958542488539,0.3934176526587781,1.393413576350424
0.538099172790598,2.0578769523689964,1.7339364547332843
0.6398299576983361,0.08070105695564625,1.9212864116801072
0.46669577069730894,0.3934176526587781,1.2516794038603103
0.3969848538346899,0.08070105695564625,1.3552355173305026
0.46937182873433897,0.3934176526587781,1.1539609941044262
0.5576926523730702,0.3934176526587781,1.6907228942289687
0.7307363563685407,0.08070105695564625,1.9601884300099253
0.6306301915299156,0.08070105695564625,1.6409522198481756
0.5982351622042259,2.0578769523689964,1.6170765300062264
0.3835714984995252,0.08070105695564625,1.553489930500434
0.5141613055604987,0.3934176526587781,1.0884557406855366
0.5520487689335444,2.0578769523689964,1.7295038264293836
0.6829815894187767,0.3934176526587781,1.602049543549351
0.7075331734502118,0.3934176526587781,1.661476768856287
0.37594324834993337,0.08070105695564625,1.8988110930274216
0.6958750105694602,0.3934176526587781,1.783960787061018
0.3638335261105454,0.08070105695564625,1.780915252154526
0.520120147830066,0.3934176526587781,1.9271837688793476
0.6102819931130092,2.0578769523689964,1.9899349514629996
0.3980967546065983,0.08070105695564625,1.5812827319610596
0.524969394779686,2.0578769523689964,1.1088816160311659
0.34215739036236265,0.08070105695564625,1.4591299077754365
0.41968416753841686,2.0578769523689964,1.7876011464616444
0.46818366132703604,0.08070105695564625,1.0277253247618492
0.5062881881387067,2.0578769523689964,1.056887438356149
0.5591634286954672,2.0578769523689964,1.0671577823828213
0.6366508422419467,0.08070105695564625,1.7310357583283107
0.5794473439022728,0.08070105695564625,1.5011666285631722
0.46462042029298617,0.3934176526587781,1.3688979435205937
0.33014441040003584,0.3934176526587781,1.105617045261736
0.3960221514247079,0.08070105695564625,1.7322402502058891
0.5026047875304306,0.08070105695564625,1.3210198105508997
0.5359845370305067,2.0578769523689964,1.265324070064667
0.5081832051177085,2.0578769523689964,1.652319201553551
0.6121331078915104,0.3934176526587781,1.5590108925968418
0.5049481889741531,0.3934176526587781,1.3624106418133017
0.37305070356959746,0.3934176526587781,1.641487470805588
0.39193716998728206,2.0578769523689964,1.2712215203841182
0.7065709626071155,2.0578769523689964,1.7948302616043268
0.543623412566531,2.0578769523689964,1.229318950307654
0.5758720507527059,0.3934176526587781,1.1588376953820156
0.3977157968171707,0.08070105695564625,1.782439409498875
0.7475943102270828,0.3934176526587781,1.7078920306979333
0.3903251406013941,2.0578769523689964,1.1826389757017983
0.3331940249888734,0.3934176526587781,1.116245752689938
0.7853549161682629,0.3934176526587781,1.838399088486692
0.4664277730674921,0.3934176526587781,1.776598482196688
0.5454787058301463,0.3934176526587781,1.3272573736996642
0.41414965910870677,2.0578769523689964,1.6581974082133666
0.4841015471875021,0.3934176526587781,1.1241601865478108
0.6635335908743938,2.0578769523689964,1.5070476590476782
0.40422288360723047,0.3934176526587781,1.01873029206042
0.5582879051922347,2.0578769523689964,1.3916018809215553
0.3765604052275082,0.08070105695564625,1.074842821471405
0.5581168645174598,2.0578769523689964,1.4751471801568825
0.4515530279731905,2.0578769523689964,1.4216816468528943
0.41114505047791616,0.08070105695564625,1.444385026638056
0.4052634506356887,0.08070105695564625,1.0453313020479942
0.3942902929522345,0.08070105695564625,1.3616163412818323
0.7236284718237854,0.08070105695564625,1.7564838490999164
0.4655444466232095,0.08070105695564625,1.3689143733536202
0.4460439787609025,0.08070105695564625,1.7151719526095808
0.48221619893662293,0.3934176526587781,1.3694787236337334
0.4463564980502419,0.3934176526587781,1.4232394414901863
0.6182196693748192,0.08070105695564625,1.563892112829266
0.803168763975767,2.0578769523689964,1.9506819368070825
0.4443879802746287,2.0578769523689964,1.1088604466466552
0.5371699194759685,0.08070105695564625,1.0329137686611736
0.5591669026761185,0.3934176526587781,1.6079571838100453
0.42529307150742074,0.3934176526587781,1.9490970889284265
0.6804803576196595,2.0578769523689964,1.989723132554715
0.5205429179040478,0.08070105695564625,1.4841642473920018
0.5658439699395298,0.3934176526587781,1.4680816210850984
0.6916472165906712,0.08070105695564625,1.6449637707451963
0.5043576554946643,0.08070105695564625,1.5556347572049698
0.6934826420007111,2.0578769523689964,1.6340880576141181
0.6848959756119877,0.08070105695564625,1.8739994255378942
0.5496685102140292,0.08070105695564625,1.7463061694876094
0.5543133304696265,2.0578769523689964,1.4968773916867955
0.4521190587444582,0.3934176526587781,1.4618644590001697
0.7269036352977264,0.08070105695564625,1.639601748513116
0.5693491593727029,2.0578769523689964,1.4557062844202975
0.35437762462618777,0.3934176526587781,1.4577793512656398
0.40551097345359266,0.08070105695564625,1.0163059017865048
0.5043481678320362,0.3934176526587781,1.1740641374073084
0.3599298024327531,2.0578769523689964,1.488513639995753
0.3593443895121388,0.08070105695564625,1.8226534590503691
0.4704765925844172,2.0578769523689964,1.2787270067271241
0.4610773789504392,2.0578769523689964,1.5226434331311491
0.4756956346070312,0.08070105695564625,1.3449620847592323
0.3981930551425975,2.0578769523689964,1.104803989539589
0.42937388421084305,0.3934176526587781,1.9582984830713006
0.6537534780880775,2.0578769523689964,1.8546738702503016
0.4598172716533106,0.08070105695564625,1.0784924244669063
0.4280065038892931,0.08070105695564625,1.7197872624682846
0.4381898435511584,0.3934176526587781,1.3475799043575
0.6345587867552938,0.08070105695564625,1.9948498070617926
0.35732062307517487,2.0578769523689964,1.3023985198289778
0.37652434820169467,2.0578769523689964,1.2387384453625998
0.36942063096426525,0.08070105695564625,1.5678905483054053
0.7037241031715311,0.3934176526587781,1.835126163343204
0.5439552754285575,0.3934176526587781,1.1925188718197979
0.6518099463839548,0.08070105695564625,1.7094027697193312
0.5076709255445108,2.0578769523689964,1.0614065831411217
0.6571190078055805,0.08070105695564625,1.9189347431104973
0.450635546374746,0.08070105695564625,1.0810749161472988
0.6438923281527991,0.3934176526587781,1.9142313763441625
0.35367186211031015,2.0578769523689964,1.4908072494527027
0.5521791937700534,0.3934176526587781,1.44809111279592
0.7182816325306187,0.3934176526587781,1.9733070795003766
0.5904864046930158,2.0578769523689964,1.990384177698219
0.4844319664383254,2.0578769523689964,1.650178125961012
0.40411762210307023,2.0578769523689964,1.1271192918570485
0.5700441758192469,0.08070105695564625,1.5061700856552025
0.5923481038255652,2.0578769523689964,1.5291631009556625
0.653469526074051,0.08070105695564625,1.5144464281353098
0.4696748486324862,0.3934176526587781,1.5694918385200096
0.5119755865053759,2.0578769523689964,1.0187247137943907
0.5741710324803103,0.08070105695564625,1.7112272814705025
0.7051124360597704,0.08070105695564625,1.7123943019529881
0.46887086528821903,0.08070105695564625,1.115469775177888
0.5350516196536428,0.08070105695564625,1.5702394424458008
0.5571812056584172,0.3934176526587781,1.5683611824357746
0.6446021827828128,2.0578769523689964,1.6824504201904
0.5759648344753007,2.0578769523689964,1.0853976921350812
0.3721455171929351,2.0578769523689964,1.6265033072660964
0.3506743760756669,2.0578769523689964,1.2807519507463412
0.6754962619570285,2.0578769523689964,1.507002990496172
0.5709616248900478,2.0578769523689964,1.7733235527040767
0.594958825270722,0.08070105695564625,1.7056459363630134
0.4574258860965113,2.0578769523689964,1.1189030176779933
0.3781608999735919,0.08070105695564625,1.5911847871160734
0.7127982361427883,0.3934176526587781,1.9691165309407386
0.5351061144649677,0.08070105695564625,1.1567694373350021
0.48712886490461804,0.3934176526587781,1.852907087725415
0.46960956231262635,2.0578769523689964,1.702548080553777
0.7008913900426461,0.3934176526587781,1.7740033129097597
0.35645690919751283,0.3934176526587781,1.2819583271426453
0.6029743927888771,0.08070105695564625,1.2878889293798426
0.4675838645280177,0.08070105695564625,1.9060194557764882
0.5274434055170458,0.3934176526587781,1.3598320320925588
0.5629824322575132,0.3934176526587781,1.0630153906928106
0.6006026339877135,2.0578769523689964,1.6005967035794502
0.44023806374961894,0.08070105695564625,1.1248176690418425
0.642727784103017,0.3934176526587781,1.7965962414079082
0.4782062542609584,0.08070105695564625,1.6417464425010575
0.47399460816543515,2.0578769523689964,1.8747265052212083
0.7707424304008682,2.0578769523689964,1.7848372497826352
0.5268102981394971,0.3934176526587781,1.1121136483381961
0.5479584356733712,2.0578769523689964,1.3810706764344223
0.4975313273966509,0.3934176526587781,1.7745602499145874
0.3546523158500385,0.08070105695564625,1.4173414732663256
0.36757779894596354,0.08070105695564625,1.9723654847799783
0.5751824158032035,0.3934176526587781,1.7357404498934492
0.509442562604386,0.3934176526587781,1.0154999166903211
0.5907809713145442,0.3934176526587781,1.8799856915608364
0.5478108976454606,0.08070105695564625,1.1008047848685576
0.33973550014887755,0.08070105695564625,1.1405237241800859
0.4977539447648677,2.0578769523689964,1.734492400611051
0.4552600963287013,2.0578769523689964,1.8649685594304803
0.5042875305120467,0.08070105695564625,1.5363496278995559
0.35677606030063097,0.08070105695564625,1.289049732945779
0.6414811883016982,0.3934176526587781,1.3513155452531755
0.407094639859623,0.08070105695564625,1.342889329596056
0.6251735732314136,0.08070105695564625,1.3266781038095123
0.4585502101561438,2.0578769523689964,1.24290967182165
0.719536754257942,2.0578769523689964,1.608867094629233
0.6015088327720504,0.3934176526587781,1.9004053185650673
0.6229320304896397,2.0578769523689964,1.3070824130833412
0.33347750611742755,0.3934176526587781,1.186694297461412
0.6764824837523742,0.08070105695564625,1.8385776663714248
0.7205116379567972,0.08070105695564625,1.7417833308897033
0.41606792449967256,0.3934176526587781,1.9308370315599106
0.35784916564442537,2.0578769523689964,1.1655197356049096
0.44543513488365294,2.0578769523689964,1.1442513141165915
0.6827750859669716,0.08070105695564625,1.5414293943049966
0.5512282373249289,2.0578769523689964,1.6144336548350953
0.524861534424359,0.3934176526587781,1.4801734418595895
0.3965544274040851,0.08070105695564625,1.5989666363238755
0.3320301414726605,2.0578769523689964,1.1803797688750715
0.6239015978956672,0.08070105695564625,1.4796137541640833
0.3790658043917472,0.08070105695564625,1.658092560939668
0.5536682108399807,2.0578769523689964,1.4327064492487036
0.7098995270591124,0.3934176526587781,1.6794473358165978
0.4107944462309478,2.0578769523689964,1.4511912805538396
0.5458021466427821,2.0578769523689964,1.3335995808422774
0.3593681921610992,2.0578769523689964,1.3036050470870924
0.5397014148044699,2.0578769523689964,1.410902058988588
0.36706319192648484,2.0578769523689964,1.0230896226822008
0.6364234095743184,2.0578769523689964,1.6685251384461137
0.4817406450199971,0.3934176526587781,1.845105640980262
0.48501806578848417,0.08070105695564625,1.3546270944431185
0.47582268753554624,0.3934176526587781,1.0460331361417186
0.4343649751961029,2.0578769523689964,1.9867755973855576
0.5555402357374868,0.3934176526587781,1.263698255451067
0.41076908356848724,0.08070105695564625,1.126621121690773
0.5516211211155386,0.3934176526587781,1.369752507973028
0.41211984709565574,2.0578769523689964,1.7385570406335566
0.5453718275757246,0.08070105695564625,1.2939165968905657
0.39024742889289477,2.0578769523689964,1.574703203919488
0.48069772639097264,2.0578769523689964,1.4155599944371422
0.3952785122803909,0.08070105695564625,1.1177639922766185
0.5713351353098427,0.08070105695564625,1.3302870124921102
0.45374157833790507,2.0578769523689964,1.7248705057140667
0.6806545540895177,0.3934176526587781,1.6120038973314457
0.565633878003485,0.08070105695564625,1.119778379883561
0.38527525477824787,0.3934176526587781,1.1633224097143087
0.5831978807462689,0.3934176526587781,1.6407333593074456
0.3865593016697636,0.08070105695564625,1.8134154143208687
0.46136074417278183,0.3934176526587781,1.3494744959581693
0.612921692633276,0.08070105695564625,1.5953107518434502
0.5137184219356618,0.08070105695564625,1.1706435887521054
0.5290637892491382,0.08070105695564625,1.3113763369053237
0.3953475833747163,0.08070105695564625,1.0202702056730526
0.5063783301168941,0.3934176526587781,1.7682759477995225
0.37186425511819354,0.3934176526587781,1.4010098197729668
0.6592235031598479,0.08070105695564625,1.8161255736539539
0.5503914976081697,0.08070105695564625,1.7083729960227263
0.6572869494175083,0.08070105695564625,1.828744265728477
0.4102942683967851,0.08070105695564625,1.2856586695828827
0.4226944808958072,2.0578769523689964,1.1851087304278454
0.5098085621421998,0.3934176526587781,1.9719056826516705
0.356678271182513,0.3934176526587781,1.7173277870408694
0.49800265929911736,0.08070105695564625,1.8340422679266704
0.5187809785533982,2.0578769523689964,1.0131333737099337
0.6240719942386053,2.0578769523689964,1.3544616202958866
0.5614258426104047,2.0578769523689964,1.7428166905773317
0.4447403951142899,0.08070105695564625,1.0779828329899832
0.35362460182020894,2.0578769523689964,1.5673399295689356
0.6360663052597868,0.08070105695564625,1.4290727674550032
0.33056967088676137,2.0578769523689964,1.0176165071411072
0.6091534573309302,0.08070105695564625,1.2359755771194514
0.483200507100223,0.08070105695564625,1.284791989066714
0.41959721595159727,0.3934176526587781,1.1118599463463226
0.7017832142513364,0.08070105695564625,1.6315369097426604
0.34062925444342684,2.0578769523689964,1.242397876251889
0.5100121205441792,0.3934176526587781,1.2776194996193884
0.5988475589931176,2.0578769523689964,1.8982385982001473
0.4157302154556158,0.08070105695564625,1.4671230926931393
0.4788342801163564,0.3934176526587781,1.3921281469692723
0.6134439837504699,0.08070105695564625,1.723871038314717
0.6815959774096453,0.08070105695564625,1.909613796882912
0.3278264290618757,2.0578769523689964,1.0250363362374437
0.6604169001728655,2.0578769523689964,1.4482388465553964
0.40621643824061016,2.0578769523689964,1.6107813560779474
0.40835597296782017,0.3934176526587781,1.3185630981259897
0.45861916239965184,2.0578769523689964,1.7724077221232417
0.3707201076954256,0.08070105695564625,1.9714770702702737
0.40912167966173857,0.3934176526587781,1.9434273662502832
0.6292306845279315,2.0578769523689964,1.2659825393799418
0.42434785318814133,2.0578769523689964,1.226338278437486
0.4063047261115039,2.0578769523689964,1.9574905310212212
0.37623248358568073,0.08070105695564625,1.458628487431466
0.5378353723928758,2.0578769523689964,1.2082977230846916
0.6923601829151548,0.08070105695564625,1.7069969636304183
0.41261879332765083,0.3934176526587781,1.2844203239037917
0.3403973536511453,2.0578769523689964,1.2672469750710524
0.4502096558987641,0.08070105695564625,1.8792490430777846
0.3468328073673182,2.0578769523689964,1.1624791533769034
0.35462436211643605,2.0578769523689964,1.0643929464662363
0.46363277481852205,0.3934176526587781,1.2691864401716872
0.43089780462478117,0.3934176526587781,1.6069454128382037
0.46690082240386577,0.08070105695564625,1.1230878534032707
0.4280033086979047,0.08070105695564625,1.4715946722767939
0.7070390153201821,0.08070105695564625,1.6273371104253198
0.747904799615263,0.3934176526587781,1.848736992593174
0.4978015254898884,0.08070105695564625,1.2298695912022544
0.5019630546648938,0.3934176526587781,1.8173463233827896
0.44446134567361195,0.3934176526587781,1.2349062611312385
0.509067067978837,2.0578769523689964,1.6767665412396404
0.5850661159672698,2.0578769523689964,1.4306735714824552
0.44873293426151356,0.08070105695564625,1.11468124237867
0.6949300555514544,0.3934176526587781,1.7142634628218487
0.6043339292205084,0.3934176526587781,1.2177626185490178
0.4250001542096336,0.3934176526587781,1.1766234260245914
0.5168077593894209,2.0578769523689964,1.3583229285893832
0.38177259434503213,0.3934176526587781,1.6532902447594835
0.39168385473715306,0.08070105695564625,1.233996478790628
0.4474160603675557,0.08070105695564625,1.1836615387818856
0.3762348974553005,2.0578769523689964,1.0099536257133643
0.6452968105218642,0.08070105695564625,1.4716430971017236
0.39201522664072763,0.3934176526587781,1.4286455693151827
0.46605758305145106,0.3934176526587781,1.2338677436373762
0.47868154565784193,0.08070105695564625,1.0536521640096908
0.572688902676294,2.0578769523689964,1.429255874595837
0.5108696242829609,0.3934176526587781,1.7882051110716313
0.7002068463061726,0.3934176526587781,1.7152821313271769
0.6014735587523173,2.0578769523689964,1.8607948898601703
0.4316090179043379,0.3934176526587781,1.0095826877131557
0.38430437611747625,0.08070105695564625,1.9664193168045985
0.4836018715592039,0.08070105695564625,1.3414122526274483
0.7422410687453876,2.0578769523689964,1.9903977960919648
0.5156449371386057,2.0578769523689964,1.2526194606017746
0.6297891308699703,0.08070105695564625,1.4715363875782448
0.49473195323404123,2.0578769523689964,1.3539276765753037
0.37450962175201075,0.08070105695564625,1.3557607149943025
0.35549549631711713,2.0578769523689964,1.8422820987482158
0.47276595724661497,0.08070105695564625,1.7464189397373389
0.6844421710276442,0.3934176526587781,1.9921514352300482
0.6459960822059936,0.3934176526587781,1.6135146827175126
0.44192333898735153,0.08070105695564625,1.4632566043945028
0.4567034130325901,0.3934176526587781,1.0900738629468911
0.5537451944891384,0.08070105695564625,1.9965614195138568
0.4928055919388504,2.0578769523689964,1.551530652932283
0.4391569451149995,0.3934176526587781,1.7004774696901417
0.3832940245287488,0.3934176526587781,1.4067423871913114
0.41383607204552597,0.3934176526587781,1.5477157081792359
0.37777693881069635,0.08070105695564625,1.9425777318928872
0.3859696293778869,0.3934176526587781,1.1664194379316029
0.3376183832914856,2.0578769523689964,1.2923725843302547
0.5015282522943755,0.3934176526587781,1.1520597277780324
0.48293918140339465,2.0578769523689964,1.7922159038047747
0.5720292213674059,0.3934176526587781,1.0620452604218296
0.37853064038434325,0.3934176526587781,1.0816316498513383
0.4411551544847708,2.0578769523689964,1.2984941127873686
0.46920259266837194,0.3934176526587781,1.5141881809210114
0.34066899015156915,2.0578769523689964,1.4062748005595864
0.5345884197173602,2.0578769523689964,1.0448163106708073
0.36750523478755626,2.0578769523689964,1.9574915578709515
0.7893167785342065,0.3934176526587781,1.9528695203580837
0.6042530305526334,0.3934176526587781,1.2793563232407599
0.5668320494929404,2.0578769523689964,1.7315256152685814
0.5460377907419466,0.3934176526587781,1.5785754113832238
0.5244695977624415,0.08070105695564625,1.2374766950056242
0.44945441489487925,2.0578769523689964,1.2621715517416154
0.56888002618384,2.0578769523689964,1.4911531743104505
0.35324908307115344,0.08070105695564625,1.4192369414973602
0.35127670542189793,0.08070105695564625,1.2912293282312644
0.5450287483297489,2.0578769523689964,1.807511596305149
0.5328423964519147,0.08070105695564625,1.4814629176373848
0.6932948968514691,2.0578769523689964,1.654848062389128
0.3614307071774709,0.3934176526587781,1.1892735001678756
0.6404066419238718,0.08070105695564625,1.5335076625164867
0.4009711443936501,2.0578769523689964,1.3179760494466215
0.4837005460790355,2.0578769523689964,1.5264136103948782
0.4818626796774666,2.0578769523689964,1.7808258334109281
0.5157554407271402,0.08070105695564625,1.7689132100912617
0.3846901507589732,0.3934176526587781,1.354220678034276
0.5481755932075129,0.3934176526587781,1.6942771170796391
0.7224028144353984,0.08070105695564625,1.9412899503942769
0.5140840949971796,2.0578769523689964,1.6256693299249063
0.4638621614471814,2.0578769523689964,1.1484101233826371
0.683700382157104,2.0578769523689964,1.6797086292790953
0.5136646315849435,0.08070105695564625,1.1049043863493113
0.5686610089514897,0.08070105695564625,1.8721104087930271
0.4334712116598823,2.0578769523689964,1.5166604958019403
0.6274654661401182,2.0578769523689964,1.3851407363115795
0.47212276146424376,2.0578769523689964,1.0570065946496925
0.4094570309691366,0.08070105695564625,1.3807837345921097
0.4729741460919483,0.08070105695564625,1.9032066679157893
0.5204683514819035,0.3934176526587781,1.0209829962863033
0.3551115074392158,2.0578769523689964,1.474648157781805
0.8076686906773592,2.0578769523689964,1.9311580911106223
0.380596824974037,0.3934176526587781,1.394840999765021
0.607729704219244,2.0578769523689964,1.4281756874621503
0.4903037706995312,0.3934176526587781,1.57856005519912
0.5099950954656429,0.08070105695564625,1.4629373335771834
0.5743458271829708,0.3934176526587781,1.1686016912375523
0.4264255129172302,0.3934176526587781,1.0185555390698604
0.5486317203591491,0.08070105695564625,1.6098116579787016
0.3741478776810848,2.0578769523689964,1.9208065870078121
0.3304418482265336,0.3934176526587781,1.1063641330271656
0.40263169763908463,0.3934176526587781,1.2109527192527534
0.557616217951696,2.0578769523689964,1.3702294858249735
0.40075823884783807,0.3934176526587781,1.8087422290211197
0.36831743342250484,0.08070105695564625,1.2692603164709775
0.5345219923960273,0.3934176526587781,1.8820544042787684
0.4893737670451116,2.0578769523689964,1.0549578746500665
0.6809692598850504,2.0578769523689964,1.9409566212589349
0.4080503580529213,0.3934176526587781,1.5607470778737649
0.3759534762039599,2.0578769523689964,1.6587776784877044
0.6412356485887133,2.0578769523689964,1.3676895225363532
0.4582952073026534,0.3934176526587781,1.7819942855110602
0.5663436196909929,0.3934176526587781,1.166566250084406
0.5415222508952452,2.0578769523689964,1.048911825278487
0.5928150475687385,0.3934176526587781,1.3955169431075571
0.42423967489093184,0.08070105695564625,1.8536957139810395
0.6898438569153699,0.3934176526587781,1.7549268366376947
0.6175225259181158,2.0578769523689964,1.517155970488958
0.5648362668805899,0.08070105695564625,1.5721377471653535
0.4203037301619724,2.0578769523689964,1.1298928262987555
0.4643557522132297,2.0578769523689964,1.8406815086175823
0.3998044011042812,0.08070105695564625,1.786959682964197
0.545012191255294,0.3934176526587781,1.6564703938869427
0.5427942216127245,2.0578769523689964,1.4661910363289383
0.520753323442623,0.3934176526587781,1.9644592682795126
0.5629183911182727,0.3934176526587781,1.8790319718764712
0.4861258753408601,0.08070105695564625,1.6444304935146186
0.5450652715891072,2.0578769523689964,1.3718009977172878
0.6895974560238977,0.08070105695564625,1.6180222786815124
0.40364442587957455,0.08070105695564625,1.5754409265306655
0.46343639327550196,2.0578769523689964,1.3942419878349164
0.37871985589088075,2.0578769523689964,1.3066739716880762
0.5460910736089968,0.08070105695564625,1.4070107922373225
0.614478504759386,0.08070105695564625,1.5739114060333979
0.6536719665435624,0.08070105695564625,1.4281348447110944
0.41731702979577334,2.0578769523689964,1.263574488201384
0.7449287038663059,2.0578769523689964,1.7609633177608086
0.3641782744758788,0.08070105695564625,1.531467495957413
0.4804269738199069,2.0578769523689964,1.0676751632256
0.355341873781567,2.0578769523689964,1.3683165056261255
0.751310126055305,2.0578769523689964,1.8849134572119937
0.5681419009450501,0.3934176526587781,1.755236531199952
0.5451421477223602,0.3934176526587781,1.3232467839440072
0.7355210676309677,0.08070105695564625,1.938183152044509
0.36715327937452247,0.3934176526587781,1.0766029083582103
0.37071274004269994,0.08070105695564625,1.961234703892189
0.5922401395731502,0.08070105695564625,1.2457050924846755
0.40197643827690216,2.0578769523689964,1.0090941803024194
0.38239649213348026,0.08070105695564625,1.4338080365183268
0.487249598626112,0.08070105695564625,1.3589704296870087
0.5597805469682703,0.08070105695564625,1.5390890052067938
0.36152919815603735,0.08070105695564625,1.7967728605698454
0.4699391063664804,2.0578769523689964,1.8424308021504472
0.34860215186360954,2.0578769523689964,1.401229999611692
0.48084280885941616,0.08070105695564625,1.42984574370635
0.5733813922575418,0.3934176526587781,1.1481777303294738
0.5705884244590423,0.3934176526587781,1.0475476088811635
0.5923208005359436,0.08070105695564625,1.6412149902350248
0.36922685403938016,2.0578769523689964,1.0644376255526922
0.7197219655990632,0.08070105695564625,1.733830119421456
0.5298307787803571,0.08070105695564625,1.5390901450222474
0.37580571290224785,2.0578769523689964,1.1985829782260833
0.677931786965226,0.3934176526587781,1.5395229435126496
0.5433881705733062,0.08070105695564625,1.1829977166020988
0.5881009542639053,2.0578769523689964,1.4387372075104121
0.6517023093683939,2.0578769523689964,1.799560316242229
0.40874125479342693,0.08070105695564625,1.4619192934106375
0.3881389772527771,2.0578769523689964,1.1486993182975482
0.6281890965801343,0.08070105695564625,1.7238286818229451
0.3935337932031715,0.3934176526587781,1.186768416270009
0.5279249851898907,0.08070105695564625,1.7385498743701095
0.6139783689440612,0.3934176526587781,1.4793522892158333
0.6091419363342744,2.0578769523689964,1.4537417590943016
0.5492934638104676,0.08070105695564625,1.8514350378574749
0.6674201072053054,2.0578769523689964,1.7086035243406688
0.5317212812058505,0.08070105695564625,1.0329107969549391
0.535587575662514,2.0578769523689964,1.2961743146016023
0.4519132568523165,0.3934176526587781,1.8709206608498987
0.39311994719060134,0.08070105695564625,1.0183261685451988
0.4569527533292709,2.0578769523689964,1.5452534462619703
0.3943992096282118,0.08070105695564625,1.727825669173944
0.44876661647022775,0.08070105695564625,1.6218560854845758
0.43497820379474145,0.3934176526587781,1.7605322021044363
0.5330506829961127,2.0578769523689964,1.725691848914746
0.7105250413751226,0.08070105695564625,1.6920306951531132
0.3942066196285483,0.08070105695564625,1.8215398609256521
0.6256377092454657,0.08070105695564625,1.6456906684495385
0.5659780972860408,0.08070105695564625,1.402418494256982
0.37301047841392054,0.08070105695564625,1.4719091099145876
0.7223517978433321,2.0578769523689964,1.7167247826814505
0.6040797932597386,0.08070105695564625,1.876306029666794
0.4436457081442246,0.08070105695564625,1.2722188008397757
0.5763675871140598,0.08070105695564625,1.3420767959710709
0.4700964831216822,2.0578769523689964,1.9307393963624127
0.6021673094441385,0.08070105695564625,1.5785117924094454
0.34282219923665824,0.08070105695564625,1.1789618171350011
0.6763017853057169,0.3934176526587781,1.6636951389123826
0.5658179132954072,0.3934176526587781,1.9907621555393797
0.6250013568646544,0.08070105695564625,1.8234535644704
0.4386964081735464,0.08070105695564625,1.7457411365514028
0.5256939617030745,0.3934176526587781,1.2080466542662691
0.694964248801013,2.0578769523689964,1.8761397846840073
0.5122520949739857,2.0578769523689964,1.5257888435355464
0.6283358283936922,0.3934176526587781,1.8892900220719557
0.47936443886215624,0.08070105695564625,1.3298278294248793
0.5522592266550683,0.3934176526587781,1.0620510526354328
0.51386685905846,2.0578769523689964,1.4759759686597462
0.5868665637490718,0.3934176526587781,1.2698376048178777
0.6725940994313907,2.0578769523689964,1.7152292897762982
0.543745729672155,0.08070105695564625,1.9571065528560325
0.4378655316760865,0.08070105695564625,1.690974151151564
0.5329462475131213,0.08070105695564625,1.8869339297092034
0.6235372282397471,2.0578769523689964,1.4530240136012065
0.4434614130812355,0.3934176526587781,1.7716407371953018
0.57934038186381,0.08070105695564625,1.8430434366717035
0.673565448263026,2.0578769523689964,1.7108756275835424
0.4669188191702568,0.08070105695564625,1.5077772860695646
0.5915473157692727,0.3934176526587781,1.6258661096153681
0.44492760857727176,0.08070105695564625,1.7005069956788803
0.3661141336248407,2.0578769523689964,1.2530844032214268
0.6903295190294015,2.0578769523689964,1.8095792609149848
0.39833544642748325,0.08070105695564625,1.9503245389672732
0.4336558588323368,0.08070105695564625,1.4652393151799359
0.6911996415030727,2.0578769523689964,1.7010671831098774
0.48967578214473195,0.08070105695564625,1.7370259057903539
0.7287094542074656,0.08070105695564625,1.6622475475214804
0.701104158518452,0.08070105695564625,1.5471151083286356
0.4706225184146048,0.3934176526587781,1.8816479545748106
0.35306255262240605,0.3934176526587781,1.4489267092688944
0.5047963161937525,0.3934176526587781,1.0611029564866037
0.5473607550800302,0.08070105695564625,1.8445563757121604
0.38506399530867425,2.0578769523689964,1.6739812723165506
0.6607909301159028,0.08070105695564625,1.8492586264996467
0.3390620925337721,0.08070105695564625,1.1385474424446942
0.5388867469577082,0.3934176526587781,1.0307529405097164
0.41579012298031554,2.0578769523689964,1.9343745403825015
0.3654044370275895,0.3934176526587781,1.1477283058505743
0.4242120294423424,2.0578769523689964,1.8096523320704518
0.7651961695040568,0.08070105695564625,1.8232099421806358
0.6272566097866361,0.08070105695564625,1.7087052005490029
0.5442784580495732,0.08070105695564625,1.131262211092871
0.5022588764373902,2.0578769523689964,1.6673986245608075
0.5018690274232899,0.3934176526587781,1.8890865833268657
0.4175403825834357,0.3934176526587781,1.4255316448008832
0.49894225152351535,0.3934176526587781,1.413516854378599
0.5274538819948628,2.0578769523689964,1.4428583095794192
0.4902705320733574,2.0578769523689964,1.0822718906762065
0.466550021091975,0.08070105695564625,1.8920255690299734
0.7718962345833568,0.3934176526587781,1.8691828639805104
0.43440180643817383,2.0578769523689964,1.9979093217902864
0.7058088498744274,0.3934176526587781,1.5851831414984134
0.3532649501393305,0.3934176526587781,1.7511916364513858
0.4690308556378231,2.0578769523689964,1.2026719063073048
0.47683051023198164,2.0578769523689964,1.6675288182241697
0.5202588994041653,0.08070105695564625,1.6497328487573908
0.6091466807670805,0.08070105695564625,1.9012087358416125
0.5387962241039974,0.08070105695564625,1.8307927228390741
0.5434066190421615,0.3934176526587781,1.9384664626177632
0.6758489622978584,0.3934176526587781,1.8688334727016076
0.6550036259592636,0.08070105695564625,1.8686938948988518
0.5374282376920628,0.3934176526587781,1.0637233266887183
0.45932301798519815,0.3934176526587781,1.8459619526959559
0.5757451777285036,0.3934176526587781,1.6074783945031181
0.5283928660160567,0.3934176526587781,1.3804444517659613
0.42047552682199474,2.0578769523689964,1.0565146243880623
0.5387415798322064,2.0578769523689964,1.6776737747680466
0.43435527570027327,0.08070105695564625,1.3282017505376174
0.38883523770626793,0.08070105695564625,1.4677762649860346
0.4306033657906885,0.3934176526587781,1.6817284370551344
0.3993613900443719,0.3934176526587781,1.9117745470241427
0.6454833285849381,2.0578769523689964,1.8254369156049983
0.5661149352070639,0.3934176526587781,1.4505971291036
0.6496780943964318,0.3934176526587781,1.3877831574463788
0.5471253841657762,0.08070105695564625,1.2397797388440475
0.35385594279797505,0.3934176526587781,1.3724267511759682
0.5615409500878934,2.0578769523689964,1.1110463872918983
0.7575822062323447,0.3934176526587781,1.9711055083647544
0.5078634824509428,0.3934176526587781,1.5739174439595789
0.4862069431874355,0.3934176526587781,1.127805842795213
0.6488891837619906,0.3934176526587781,1.3528060092659058
0.5369228405005771,0.3934176526587781,1.547039143620656
0.6703179038411443,2.0578769523689964,1.5328856366408696
0.3481709928008372,0.08070105695564625,1.0355033687186324
0.44110129925409725,0.3934176526587781,1.9508410342291114
0.4672292450527941,0.08070105695564625,1.2753756814749446
0.4672073560864151,0.08070105695564625,1.0161846689318912
0.5359995660260088,2.0578769523689964,1.0764440089502825
0.7129910733437212,0.08070105695564625,1.580194903247977
0.4350155575924903,0.3934176526587781,1.1377855206750969
0.3397267889450373,0.3934176526587781,1.0417247928535032
0.5987898198970988,0.3934176526587781,1.3796264664127114
0.57641483931928,0.3934176526587781,1.6227611923401886
0.3820130000692916,2.0578769523689964,1.1118398048416123
0.4890692079571348,0.08070105695564625,1.3133278321513155
0.5874041841976324,2.0578769523689964,1.4177606716245421
0.5420053955582381,0.08070105695564625,1.1594600977867673
0.5189054030076851,2.0578769523689964,1.5060738984667101
0.40730146601520717,2.0578769523689964,1.0852140869017708
0.5681223048853599,2.0578769523689964,1.0465184963450687
0.5799341545888852,0.3934176526587781,1.5198353671551348
0.4539892551800422,0.3934176526587781,1.2478969727508757
0.4019310678204813,2.0578769523689964,1.0953738078980275
0.5848889181581318,0.08070105695564625,1.4239125874876324
0.46179622157549843,0.08070105695564625,1.9151407395173947
0.4166870797340712,0.3934176526587781,1.724192446654155
0.5774719779393677,2.0578769523689964,1.8156159153470277
0.4793976735089045,0.3934176526587781,1.8719139887586365
0.6482101269425015,0.3934176526587781,1.972627741396419
0.39681868939739684,0.3934176526587781,1.7632465735141731
0.5932394493850003,2.0578769523689964,1.6084079219394796
0.42831236073461665,2.0578769523689964,1.3654258803022472
0.33191174714766025,0.3934176526587781,1.181643236557716
0.3961978253268202,2.0578769523689964,1.6866598739832943
0.7968538205458926,0.08070105695564625,1.994949986121942
0.6410767917629244,0.08070105695564625,1.467358684618919
0.44199589526024,0.3934176526587781,1.7236793680928075
0.6160773586841968,0.08070105695564625,1.4950924499931562
0.5449556946298922,0.3934176526587781,1.4319334233634766
0.6622157522222611,0.3934176526587781,1.410305613559915
0.4737455030509109,0.3934176526587781,1.5046246829316976
0.5572644955386393,2.0578769523689964,1.366895661865375
0.3734169981589431,2.0578769523689964,1.7487733218218078
0.5269858061517443,2.0578769523689964,1.8742720265915165
0.7821831826963292,2.0578769523689964,1.8828853066451843
0.48937794584439653,0.3934176526587781,1.227698713425826
0.4807649552224838,2.0578769523689964,1.8959091387314908
0.37429832005139774,0.08070105695564625,1.341551231855105
0.5531060410072777,0.08070105695564625,1.3093076654852975
0.6109357722242087,2.0578769523689964,1.726756057398236
0.4505106789297135,0.08070105695564625,1.3046963400862894
0.5641540729401052,0.08070105695564625,1.05296640560971
0.34419972691924405,2.0578769523689964,1.373617772310308
0.470482342228952,0.3934176526587781,1.721465600358349
0.6248546380464889,0.3934176526587781,1.3269584202701765
0.46795774931925016,0.3934176526587781,1.6295590559951465
0.44406751587839716,2.0578769523689964,1.6601194442631304
0.5666402210764695,0.3934176526587781,1.7337360117263563
0.7226945083357097,0.3934176526587781,1.8971304663109363
0.37355895443219267,0.08070105695564625,1.4325644992684314
0.5909944277561483,0.3934176526587781,1.1664320766624572
0.5835515345395742,2.0578769523689964,1.3189257154318894
0.400033892011415,0.3934176526587781,1.432167255173986
0.6359299398519875,0.08070105695564625,1.713891469328113
0.41907820185302,0.08070105695564625,1.0131221255616336
0.460630586811139,0.08070105695564625,1.315785383439879
0.6791526837881819,0.08070105695564625,1.7798425810193168
0.7268869288435518,0.3934176526587781,1.6708577033306953
0.3986668540957544,0.08070105695564625,1.7317399735856052
0.5298549016639612,0.08070105695564625,1.8118107694391947
0.5517544641931906,0.08070105695564625,1.7832357188779624
0.4955528169376631,0.3934176526587781,1.682183166152778
0.4626099188625012,2.0578769523689964,1.4396615323705906
0.37797499756794145,0.08070105695564625,1.9835983288781538
0.5973714755689292,0.08070105695564625,1.5690731955900739
0.4562903270769069,0.08070105695564625,1.2027692093688391
0.39436235164093303,0.3934176526587781,1.2928128551047844
0.673737678476281,0.3934176526587781,1.6935624559704698
0.7191852620548158,0.08070105695564625,1.9247395651994634
0.46707976858535194,2.0578769523689964,1.1787201292058975
0.40528923680881973,0.08070105695564625,1.0823464957457865
0.6360866774229487,2.0578769523689964,1.8815310480420062
0.48275021795986844,2.0578769523689964,1.9152779789128345
0.40558676980130975,0.3934176526587781,1.2763793453158994
0.5752401384368452,0.3934176526587781,1.37728572437124
0.36054288630640513,0.3934176526587781,1.6601879974978584
0.36562732409542487,2.0578769523689964,1.329930020842475
0.3534847073046285,2.0578769523689964,1.877158708270053
0.36979065921642584,2.0578769523689964,1.1075787027138628
0.34485468306427447,0.3934176526587781,1.0379822209601952
0.6167323387306252,0.3934176526587781,1.2084862067427895
0.4224531079107995,0.3934176526587781,1.2860877782049691
0.3691665286897791,0.08070105695564625,1.112926591288875
0.3892265395172326,2.0578769523689964,1.0656904293406466
0.737684389847701,2.0578769523689964,1.7556077135017982
0.47427842564221595,0.08070105695564625,1.1642765659022574
0.5175221456288401,2.0578769523689964,1.913922199066304
0.6196189794003176,2.0578769523689964,1.367999661448096
0.5016027678112633,0.08070105695564625,1.6706058097213454
0.4299803194443387,2.0578769523689964,1.2254021147688001
0.39415513280024794,0.3934176526587781,1.240322768491867
0.48349211053703434,0.08070105695564625,1.5747092028675753
0.45921368185737627,2.0578769523689964,1.5606429251459861
0.6322144923266628,0.3934176526587781,1.7687292280120812
0.46820735421337933,2.0578769523689964,1.757813305694266
0.5738908047037422,0.08070105695564625,1.670687764663661
0.3616234753240973,0.3934176526587781,1.449130565893491
0.4368273713511661,2.0578769523689964,1.8906403862806171
0.5005301087779331,0.08070105695564625,1.6225784902212987
0.7972373757177419,2.0578769523689964,1.9901984904623573
0.5120625889751315,2.0578769523689964,1.8193698179343585
0.49141919432536263,0.3934176526587781,1.0443098112383262
0.4152425328733069,2.0578769523689964,1.3205939070803177
0.38965399769133513,0.08070105695564625,1.5718757164709518
0.3702244754184054,0.08070105695564625,1.7214695378714873
0.4540076839023776,0.3934176526587781,1.5503364977619416
0.4149421661485484,0.3934176526587781,1.7861304224621817
0.387311963213806,2.0578769523689964,1.2826556527573447
0.5444988861949109,0.08070105695564625,1.183912051232825
0.3323564351870041,0.3934176526587781,1.0539166837897702
0.5505134392630128,2.0578769523689964,1.573313744571522
0.4975689185293046,2.0578769523689964,1.6885995206754951
0.4946173037532489,0.08070105695564625,1.3261497171193617
0.5589229231516993,0.08070105695564625,1.6135841848558767
0.40600690158705466,2.0578769523689964,1.0521572308533291
0.40609495221072295,0.08070105695564625,1.0992933462968035
0.6421706484985215,2.0578769523689964,1.7017547722584982
0.6189509228971962,2.0578769523689964,1.3680697052172988
0.42136945892331235,0.08070105695564625,1.6713340311030056
0.39174731496230375,0.3934176526587781,1.831721120279918
0.7452672758478471,2.0578769523689964,1.8526224374761169
0.42837912433293673,0.08070105695564625,1.172167645464451
0.5342068937638592,2.0578769523689964,1.4862855723513464
0.49471945333956935,2.0578769523689964,1.7339267236324865
0.40072570813534414,2.0578769523689964,1.7739805962669104
0.5979308769212589,0.08070105695564625,1.7846759807288777
0.48543621559245786,0.08070105695564625,1.2281673343805846
0.38928350036304393,0.08070105695564625,1.1925348177237733
0.513237448399358,0.3934176526587781,1.590012468273696
0.6764539538001317,2.0578769523689964,1.7410857977382197
0.5197452159743688,0.3934176526587781,1.3191395155341934
0.355020178503311,2.0578769523689964,1.1047051568624215
0.5696275126409157,0.08070105695564625,1.7167463829100775
0.5509779594845894,2.0578769523689964,1.2996978313800045
0.5496059289136505,2.0578769523689964,1.1663627243117218
0.5012605577256969,2.0578769523689964,1.1477235283971317
0.38288612271440825,0.3934176526587781,1.3149095475267163
0.611209228026656,0.08070105695564625,1.5926780659137454
0.5543193136529845,0.08070105695564625,1.3584022386938166
0.3334022525019132,2.0578769523689964,1.0206618515934316
0.43601251377964645,0.08070105695564625,1.096908434677811
0.4363464104988771,0.3934176526587781,1.290503247198619
0.6084046951350903,0.3934176526587781,1.6597044821470919
0.385573906787057,0.08070105695564625,1.0985150734685338
0.5607132870123892,0.3934176526587781,1.560656853500682
0.5713063447906729,0.3934176526587781,1.1198858708240043
0.5609144021379165,0.08070105695564625,1.2116153273493815
0.5864908457571308,0.08070105695564625,1.1721885275557629
0.5747302106971737,2.0578769523689964,1.0672286355708105
0.3491811730216739,2.0578769523689964,1.6713298173865903
0.5553233597963516,0.3934176526587781,1.4634035473860345
0.5289276943558628,0.08070105695564625,1.8310534408973382
0.5523106577156377,0.3934176526587781,1.098890839982317
0.3988500637833205,0.08070105695564625,1.1447329333380722
0.6382841094433962,0.3934176526587781,1.3064577313504506
0.6049862077187043,0.3934176526587781,1.7658659869388083
0.5802040085480223,0.3934176526587781,1.3057588231556987
0.36646081613271464,2.0578769523689964,1.4084187074986927
0.3915208365064652,0.08070105695564625,1.3016035662971646
0.5221286985346412,0.3934176526587781,1.0802242918010299
0.36226529507442273,2.0578769523689964,1.9394336228961873
0.641667645323387,0.3934176526587781,1.548538992071189
0.35399107345410497,0.3934176526587781,1.7878331881854967
0.6033115139697999,0.08070105695564625,1.658357092185296
0.47181382183195686,0.3934176526587781,1.514254279061975
0.4863885262503711,0.08070105695564625,1.0896782566593801
0.6155947791248808,2.0578769523689964,1.6427335452703042
0.42449170715454687,2.0578769523689964,1.155370355936832
0.37423386468013714,0.3934176526587781,1.4143831693562765
0.37074683625107324,2.0578769523689964,1.6291131434804305
0.5973505571699608,0.08070105695564625,1.7822290004721233
0.5536453952149352,0.08070105695564625,1.6850451757086196
0.639516575545041,2.0578769523689964,1.6715335290546287
0.4691368059061832,0.08070105695564625,1.1490422091752075
0.4708006061106308,0.08070105695564625,1.3461285400715879
0.42586000754975367,0.3934176526587781,1.0429122726601943
0.3570368320533399,0.3934176526587781,1.7194768931764646
0.5083600248695815,0.08070105695564625,1.9525859813174191
0.625649736251292,2.0578769523689964,1.2641103901790758
0.5532044572698124,0.08070105695564625,1.0876967091623093
0.45488814201656036,0.3934176526587781,1.4755700767536535
0.6094014547118496,2.0578769523689964,1.8566982231275688
0.6536320877019992,0.08070105695564625,1.5519741952717796
0.4369763394852007,2.0578769523689964,1.0467771501901133
0.3614893617513216,2.0578769523689964,1.974272240527946
0.3815473867224819,2.0578769523689964,1.8286499099626008
0.4667034676212925,0.08070105695564625,1.1315940770515103
0.7948262056584277,0.3934176526587781,1.921797756503509
0.5772958377310157,2.0578769523689964,1.4506882886051886
0.3599627642523515,2.0578769523689964,1.3718979905749413
0.40487548894982245,0.08070105695564625,1.4610533305271882
0.685721560479835,0.3934176526587781,1.8345719568709473
0.6761372980907612,0.3934176526587781,1.6594796782867858
0.48263957213822634,0.08070105695564625,1.0592484523997276
0.652760641219175,2.0578769523689964,1.957604371116171
0.3386103504115789,0.08070105695564625,1.1477841334783179
0.6905317369344486,0.3934176526587781,1.745567951735351
0.6501358093171481,2.0578769523689964,1.636136530428131
0.4046143960834483,2.0578769523689964,1.1875280479465609
0.527342393627705,0.3934176526587781,1.1707320761130497
0.44582891176153955,2.0578769523689964,1.8703275937046921
0.35177400398630815,0.08070105695564625,1.419694923499597
0.4235042220271761,0.3934176526587781,1.6545765141741384
0.4041617366977449,0.3934176526587781,1.5040710038566734
0.485031399749594,2.0578769523689964,1.7273535170759595
0.48650360855672814,0.3934176526587781,1.4792423750393304
0.48945582485217304,0.08070105695564625,1.2873799152555683
0.4905413144058858,0.3934176526587781,1.3633833709964964
0.46962068426617015,2.0578769523689964,1.8590776944503427
0.34965488216861046,0.3934176526587781,1.468034692922727
0.5060948987595599,2.0578769523689964,1.2134493322446094
0.5341262019083127,2.0578769523689964,1.9346053880772534
0.4758313090999958,0.08070105695564625,1.796600456498377
0.5439649694679695,0.3934176526587781,1.0556661460561991
0.7089584876894458,0.08070105695564625,1.998942961980518
0.690839962792598,0.08070105695564625,1.6949266964401022
0.4667763539394305,0.3934176526587781,1.160266599040587
0.3715976432820075,0.08070105695564625,1.2371676812985966
0.625333985622154,0.08070105695564625,1.6924454812415468
0.43500572201584986,2.0578769523689964,1.7797610552791219
0.46253863366450737,0.08070105695564625,1.2390359431498061
0.3531676088605318,0.3934176526587781,1.256968853899271
0.590321791674704,2.0578769523689964,1.3071206948720608
0.3907388679420128,0.08070105695564625,1.5980183648366366
0.5813209721640098,0.08070105695564625,1.171816178301277
0.5547011362582025,0.3934176526587781,1.1042431988847774
0.5303519554178859,0.08070105695564625,1.6788640890855135
0.6625367840502527,0.3934176526587781,1.77909793979317
0.5607824109764089,0.08070105695564625,1.5009294044165054
0.595934604349368,0.08070105695564625,1.3638327102683854
0.4850145670687446,0.3934176526587781,1.4320427135264764
0.5956692796037015,2.0578769523689964,1.3884078338719519
0.5683348116064807,0.3934176526587781,1.9599849082376752
0.7428658793927957,2.0578769523689964,1.7680899052191403
0.47129985486180825,2.0578769523689964,1.2080872148501103
0.48885514910443634,0.3934176526587781,1.3841891520539802
0.6290095903364383,0.3934176526587781,1.5440122913631098
0.6578691074893775,0.08070105695564625,1.6129858620636885
0.5324226686029058,0.08070105695564625,1.468183896028767
0.4260198113572294,2.0578769523689964,1.8101266350119591
0.5439887836101379,0.08070105695564625,1.7676060194582317
0.6859210019509032,0.3934176526587781,1.5051579186281667
0.6818562211755963,2.0578769523689964,1.8544293867817303
0.6845555827335889,0.08070105695564625,1.751089530442386
0.36169075865671796,0.08070105695564625,1.7785818487206433
0.5703545764770398,0.3934176526587781,1.9564007794334166
0.5276673809849556,0.3934176526587781,1.2664669412092027
0.5828358465160184,0.08070105695564625,1.2676481623668492
0.3729056541836247,2.0578769523689964,1.88895225569064
0.7066327311890379,2.0578769523689964,1.7722263733856796
0.6031033834755926,0.3934176526587781,1.9265455414356274
0.37807300335812694,0.3934176526587781,1.063130160324453
0.46634845541817777,0.3934176526587781,1.6277570772615966
0.4069716205732273,0.08070105695564625,1.1446283381234474
0.5297228247150698,0.08070105695564625,1.5038971982925826
0.3452440554122199,0.3934176526587781,1.1557469318534443
0.3725819892490329,2.0578769523689964,1.1280785089848793
0.5208037759294325,0.3934176526587781,1.0121683453820332
0.39515651498698784,0.3934176526587781,1.6302388123829044
0.4116552377278896,2.0578769523689964,1.359022616690086
0.447897501917533,2.0578769523689964,1.1051882848789716
0.49743236383178896,2.0578769523689964,1.3228377777313098
0.5421426317534526,2.0578769523689964,1.168944091451585
0.5588219042294844,0.08070105695564625,1.9416948315016596
0.582160895876444,0.08070105695564625,1.3200048857613482
0.5310591052777667,0.3934176526587781,1.3339535232893898
0.39892794311143875,0.08070105695564625,1.8398580033995855
0.4054656768098577,0.3934176526587781,1.647755761286004
0.5235024137460058,0.3934176526587781,1.7101716074030013
0.4981227176112264,2.0578769523689964,1.6360018039889606
0.6965803769202124,2.0578769523689964,1.9461962839485654
0.4980385424465035,0.08070105695564625,1.2070008315580452
0.5371675153992489,0.08070105695564625,1.9890392417557958
0.42354528400319236,0.08070105695564625,1.830956177556513
0.42826012377085754,0.08070105695564625,1.5889725888763422
0.5718418846547301,2.0578769523689964,1.662371624396249
0.5100833014621263,2.0578769523689964,1.648825876500614
0.4568780554623242,0.08070105695564625,1.058396224059154
0.38191485261338143,0.3934176526587781,1.2180164985319386
0.6620902399516723,2.0578769523689964,1.9614708845247493
0.6514749580382416,2.0578769523689964,1.5343644288593792
0.4212668795679248,2.0578769523689964,1.3783536032619121
0.55315868009742,2.0578769523689964,1.762038463389075
0.6936474639800873,0.08070105695564625,1.5245189426558095
0.40675734575762407,0.08070105695564625,1.0131627714318976
0.5921173353358629,0.3934176526587781,1.7362375967151178
0.38369108682195413,2.0578769523689964,1.7322175600528613
0.4980151866409866,0.08070105695564625,1.1651487121099744
0.3943092608633917,0.08070105695564625,1.9566600884242134
0.6102724849191282,2.0578769523689964,1.2239081315411142
0.5864187531127446,0.08070105695564625,1.4577493673821993
0.5371749769435461,0.08070105695564625,1.1147359612609147
0.6109976873368049,0.08070105695564625,1.6032823194505883
0.5290318060882196,0.3934176526587781,1.3754511200572126
0.48050106793667197,0.08070105695564625,1.3531734622097056
0.7219146098034162,2.0578769523689964,1.8269768772209471
0.5544523953341787,2.0578769523689964,1.0095617128504784
0.561584151413887,2.0578769523689964,1.7979467708924224
0.6895289356545228,0.08070105695564625,1.5714485657480788
0.6290718280802043,0.3934176526587781,1.986098513480199
0.5457860157611967,0.08070105695564625,1.589443220604249
0.4414028668111547,2.0578769523689964,1.055379134147958
0.3801074878835941,0.3934176526587781,1.0506453264437263
0.35228069251238214,0.3934176526587781,1.883152986371832
0.4552100573867133,0.08070105695564625,1.8412141455110531
0.49856411329008216,2.0578769523689964,1.3458900755820231
0.4894235836293723,0.08070105695564625,1.6180324841811373
0.4984279350390116,2.0578769523689964,1.4895913570556003
0.8118779247412299,0.3934176526587781,1.967164055136052
0.5149044654826547,0.08070105695564625,1.9499609008768917
0.5667795223092916,0.3934176526587781,1.9838390085407744
0.4094246227421902,2.0578769523689964,1.8664487806342642
0.37310359177896774,0.3934176526587781,1.9095515907751013
0.5557164273922094,0.3934176526587781,1.2172787787671364
0.5976286285907383,0.3934176526587781,1.8310067889897745
0.6546964782462755,0.08070105695564625,1.7088571132042747
0.4227344602995568,2.0578769523689964,1.9627865088280703
0.555408090689493,0.3934176526587781,1.5712618284426194
0.3941113238677906,0.3934176526587781,1.0851671667105562
0.42941009602191776,0.3934176526587781,1.597398891187153
0.349971234058642,0.3934176526587781,1.6865809280212878
0.37044547171641273,2.0578769523689964,1.2203210287124282
0.43960960243541636,2.0578769523689964,1.3941133835127284
0.3873294582351113,0.08070105695564625,1.59850341405168
0.657646830643138,2.0578769523689964,1.3741057373165055
0.43746253339962105,2.0578769523689964,1.374947717238664
0.36536860956794,0.3934176526587781,1.1330866391727974
0.44407451294630723,0.08070105695564625,1.940746723077666
0.5914878418985696,0.08070105695564625,1.7504943844950964
0.3420965494128208,0.3934176526587781,1.001243438866102
0.7092915734615988,0.08070105695564625,1.7656132840221652
0.7441840594440841,2.0578769523689964,1.7397949926578589
0.38584739632479503,0.08070105695564625,1.0097309601555229
0.48278013009454485,0.3934176526587781,1.3696042976137646
0.351658234548987,0.08070105695564625,1.6067476903255307
0.5596254741351959,0.08070105695564625,1.452750651858036
0.5226908946841012,0.08070105695564625,1.7779861187205073
0.4295449049680392,0.3934176526587781,1.425458332634434
0.3874045184506744,2.0578769523689964,1.153862969453837
0.660698161416295,0.08070105695564625,1.9764156242738284
0.4555982987569226,2.0578769523689964,1.2420399927760466
0.41948763768804487,2.0578769523689964,1.7176923105413322
0.5166222149331817,2.0578769523689964,1.143156311664072
0.5134421538118698,0.08070105695564625,1.3290126137839327
0.6321418597664074,2.0578769523689964,1.4420276084304238
0.3651913403651192,0.08070105695564625,1.1922320045270638
0.6089155096143222,0.08070105695564625,1.4499595763686095
0.5150645770275184,0.08070105695564625,1.1571628229917499
0.3844702119160674,2.0578769523689964,1.5590065389858903
0.619194528090069,0.08070105695564625,1.663713252520194
0.4391274328448671,0.3934176526587781,1.0624342840280108
0.7707610699162956,0.3934176526587781,1.871132121082168
0.3715527795534048,0.3934176526587781,1.1851408850420355
0.5190704386602621,0.08070105695564625,1.225362425320324
0.4953430724186532,0.3934176526587781,1.661349840083063
0.6725410068444011,0.08070105695564625,1.468751060434414
0.45762765318008286,0.08070105695564625,1.4993955991710657
0.5863759119607497,0.08070105695564625,1.1281549845631327
0.7354592062208305,2.0578769523689964,1.8057358218764081
0.44725678873315267,0.3934176526587781,1.61705424610421
0.5457648789634598,0.08070105695564625,1.135382043309456
0.6607883144790923,0.3934176526587781,1.373999367025596
0.45739526403065905,0.3934176526587781,1.81040993273503
0.5046865395113048,2.0578769523689964,1.5683550459866207
0.4658270785096987,0.3934176526587781,1.1086487791329305
0.4327910480012877,0.08070105695564625,1.3727770457892867
0.3379594371300433,0.08070105695564625,1.2426943984557346
0.42002720370767666,0.3934176526587781,1.5174655536537265
0.47311146772686147,0.3934176526587781,1.8433611288719896
0.48957967639839073,2.0578769523689964,1.4362671348044198
0.3966712524628737,0.08070105695564625,1.433342030368323
0.7469566000900002,0.3934176526587781,1.905350902327037
0.6059796722193657,0.3934176526587781,1.5761854125072725
0.37378654276803425,0.08070105695564625,1.566191087397407
0.5278710852414389,0.3934176526587781,1.2619098918753893
0.5926229462699579,2.0578769523689964,1.6077227478371263
0.6998782157849179,0.3934176526587781,1.5759104674173963
0.33860159152878705,0.3934176526587781,1.396851470341864
0.47094800309453366,2.0578769523689964,1.9906955658991805
0.7658027102896228,2.0578769523689964,1.8818909649480866
0.7345065750098558,2.0578769523689964,1.7495862900768155
0.6040617141098958,0.08070105695564625,1.5373455884130005
0.6046335373447406,0.3934176526587781,1.4620598018946303
0.3575176864191262,0.3934176526587781,1.1848973952231994
0.49384320546523086,2.0578769523689964,1.3057374740146237
0.4453159735444918,0.08070105695564625,1.77396079982321
0.4015422915205929,2.0578769523689964,1.4537489539375514
0.7133063267333862,0.3934176526587781,1.8822695165695014
0.36750705258991734,0.08070105695564625,1.1479111363455288
0.508166617963508,0.08070105695564625,1.5083470960136365
0.7112441984267872,0.3934176526587781,1.6469656840213087
0.40764375184555707,0.08070105695564625,1.516848456307926
0.79019402718907,0.08070105695564625,1.889226891584987
0.8242250693639215,2.0578769523689964,1.9895632818291398
0.4762412804783199,0.08070105695564625,1.1158346583413699
0.3757964793781548,2.0578769523689964,1.129954904076921
0.4147269557779438,0.08070105695564625,1.1303241135601212
0.5146686624748288,2.0578769523689964,1.6811770960705275
0.43745760996332667,2.0578769523689964,1.372676095495838
0.46215930543810596,0.08070105695564625,1.733314661265906
0.6613970796994866,2.0578769523689964,1.4054714728869788
0.40302196063911827,0.3934176526587781,1.6276067213320635
0.6559901184062741,0.3934176526587781,1.7698580056788935
0.34180333372546234,0.08070105695564625,1.5482159106549207
0.5590761545315207,0.08070105695564625,1.539503590450006
0.5642004521223324,0.08070105695564625,1.0882343252856344
0.43416966700057663,0.3934176526587781,1.410781742909435
0.409600235758124,0.08070105695564625,1.5457771532249376
0.5650966539455676,0.08070105695564625,1.46198082566641
0.6732444096828565,2.0578769523689964,1.9007820001884255
0.6632425533295883,0.08070105695564625,1.9065306321194893
0.4872708112602029,0.3934176526587781,1.8219173805887618
0.419127664466862,0.3934176526587781,1.37529807537312
0.7360967897036272,0.08070105695564625,1.7172991516875342
0.6425761502764161,0.3934176526587781,1.39528846106961
0.466365796359841,2.0578769523689964,1.232593598975759
0.6050270536090028,2.0578769523689964,1.3429026435508815
0.44298104262403704,0.08070105695564625,1.0709646332855356
0.4695688529140739,0.08070105695564625,1.331777509004647
0.393570299992673,2.0578769523689964,1.4607422172611715
0.5509397236193774,2.0578769523689964,1.95548089478083
0.502310795069354,0.08070105695564625,1.313410586219625
0.36131428726976655,0.3934176526587781,1.9024535392055206
0.46202180875636795,0.08070105695564625,1.2288582758234972
0.5517713814042934,0.08070105695564625,1.1909688977592494
0.5857859622221083,0.08070105695564625,1.5189954564321648
0.5972087592074591,0.08070105695564625,1.672511369297406
0.5517716038167112,0.08070105695564625,1.0443322508022814
0.33809924072277026,0.08070105695564625,1.2210658650472168
0.531301416747983,0.08070105695564625,1.4556836665013164
0.5837553359452661,0.3934176526587781,1.3310043359831814
0.5662529548766683,0.08070105695564625,1.7126210793483219
0.45669938712145425,2.0578769523689964,1.5111605960413168
0.3685768768552614,0.08070105695564625,1.1603591056039002
0.7508231459760879,0.3934176526587781,1.8944653793150905
0.47873220696134516,2.0578769523689964,1.2929056754833597
0.7076557888378523,0.08070105695564625,1.7311311089644235
0.5956561532756119,0.08070105695564625,1.7799157791054099
0.6676763823980272,2.0578769523689964,1.9631577002561023
0.626005021860712,0.08070105695564625,1.4985074665241014
0.5962257944877806,0.3934176526587781,1.6158355154644322
0.46165199802221074,0.08070105695564625,1.3348762934795337
0.5498026915965871,0.3934176526587781,1.6781792934120665
0.6178407542906984,0.08070105695564625,1.4633834858663197
0.4659430430111378,2.0578769523689964,1.4376523647244221
0.5211032948450298,0.3934176526587781,1.8554675291161056
0.3519846267504875,0.08070105695564625,1.0501688434986887
0.7599097129115879,0.08070105695564625,1.8819624278318685
0.3898715523967036,2.0578769523689964,1.852069837828557
0.5720106961487196,2.0578769523689964,1.5063662535617892
0.4860452572890654,0.3934176526587781,1.4902028542056283
0.4673922069196394,0.3934176526587781,1.3618073680354903
0.6760856597386766,0.3934176526587781,1.9941737916817344
0.3475322622047,0.08070105695564625,1.1111693327538412
0.5667793925166876,0.08070105695564625,1.590215235628607
0.6535140706228919,0.3934176526587781,1.681681590112417
0.7330996396768442,0.08070105695564625,1.9343300082169446
0.42000291453792055,2.0578769523689964,1.7802034968567615
0.6943950857170266,0.08070105695564625,1.6438472028115467
0.5028666198871667,0.3934176526587781,1.1168123168121227
0.6237303751913131,0.08070105695564625,1.3737335168314675
0.46104323023341554,2.0578769523689964,1.1388416425479853
0.5930547472043255,0.3934176526587781,1.8812127324655137
0.7290716824743436,0.3934176526587781,1.749621155563643
0.7230474216541787,0.3934176526587781,1.7575367867972291
0.5202218386716944,0.3934176526587781,1.652256517773544
0.43858949088080224,0.08070105695564625,1.5070435369367097
0.43765433729761877,2.0578769523689964,1.149971059463497
0.45777970862322753,0.08070105695564625,1.3296948867050518
0.40756546674044386,0.08070105695564625,1.1369157924768905
0.45642695585291504,0.3934176526587781,1.7249131428523432
0.5669840192453032,2.0578769523689964,1.160228776022005
0.3740118811088216,0.08070105695564625,1.7021135501716855
0.6178181341088411,2.0578769523689964,1.6922553895959047
0.3990296191951899,2.0578769523689964,1.4593044789912888
0.4228352351565159,2.0578769523689964,1.1352286541180523
0.35454508091574916,2.0578769523689964,1.3148008261340367
0.4198465797416393,0.08070105695564625,1.3200931090755514
0.6560338147933922,2.0578769523689964,1.7003851331432935
0.5623895432423631,0.08070105695564625,1.1137430194137243
0.44549145189537986,2.0578769523689964,1.8290686462160908
0.5413071580119599,2.0578769523689964,1.761007290185914
0.4636720866839982,0.08070105695564625,1.186306918174274
0.7029511400577514,0.3934176526587781,1.7191643817788895
0.6470558629684565,0.08070105695564625,1.6685131814678218
0.5600944931120564,2.0578769523689964,1.7481208001109263
0.5202895481234567,0.08070105695564625,1.1889285554486944
0.5626225298339109,2.0578769523689964,1.1575903221564685
0.33609783920570546,0.08070105695564625,1.2364839859227543
0.4670156510602005,0.08070105695564625,1.3658717031489758
0.7349699740773862,0.08070105695564625,1.7936649810358012
0.6523799919409403,0.3934176526587781,1.73792393747885
0.6003832032083679,0.08070105695564625,1.9254515922785331
0.46058188323060634,0.08070105695564625,1.0586295590986154
0.4100423600115189,0.3934176526587781,1.0115562810141856
0.5557352329167714,0.3934176526587781,1.6991388297007992
0.5326566528885532,2.0578769523689964,1.2792874957941658
0.4679637593409798,2.0578769523689964,1.3340788955338176
0.6035957518117328,0.08070105695564625,1.5468020259145123
0.5534922359357198,2.0578769523689964,1.1024131231267984
0.40449763576594355,0.08070105695564625,1.6426944165480497
0.4772268565972644,0.3934176526587781,1.32514744623115
0.5020341256749592,0.3934176526587781,1.6327151243009916
0.6490387303714911,0.08070105695564625,1.8340069130733858
0.40061738282344533,2.0578769523689964,1.1711113333374297
0.6459804780253675,2.0578769523689964,1.9308730929145201
0.6596778677952307,2.0578769523689964,1.5306881410624438
0.5429409754146625,0.08070105695564625,1.9229277651739682
0.5923508211952121,2.0578769523689964,1.207730082201778
0.7213087773328646,0.3934176526587781,1.6045626646042375
0.373058354010235,0.3934176526587781,1.4038871173236047
0.4459573934333496,0.3934176526587781,1.7742221911560132
0.7053628663607091,0.3934176526587781,1.6059089432132962
0.6797030393820075,0.3934176526587781,1.4945154569583186
0.39587245744059196,0.3934176526587781,1.9129854064310088
0.3419636252859534,0.3934176526587781,1.3771170641716801
0.3792885139418991,0.3934176526587781,1.2199802048981816
0.7233369889235725,0.3934176526587781,1.6081011868520916
0.41306014315658324,0.08070105695564625,1.6240284371728138
0.51005291752327,0.08070105695564625,1.4390946215718754
0.638940735313956,0.3934176526587781,1.4866100436893823
0.3621712378924015,0.3934176526587781,1.9595534142998998
0.5953999539290287,0.3934176526587781,1.7326856913968012
0.40246705601313293,2.0578769523689964,1.110601751482577
0.5794992204959108,0.08070105695564625,1.2121300708706109
0.48634275232992685,0.3934176526587781,1.975576634435559
0.6280662783909767,0.08070105695564625,1.7264655537935312
0.658590004719168,0.3934176526587781,1.915045126144653
0.4034087828262058,2.0578769523689964,1.303861463988722
0.361234862076539,0.3934176526587781,1.7418668600865923
0.5126970221153498,0.08070105695564625,1.7140027085235114
0.42339888219404387,0.08070105695564625,1.294689985439375
0.6392708104062909,0.08070105695564625,1.5508163254507052
0.6529162558705384,0.08070105695564625,1.6274151112702953
0.5002852267389076,0.3934176526587781,1.4811318108274651
0.6125628663920781,2.0578769523689964,1.8271787066580127
0.6125646832340886,2.0578769523689964,1.8328690417979896
0.7136952972940181,0.3934176526587781,1.8506005483015566
0.5306549799970722,0.3934176526587781,1.8034235690981628
0.43719391005570296,0.08070105695564625,1.4880834771971445
0.42386136154224074,0.3934176526587781,1.3814382981490072
0.582672902743039,2.0578769523689964,1.8313762837143706
0.4987443235202301,0.3934176526587781,1.4902014585562668
0.46318779814743344,0.3934176526587781,1.2463713986279819
0.3731259458967834,2.0578769523689964,1.5073435323222162
0.52431395982369,2.0578769523689964,1.1418498219192421
0.43135215921812,0.3934176526587781,1.6916294905987987
0.3982206993722977,0.08070105695564625,1.3359212816239063
0.4569322663214651,0.08070105695564625,1.2606587984474542
0.4586101568420574,0.08070105695564625,1.956508746234745
0.594304882507738,2.0578769523689964,1.7768809957583076
0.5058053646546047,2.0578769523689964,1.7870695027239316
0.5166680379983697,0.08070105695564625,1.6237219692791833
0.5843154679930107,0.3934176526587781,1.8391728105102971
0.4323713614115458,0.3934176526587781,1.7591624811633813
0.40209099829611433,0.3934176526587781,1.5987737041336165
0.7635225200362576,2.0578769523689964,1.9611244018517173
0.454116840618332,2.0578769523689964,1.191594949684423
0.5427559911685865,0.08070105695564625,1.943379718994751
0.34954257697845503,0.3934176526587781,1.401438161998865
0.5215937755198474,2.0578769523689964,1.5283989834014866
0.476966743514753,2.0578769523689964,1.122739319544309
0.545540695172812,0.08070105695564625,1.5401074389217908
0.6136724858528235,0.3934176526587781,1.6112067518581934
0.43805963674475423,2.0578769523689964,1.997701541808524
0.4716241717008023,2.0578769523689964,1.9751924110715264
0.7321737668300732,2.0578769523689964,1.9663972918742871
0.63850921485368,2.0578769523689964,1.3483880601020575
0.4179232289244281,0.3934176526587781,1.9912664987450435
0.5107850150609908,0.08070105695564625,1.455478151595111
0.44407867716015775,0.3934176526587781,1.8518362587619004
0.35002815331979864,0.08070105695564625,1.216319969018972
0.45671523440241935,2.0578769523689964,1.5058331796566025
0.42004846170356114,0.3934176526587781,1.9660120961276055
0.6811827194141482,0.08070105695564625,1.9470313969234274
0.5586716832560865,0.08070105695564625,1.6837348778214267
0.4097904638750933,2.0578769523689964,1.7978143225530598
0.33427031124833156,0.08070105695564625,1.1764266966024013
0.6767897675639518,0.08070105695564625,1.7216585494841574
0.4111798799252433,0.08070105695564625,1.6180508083353722
0.48535694938892426,2.0578769523689964,1.091551735751246
0.4184235895771278,0.3934176526587781,1.1131590065896764
0.4828585472166127,2.0578769523689964,1.108443617751262
0.4756576272549371,0.08070105695564625,1.7243569348298355
0.3541873960576951,0.08070105695564625,1.1417152082475726
0.4170410670816,0.3934176526587781,1.4677322711144705
0.396926683417047,0.08070105695564625,1.3569818058777576
0.4991107049026864,0.3934176526587781,1.5505041407702178
0.612686013409719,0.08070105695564625,1.706476487219403
0.45084235850264476,0.08070105695564625,1.6847225372213321
0.3451146328471584,2.0578769523689964,1.5155199159143766
0.5194699062396112,2.0578769523689964,1.4643348736103854
0.5381118846274092,0.3934176526587781,1.3978155951222586
0.7763340633470887,2.0578769523689964,1.8619099483043793
0.5214231805121796,0.3934176526587781,1.330851804872645
0.47415443949570735,2.0578769523689964,1.2593658211674947
0.5843564798724014,0.3934176526587781,1.7433154936552713
0.6352072483408212,0.08070105695564625,1.3597634616967265
0.7134171641307322,0.3934176526587781,1.8469985997572684
0.43721210147908524,2.0578769523689964,1.3278887186371446
0.4416650409792399,0.3934176526587781,1.7019448245745883
0.3928046393552604,2.0578769523689964,1.045109006285336
0.5027564185891218,0.08070105695564625,1.38556288011032
0.5726393237656215,2.0578769523689964,1.3432301749675515
0.5661429246350068,0.08070105695564625,1.8166787392759234
0.3845918191327487,0.08070105695564625,1.96705540322831
0.5897831604293933,2.0578769523689964,1.4608812766929615
0.6986824305229802,0.08070105695564625,1.824836277153758
0.462564936161988,2.0578769523689964,1.699694700957365
0.6637636850538743,0.3934176526587781,1.9673859876636932
0.5323314222955493,0.08070105695564625,1.8111085143428247
0.5547317068035498,0.3934176526587781,1.0774780659637306
0.6900197193481833,0.3934176526587781,1.713281722382236
0.5326324708554233,2.0578769523689964,1.5354997154223735
0.49277506473626853,2.0578769523689964,1.016436057932327
0.5948983826025226,0.08070105695564625,1.2513129587254437
0.5782587564195273,2.0578769523689964,1.921755245026893
0.495286597290035,0.3934176526587781,1.9260613727867528
0.6705813748839582,0.3934176526587781,1.7988504602006343
0.457035585038309,0.3934176526587781,1.9817796032779893
0.5153975075967188,0.08070105695564625,1.8065452246242049
0.5329686644638058,2.0578769523689964,1.0102041872852452
0.5552550979008334,0.3934176526587781,1.2878343403015118
0.42574140477525396,0.08070105695564625,1.0306241822377629
0.38486788052919013,2.0578769523689964,1.0941079687375594
0.43530893464129594,2.0578769523689964,1.218840816950776
0.4417202599920169,0.3934176526587781,1.5035585463255225
0.427011293988488,0.08070105695564625,1.8475320034620177
0.6791508022124204,0.3934176526587781,1.861966756157108
0.440154315851615,0.3934176526587781,1.6162018585572966
0.5601389457313041,0.08070105695564625,1.928175939066235
0.47757020906264364,0.3934176526587781,1.500062326590208
0.791978722671822,0.08070105695564625,1.8890360441332015
0.4738679900675326,0.08070105695564625,1.454065256332012
0.3585499978681406,0.3934176526587781,1.2772250074218823
0.3924520174203148,0.3934176526587781,1.9164129181004277
0.5314755008027773,2.0578769523689964,1.3879350756788693
0.5540609345216412,2.0578769523689964,1.5034041088444616
0.467422857965913,0.08070105695564625,1.3288606325306773
0.5152051631151037,0.08070105695564625,1.6628376002907297
0.37921482774726384,0.08070105695564625,1.9950312250060356
0.4523112387976859,2.0578769523689964,1.0255135488647698
0.579134215450512,0.3934176526587781,1.8998480060071015
0.3623981079849832,0.3934176526587781,1.0039260569892654
0.3702565732570297,2.0578769523689964,1.3642278811462112
0.36557203164682306,0.3934176526587781,1.1686068062895143
0.38943213991115005,0.3934176526587781,1.7573417806725513
0.47914815276396727,0.3934176526587781,1.0506108407571735
0.41418784817465276,2.0578769523689964,1.553484953584328
0.4118592033873957,0.08070105695564625,1.2949261338453126
0.3769649796730326,0.3934176526587781,1.1336702488647021
0.7509130597590672,0.3934176526587781,1.771818212102641
0.5785196624452853,0.08070105695564625,1.2174168342552567
0.39958762686716476,0.3934176526587781,1.223675212054939
0.43307397199629727,0.3934176526587781,1.275076785137923
0.4217016707244641,0.08070105695564625,1.5867667638280274
0.5384444440025627,2.0578769523689964,1.6596659316907483
0.3321493643409341,2.0578769523689964,1.017602523701345
0.530439842652243,0.3934176526587781,1.2418696361137904
0.515838250456666,0.3934176526587781,1.4309708425052827
0.6190340686090535,0.08070105695564625,1.331976952161233
0.4243042689388563,0.08070105695564625,1.884170658510886
0.6896921303230732,0.3934176526587781,1.7877087308864188
0.649338859287031,0.3934176526587781,1.6258902155388275
0.376290358115883,2.0578769523689964,1.3380424159970397
0.5067087526899904,2.0578769523689964,1.7006723448461598
0.4241397870880599,2.0578769523689964,1.8436380128457945
0.43928814767828817,2.0578769523689964,1.5948303773589867
0.4596101225258609,0.08070105695564625,1.7844614668933791
0.5781776585066547,2.0578769523689964,1.7491049613997478
0.4956750976713483,2.0578769523689964,1.5717373111603221
0.6294566645277722,0.3934176526587781,1.312183216821511
0.39935238817497043,2.0578769523689964,1.7457821580012718
0.6099813279752625,0.3934176526587781,1.2067963663576065
0.445372805304853,0.3934176526587781,1.7794883464715339
0.6800060965243646,2.0578769523689964,1.804546692142533
0.49580710102770964,2.0578769523689964,1.8221448795703732
0.3895801042281186,0.3934176526587781,1.4729159709784576
0.5736413840240474,0.08070105695564625,1.1924807677704217
0.4097012364717995,0.3934176526587781,1.0997236000660688
0.6197569984480711,0.08070105695564625,1.7433612504879243
0.6047990900422411,0.08070105695564625,1.886261384529813
0.5292777786391963,2.0578769523689964,1.6508383588369067
0.46465124609952674,2.0578769523689964,1.1441600603883697
0.6890503181218998,2.0578769523689964,1.934896448517574
0.3949976984169238,2.0578769523689964,1.9891020145393195
0.5654450342849309,0.3934176526587781,1.433378609934922
0.6818808211351084,0.08070105695564625,1.5948252892737713
0.372186413911947,0.3934176526587781,1.7772285200016578
0.40470702516178164,0.08070105695564625,1.7363897900500447
0.6884232073300681,0.3934176526587781,1.967787191933449
0.44498679916309536,0.08070105695564625,1.1148830910787888
0.4938575874710119,2.0578769523689964,1.5807248661428057
0.4005302256708215,0.08070105695564625,1.6919314196730921
0.5786010281667535,2.0578769523689964,1.89009842418767
0.40676954858094466,0.08070105695564625,1.8741096277181506
0.5774897310131591,0.3934176526587781,1.97799979356129
0.6144259223725705,0.08070105695564625,1.512078453937679
0.46161593973857074,0.3934176526587781,1.8307608668132267
0.5009505490574795,0.3934176526587781,1.4272817081273277
0.6724563464774962,2.0578769523689964,1.4223138778560322
0.5371290784872197,0.08070105695564625,1.253348364472859
0.7125194391290112,0.3934176526587781,1.8182372870192298
0.5494042249832314,0.08070105695564625,1.9858151058135156
0.5618149478076232,2.0578769523689964,1.256341728347258
0.3385593055072906,2.0578769523689964,1.0561315880210724
0.4018492565066259,0.08070105695564625,1.8155424374190074
0.42166520724901385,0.3934176526587781,1.6202300525347562
0.5400833519884604,0.3934176526587781,1.9596988005510045
0.5839927702551705,0.3934176526587781,1.2522392190769522
0.4162350048671555,0.08070105695564625,1.071027658001281
0.5717328094636965,0.3934176526587781,1.4924422608665016
0.5106720770305172,0.3934176526587781,1.0854660229651474
0.5087908224734613,0.3934176526587781,1.2617900011027074
0.42520162597236943,2.0578769523689964,1.1259778608191682
0.4998276997684726,0.3934176526587781,1.2241321796600788
0.41905998699376107,0.08070105695564625,1.1061446528213918
0.39149932281038424,0.08070105695564625,1.9539059994272854
0.6345062112283756,0.3934176526587781,1.2785627134497355
0.3823653608946931,0.08070105695564625,1.4438975859925653
0.3836984699026951,0.08070105695564625,1.8986118076342224
0.6950024658825624,0.3934176526587781,1.6773215879614742
0.4594243513180294,2.0578769523689964,1.6180374805617743
0.6092815410857626,0.3934176526587781,1.705563190360837
0.49219884341976927,0.08070105695564625,1.8288222571053818
0.5252606800545456,0.08070105695564625,1.8776692678517608
0.44638261479369956,0.3934176526587781,1.6426396706650266
0.5049938880018393,0.08070105695564625,1.8900072746940577
0.49084361558531087,2.0578769523689964,1.5353975274254767
0.5519239619677357,0.3934176526587781,1.2772908562684235
0.5792407631021884,0.08070105695564625,1.8800767088838444
0.6864000337804698,2.0578769523689964,1.541472827413087
0.3702174875790234,0.08070105695564625,1.9061375875672342
0.45122636143260575,2.0578769523689964,1.0401678139505812
0.5309345002264346,0.08070105695564625,1.3975157515412355
0.7787743125636555,0.3934176526587781,1.9478050183624682
0.3481792892833593,0.08070105695564625,1.2496500927583027
0.6170773694104474,0.3934176526587781,1.9415362460384926
0.7493430151358121,2.0578769523689964,1.95390246112925
0.45887423786132064,2.0578769523689964,1.8821423142258609
0.6670856351762642,0.08070105695564625,1.5636680450932987
0.35173945549915603,0.3934176526587781,1.6469394490806386
0.6758886871604926,0.3934176526587781,1.8696169984498692
0.7415300406331943,2.0578769523689964,1.7758970823891844
0.5981131541871841,2.0578769523689964,1.6300938494554116
0.5603605363039752,0.08070105695564625,1.9822594078707025
0.3632960409697887,2.0578769523689964,1.6856766363336941
0.7856090723189164,2.0578769523689964,1.9754819924477611
0.44561380319547406,0.3934176526587781,1.0573884746070907
0.3384911328040058,0.3934176526587781,1.1389603707422125
0.5762798623998773,0.3934176526587781,1.4514588460004907
0.4952510853329349,2.0578769523689964,1.3848794608843151
0.40060789059856217,0.08070105695564625,1.7827348413570276
0.38995734953418393,0.08070105695564625,1.1606140264692038
0.38342686772128515,2.0578769523689964,1.9760951791114887
0.51403921241402,0.08070105695564625,1.3150658752609141
0.5489889407708833,2.0578769523689964,1.4289237077401595
0.4867277097823124,0.08070105695564625,1.274745032440023
0.6486402799777674,2.0578769523689964,1.5793636173265473
0.5431839753660823,0.3934176526587781,1.058628700422584
0.4979494513852549,0.08070105695564625,1.1496775055704487
0.3522304671380503,0.3934176526587781,1.7457977034187242
0.5266892749899181,0.3934176526587781,1.186500583404804
0.45528978983707413,0.08070105695564625,1.235514451556663
0.5892011817137333,2.0578769523689964,1.7929822357248377
0.4967021615469654,0.3934176526587781,1.0933011783572537
0.45794953981908465,0.3934176526587781,1.437473822770841
0.548359498277891,2.0578769523689964,1.023063386997227
0.3789583418106361,2.0578769523689964,1.3468073993179037
0.6166346441909552,0.08070105695564625,1.6989814026107544
0.33051437781359316,0.08070105695564625,1.0901032797172283
0.7660045352829746,2.0578769523689964,1.88833462677876
0.4024176651088932,0.3934176526587781,1.9094990429407162
0.35450495925902503,2.0578769523689964,1.104990375125135
0.5112554651587261,0.08070105695564625,1.9907324363757768
0.4495592619219565,0.3934176526587781,1.297529553395489
0.383969145687249,0.3934176526587781,1.084101671131606
0.4654305284642513,0.08070105695564625,1.0050671144972623
0.4856447649008736,0.3934176526587781,1.4085228957638627
0.3570561534430747,2.0578769523689964,1.6298099857061177
0.43661220429212166,0.08070105695564625,1.3321792499033132
0.703255107113471,0.3934176526587781,1.8367173654746227
0.6273729979128433,0.08070105695564625,1.71660627556505
0.5679394700046625,0.3934176526587781,1.3501615319680327
0.6342542496498242,2.0578769523689964,1.7343096666086046
0.49570939352381754,0.08070105695564625,1.9404877369692497
0.35514605543852257,0.3934176526587781,1.093095998543017
0.41933295089791045,2.0578769523689964,1.3061039601576168
0.6277932747989792,2.0578769523689964,1.4633259391166933
0.6884606343798995,2.0578769523689964,1.4979901277547687
0.5221072672353033,0.3934176526587781,1.5421956448860736
0.33801115247010144,0.3934176526587781,1.3006269065386484
0.4002747760228636,2.0578769523689964,1.667259645982349
0.470020292134476,2.0578769523689964,1.6450845035298296
0.5590159986651345,2.0578769523689964,1.5778215062716139
0.349743943632639,2.0578769523689964,1.1137617217108766
0.6699437973225019,2.0578769523689964,1.4769678910959445
0.45368796134440825,0.3934176526587781,1.3562268874893757
0.6626412602256311,0.08070105695564625,1.4910384698381227
0.7084776601306865,0.08070105695564625,1.921866435515026
0.604910936090827,0.08070105695564625,1.4805313431584084
0.4720767473437336,0.3934176526587781,1.0139807918395118
0.552359612424793,0.08070105695564625,1.438836738084131
0.6250632374734254,0.08070105695564625,1.8206481800493821
0.6138148512301992,0.08070105695564625,1.7800609232181683
0.5393957742401898,0.08070105695564625,1.5133900735281811
0.6249645213329013,2.0578769523689964,1.2497690128593153
0.5936526353160322,0.3934176526587781,1.4650886629145452
0.6302452262199155,0.08070105695564625,1.5637022194181918
0.7689864692070997,2.0578769523689964,1.9998714382741338
0.4283827894145378,0.08070105695564625,1.6441780901693774
0.3792795299628232,0.08070105695564625,1.6942649300626136
0.5108430516982168,0.08070105695564625,1.491454143568052
0.5012465285334086,0.08070105695564625,1.3544895507825299
0.7060607168241703,0.08070105695564625,1.812952983647206
0.4974816664577466,2.0578769523689964,1.4949323243392363
0.6245844328271032,0.08070105695564625,1.9946901299645252
0.5211833601607169,2.0578769523689964,1.457120574268044
0.33841253039013713,0.08070105695564625,1.0680002836475775
0.5910502811840557,0.3934176526587781,1.6825781370900827
0.5322552252243788,2.0578769523689964,1.046641450925811
0.38022571906254,0.08070105695564625,1.2505015968847033
0.5268416437001736,2.0578769523689964,1.3537382527799033
0.5920760046003286,0.08070105695564625,1.7394835856213278
0.39835971194377484,0.08070105695564625,1.4942359264076128
0.35763555103805833,2.0578769523689964,1.0286459313102565
0.7195452027483661,0.08070105695564625,1.6168498512759222
0.46959042956760977,0.08070105695564625,1.4114362374266625
0.455617311275057,0.08070105695564625,1.9218345099671073
0.40125070629215287,0.08070105695564625,1.4995623111402354
0.616931090276728,0.08070105695564625,1.708975145939339
0.5082799945768334,0.08070105695564625,1.218868492329547
0.6166195673417095,2.0578769523689964,1.7609735645316533
0.38225000971479783,0.3934176526587781,1.7209553104836723
0.7558402728705067,0.08070105695564625,1.9040817085413082
0.42259912383709985,2.0578769523689964,1.0338216417191992
0.44642076437993405,0.3934176526587781,1.4475006976174511
0.5295066708832431,2.0578769523689964,1.6791554027396303
0.43019731427824226,0.3934176526587781,1.0951639000802151
0.6264415494367607,0.3934176526587781,1.4106040671489124
0.7815569896627128,0.3934176526587781,1.9421466030661954
0.44186551053494094,2.0578769523689964,1.4359344908911282
0.7615311080214412,0.3934176526587781,1.9854047834806314
0.5229851369115308,0.08070105695564625,1.0568390610798195
0.7259870887631863,0.08070105695564625,1.7178297761408912
0.4347065795543541,0.3934176526587781,1.5810162362482694
0.545601584073431,0.3934176526587781,1.5005396771321253
0.48171186181954706,0.08070105695564625,1.9708474014850093
0.5499772730725135,2.0578769523689964,1.1296504004911285
0.35335946859840794,2.0578769523689964,1.8959989516809133
0.5723252457577458,0.08070105695564625,1.6912404111366102
0.43483758317180554,2.0578769523689964,1.2589960732996328
0.4970603694003953,2.0578769523689964,1.9016691456322934
0.5567992806102495,0.3934176526587781,1.4292949178610133
0.7159671482629716,2.0578769523689964,1.8142273280730707
0.5376914868450647,0.08070105695564625,1.3888365170474
0.7252185786507225,2.0578769523689964,1.850930827433241
0.44680740890715626,0.3934176526587781,1.6366291184450485
0.47056975487757635,0.08070105695564625,1.141046633583727
0.5208028950977626,0.08070105695564625,1.6496631634695276
0.33537859458977604,0.08070105695564625,1.1913447627018727
0.5241812664113797,0.3934176526587781,1.4119226278941626
0.514234102401961,0.08070105695564625,1.1702955842520337
0.46990571649610446,0.3934176526587781,1.0220161156671186
0.5433668449605609,0.3934176526587781,1.2118865394499574
0.5494916608136208,2.0578769523689964,1.5363720237241258
0.36330715531916874,0.08070105695564625,1.481560967777346
0.3818491591523635,2.0578769523689964,1.5014970955360636
0.5094568225959727,2.0578769523689964,1.2476868784466013
0.45535301093490843,0.3934176526587781,1.685161200614186
0.37806543458731695,2.0578769523689964,1.7042632868203458
0.4746218559306927,2.0578769523689964,1.3579678255596654
0.5985458094995203,2.0578769523689964,1.8811700884741742
0.4725107826035472,0.08070105695564625,1.644023216635548
0.6391892353024553,2.0578769523689964,1.7130392752586316
0.5287907399270685,0.3934176526587781,1.2773399179389395
0.40531463332096956,0.08070105695564625,1.000611635155587
0.6849707508842011,0.3934176526587781,1.8653756121021097
0.6300155397353655,0.08070105695564625,1.8224243845798085
0.4990929213593316,0.08070105695564625,1.1231918880428302
0.516997539048408,0.08070105695564625,1.3741051349563065
0.34917198163445146,0.3934176526587781,1.6613393083885826
0.6176041083970717,2.0578769523689964,1.6521108572187282
0.5163468896759104,0.08070105695564625,1.8603503348085564
0.5842420120841694,0.3934176526587781,1.1402681616354284
0.6155380938107666,0.08070105695564625,1.4299397477851188
0.48154754032367225,2.0578769523689964,1.0972244179264248
0.4203718540457992,0.08070105695564625,1.3895952484386282
0.376035239070714,0.3934176526587781,1.0151074455877045
0.5046973477917438,0.08070105695564625,1.898273065110127
0.5136434177915173,0.3934176526587781,1.527043996828681
0.4799350578765902,2.0578769523689964,1.8498022608023537
0.45710597369511574,2.0578769523689964,1.0599047010033638
0.381016867432169,0.08070105695564625,1.2274581104729205
0.624915077471745,2.0578769523689964,1.2593799952211806
0.3727604840374703,0.3934176526587781,1.386691494638788
0.7478110657428252,0.08070105695564625,1.802866372397546
0.6372102036097527,0.3934176526587781,1.3865578737314928
0.48189584374546207,0.08070105695564625,1.204653529646327
0.5105382183130245,0.3934176526587781,1.0649902603387684
0.43999922367197897,0.08070105695564625,1.0794917483526874
0.6107982403554475,0.3934176526587781,1.7600472059609773
0.4554571889722139,0.3934176526587781,1.444802991036633
0.469901744066465,0.08070105695564625,1.7261811220000154
0.5762249757537983,0.3934176526587781,1.6822871217636974
0.4639839528855374,2.0578769523689964,1.1353624617602578
0.487032920037743,0.3934176526587781,1.142887934192267
0.466750179564641,0.08070105695564625,1.755342015434134
0.49631624873958136,2.0578769523689964,1.721268293485417
0.36446622416467495,2.0578769523689964,1.3780307668743104
0.3423232726395787,0.3934176526587781,1.07742226333284
0.3876487938558995,0.3934176526587781,1.0120980216984523
0.35730626889743905,0.3934176526587781,1.2881569494617449
0.35186453618816604,2.0578769523689964,1.009222273587227
0.5693495442206679,2.0578769523689964,1.2300726211037034
0.35127728133265285,2.0578769523689964,1.4195007402113387
0.5044566518639882,0.08070105695564625,1.121415765311954
0.4007131253244324,0.08070105695564625,1.1042777578315461
0.7440729322729404,0.3934176526587781,1.8964374357187366
0.5250810164681582,0.08070105695564625,1.5854700290228894
0.49261277874167364,0.08070105695564625,1.9344556867627816
0.5010752714740627,0.3934176526587781,1.3458261637856792
0.49720991279064786,0.3934176526587781,1.6771449373291631
0.4929785010485761,2.0578769523689964,1.2046916746217904
0.38751761117741657,2.0578769523689964,1.6183403172799413
0.5960165182245073,0.3934176526587781,1.1295857300099845
0.42732632082636707,0.3934176526587781,1.0020806391762858
0.5119186376744403,0.08070105695564625,1.931531801409579
0.6037497805597207,0.08070105695564625,1.5548943761752092
0.518593122492666,0.08070105695564625,1.9269406627820396
0.5988589945915327,0.3934176526587781,1.333831523702072
0.47843989769480405,0.3934176526587781,1.327786069161757
0.5763430460615514,2.0578769523689964,1.4006550017730317
0.3894146394233189,0.08070105695564625,1.7060409839581683
0.6563877677042025,2.0578769523689964,1.5658086341861743
0.68870636111625,0.3934176526587781,1.925354907099118
0.378748839135365,0.08070105695564625,1.0254409011324395
0.4048771435955624,2.0578769523689964,1.7081959379725364
0.4353627946228084,0.3934176526587781,1.3303276893665543
0.6037045593482483,2.0578769523689964,1.1802336518184613
0.43260538697146844,0.08070105695564625,1.510395622520099
0.5032396163328736,2.0578769523689964,1.5050637841799959
0.3386998122786769,2.0578769523689964,1.1370110286884283
0.44511150462065024,0.3934176526587781,1.20189605613289
0.5284145166123494,0.08070105695564625,1.408164664901555
0.6558947803391946,2.0578769523689964,1.4088114123923154
0.4965136708056854,0.3934176526587781,1.3175581396196847
0.5528814994098492,0.08070105695564625,1.148545151509981
0.4563395630995752,0.3934176526587781,1.0043736791009796
0.37206553417286337,0.08070105695564625,1.9702350624280207
0.49788129840148215,0.3934176526587781,1.943499229703927
0.5423073262607954,0.3934176526587781,1.4836503791761353
0.8049406724426863,0.3934176526587781,1.9950517532750056
0.6864189424903337,2.0578769523689964,1.6736543307822433
0.3863129060487158,2.0578769523689964,1.0688575376075415
0.3881344523934849,0.3934176526587781,1.1177181990826273
0.4431870648686457,0.08070105695564625,1.9161108438696377
0.7007477624542022,0.3934176526587781,1.6300522021496284
0.7231974292987728,2.0578769523689964,1.8431836266573511
0.7008652532197465,0.08070105695564625,1.8982696496338443
0.4736909994953431,2.0578769523689964,1.447942011282386
0.4527865450342443,0.3934176526587781,1.0485259515766931
0.4622675565930305,2.0578769523689964,1.188280348897322
0.39241653408612986,2.0578769523689964,1.066571947302435
0.47375112901945954,2.0578769523689964,1.1887398456985072
0.34815519227221253,0.3934176526587781,1.4105329264558768
0.36489473588924093,2.0578769523689964,1.1181968105149855
0.5755346635684556,0.3934176526587781,1.1667332478053432
0.5963806208095059,0.3934176526587781,1.4458217820716792
0.47016911098127584,2.0578769523689964,1.3401709503884895
0.5193526514948087,0.08070105695564625,1.4676581241880409
0.46371699212064765,2.0578769523689964,1.429172027759062
0.6334020409756681,2.0578769523689964,1.6444780259798835
0.7134570984580783,2.0578769523689964,1.9371895488758546
0.5291911818618201,0.08070105695564625,1.1078643384442426
0.5168423417254341,0.08070105695564625,1.099260149309195
0.4398938501422287,0.3934176526587781,1.852806111090902
0.46122646026573033,0.08070105695564625,1.5063967046524591
0.5446974147692493,0.08070105695564625,1.766405023568442
0.42769806561379076,2.0578769523689964,1.2154219036072815
0.6773855011193901,0.3934176526587781,1.8288625731675516
0.502429561788878,0.3934176526587781,1.923846624192696
0.39764911871762404,0.08070105695564625,1.6354830155464883
0.4338298083647512,0.08070105695564625,1.1058790214738021
0.7926514388227265,2.0578769523689964,1.8952948141563388
0.4444160443945836,0.08070105695564625,1.7924877273700712
0.6017255030372377,0.08070105695564625,1.7508777765144898
0.43361401253867904,0.3934176526587781,1.0367281889059154
0.3787298641190945,0.08070105695564625,1.7989625252569712
0.461612003541777,2.0578769523689964,1.137951010468357
0.5356598078466825,0.3934176526587781,1.2223861761968884
0.5344457474619226,0.3934176526587781,1.5771348348692575
0.5948100963950286,0.08070105695564625,1.264980772916883
0.45864425004548925,2.0578769523689964,1.6613482063119198
0.37616660281461894,0.3934176526587781,1.6080704476990815
0.5745129350301775,2.0578769523689964,1.1081495980132625
0.493221999424153,2.0578769523689964,1.6560145795915062
0.6155087308388054,0.08070105695564625,1.92395490982493
0.5482707679119796,2.0578769523689964,1.1611099051858331
0.46585673511062825,0.3934176526587781,1.5970620209428874
0.5635051196376628,0.08070105695564625,1.3418653719366942
0.3861156382745379,0.3934176526587781,1.459611671773604
0.4232967336500171,2.0578769523689964,1.2870001790789698
0.38283076467083466,2.0578769523689964,1.3541306363476953
0.5241746131332916,0.08070105695564625,1.0289118232665573
0.4582353852127778,0.08070105695564625,1.9815517379172207
0.6203505359591797,0.3934176526587781,1.6247999220727483
0.6759507386588058,0.3934176526587781,1.5007055904938853
0.5101316201727965,2.0578769523689964,1.3837153495003267
0.5385552002952423,0.08070105695564625,1.5393745588240275
0.4877729504406467,2.0578769523689964,1.380105998715804
0.44149630620351216,2.0578769523689964,1.3599079274936732
0.5043968611605588,0.3934176526587781,1.463946541722013
0.5161886820672729,0.3934176526587781,1.2759830336711908
0.6064196424121175,0.3934176526587781,1.1800498999667854
0.6881020312028361,0.08070105695564625,1.5566058981802935
0.727256683905988,0.3934176526587781,1.8427654361503012
0.5728847819318901,0.08070105695564625,1.1528281777258922
0.4415671227144861,2.0578769523689964,1.0327343406042186
0.5272692366868332,0.08070105695564625,1.2468117451540361
0.7748620895216463,0.3934176526587781,1.9797206434538108
0.5199916425604235,0.08070105695564625,1.8287580737433393
0.7071057636511121,0.08070105695564625,1.5958660535285967
0.5426701550834004,0.3934176526587781,1.9292489152431358
0.5447045418689104,0.3934176526587781,1.4452791168372445
0.6882894874235873,2.0578769523689964,1.983280602575174
0.6262834961497233,0.08070105695564625,1.2963020451192842
0.4050937652647608,2.0578769523689964,1.240305749515939
0.6341635381056622,2.0578769523689964,1.638048201147011
0.5070065258450213,0.08070105695564625,1.3781539679503605
0.4474073570102608,2.0578769523689964,1.626365541976258
0.5748127861871364,0.08070105695564625,1.3049955183026858
0.5555532265389461,2.0578769523689964,1.617918256837991
0.5336889237417096,2.0578769523689964,1.2757462605850365
0.4082446440163807,0.08070105695564625,1.05097206881889
0.5702840081295705,0.3934176526587781,1.9121359019231834
0.6271009227525615,0.08070105695564625,1.8832052018734622
0.5428423105688324,0.3934176526587781,1.9707981492726718
0.42703571732063045,0.08070105695564625,1.7165271762214047
0.7294977769325803,0.08070105695564625,1.6827211777353028
0.5310715901942785,0.3934176526587781,1.5590030700748307
0.5252018713244221,0.3934176526587781,1.1259424163525227
0.44744121797362413,0.08070105695564625,1.18923531094927
0.44299837157478666,0.08070105695564625,1.2894696886725363
0.5338340679166046,0.08070105695564625,1.8901563625733944
0.4448835938126216,0.3934176526587781,1.1729695246030751
0.6005894904097432,0.08070105695564625,1.9228731744878906
0.537196223956675,0.3934176526587781,1.5227857330514172
0.548712955681338,2.0578769523689964,1.7155696354730723
0.3652082141010392,0.3934176526587781,1.1102444866805665
0.48297971049585375,2.0578769523689964,1.2690335487759108
0.43143241475420313,0.08070105695564625,1.9585186081814263
0.371851918725474,0.08070105695564625,1.2661499469297315
0.6208378898878021,0.3934176526587781,1.296521720391146
0.503317908378914,2.0578769523689964,1.1975973848410795
0.5060224751064435,0.08070105695564625,1.1290736653068296
0.4502810082785831,0.08070105695564625,1.233257641453998
0.6985331748406653,2.0578769523689964,1.6423268919507983
0.5591407931437145,0.08070105695564625,1.4553677335035635
0.6252522968780205,0.08070105695564625,1.5537558363378987
0.42778983893611217,0.3934176526587781,1.1223648287660244
0.7596448443014847,0.08070105695564625,1.8021164471629
0.6958286266837137,2.0578769523689964,1.784094700579848
0.532815932828012,0.08070105695564625,1.0215899111426754
0.39364245442583384,0.3934176526587781,1.383515094510305
0.3970310495294215,0.08070105695564625,1.0687706019711478
0.4698314498975343,2.0578769523689964,1.7921057794149582
0.4585182613980866,0.08070105695564625,1.7372696831257044
0.7380862125288135,2.0578769523689964,1.9019880942931562
0.34262253589471753,0.3934176526587781,1.2364039589531146
0.3654510691210826,0.08070105695564625,1.4562958831277988
0.4085036017767434,0.08070105695564625,1.1844878771643979
0.40178806546393747,0.3934176526587781,1.3712349344741195
0.4246421263354092,2.0578769523689964,1.522243251566884
0.5263032124768002,2.0578769523689964,1.053330789838589
0.5754822770164133,0.08070105695564625,1.7148704106773853
0.3436330072932762,2.0578769523689964,1.5432933603710752
0.5358302365052752,2.0578769523689964,1.8289590172106733
0.45687037037541434,0.08070105695564625,1.2717805011911971
0.4027373762677613,2.0578769523689964,1.9033211052692545
0.675324346316799,2.0578769523689964,1.9986942530304432
0.6721217971679444,0.08070105695564625,1.9192984383776746
0.6523704289040557,0.08070105695564625,1.7778924758331542
0.6625426824400091,2.0578769523689964,1.8123688028737808
0.3423554876379487,0.08070105695564625,1.5737442425445864
0.6000787747720745,2.0578769523689964,1.1901538629126105
0.6693221532182743,2.0578769523689964,1.6770406851477173
0.7138002868289663,2.0578769523689964,1.7127530020599315
0.36074123429339555,2.0578769523689964,1.9853851402679057
0.6828086133157742,0.08070105695564625,1.5413013162563218
0.5775955657195124,0.08070105695564625,1.2713690150250563
0.6799995726053109,0.3934176526587781,1.6836725217395068
0.39712925167313956,0.08070105695564625,1.9793758196664546
0.5369853038656597,0.3934176526587781,1.177213908269094
0.6368009788961482,2.0578769523689964,1.3259979185356028
0.5895982500166723,0.08070105695564625,1.5418809537726812
0.48909950493148263,2.0578769523689964,1.1702146348820048
0.55501289413323,0.3934176526587781,1.0222206395199382
0.47610716560275645,0.08070105695564625,1.3369831224412505
0.61596126095658,0.08070105695564625,1.865370801501058
0.445148889949813,0.08070105695564625,1.0434683993237148
0.6541874025625334,0.08070105695564625,1.4289290590169175
0.3792361782246102,2.0578769523689964,1.7622007729260825
0.5853621081088337,0.08070105695564625,1.9531825969108851
0.677926076602527,0.3934176526587781,1.9854753990044323
0.6049721579301851,0.08070105695564625,1.4219693806087417
0.6229532839379252,0.3934176526587781,1.9503842943791176
0.5494253458504723,0.3934176526587781,1.0354189732808639
0.7376735342345596,2.0578769523689964,1.7459169379985564
0.36926316874387005,0.08070105695564625,1.642746034633613
0.45246025234416054,0.3934176526587781,1.2495218575861524
0.3489410370927297,0.08070105695564625,1.507318500679649
0.41819341259371917,2.0578769523689964,1.1295537377604956
0.5892435221506496,2.0578769523689964,1.871597150951561
0.6292435963527743,0.08070105695564625,1.357898085545648
0.670441304319322,0.3934176526587781,1.6260444704657164
0.36609013756036113,2.0578769523689964,1.1587762862872624
0.3589960180353497,0.3934176526587781,1.206164844631207
0.6328646530828084,0.3934176526587781,1.991956370803152
0.5687717411712587,0.08070105695564625,1.7530863944413293
0.47707504241881743,2.0578769523689964,1.9619718697740707
0.6104988777422264,0.08070105695564625,1.2958511652120441
0.5862182689277408,0.08070105695564625,1.1645628766198204
0.48389887780221513,0.08070105695564625,1.503068463478831
0.655642015404975,0.3934176526587781,1.4946682822273434
0.4381303406361767,0.08070105695564625,1.174946513757988
0.6499759006692868,2.0578769523689964,1.73321956958141
0.49005239211611074,0.3934176526587781,1.3617775344387342
0.36629862399535373,0.08070105695564625,1.1863652309305173
0.628266828014218,2.0578769523689964,1.3319833945432884
0.5104906785901118,0.08070105695564625,1.563658699635015
0.647642370252364,0.08070105695564625,1.7264709321804432
0.46883286828734444,0.08070105695564625,1.4818908860574846
0.34787725660926083,0.3934176526587781,1.5255949898283734
0.3577060934630372,0.08070105695564625,1.1389459359427483
0.5774552431775458,2.0578769523689964,1.914690924708232
0.6684009743325617,0.08070105695564625,1.9287241979920444
0.47907884658982103,0.08070105695564625,1.6834265904180037
0.4939596441928631,0.3934176526587781,1.0176314089340246
0.596006312206328,0.08070105695564625,1.537074215903326
0.6160244476521445,2.0578769523689964,1.6292189720886134
0.5873952502173736,2.0578769523689964,1.99465422295811
0.7882378288945655,0.08070105695564625,1.996066955194797
0.5660049251944624,2.0578769523689964,1.8576112353255574
0.4414974369787326,2.0578769523689964,1.0638309920261135
0.4451492152877494,0.08070105695564625,1.95327639077873
0.4611171939227636,2.0578769523689964,1.612661247151999
0.3665340478026104,2.0578769523689964,1.8008867704791793
0.5489862170408707,0.08070105695564625,1.4071928496858535
0.4131160094100035,0.3934176526587781,1.3196694712345898
0.44483539597359895,0.3934176526587781,1.463244145483808
0.5394425689358775,0.08070105695564625,1.146874512968827
0.4416247017384214,0.3934176526587781,1.357066138753306
0.4569076086706722,0.3934176526587781,1.8576174997682786
0.3692998013326143,0.3934176526587781,1.0379504862608815
0.5413907548594457,0.3934176526587781,1.1508780468246045
0.3647413187520231,0.08070105695564625,1.1251161596494854
0.4885192263879928,0.3934176526587781,1.4030755427002282
0.5945819450785542,0.3934176526587781,1.9969869008908616
0.5219662996530711,0.08070105695564625,1.1733579302113828
0.5019867016724001,0.08070105695564625,1.14548264959926
0.720771563560433,0.3934176526587781,1.9150557297761543
0.3706150445785345,2.0578769523689964,1.8820505169659656
0.3998589632579683,0.08070105695564625,1.0322403699965546
0.46368565103132636,0.08070105695564625,1.751705960179315
0.40190852818489253,0.3934176526587781,1.6554657014764296
0.46899542287789164,2.0578769523689964,1.767740809852709
0.4499487167435411,0.08070105695564625,1.494502454795922
0.6008342485043886,0.08070105695564625,1.9913792184482957
0.49124197168154043,0.08070105695564625,1.0438470187109632
0.4443844411080001,2.0578769523689964,1.2343715864038058
0.575491911505941,0.08070105695564625,1.396545986973615
0.45448340708227397,0.08070105695564625,1.4497779415657033
0.4843099298693032,2.0578769523689964,1.9213674026995187
0.5422189211614413,0.08070105695564625,1.5600043640772587
0.3340254750917103,2.0578769523689964,1.0451109955203939
0.3644973971176959,2.0578769523689964,1.4078629634256619
0.4783399048599661,2.0578769523689964,1.41649041236907
0.7937902585950054,0.3934176526587781,1.9654909384377848
0.6168010772935091,0.08070105695564625,1.5991970910211082
0.3782063431964994,0.08070105695564625,1.635651071158939
0.690457659989434,0.08070105695564625,1.7132530312512708
0.6555949734962547,2.0578769523689964,1.7700393156821232
0.5810805951118988,0.3934176526587781,1.6350510702024892
0.5730868492136868,2.0578769523689964,1.2371943511339354
0.5304620900867544,0.08070105695564625,1.8740459143411643
0.4377145165125107,2.0578769523689964,1.7321198004106302
0.5587188689602964,0.3934176526587781,1.741870485096956
0.6144322997669063,0.08070105695564625,1.9965567392347492
0.5790899891755789,2.0578769523689964,1.802526534863316
0.59488482590744,0.3934176526587781,1.8291514031551532
0.792904143063135,2.0578769523689964,1.9514055157101584
0.5760381760673098,2.0578769523689964,1.1511339998488939
0.651201551839125,0.08070105695564625,1.4977273764780679
0.6430277139456512,0.3934176526587781,1.5805670235907876
0.6324614669843303,2.0578769523689964,1.3292757292224575
0.3925165008108504,0.3934176526587781,1.8394033438945057
0.45840904692169504,0.08070105695564625,1.7624196216457233
0.5486337493701147,0.08070105695564625,1.720883074508124
0.7560181415266527,0.08070105695564625,1.9971494397581668
0.4842738171693964,0.3934176526587781,1.2593813734083905
0.6550576766716335,0.3934176526587781,1.7354572516754212
0.3928682588138072,2.0578769523689964,1.5514044749059006
0.4137417012420245,0.3934176526587781,1.312989182493876
0.5316648765520252,0.08070105695564625,1.160586870723126
0.42523530856200686,2.0578769523689964,1.8958838370675473
0.4759253453148947,0.3934176526587781,1.5954554827078453
0.4639616509981096,0.08070105695564625,1.8249338376407946
0.46979683648244247,0.08070105695564625,1.5453449840015447
0.5369628105203941,2.0578769523689964,1.2199770806540196
0.45242051595464156,0.08070105695564625,1.3375488131003253
0.5187875157886068,0.3934176526587781,1.3815388424735464
0.3999315461070933,0.08070105695564625,1.9729348125037023
0.5175345637668791,2.0578769523689964,1.0056332783813824
0.5281409286676186,0.08070105695564625,1.985666023024507
0.6588568866695866,0.08070105695564625,1.9804616351098305
0.6982374978584688,0.3934176526587781,1.9961507905301366
0.4131032319094179,0.3934176526587781,1.4765881789196347
0.7661508622545731,0.3934176526587781,1.9638089696209997
0.5411871060998646,0.3934176526587781,1.3955991818498275
0.4312210760047953,0.08070105695564625,1.0262944406683867
0.3857157323329536,0.3934176526587781,1.2243471863717645
0.7883810952762103,0.08070105695564625,1.9452962449373845
0.507416832225404,0.3934176526587781,1.0137646933353999
0.4178647710244316,0.3934176526587781,1.545994135422975
0.4145711828199127,0.3934176526587781,1.075601588894679
0.5808934981898187,0.08070105695564625,1.2863965784275786
0.5076949849763777,0.3934176526587781,1.0880928507118868
0.6885760423877731,0.08070105695564625,1.8595286211130564
0.509353750530554,0.3934176526587781,1.5910707096477057
0.6752601473529082,0.3934176526587781,1.9021064657183129
0.5003592935544074,2.0578769523689964,1.6883531995402283
0.45204938854254917,0.3934176526587781,1.9710291312450998
0.5670930726060338,0.08070105695564625,1.5098776547604067
0.7237189570486477,2.0578769523689964,1.6387105817628744
0.458552747903759,0.08070105695564625,1.5763088198890567
0.5021012773172737,0.08070105695564625,1.4842604294466129
0.645428454863464,2.0578769523689964,1.8459593654230126
0.5556202648931395,0.3934176526587781,1.64452513567036
0.7095239555437285,2.0578769523689964,1.801312264855473
0.6714097481770156,0.08070105695564625,1.786363936602413
0.34848686326139466,0.3934176526587781,1.1910451606552952
0.7354950428143122,2.0578769523689964,1.6501635325176438
0.545435885727766,0.08070105695564625,1.1996480191813341
0.6671049651765485,0.3934176526587781,1.5833204782437709
0.6044825869881802,0.08070105695564625,1.6774346844463004
0.7606725117019759,0.3934176526587781,1.9972350715875868
0.3550554443279851,0.3934176526587781,1.0305419781497385
0.4188400179916871,2.0578769523689964,1.091242394113721
0.5514012709664569,0.3934176526587781,1.0770266963712314
0.4044096819314555,0.08070105695564625,1.39836128626674
0.3828475817157124,0.3934176526587781,1.8215883614858137
0.6951007874827729,0.08070105695564625,1.8440563327871358
0.6914586024999823,0.3934176526587781,1.7369795957211518
0.4243621726606824,0.3934176526587781,1.8968782418299477
0.602957327272903,2.0578769523689964,1.3228599441694526
0.5054225930981853,0.3934176526587781,1.0881546442522991
0.4581258776888681,0.3934176526587781,1.0581530279898501
0.7154031456805845,0.08070105695564625,1.8521327196193864
0.518866881786355,0.08070105695564625,1.7304362943536913
0.4239344199860702,0.08070105695564625,1.6986153060111209
0.4263598707050451,0.3934176526587781,1.3396763385456687
0.5021604566489,0.08070105695564625,1.3799051886182263
0.6001642676970911,0.08070105695564625,1.9581135288993192
0.5305095836086476,0.3934176526587781,1.063804744097935
0.6812347919999098,0.08070105695564625,1.7737317369377927
0.5153332174114806,2.0578769523689964,1.3096333237083932
0.5189817079776017,2.0578769523689964,1.039054618412556
0.42624476806604045,0.08070105695564625,1.742570110742456
0.3516009426760605,0.08070105695564625,1.3309118856783746
0.7036824767333615,0.08070105695564625,1.7221475187427966
0.37656214358695334,0.3934176526587781,1.7076543831181201
0.43107507491399527,2.0578769523689964,1.534786875433115
0.6414646279586199,2.0578769523689964,1.7773731292105488
0.4961091896778517,0.08070105695564625,1.5810383241712436
0.6012177939583236,0.08070105695564625,1.2866368528482606
0.4693797914899138,0.3934176526587781,1.734115301064419
0.34722365675331174,0.3934176526587781,1.5891398158777235
0.39894791438246424,2.0578769523689964,1.0127272816899207
0.6125698898160395,0.3934176526587781,1.9016441777703093
0.47938871864215105,2.0578769523689964,1.5456436183243134
0.5878934106870365,0.08070105695564625,1.8686272654795317
0.7430929548737373,0.08070105695564625,1.8827368389822445
0.6512493765514619,2.0578769523689964,1.4449666567350885
0.43563065261215483,0.08070105695564625,1.507659996451231
0.4930558601131918,0.3934176526587781,1.415754387675602
0.5275822152404536,0.08070105695564625,1.4494367753080455
0.7787292691237837,0.08070105695564625,1.895147158971728
0.7724465006300685,2.0578769523689964,1.788144013967911
0.3929004351396099,0.3934176526587781,1.126525676315578
0.6211184597742078,0.3934176526587781,1.610307781540096
0.5331947627713735,0.08070105695564625,1.9959066403863424
0.3459888689030124,0.08070105695564625,1.5955507012324857
0.3519387372400867,0.3934176526587781,1.7858716255931055
0.5411683131076395,0.3934176526587781,1.769061473381171
0.49239200105984715,2.0578769523689964,1.3503175258723286
0.3442620811383887,0.08070105695564625,1.3718493027039589
0.6276775394391372,0.08070105695564625,1.7240764217904032
0.4448998424159073,0.3934176526587781,1.499983531604835
0.5508476083779202,2.0578769523689964,1.570570709130388
0.46848610743826846,0.3934176526587781,1.7129057903648377
0.4183900814815827,0.08070105695564625,1.7775750270390502
0.45662363846131715,0.08070105695564625,1.2715165777330713
0.39374403033954447,0.08070105695564625,1.1467937594369628
0.4981358482743494,0.08070105695564625,1.2917946467237251
0.4116227403622046,2.0578769523689964,1.5075383250920755
0.4975853561782261,0.08070105695564625,1.3421413172970391
0.4007418663739259,0.3934176526587781,1.5683627588475937
0.49484001801311006,2.0578769523689964,1.0534657241256284
0.6104717176292953,2.0578769523689964,1.5097504116137672
0.37257337277774777,0.08070105695564625,1.367984906937708
0.5115322871276463,2.0578769523689964,1.5346667548928825
0.3621674218334041,0.08070105695564625,1.4225333548849768
0.5162016271514734,2.0578769523689964,1.2842258506375424
0.4709210975359911,2.0578769523689964,1.9041079054576358
0.47948055216899044,0.3934176526587781,1.184764988421357
0.5518102398726629,0.3934176526587781,1.6813655755805597
0.7749255948799656,0.3934176526587781,1.9246447125824142
0.5417483750922039,2.0578769523689964,1.538669959685433
0.6105784384209566,0.3934176526587781,1.876408488579482
0.4368536204339062,0.3934176526587781,1.1248514784332844
0.6762413744446127,0.3934176526587781,1.493788770256408
0.6075137211313859,2.0578769523689964,1.4570252804809394
0.3948748368213683,0.08070105695564625,1.0081188070369949
0.6274842560310119,0.3934176526587781,1.4432573413593346
0.47696750113053654,2.0578769523689964,1.3690297563825977
0.6734405736112189,2.0578769523689964,1.6697987277746154
0.7315490513812953,0.08070105695564625,1.9383297785765186
0.3775960531160301,0.3934176526587781,1.0857910882620365
0.5559207760600394,2.0578769523689964,1.327476386714623
0.43829481170255535,2.0578769523689964,1.444064737394252
0.44173236794110377,2.0578769523689964,1.4551853780343833
0.4727007258217512,0.08070105695564625,1.7748097208422537
0.5869479816982701,0.3934176526587781,1.4433956658334408
0.3832596198929238,2.0578769523689964,1.0271613014536534
0.3463523813097003,2.0578769523689964,1.7101040945928312
0.6712613273223594,2.0578769523689964,1.8848296951456716
0.402176046262519,2.0578769523689964,1.5139047125496727
0.38172448349654214,0.3934176526587781,1.5811085216985052
0.3965175385477404,0.3934176526587781,1.1629364389690462
0.44241152387529725,2.0578769523689964,1.220645944678957
0.4721428786043155,2.0578769523689964,1.2351702391246118
0.35361375181797455,2.0578769523689964,1.4307419748812953
0.7969980542627918,0.08070105695564625,1.928145220895642
0.5993129339725672,0.08070105695564625,1.521784766714886
0.42307740868219873,0.08070105695564625,1.1920976452013528
0.42947037934333543,2.0578769523689964,1.2660877358689495
0.48421900944228763,0.08070105695564625,1.3840150297271843
0.5849238378187382,0.3934176526587781,1.6232589756927993
0.38869007528645405,0.08070105695564625,1.4400331530040054
0.3997688835915084,2.0578769523689964,1.392444844176925
0.6610809195549854,0.3934176526587781,1.5647286003989946
0.4086395388571162,2.0578769523689964,1.2418349949544654
0.42572591060977516,0.3934176526587781,1.0789032725845822
0.5376479652908625,0.08070105695564625,1.0244143148222222
0.5297787285805787,0.08070105695564625,1.251259163467127
0.4173286722530876,0.3934176526587781,1.0915920341444687
0.5521403902172447,0.3934176526587781,1.3363406385207668
0.35595814829168293,2.0578769523689964,1.7729335403597557
0.6460411320108359,0.3934176526587781,1.7162943304868383
0.5295092037133532,2.0578769523689964,1.610927622788029
0.7079686760935219,0.3934176526587781,1.8525002438794789
0.6238702251438544,0.3934176526587781,1.2820676245442768
0.7656960931856753,0.08070105695564625,1.8850537530299656
0.6389106096757482,0.08070105695564625,1.3992391696691793
0.507599234785827,2.0578769523689964,1.4008933182666266
0.4576770226168935,2.0578769523689964,1.4053516136255215
0.4499517982404293,2.0578769523689964,1.0980943662409814
0.677390782460202,0.3934176526587781,1.9754904983310557
0.5680568364752553,0.3934176526587781,1.1385067778251592
0.40177189328205387,2.0578769523689964,1.3408857244691845
0.622053491766949,0.3934176526587781,1.3193003203267573
0.5353402976661933,0.08070105695564625,1.0746794328167097
0.5971378098927725,0.3934176526587781,1.1522601301118767
0.5446932990557898,0.08070105695564625,1.0448583361853858
0.4203501891291298,2.0578769523689964,1.2924044935605135
0.3972040157743699,0.3934176526587781,1.8666569240289066
0.371636090419934,2.0578769523689964,1.3394422057373845
0.4074522955273048,0.08070105695564625,1.1236918320673792
0.5841958644551151,2.0578769523689964,1.645693868383918
0.7358330655550152,0.08070105695564625,1.9966009120549106
0.5949795338612518,0.08070105695564625,1.2323237895319274
0.5231413889096378,2.0578769523689964,1.2795710053705696
0.35563035208679966,0.08070105695564625,1.9718470542807887
0.38360306490523044,2.0578769523689964,1.178776287550487
0.3763916040108178,2.0578769523689964,1.5112140674591639
0.4398042410510227,2.0578769523689964,1.239652133016095
0.5823971998772457,0.08070105695564625,1.9323518979012437
0.3737100867320595,0.08070105695564625,1.981521014576294
0.4991012821332199,0.3934176526587781,1.8146978461200154
0.3911254399632256,2.0578769523689964,1.3147838158128105
0.5528197672983363,2.0578769523689964,1.4034874752805049
0.46973687596765923,2.0578769523689964,1.2423056836664212
0.573549334941361,2.0578769523689964,1.8907579670089913
0.5462280169561676,2.0578769523689964,1.9145582776881582
0.6594457114219441,2.0578769523689964,1.4188706622460472
0.4289992179620242,2.0578769523689964,1.6565330699030019
0.47351100985343514,0.3934176526587781,1.1655531797746939
0.5887951011436808,0.3934176526587781,1.434935900363409
0.5595125558911193,2.0578769523689964,1.6314991066734976
0.6419900976703817,2.0578769523689964,1.3854031185180196
0.45798493059482626,0.3934176526587781,1.35759952568646
0.4361599891079417,0.3934176526587781,1.0009989922669427
0.38646760873239294,2.0578769523689964,1.804293463777114
0.624422504904892,2.0578769523689964,1.8893376120214482
0.48798824011005126,0.3934176526587781,1.9694635295458323
0.41169604205109167,0.3934176526587781,1.7192713850692156
0.5416856933695052,2.0578769523689964,1.5487923123698846
0.49388718566926326,0.3934176526587781,1.2692845198087093
0.38982334080496683,2.0578769523689964,1.9992994759634986
0.6061203683241386,0.08070105695564625,1.5897528545321056
0.5942172302293128,2.0578769523689964,1.6811540723304463
0.4207552749418283,2.0578769523689964,1.6824061619553177
0.555548447136249,2.0578769523689964,1.8452517957571815
0.4983115917492317,0.3934176526587781,1.0096725388469192
0.48546042056954963,2.0578769523689964,1.2202469404313718
0.5011818626481118,2.0578769523689964,1.6655340001700139
0.4962232765090373,0.3934176526587781,1.8951457368245679
0.58960376247791,0.08070105695564625,1.6853387819213563
0.6524025350962966,0.08070105695564625,1.4134912914936801
0.5531145162628198,0.3934176526587781,1.3615554958702616
0.37759008488366397,2.0578769523689964,1.7379480082833205
0.5373869820472525,0.08070105695564625,1.7412376971371935
0.6829449286109535,0.08070105695564625,1.6070579925056903
0.3636268763428407,0.3934176526587781,1.291467024097337
0.804600771843719,0.08070105695564625,1.9251548183905436
0.691069203231722,0.08070105695564625,1.551879942118639
0.3814433790931126,0.3934176526587781,1.7904923562483306
0.60039300052241,0.08070105695564625,1.2143082621618317
0.4516700219669943,2.0578769523689964,1.3440407886147279
0.7269372911569537,0.3934176526587781,1.8745795163873424
0.4317600261549919,2.0578769523689964,1.0501070299399684
0.4987545940255304,2.0578769523689964,1.512315311256662
0.5625968320651094,0.3934176526587781,1.481705479844009
0.6693231510266598,0.08070105695564625,1.7512301889080821
0.34476614625300583,0.3934176526587781,1.2818937705993325
0.5036244592725854,0.08070105695564625,1.2190668218595995
0.43732448317536243,2.0578769523689964,1.9261328387732337
0.47126500896623447,0.08070105695564625,1.5717096519584648
0.4203860356774807,2.0578769523689964,1.1046895682836544
0.46425840578970984,2.0578769523689964,1.193036162214321
0.5126580594902075,2.0578769523689964,1.9988260595142484
0.36252217118020447,0.3934176526587781,1.1956089962521923
0.39897431125430066,0.08070105695564625,1.6104755113536786
0.34947171683896144,0.08070105695564625,1.420128078995618
0.5615544198830555,0.08070105695564625,1.8855990948498353
0.7452143423672252,2.0578769523689964,1.7551685922953277
0.3867882030363551,0.3934176526587781,1.5969513962618158
0.5522419111117824,0.08070105695564625,1.0107389817979824
0.6783617770316271,0.08070105695564625,1.8797952074934596
0.557062888027417,0.3934176526587781,1.4446674708387164
0.6484178128034745,0.08070105695564625,1.9315776530185764
0.6333149405681313,0.3934176526587781,1.4955390128542012
0.3885780900563083,0.3934176526587781,1.6942244891827256
0.45595874343089327,0.08070105695564625,1.0692926494666422
0.6359418230653907,0.3934176526587781,1.745151653526786
0.5217895268057289,0.3934176526587781,1.3379960313119228
0.602686862581653,0.08070105695564625,1.3513590143317809
0.34921916213339843,2.0578769523689964,1.11865584470939
0.5177660678384939,0.08070105695564625,1.1468571486402022
0.4814257032213591,0.08070105695564625,1.1857590562062101
0.4548976550802487,2.0578769523689964,1.3282061685714224
0.5039625781901708,0.3934176526587781,1.8919699127756053
0.537890891607302,0.08070105695564625,1.3682602382300804
0.7113191208750068,2.0578769523689964,1.7243627065632183
0.4557660317104558,2.0578769523689964,1.0827475038898715
0.6541404851245668,0.08070105695564625,1.5910987992719927
0.48111911788616396,0.08070105695564625,1.4818912312704395
0.4013459107581879,2.0578769523689964,1.9779579469545046
0.37662389783864114,0.08070105695564625,1.846207769878963
0.35684844691493584,2.0578769523689964,1.4548297724386496
0.5080836708300035,0.08070105695564625,1.7751427640453388
0.42713121193792586,2.0578769523689964,1.1930387412937775
0.6080852856321495,0.08070105695564625,1.562336327391778
0.517010663832258,0.08070105695564625,1.074619055568708
0.3525194851066302,0.08070105695564625,1.348089032251683
0.3970539771650725,0.3934176526587781,1.2258621816221704
0.4581980229545599,0.08070105695564625,1.718909815325211
0.5335052199274809,2.0578769523689964,1.4900906912143614
0.40720378890204345,2.0578769523689964,1.7510704788480105
0.38889070952131843,0.3934176526587781,1.5152954376314456
0.570895840138382,0.3934176526587781,1.0864844421516384
0.678194567283946,0.3934176526587781,1.7353676497325268
0.4280118438653648,0.08070105695564625,1.8332292639878056
0.5352333421269747,0.08070105695564625,1.9035312259127926
0.47490302265169704,2.0578769523689964,1.5719919453067082
0.6767110823285855,2.0578769523689964,1.7535853589994952
0.5594919518307803,0.08070105695564625,1.752044336882627
0.3660116627250003,2.0578769523689964,1.1557497597989443
0.5343847686650041,0.08070105695564625,1.1642206874595709
0.4289877609820969,0.3934176526587781,1.0708855058091262
0.4176292756920509,0.08070105695564625,1.3199136351403014
0.4707743343617291,0.08070105695564625,1.4735085877410645
0.5903557383878936,0.08070105695564625,1.997897852754217
0.4548158333963338,2.0578769523689964,1.4309933420681695
0.4456107970089204,0.08070105695564625,1.726242588507371
0.505792786055947,0.08070105695564625,1.6933970262725346
0.33790795217524994,0.08070105695564625,1.2044819502505795
0.5210941661407497,0.3934176526587781,1.0585071514494364
0.4042704863238109,0.08070105695564625,1.5460067515335876
0.3634513144251982,0.08070105695564625,1.700305592314476
0.6645674291965299,0.08070105695564625,1.998251790186256
0.5854160622251033,2.0578769523689964,1.3586110522811707
0.7180241859303267,0.3934176526587781,1.8963645620810967
0.4986485945189416,0.3934176526587781,1.3819324558691863
0.42782134675040623,0.08070105695564625,1.6894117084305127
0.622571728882729,0.08070105695564625,1.5982529305170519
0.5018730836933231,2.0578769523689964,1.052978793302597
0.3916431781320344,0.08070105695564625,1.0783884269702586
0.5445021813114767,2.0578769523689964,1.020764089724461
0.37077117855190345,0.08070105695564625,1.3708340845939895
0.7545237242271878,2.0578769523689964,1.7458010487660107
0.5696911474097862,0.3934176526587781,1.1727553939907227
0.6053269760259683,0.08070105695564625,1.6058529683838958
0.6207639936770823,2.0578769523689964,1.288827780031078
0.6568030007584683,2.0578769523689964,1.7969926239790721
0.42975406939784533,0.08070105695564625,1.798396149002991
0.5342758975013621,2.0578769523689964,1.7754145149664236
0.3668790017790289,0.08070105695564625,1.5248335138013767
0.45293294787161575,0.08070105695564625,1.2845667100798517
0.6675993155819968,2.0578769523689964,1.8094440438786346
0.44015852358179314,2.0578769523689964,1.1861005619392415
0.4354569426400028,2.0578769523689964,1.289759602028656
0.4982829207981887,0.3934176526587781,1.1839477061606216
0.6917461082684957,0.08070105695564625,1.6742101603876476
0.36439906025020063,0.08070105695564625,1.6862360281158182
0.49566264449071895,0.3934176526587781,1.652509992786753
0.3911537136263227,0.3934176526587781,1.415601466864668
0.5099578100381053,2.0578769523689964,1.1001710072014332
0.39942570964909296,0.08070105695564625,1.9111695845150212
0.5781931148813545,0.3934176526587781,1.507730964012238
0.43321945908268705,0.3934176526587781,1.4069721949110914
0.4177232348985694,0.08070105695564625,1.5888248932482933
0.5958079981313009,0.08070105695564625,1.1927904358191057
0.33547788678005946,0.08070105695564625,1.1325487791048743
0.4835351799821161,2.0578769523689964,1.4055252214579435
0.3393327699795564,0.3934176526587781,1.2272206940999104
0.4756919643284784,2.0578769523689964,1.2442902945371646
0.5763843447560872,0.08070105695564625,1.8925114877785294
0.45794194651298475,0.08070105695564625,1.5307591771858249
0.38638688674440735,0.3934176526587781,1.483469064323351
0.4964396613644928,2.0578769523689964,1.6894795937285974
0.6645850698892746,2.0578769523689964,1.9515481136767396
0.5351142713219258,2.0578769523689964,1.112198564470564
0.5806373587208367,0.08070105695564625,1.833534567109257
0.5642728256329236,0.3934176526587781,1.584019179867846
0.38513328593179913,2.0578769523689964,1.1461653538118373
0.4230646020645737,0.08070105695564625,1.2971493186889917
0.39676816615896104,0.08070105695564625,1.4823614164647396
0.44559748060706766,2.0578769523689964,1.691177144577423
0.3994986242632764,0.3934176526587781,1.2426070169534522
0.5303595818677652,0.3934176526587781,1.5348788154675899
0.5704037382843672,2.0578769523689964,1.6846716274158617
0.6633216359550027,0.08070105695564625,1.4487407508475063
0.4367130502152843,0.08070105695564625,1.8630259611201758
0.6355014064246719,2.0578769523689964,1.8694591028404044
0.6244031991630775,0.08070105695564625,1.4706912176404456
0.6160283305638387,0.08070105695564625,1.9729257104088997
0.3936145047618531,2.0578769523689964,1.0755850924054473
0.38902754184854577,0.08070105695564625,1.0033623783229366
0.3499986609194828,2.0578769523689964,1.3806682638039192
0.4591110318537399,2.0578769523689964,1.6010970613725093
0.6317463519228788,2.0578769523689964,1.6292001574496608
0.35635864177994514,0.08070105695564625,1.4764457362938286
0.3884899300318435,2.0578769523689964,1.1248833132406462
0.5266209458801987,0.08070105695564625,1.1704975217878943
0.6944453633944949,2.0578769523689964,1.8521479838520092
0.5524462707905904,0.3934176526587781,1.8679111317392612
0.6224644811868987,0.08070105695564625,1.6738985378607203
0.4980433434494918,0.08070105695564625,1.6642179722788824
0.40359849435858425,0.08070105695564625,1.5976821280278075
0.4454994391046458,0.3934176526587781,1.2029258857019882
0.5346410052854993,2.0578769523689964,1.4282507002599032
0.7274288265034503,0.3934176526587781,1.6958946514633788
0.3664218996274129,2.0578769523689964,1.5372522720033386
0.4490700269144379,2.0578769523689964,1.0185803340550992
0.50537940405598,2.0578769523689964,1.9535568067200983
0.5725392646839752,2.0578769523689964,1.8448160525721433
0.34109763308928226,2.0578769523689964,1.2605450141097378
0.46356030255855596,0.3934176526587781,1.6164589351662961
0.7267732275895562,0.08070105695564625,1.9232393837281876
0.47262562889712945,0.3934176526587781,1.0960110121136513
0.5009861426909878,0.08070105695564625,1.5030294807967006
0.4377072257546264,0.08070105695564625,1.4562430258462946
0.43748991265349535,0.08070105695564625,1.4102050052835322
0.516522669603837,0.3934176526587781,1.835588608892925
0.6102564501732237,2.0578769523689964,1.3806461466974573
0.570965925740415,2.0578769523689964,1.0636633332410077
0.43885449114341357,0.08070105695564625,1.0658377421643026
0.42467738495533064,2.0578769523689964,1.042744606524609
0.6204176734644866,2.0578769523689964,1.4091454218740371
0.5204553451233663,0.3934176526587781,1.71840627769836
0.48932980271834037,2.0578769523689964,1.2037224619305156
0.43454366199996725,2.0578769523689964,1.6464685204315495
0.6432344639148063,0.3934176526587781,1.6870884721037043
0.4916096368538765,2.0578769523689964,1.255202124015598
0.6503138810998261,0.08070105695564625,1.6005576560606292
0.6576729906325105,0.3934176526587781,1.6848683400268474
0.41418986119327955,2.0578769523689964,1.4666136228021256
0.5623120637612762,2.0578769523689964,1.3367165972800952
0.6509833507309181,0.3934176526587781,1.6191515515743273
0.5160426155287636,0.08070105695564625,1.977847087328057
0.3967386226135121,0.3934176526587781,1.426841409368978
0.33833288524780375,0.08070105695564625,1.391735096285121
0.49585426319378123,0.3934176526587781,1.4642669024261132
0.41837008961069116,2.0578769523689964,1.0762183934450482
0.5461990117689629,0.3934176526587781,1.5531632796713901
0.3948834063241686,0.3934176526587781,1.3286973872172636
0.5575291555280419,0.08070105695564625,1.1214221223312624
0.4290152364168931,0.3934176526587781,1.4662567411173733
0.38050591692900415,0.08070105695564625,1.0033839865739775
0.4972923223749738,0.3934176526587781,1.4017852451627588
0.4598251203819678,2.0578769523689964,1.1057352679264505
0.3794714056376665,0.3934176526587781,1.0242927033997802
0.4669536866634415,2.0578769523689964,1.824475046244502
0.428854081188024,0.08070105695564625,1.9162488032826348
0.5374256334433373,0.08070105695564625,1.2076746483591068
0.6225229657179121,0.08070105695564625,1.5392982638342612
0.47408979021919423,0.08070105695564625,1.277958157130985
0.5929944580823815,0.3934176526587781,1.4935774386721823
0.5891130795635612,0.3934176526587781,1.4366313208941603
0.37565902485795727,0.3934176526587781,1.2690510550804857
0.7358956644629937,2.0578769523689964,1.7003935796352976
0.5484522358352149,0.3934176526587781,1.1264909593202543
0.3791036029515594,2.0578769523689964,1.053072782171367
0.425720252771126,2.0578769523689964,1.767675433037279
0.39450518732466733,0.3934176526587781,1.6659300312206797
0.38947730464003566,2.0578769523689964,1.498526124146398
0.5997214828054294,0.08070105695564625,1.4677897704725416
0.5069956637682023,0.3934176526587781,1.4974113794914263
0.6051917956702413,0.3934176526587781,1.4370240760986728
0.5835940549368415,2.0578769523689964,1.3928922958311791
0.5552916210086548,0.3934176526587781,1.4996906028861203
0.5898905281086287,0.3934176526587781,1.5285151711597604
0.35287246495754915,2.0578769523689964,1.691902314083621
0.47273084818474365,0.3934176526587781,1.7112071607340225
0.5450826185132073,0.3934176526587781,1.3776290801401445
0.34117727721884916,0.3934176526587781,1.4135405227434887
0.3477055292134363,2.0578769523689964,1.373697169736223
0.6517417385511162,0.3934176526587781,1.5365357736257104
0.5746494626497608,0.3934176526587781,1.4533535379141953
0.4700426615772639,0.3934176526587781,1.8895964631361934
0.6227682576639749,0.08070105695564625,1.6963612669164725
0.7088834050786003,0.3934176526587781,1.8986563837544455
0.47049710014021645,2.0578769523689964,1.7091369915594257
0.36986661050452907,0.08070105695564625,1.970992148523814
0.7061541235107568,2.0578769523689964,1.6357367782552692
0.5140351282940674,0.3934176526587781,1.9635501381630547
0.36031211822762843,0.3934176526587781,1.1581698904094262
0.45026890287569377,0.3934176526587781,1.0524776808294038
0.6303673232507445,0.08070105695564625,1.5791251852038592
0.457918521213072,0.3934176526587781,1.9834932057997747
0.4286332099287587,2.0578769523689964,1.4176052473023968
0.40212843166692114,0.08070105695564625,1.2120433621929596
0.6986929994565824,2.0578769523689964,1.521541449193514
0.4216087127838131,2.0578769523689964,1.6487986245788886
0.5144394067778837,2.0578769523689964,1.3151786955158888
0.7229615544844563,2.0578769523689964,1.7147693584992596
0.42211515689054996,2.0578769523689964,1.9751145070457259
0.7890020902598028,0.3934176526587781,1.8969631217106169
0.6241263471391374,2.0578769523689964,1.2915853735121954
0.6133418424420147,2.0578769523689964,1.3267236831445983
0.4065777963727117,0.3934176526587781,1.3715412244495886
0.5468911353674742,0.08070105695564625,1.3945527783936453
0.5269817088751148,0.3934176526587781,1.1003194991932794
0.7601790726690834,0.08070105695564625,1.7619628388892892
0.3950617045277506,2.0578769523689964,1.3653392636107005
0.6929690648868242,0.3934176526587781,1.8798199767054522
0.507088424691325,0.08070105695564625,1.9269406231201087
0.3699710050608556,0.08070105695564625,1.0244313093076882
0.5528344465745518,0.3934176526587781,1.9885030699282062
0.6683973415868131,0.3934176526587781,1.7100227315001846
0.5084778542029363,0.3934176526587781,1.5203922259929623
0.5142335882309378,0.3934176526587781,1.3895276083725534
0.699145281314768,0.3934176526587781,1.5185181326097128
0.46072537556431564,2.0578769523689964,1.3246247239784443
0.5806461900510514,2.0578769523689964,1.6226878136965484
0.4235408497837984,0.3934176526587781,1.0929802764447913
0.4947235691391443,0.3934176526587781,1.6211226029118102
0.5440652896731718,2.0578769523689964,1.2753448501384441
0.5519922175956807,0.08070105695564625,1.0176348290523465
0.541503603439339,2.0578769523689964,1.5527057661628776
0.6301984162042951,0.3934176526587781,1.5784477558526964
0.368539390937959,0.08070105695564625,1.426569004711536
0.38224964258725586,0.3934176526587781,1.0722862325503169
0.5769951584137661,0.08070105695564625,1.8933429528041916
0.35099676547268077,0.3934176526587781,1.611430807227889
0.39658736854448895,2.0578769523689964,1.1157132995689696
0.5259895807651328,0.3934176526587781,1.5109305765941476
0.3455989284822292,2.0578769523689964,1.4972543159484715
0.3946586860425598,0.08070105695564625,1.060401868792927
0.5392241112799128,2.0578769523689964,1.6068597036029475
0.5949647060659866,0.08070105695564625,1.8083263989215643
0.7317092544006231,0.3934176526587781,1.749008054248478
0.5157182178296696,2.0578769523689964,1.2029694141641833
0.5337091430657113,0.08070105695564625,1.8622925295542114
0.6316766356190019,0.08070105695564625,1.342542165659351
0.7157885218891678,0.08070105695564625,1.9465083782919415
0.37939340098211105,0.08070105695564625,1.0717479642257137
0.3860826245782504,0.3934176526587781,1.4862086885198427
0.5990669452788535,0.3934176526587781,1.5971243771775492
0.4986634280263948,0.3934176526587781,1.2476500984746046
0.680016947517855,0.08070105695564625,1.7713801887202276
0.6290324378243359,0.3934176526587781,1.626895679810717
0.47721967684417205,0.08070105695564625,1.0181094372879556
0.7197325888773709,0.08070105695564625,1.608368590696236
0.5287682089072908,0.08070105695564625,1.4914782344184463
0.36416638154946634,2.0578769523689964,1.1960292017035077
0.7470218407860796,0.3934176526587781,1.9957482270595297
0.46462981064741005,0.3934176526587781,1.897162194827615
0.572355618343595,2.0578769523689964,1.2925076950290635
0.6912469854437465,2.0578769523689964,1.5410709207986164
0.5524209964175708,2.0578769523689964,1.3165021399102907
0.5992085544831248,2.0578769523689964,1.775495751636078
0.5632880234207688,0.08070105695564625,1.930331433196455
0.45376964138937315,0.3934176526587781,1.3588286069143836
0.5000353203099789,0.3934176526587781,1.8055842491436276
0.5663512066349464,0.3934176526587781,1.4984075427132049
0.5860145108731557,0.08070105695564625,1.3965785613115773
0.6649928680994555,0.3934176526587781,1.9384218520987697
0.4116868557707789,2.0578769523689964,1.5104046887190314
0.5112608328945446,0.3934176526587781,1.467410500257465
0.6593337645103758,0.3934176526587781,1.672434401962343
0.4757671478896359,0.08070105695564625,1.2612342010182844
0.5038397528452818,2.0578769523689964,1.3247928707883156
0.7063495740522838,2.0578769523689964,1.9320458362386228
0.6086962178862142,2.0578769523689964,1.6785298454369424
0.5268530436596527,0.3934176526587781,1.8266371477710055
0.6032642550050951,2.0578769523689964,1.2711117619354297
0.4010526706336158,2.0578769523689964,1.543790189929872
0.8199652220708851,0.3934176526587781,1.9713962669894982
0.37258282199615467,0.08070105695564625,1.3187038990282176
0.33537101039269035,0.3934176526587781,1.1604764763170419
0.6594514943576093,0.08070105695564625,1.510886008224664
0.4178416810701113,0.08070105695564625,1.387821088724876
0.5308918355823161,2.0578769523689964,1.1595772327867135
0.7150200673712187,2.0578769523689964,1.888551382703368
0.7604353287572256,0.3934176526587781,1.9907239105537777
0.7111564230947576,0.08070105695564625,1.5685821806899978
0.4717141994797416,0.3934176526587781,1.7746767683734541
0.6639215105972176,2.0578769523689964,1.8590383695462995
0.39235857449586137,0.08070105695564625,1.7009820060218268
0.4281563681868537,2.0578769523689964,1.0441560491117312
0.56280108260252,2.0578769523689964,1.1576342317168178
0.4216270239632299,2.0578769523689964,1.0709891911513865
0.46765641907830996,0.08070105695564625,1.0098796066420566
0.49076204999339534,0.08070105695564625,1.3059964087572364
0.5504185575924974,2.0578769523689964,1.3923559604815599
0.6186906478478025,0.08070105695564625,1.2410297323359258
0.34268621055307036,2.0578769523689964,1.064604648086321
0.5493730882369463,2.0578769523689964,1.5298630908366775
0.5940523970163275,2.0578769523689964,1.2733193199571415
0.553767963473453,0.08070105695564625,1.7960371548635623
0.3458178345264434,0.3934176526587781,1.0080526216252812
0.5950765583830351,0.3934176526587781,1.8425270512876102
0.5069731635677951,0.08070105695564625,1.954753678945957
0.40930323964787185,0.08070105695564625,1.7161350631535695
0.6962779463110279,2.0578769523689964,1.7336440652625664
0.5918896653020526,2.0578769523689964,1.9335623116027332
0.5990365876603848,0.3934176526587781,1.2090712853003491
0.7361894929326067,2.0578769523689964,1.9945655682085768
0.6397196341964356,0.3934176526587781,1.7734812033785419
0.3484861975405291,0.3934176526587781,1.7265707083277937
0.47445534453078536,0.08070105695564625,1.3610905789952927
0.4139848434122804,0.08070105695564625,1.5457774854056106
0.7020940127352029,0.08070105695564625,1.653917788273347
0.41071917494228194,0.3934176526587781,1.620342861317216
0.46168319126976015,0.08070105695564625,1.7049846384775806
0.4609810421547116,0.3934176526587781,1.0823817390784107
0.4209890551109077,0.08070105695564625,1.3556484328316967
0.40988257167102193,0.3934176526587781,1.4340000165954772
0.5124442038634868,2.0578769523689964,1.2606292978749665
0.35621242343652193,2.0578769523689964,1.1726272702692238
0.3463258472433017,0.3934176526587781,1.1389274799128628
0.4571687008690088,0.3934176526587781,1.3663833922565851
0.5952958358031887,2.0578769523689964,1.493441700562566
0.4675514040837878,0.3934176526587781,1.0629764401466608
0.5481372604452011,0.3934176526587781,1.9464580945905494
0.5847623749574922,2.0578769523689964,1.7652433228607585
0.49680022715615,0.3934176526587781,1.7308517731854667
0.590723583418223,0.08070105695564625,1.172860524988727
0.3640350475369928,2.0578769523689964,1.603800768012189
0.5854164114043531,0.08070105695564625,1.5297249468086673
0.7737428387399733,0.3934176526587781,1.982468845786694
0.68077459934581,0.3934176526587781,1.7476717700801578
0.411187140106187,0.08070105695564625,1.5757618837162313
0.47997289641323004,0.3934176526587781,1.850812666470122
0.5265363926437362,0.3934176526587781,1.1550942708607095
0.34751666068066817,0.08070105695564625,1.0152165296909772
0.6713198784680563,0.3934176526587781,1.6902333334145232
0.5156929371676129,2.0578769523689964,1.0983114602372375
0.521928993989884,0.08070105695564625,1.1154336399835092
0.388459162247265,0.08070105695564625,1.7446807264245305
0.549773596698399,0.08070105695564625,1.270534844133989
0.6065864145599098,0.08070105695564625,1.628631215568893
0.7305073791435701,2.0578769523689964,1.9174069260927484
0.34840367469502087,0.08070105695564625,1.3164745316378583
0.33943714990834495,0.08070105695564625,1.2171441578399187
0.4271237342547711,0.3934176526587781,1.1065628837410517
0.37013821748752773,0.08070105695564625,1.1304623614197262
0.46832547606659186,0.3934176526587781,1.0622226953788427
0.5644143267739267,0.08070105695564625,1.0876423788297402
0.47133138742885533,0.08070105695564625,1.432004588809154
0.5995580302501441,2.0578769523689964,1.3208650450239698
0.3459872796062512,0.3934176526587781,1.706560814322998
0.42521329017572296,2.0578769523689964,1.8702416582470018
0.36088657865522356,0.3934176526587781,1.7847732031423842
0.4602828555580776,0.08070105695564625,1.5306372566656523
0.5656999751286221,2.0578769523689964,1.1024421162326534
0.38534641799904357,0.3934176526587781,1.7097672839415536
0.5322815928007308,0.3934176526587781,1.3628287247268736
0.4447620304082042,2.0578769523689964,1.0856503939154103
0.7606159898156,0.3934176526587781,1.8424664072126258
0.37482429993754124,0.08070105695564625,1.3382165171825056
0.39382791890762525,0.3934176526587781,1.2182488325115712
0.3634486596929696,0.08070105695564625,1.8714520646188433
0.5474405106734545,0.3934176526587781,1.902133868447005
0.42406879225111727,2.0578769523689964,1.3389708371915598
0.6153723573412061,0.08070105695564625,1.3548014192813733
0.569192754184902,0.3934176526587781,1.579628527583144
0.5994840896347139,0.08070105695564625,1.7334414938106582
0.46184667222661285,2.0578769523689964,1.0631492019068634
0.3775841800792588,0.3934176526587781,1.5933436571884716
0.5592430685226719,0.3934176526587781,1.9528200617835816
0.6321268747661314,0.08070105695564625,1.2620938971799536
0.7305163694287384,2.0578769523689964,1.9088272140969338
0.7669553958958599,2.0578769523689964,1.9501683407630936
0.5811353112934834,0.3934176526587781,1.2691536409710897
0.3901109089661674,0.08070105695564625,1.7542018658853507
0.3999382029458223,0.3934176526587781,1.2387750083195601
0.34800908274558706,0.3934176526587781,1.7376111617321328
0.4779789391909633,0.08070105695564625,1.797419971288826
0.3656040782198051,2.0578769523689964,1.2472057037106494
0.538828624442928,0.3934176526587781,1.715869543583235
0.6403740001969588,0.3934176526587781,1.81210453886409
0.6177435329071628,0.08070105695564625,1.3585788721069116
0.5379151205212228,0.08070105695564625,1.167702775989727
0.570949175045752,0.3934176526587781,1.0919645673175136
0.36252266098313574,2.0578769523689964,1.575381703609942
0.3588885251693989,0.08070105695564625,1.9780981193157132
0.635590566794726,0.3934176526587781,1.8229503200222161
0.4370600842096286,2.0578769523689964,1.435839638934553
0.43371553983909666,0.08070105695564625,1.5366209028549584
0.4345486586837002,0.08070105695564625,1.2795278854118188
0.4053869818903313,0.3934176526587781,1.1630658673600636
0.5195277743663809,0.08070105695564625,1.4820811582322733
0.4920209791743469,0.3934176526587781,1.463501566167185
0.5258600109879149,0.08070105695564625,1.5219299528037602
0.6650314953144241,2.0578769523689964,1.9528045855639409
0.49048076677260755,2.0578769523689964,1.6038953001447722
0.43895166070315556,0.08070105695564625,1.6057718366223739
0.37461715627091696,0.3934176526587781,1.128024762861077
0.5196949387524773,0.08070105695564625,1.9964888661768203
0.6601693630347426,0.3934176526587781,1.7728449442346685
0.6882553754861367,0.08070105695564625,1.8772033440940048
0.5614375086430007,2.0578769523689964,1.414300411830994
0.4237529151398108,0.3934176526587781,1.502128095785625
0.5531871206553649,2.0578769523689964,1.5220838091622766
0.49305580325789705,2.0578769523689964,1.1940945392896052
0.5397220622023718,2.0578769523689964,1.6894891563269572
0.6000743386155087,0.08070105695564625,1.9029767236174566
0.46640182544477754,0.3934176526587781,1.163705818138419
0.47402039602763396,2.0578769523689964,1.0863182734861645
0.642196676530989,0.3934176526587781,1.738218905540342
0.3672868144267297,0.3934176526587781,1.273201831672982
0.6325819122793521,2.0578769523689964,1.6238625416173293
0.40032372901961344,0.08070105695564625,1.6957583379921806
0.3564306840475287,2.0578769523689964,1.3219107635818217
0.7699381101013019,2.0578769523689964,1.8151445974257845
0.6934987512476305,0.3934176526587781,1.549988982114217
0.3770961548042995,0.08070105695564625,1.8689994079518026
0.533120668279403,0.3934176526587781,1.7632935525589475
0.4329792207899016,0.08070105695564625,1.8685756320374538
0.4440133735883275,2.0578769523689964,1.020161382117894
0.5774066351857216,0.08070105695564625,1.2435062607385947
0.5735433174947002,0.3934176526587781,1.0900079404459386
0.555488002240389,2.0578769523689964,1.4420830171893493
0.5098708397316382,0.08070105695564625,1.8899601216153181
0.5493025466837318,0.08070105695564625,1.4675402622668692
0.4869346900195586,0.3934176526587781,1.849713044580394
0.6213786289054343,0.08070105695564625,1.327178238019318
0.6119307004769405,2.0578769523689964,1.3395700728052524
0.6026144338063545,0.08070105695564625,1.8955617303268775
0.4480640037601834,0.3934176526587781,1.4258171465117015
0.4729098917280107,0.08070105695564625,1.7897654877946665
0.34307870888938163,2.0578769523689964,1.2366435478819013
0.7306275430357623,2.0578769523689964,1.9488008296776353
0.5105899169762429,0.08070105695564625,1.574578246530571
0.48321382373144817,0.08070105695564625,1.7593235685784019
0.45032109254318703,2.0578769523689964,1.0895156997948856
0.6298388958223851,0.3934176526587781,1.4926642258305287
0.40743761021383024,2.0578769523689964,1.9010384977340231
0.7332823933202491,0.08070105695564625,1.8770386290433045
0.5494129111708176,0.08070105695564625,1.0468139572342277
0.6269771571708056,0.3934176526587781,1.3036984691289466
0.47475528927225485,2.0578769523689964,1.44332000647908
0.39166387492714305,2.0578769523689964,1.1722648143557883
