sample_idx,norad_id,is_non_maneuver
0,63635,False
1,63635,False
2,63635,False
3,63635,False
4,63635,False
5,63635,False
6,63635,False
7,63635,False
8,63635,False
9,63635,False
10,63635,False
11,63635,False
12,63635,False
13,63635,False
14,63635,False
15,63635,False
16,63635,False
17,63635,False
18,63635,False
19,63635,False
20,63635,False
21,63635,False
22,63635,False
23,63635,False
24,63635,False
25,63635,False
26,63635,False
27,63635,False
28,63635,False
29,63635,False
30,63635,False
31,63635,False
32,63635,False
33,63635,False
34,63635,False
35,63635,False
36,63635,False
37,63635,False
38,63635,False
39,63635,False
40,63635,False
41,63635,False
42,63635,False
43,63635,False
44,63635,False
45,63635,False
46,63635,False
47,63635,False
48,63635,False
49,63635,False
50,63635,False
51,63635,False
52,63635,False
53,63635,False
54,63635,False
55,63635,False
56,63635,False
57,63635,False
58,63635,False
59,63635,False
60,63635,False
61,63635,False
62,63635,False
63,63635,False
64,63635,False
65,63635,False
66,63635,False
67,63635,False
68,63635,False
69,63635,False
70,63635,False
71,63635,False
72,63635,False
73,63635,False
74,63635,False
75,63635,False
76,63635,False
77,63635,False
78,63635,False
79,63635,False
80,63635,False
81,63635,False
82,63635,False
83,63635,False
84,63635,False
85,63635,False
86,63635,False
87,63635,False
88,63635,False
89,63635,False
90,63635,False
91,63635,False
92,63635,False
93,63635,False
94,63635,False
95,63635,False
96,63635,False
97,63635,False
98,63635,False
99,63635,False
100,63635,False
101,63635,False
102,63635,False
103,63635,False
104,63635,False
105,63635,False
106,63635,False
107,63635,False
108,63635,False
109,63635,False
110,63635,False
111,63635,False
112,63635,False
113,63635,False
114,63635,False
115,63635,False
116,63635,False
117,63635,False
118,63635,False
119,63635,False
120,63635,False
121,59382,False
122,59382,False
123,59382,False
124,59382,False
125,59382,False
126,59382,False
127,59382,False
128,59382,False
129,59382,False
130,59382,False
131,59382,False
132,59382,False
133,59382,False
134,59382,False
135,59382,False
136,59382,False
137,59382,False
138,59382,False
139,59382,False
140,59382,False
141,59382,False
142,59382,False
143,59382,False
144,59382,False
145,59382,False
146,59382,False
147,59382,False
148,59382,False
149,59382,False
150,59382,False
151,59382,False
152,59382,False
153,59382,False
154,59382,False
155,59382,False
156,59382,False
157,59382,False
158,59382,False
159,59382,False
160,59382,False
161,59382,False
162,59382,False
163,59382,False
164,59382,False
165,59382,False
166,59382,False
167,59382,False
168,59382,False
169,59382,False
170,59382,False
171,59382,False
172,59382,False
173,59382,False
174,59382,False
175,59382,False
176,59382,False
177,59382,False
178,59382,False
179,59382,False
180,59382,False
181,59382,False
182,59382,False
183,59382,False
184,59382,False
185,59382,False
186,59382,False
187,59382,False
188,59382,False
189,59382,False
190,59382,False
191,59382,False
192,59382,False
193,59382,False
194,59382,False
195,59382,False
196,59382,False
197,59382,False
198,59382,False
199,59382,False
200,59382,False
201,59382,False
202,59382,False
203,59382,False
204,59382,False
205,59382,False
206,59382,False
207,59382,False
208,59382,False
209,59382,False
210,59382,False
211,59382,False
212,59382,False
213,59382,False
214,59382,False
215,59382,False
216,59382,False
217,59382,False
218,59382,False
219,59382,False
220,59382,False
221,59382,False
222,59382,False
223,59382,False
224,59382,False
225,59382,False
226,59382,False
227,59382,False
228,59382,False
229,59382,False
230,59382,False
231,59382,False
232,59382,False
233,59382,False
234,59382,False
235,59382,False
236,59382,False
237,59382,False
238,59382,False
239,59382,False
240,59382,False
241,59382,False
242,59382,False
243,59382,False
244,63024,False
245,63024,False
246,63024,False
247,63024,False
248,63024,False
249,63024,False
250,63024,False
251,63024,False
252,63024,False
253,63024,False
254,63024,False
255,63024,False
256,63024,False
257,63024,False
258,63024,False
259,63024,False
260,63024,False
261,63024,False
262,63024,False
263,63024,False
264,63024,False
265,63024,False
266,63024,False
267,63024,False
268,63024,False
269,63024,False
270,63024,False
271,63024,False
272,63024,False
273,63024,False
274,63024,False
275,63024,False
276,63024,False
277,63024,False
278,63024,False
279,63024,False
280,63024,False
281,63024,False
282,63024,False
283,63024,False
284,63024,False
285,63024,False
286,63024,False
287,63024,False
288,63024,False
289,63024,False
290,63024,False
291,63024,False
292,63024,False
293,63024,False
294,63024,False
295,63024,False
296,63024,False
297,63024,False
298,63024,False
299,63024,False
300,63024,False
301,63024,False
302,63024,False
303,63024,False
304,63024,False
305,63024,False
306,63024,False
307,63024,False
308,63024,False
309,63024,False
310,63024,False
311,63024,False
312,63024,False
313,63024,False
314,63024,False
315,63024,False
316,63024,False
317,63024,False
318,63024,False
319,63024,False
320,63024,False
321,63024,False
322,63024,False
323,63024,False
324,63024,False
325,63024,False
326,63024,False
327,63024,False
328,63024,False
329,63024,False
330,63024,False
331,63024,False
332,63024,False
333,63024,False
334,63024,False
335,63024,False
336,63024,False
337,63024,False
338,63024,False
339,63024,False
340,63024,False
341,63024,False
342,63024,False
343,63024,False
344,63024,False
345,63024,False
346,63024,False
347,63024,False
348,63024,False
349,63024,False
350,63024,False
351,63024,False
352,63024,False
353,63024,False
354,63024,False
355,63024,False
356,63024,False
357,63024,False
358,63024,False
359,63024,False
360,63024,False
361,63024,False
362,63024,False
363,63024,False
364,63024,False
365,63024,False
366,63024,False
367,63024,False
368,63024,False
369,63024,False
370,63024,False
371,63024,False
372,63024,False
373,63024,False
374,63024,False
375,63024,False
376,63024,False
377,63024,False
378,63024,False
379,63024,False
380,63024,False
381,63024,False
382,63024,False
383,63024,False
384,63024,False
385,63024,False
386,63024,False
387,63024,False
388,63024,False
389,63024,False
390,63024,False
391,63024,False
392,63024,False
393,63024,False
394,63024,False
395,63024,False
396,63024,False
397,63024,False
398,63024,False
399,63024,False
400,63024,False
401,63024,False
402,63024,False
403,63024,False
404,63024,False
405,63024,False
406,63024,False
407,63024,False
408,63024,False
409,63024,False
410,63024,False
411,63024,False
412,63024,False
413,63024,False
414,63024,False
415,63024,False
416,63024,False
417,63024,False
418,63024,False
419,63024,False
420,63024,False
421,63024,False
422,63024,False
423,63024,False
424,63024,False
425,63024,False
426,63024,False
427,63024,False
428,63024,False
429,63024,False
430,63024,False
431,63024,False
432,63024,False
433,63024,False
434,63024,False
435,63024,False
436,63024,False
437,63024,False
438,63024,False
439,63024,False
440,63024,False
441,63024,False
445,63643,False
446,63643,False
447,63643,False
448,63643,False
449,63643,False
450,63643,False
451,63643,False
452,63643,False
453,63643,False
454,63643,False
455,63643,False
456,63643,False
457,63643,False
458,63643,False
459,63643,False
460,63643,False
461,63643,False
462,63643,False
463,63643,False
464,63643,False
465,63643,False
466,63643,False
467,63643,False
468,63643,False
469,63643,False
470,63643,False
471,63643,False
472,63643,False
473,63643,False
474,63643,False
475,63643,False
476,63643,False
477,63643,False
478,63643,False
479,63643,False
480,63643,False
481,63643,False
482,63643,False
483,63643,False
484,63643,False
485,63643,False
486,63643,False
487,63643,False
488,63643,False
489,63643,False
490,63643,False
491,63643,False
492,63643,False
493,63643,False
494,63643,False
495,63643,False
496,63643,False
497,63643,False
498,63643,False
499,63643,False
500,63643,False
501,63643,False
502,63643,False
503,63643,False
504,63643,False
505,63643,False
506,63643,False
507,63643,False
508,63643,False
509,63643,False
510,63643,False
511,63643,False
512,63643,False
513,63643,False
514,63643,False
515,63643,False
516,63643,False
517,63643,False
518,63643,False
519,63643,False
520,63643,False
521,63643,False
522,63643,False
523,63643,False
524,63643,False
525,63643,False
526,63643,False
527,63643,False
528,63643,False
529,63643,False
530,63643,False
531,63643,False
532,63643,False
533,63643,False
534,63643,False
535,63643,False
536,63643,False
537,63643,False
538,63643,False
539,63643,False
540,63643,False
541,63643,False
542,63643,False
543,63643,False
544,63643,False
545,63643,False
546,63643,False
547,63643,False
548,63643,False
549,63643,False
550,63643,False
551,63643,False
552,63643,False
553,63643,False
554,63643,False
555,63643,False
558,63656,False
559,63656,False
560,63656,False
561,63656,False
562,63656,False
563,63656,False
564,63656,False
565,63656,False
566,63656,False
567,63656,False
568,63656,False
569,63656,False
570,63656,False
571,63656,False
572,63656,False
573,63656,False
574,63656,False
575,63656,False
576,63656,False
577,63656,False
578,63656,False
579,63656,False
580,63656,False
581,63656,False
582,63656,False
583,63656,False
584,63656,False
585,63656,False
586,63656,False
587,63656,False
588,63656,False
589,63656,False
590,63656,False
591,63656,False
592,63656,False
593,63656,False
594,63656,False
595,63656,False
596,63656,False
597,63656,False
598,63656,False
599,63656,False
600,63656,False
601,63656,False
602,63656,False
603,63656,False
604,63656,False
605,63656,False
606,63656,False
607,63656,False
608,63656,False
609,63656,False
610,63656,False
611,63656,False
612,63656,False
613,63656,False
614,63656,False
615,63656,False
616,63656,False
617,63656,False
618,63656,False
619,63656,False
620,63656,False
621,63656,False
622,63656,False
623,63656,False
624,63656,False
625,63656,False
626,63656,False
627,63656,False
628,63656,False
629,63656,False
630,63656,False
631,63656,False
632,63656,False
633,63656,False
634,63656,False
635,63656,False
636,63656,False
637,63656,False
638,63656,False
639,63656,False
640,63656,False
641,63656,False
642,63656,False
643,63656,False
644,63656,False
645,63656,False
646,63656,False
647,63656,False
648,63656,False
649,63656,False
650,63656,False
651,63656,False
652,63656,False
653,63656,False
654,63656,False
655,63656,False
656,63656,False
657,63656,False
658,63656,False
659,63656,False
660,63656,False
661,63656,False
662,63656,False
663,63656,False
664,63656,False
665,63656,False
666,63656,False
667,63656,False
668,63656,False
669,63656,False
670,63656,False
671,63656,False
672,63656,False
673,63656,False
674,63656,False
675,63656,False
676,63656,False
677,63656,False
678,63656,False
679,63656,False
680,63656,False
681,63656,False
682,63656,False
683,63656,False
684,63656,False
685,63656,False
686,63656,False
687,63656,False
688,63656,False
689,63656,False
690,63656,False
694,52547,False
695,63047,False
696,63047,False
697,63047,False
698,63047,False
699,63047,False
700,63047,False
701,63047,False
702,63047,False
703,63047,False
704,63047,False
705,63047,False
706,63047,False
707,63047,False
708,63047,False
709,63047,False
710,63047,False
711,63047,False
712,63047,False
713,63047,False
714,63047,False
715,63047,False
716,63047,False
717,63047,False
718,63047,False
719,63047,False
720,63047,False
721,63047,False
722,63047,False
723,63047,False
724,63047,False
725,63047,False
726,63047,False
727,63047,False
728,63047,False
729,63047,False
730,63047,False
731,63047,False
732,63047,False
733,63047,False
734,63047,False
735,63047,False
736,63047,False
737,63047,False
738,63047,False
739,63047,False
740,63047,False
741,63047,False
742,63047,False
743,63047,False
744,63047,False
745,63047,False
746,63047,False
747,63047,False
748,63047,False
749,63047,False
750,63047,False
751,63047,False
752,63047,False
753,63047,False
754,63047,False
755,63047,False
756,63047,False
757,63047,False
758,63047,False
759,63047,False
760,63047,False
761,63047,False
762,63047,False
763,63047,False
764,63047,False
765,63047,False
766,63047,False
767,63047,False
768,63047,False
769,63047,False
770,63047,False
771,63047,False
772,63047,False
773,63047,False
774,63047,False
775,63047,False
776,63047,False
777,63047,False
778,63047,False
779,63047,False
780,63047,False
781,63047,False
782,63047,False
783,63047,False
784,63047,False
785,63047,False
786,63047,False
787,63047,False
788,63047,False
789,63047,False
790,63047,False
791,63047,False
792,63047,False
793,63047,False
794,63047,False
795,63047,False
796,63047,False
797,63047,False
798,63047,False
799,63047,False
800,63047,False
801,63047,False
802,63047,False
803,63047,False
804,63047,False
805,63047,False
806,63047,False
807,63047,False
808,63047,False
809,63047,False
810,63047,False
811,63047,False
812,63047,False
813,63047,False
814,63047,False
815,63047,False
816,63047,False
817,63047,False
818,63047,False
819,63047,False
820,63047,False
821,63047,False
822,63047,False
823,63047,False
824,63047,False
825,63047,False
826,63047,False
827,63047,False
828,63047,False
829,63047,False
830,63047,False
831,63047,False
832,63047,False
833,63047,False
834,63047,False
835,63047,False
836,63047,False
837,63047,False
838,63047,False
839,63047,False
840,63047,False
841,63047,False
842,63047,False
843,63047,False
844,63047,False
845,63047,False
846,63047,False
847,63047,False
848,63047,False
849,63047,False
850,63047,False
851,63047,False
852,63047,False
853,63047,False
854,63047,False
855,63047,False
856,63047,False
857,63047,False
858,63047,False
859,63047,False
860,63047,False
861,63047,False
862,63047,False
863,63047,False
864,63047,False
865,63047,False
866,63047,False
867,63047,False
868,63047,False
869,63047,False
870,63047,False
871,63047,False
872,63047,False
873,63047,False
874,63047,False
875,63047,False
876,63047,False
877,63047,False
878,63047,False
879,63047,False
880,63047,False
881,63047,False
882,63047,False
883,63047,False
884,63047,False
885,63047,False
886,63047,False
887,63047,False
888,63047,False
889,63047,False
890,63047,False
891,63047,False
892,63047,False
893,63047,False
894,63047,False
895,63047,False
896,63638,False
897,63638,False
898,63638,False
899,63638,False
900,63638,False
901,63638,False
902,63638,False
903,63638,False
904,63638,False
905,63638,False
906,63638,False
907,63638,False
908,63638,False
909,63638,False
910,63638,False
911,63638,False
912,63638,False
913,63638,False
914,63638,False
915,63638,False
916,63638,False
917,63638,False
918,63638,False
919,63638,False
920,63638,False
921,63638,False
922,63638,False
923,63638,False
924,63638,False
925,63638,False
926,63638,False
927,63638,False
928,63638,False
929,63638,False
930,63638,False
931,63638,False
932,63638,False
933,63638,False
934,63638,False
935,63638,False
936,63638,False
937,63638,False
938,63638,False
939,63638,False
940,63638,False
941,63638,False
942,63638,False
943,63638,False
944,63638,False
945,63638,False
946,63638,False
947,63638,False
948,63638,False
949,63638,False
950,63638,False
951,63638,False
952,63638,False
953,63638,False
954,63638,False
955,63638,False
956,63638,False
957,63638,False
958,63638,False
959,63638,False
960,63638,False
961,63638,False
962,63638,False
963,63638,False
964,63638,False
965,63638,False
966,63638,False
967,63638,False
968,63638,False
969,63638,False
970,63638,False
971,63638,False
972,63638,False
973,63638,False
974,63638,False
975,63638,False
976,63638,False
977,63638,False
978,63638,False
979,63638,False
980,63638,False
981,63638,False
982,63638,False
983,63638,False
984,63638,False
985,63638,False
986,63638,False
987,63638,False
988,63638,False
989,63638,False
990,63638,False
991,63638,False
992,63638,False
993,63638,False
994,63638,False
995,63638,False
996,63638,False
997,63638,False
998,63638,False
999,63638,False
1000,63638,False
1001,63638,False
1002,63638,False
1003,63638,False
1004,63638,False
1005,63638,False
1006,63638,False
1007,63638,False
1008,63638,False
1009,63638,False
1010,63638,False
1011,63638,False
1012,63638,False
1013,63638,False
1014,63638,False
1015,63638,False
1016,63638,False
1017,63638,False
1018,63638,False
1019,63638,False
1020,63638,False
1021,63638,False
1022,63638,False
1023,63638,False
1024,63638,False
1025,63638,False
1026,63638,False
1027,63638,False
1028,63638,False
1029,63638,False
1030,63638,False
1031,63638,False
1032,63638,False
1033,63638,False
1034,63638,False
1037,59635,False
1038,59635,False
1039,59635,False
1040,59635,False
1041,59635,False
1042,59635,False
1043,59635,False
1044,59635,False
1045,59635,False
1046,59635,False
1047,59635,False
1048,59635,False
1049,59635,False
1050,59635,False
1051,59635,False
1052,59635,False
1053,59635,False
1054,59635,False
1055,59635,False
1056,59635,False
1057,59635,False
1058,59635,False
1059,59635,False
1060,59635,False
1061,59635,False
1062,59635,False
1063,59635,False
1064,59635,False
1065,59635,False
1066,59635,False
1067,59635,False
1068,59635,False
1069,59635,False
1070,59635,False
1071,59635,False
1072,59635,False
1073,59635,False
1074,59635,False
1075,59635,False
1076,59635,False
1077,59635,False
1078,59635,False
1079,59635,False
1080,59635,False
1081,59635,False
1082,59635,False
1083,59635,False
1084,59635,False
1085,59635,False
1086,59635,False
1087,59635,False
1088,59635,False
1089,59635,False
1090,59635,False
1091,59635,False
1092,59635,False
1093,59635,False
1094,59635,False
1095,59635,False
1096,59635,False
1097,59635,False
1098,59635,False
1099,59635,False
1100,59635,False
1101,59635,False
1102,59635,False
1103,59635,False
1104,59635,False
1105,59635,False
1106,59635,False
1107,59635,False
1108,59635,False
1109,59635,False
1110,59635,False
1111,59635,False
1112,59635,False
1113,59635,False
1114,59635,False
1115,59635,False
1116,59635,False
1117,59635,False
1118,59635,False
1119,59635,False
1120,59635,False
1121,59635,False
1122,59635,False
1123,59635,False
1124,59635,False
1125,59635,False
1126,59635,False
1127,59635,False
1128,59635,False
1129,59635,False
1130,59635,False
1131,59635,False
1132,59635,False
1133,59635,False
1134,59635,False
1135,59635,False
1136,59635,False
1137,59635,False
1138,59635,False
1139,59635,False
1140,59635,False
1141,59635,False
1142,59635,False
1143,59635,False
1144,59635,False
1145,59635,False
1146,59635,False
1147,59635,False
1148,59635,False
1149,59635,False
1152,61679,False
1153,61679,False
1154,61679,False
1155,61679,False
1156,61679,False
1157,61679,False
1158,61679,False
1159,61679,False
1160,61679,False
1161,61679,False
1162,61679,False
1163,61679,False
1164,61679,False
1165,61679,False
1166,61679,False
1167,61679,False
1168,61679,False
1169,61679,False
1170,61679,False
1171,61679,False
1172,61679,False
1173,61679,False
1174,61679,False
1175,61679,False
1176,61679,False
1177,61679,False
1178,61679,False
1179,61679,False
1180,61679,False
1181,61679,False
1182,61679,False
1183,61679,False
1184,61679,False
1185,61679,False
1186,61679,False
1187,61679,False
1188,61679,False
1189,61679,False
1190,61679,False
1191,61679,False
1192,61679,False
1193,61679,False
1194,61679,False
1195,61679,False
1196,61679,False
1197,61679,False
1198,61679,False
1199,61679,False
1200,61679,False
1201,61679,False
1202,61679,False
1203,61679,False
1204,61679,False
1205,61679,False
1206,61679,False
1207,61679,False
1208,61679,False
1209,61679,False
1210,61679,False
1211,61679,False
1212,61679,False
1213,61679,False
1214,61679,False
1215,61679,False
1216,61679,False
1217,61679,False
1218,61679,False
1219,61679,False
1220,61679,False
1221,61679,False
1222,61679,False
1223,61679,False
1224,61679,False
1225,61679,False
1226,61679,False
1227,61679,False
1228,61679,False
1229,61679,False
1230,61679,False
1231,61679,False
1232,61679,False
1233,61679,False
1234,61679,False
1235,61679,False
1236,61679,False
1237,61679,False
1238,61679,False
1239,61679,False
1240,61679,False
1241,61679,False
1242,61679,False
1243,61679,False
1244,61679,False
1245,61679,False
1246,61679,False
1247,61679,False
1248,61679,False
1249,61679,False
1250,61679,False
1251,61679,False
1252,61679,False
1253,61679,False
1254,61679,False
1255,61679,False
1256,61679,False
1257,61679,False
1258,61679,False
1259,61679,False
1260,61679,False
1261,61679,False
1262,61679,False
1263,61679,False
1264,61679,False
1265,61679,False
1266,61679,False
1267,61679,False
1268,61679,False
1269,61679,False
1270,61679,False
1271,61679,False
1272,61679,False
1273,61679,False
1274,61679,False
1275,61679,False
1276,61679,False
1277,61679,False
1278,61679,False
1279,61679,False
1280,61679,False
1281,61679,False
1282,61679,False
1283,61679,False
1284,61679,False
1285,61679,False
1288,63073,False
1289,63073,False
1290,63073,False
1291,63073,False
1292,63073,False
1293,63073,False
1294,63073,False
1295,63073,False
1296,63073,False
1297,63073,False
1298,63073,False
1299,63073,False
1300,63073,False
1301,63073,False
1302,63073,False
1303,63073,False
1304,63073,False
1305,63073,False
1306,63073,False
1307,63073,False
1308,63073,False
1309,63073,False
1310,63073,False
1311,63073,False
1312,63073,False
1313,63073,False
1314,63073,False
1315,63073,False
1316,63073,False
1317,63073,False
1318,63073,False
1319,63073,False
1320,63073,False
1321,63073,False
1322,63073,False
1323,63073,False
1324,63073,False
1325,63073,False
1326,63073,False
1327,63073,False
1328,63073,False
1329,63073,False
1330,63073,False
1331,63073,False
1332,63073,False
1333,63073,False
1334,63073,False
1335,63073,False
1336,63073,False
1337,63073,False
1338,63073,False
1339,63073,False
1340,63073,False
1341,63073,False
1342,63073,False
1343,63073,False
1344,63073,False
1345,63073,False
1346,63073,False
1347,63073,False
1348,63073,False
1349,63073,False
1350,63073,False
1351,63073,False
1352,63073,False
1353,63073,False
1354,63073,False
1355,63073,False
1356,63073,False
1357,63073,False
1358,63073,False
1359,63073,False
1360,63073,False
1361,63073,False
1362,63073,False
1363,63073,False
1364,63073,False
1365,63073,False
1366,63073,False
1367,63073,False
1368,63073,False
1369,63073,False
1370,63073,False
1371,63073,False
1372,63073,False
1373,63073,False
1374,63073,False
1375,63073,False
1376,63073,False
1377,63073,False
1378,63073,False
1379,63073,False
1380,63073,False
1381,63073,False
1382,63073,False
1383,63073,False
1384,63073,False
1385,63073,False
1386,63073,False
1387,63073,False
1388,63073,False
1389,63073,False
1390,63073,False
1391,63073,False
1392,63073,False
1393,63073,False
1394,63073,False
1395,63073,False
1396,63073,False
1397,63073,False
1398,63073,False
1399,63073,False
1400,63073,False
1401,63073,False
1402,63073,False
1403,63073,False
1404,63073,False
1405,63073,False
1406,63073,False
1407,63073,False
1408,63073,False
1409,63073,False
1410,63073,False
1411,63073,False
1412,63073,False
1413,63073,False
1414,63073,False
1415,63073,False
1416,63073,False
1417,63073,False
1418,63073,False
1419,63073,False
1420,63073,False
1421,63073,False
1422,63073,False
1423,63073,False
1424,63073,False
1425,63073,False
1426,63073,False
1427,63073,False
1428,63073,False
1429,63073,False
1430,63073,False
1431,63073,False
1432,63073,False
1433,63073,False
1434,63073,False
1435,63073,False
1436,63073,False
1437,63073,False
1438,63073,False
1439,63073,False
1440,63073,False
1441,63073,False
1442,63073,False
1443,63073,False
1444,63073,False
1445,63073,False
1446,63073,False
1447,63073,False
1448,63073,False
1449,63073,False
1450,63073,False
1451,63073,False
1452,63073,False
1453,63073,False
1454,63073,False
1455,63073,False
1456,63073,False
1457,63073,False
1461,62821,False
1462,62821,False
1463,62821,False
1464,62821,False
1465,62821,False
1466,62821,False
1467,62821,False
1468,62821,False
1469,62821,False
1470,62821,False
1471,62821,False
1472,62821,False
1473,62821,False
1474,62821,False
1475,62821,False
1476,62821,False
1477,62821,False
1478,62821,False
1479,62821,False
1480,62821,False
1481,62821,False
1482,62821,False
1483,62821,False
1484,62821,False
1485,62821,False
1486,62821,False
1487,62821,False
1488,62821,False
1489,62821,False
1490,62821,False
1491,62821,False
1492,62821,False
1493,62821,False
1494,62821,False
1495,62821,False
1496,62821,False
1497,62821,False
1498,62821,False
1499,62821,False
1500,62821,False
1501,62821,False
1502,62821,False
1503,62821,False
1504,62821,False
1505,62821,False
1506,62821,False
1507,62821,False
1508,62821,False
1509,62821,False
1510,62821,False
1511,62821,False
1512,62821,False
1513,62821,False
1514,62821,False
1515,62821,False
1516,62821,False
1517,62821,False
1518,62821,False
1519,62821,False
1520,62821,False
1521,62821,False
1522,62821,False
1523,62821,False
1524,62821,False
1525,62821,False
1526,62821,False
1527,62821,False
1528,62821,False
1529,62821,False
1530,62821,False
1531,62821,False
1532,62821,False
1533,62821,False
1534,62821,False
1535,62821,False
1536,62821,False
1537,62821,False
1538,62821,False
1539,62821,False
1540,62821,False
1541,62821,False
1542,62821,False
1543,62821,False
1544,62821,False
1545,62821,False
1546,62821,False
1547,62821,False
1548,62821,False
1549,62821,False
1550,62821,False
1551,62821,False
1552,62821,False
1553,62821,False
1554,62821,False
1555,62821,False
1556,62821,False
1557,62821,False
1558,62821,False
1559,62821,False
1560,62821,False
1561,62821,False
1563,59094,False
1566,61716,False
1567,61716,False
1568,61716,False
1569,61716,False
1570,61716,False
1571,61716,False
1572,61716,False
1573,61716,False
1574,61716,False
1575,61716,False
1576,61716,False
1577,61716,False
1578,61716,False
1579,61716,False
1580,61716,False
1581,61716,False
1582,61716,False
1583,61716,False
1584,61716,False
1585,61716,False
1586,61716,False
1587,61716,False
1588,61716,False
1589,61716,False
1590,61716,False
1591,61716,False
1592,61716,False
1593,61716,False
1594,61716,False
1595,61716,False
1596,61716,False
1597,61716,False
1598,61716,False
1599,61716,False
1600,61716,False
1601,61716,False
1602,61716,False
1603,61716,False
1604,61716,False
1605,61716,False
1606,61716,False
1607,61716,False
1608,61716,False
1609,61716,False
1610,61716,False
1611,61716,False
1612,61716,False
1613,61716,False
1614,61716,False
1615,61716,False
1616,61716,False
1617,61716,False
1618,61716,False
1619,61716,False
1620,61716,False
1621,61716,False
1622,61716,False
1623,61716,False
1624,61716,False
1625,61716,False
1626,61716,False
1627,61716,False
1628,61716,False
1629,61716,False
1630,61716,False
1631,61716,False
1632,61716,False
1633,61716,False
1634,61716,False
1635,61716,False
1636,61716,False
1637,61716,False
1638,61716,False
1639,61716,False
1640,61716,False
1641,61716,False
1642,61716,False
1643,61716,False
1644,61716,False
1645,61716,False
1646,61716,False
1647,61716,False
1648,61716,False
1649,61716,False
1650,61716,False
1651,61716,False
1652,61716,False
1653,61716,False
1654,61716,False
1655,61716,False
1656,61716,False
1657,61716,False
1658,61716,False
1659,61716,False
1660,61716,False
1661,61716,False
1662,61716,False
1663,61716,False
1664,61716,False
1665,61716,False
1666,61716,False
1667,61716,False
1668,61716,False
1669,61716,False
1670,61716,False
1671,61716,False
1672,61716,False
1673,61716,False
1674,61716,False
1675,61716,False
1676,61716,False
1677,61716,False
1678,61716,False
1679,61716,False
1680,61716,False
1681,61716,False
1682,61716,False
1683,61716,False
1684,61716,False
1685,61716,False
1686,61716,False
1687,61716,False
1688,61716,False
1690,59749,False
1691,59749,False
1692,59749,False
1693,59749,False
1694,59749,False
1695,59749,False
1696,59749,False
1697,59749,False
1698,59749,False
1699,59749,False
1700,59749,False
1701,59749,False
1702,59749,False
1703,59749,False
1704,59749,False
1705,59749,False
1706,59749,False
1707,59749,False
1708,59749,False
1709,59749,False
1710,59749,False
1711,59749,False
1712,59749,False
1713,59749,False
1714,59749,False
1715,59749,False
1716,59749,False
1717,59749,False
1718,59749,False
1719,59749,False
1720,59749,False
1721,59749,False
1722,59749,False
1723,59749,False
1724,59749,False
1725,59749,False
1726,59749,False
1727,59749,False
1728,59749,False
1729,59749,False
1730,59749,False
1731,59749,False
1732,59749,False
1733,59749,False
1734,59749,False
1735,59749,False
1736,59749,False
1737,59749,False
1738,59749,False
1739,59749,False
1740,59749,False
1741,59749,False
1742,59749,False
1743,59749,False
1744,59749,False
1745,59749,False
1746,59749,False
1747,59749,False
1748,59749,False
1749,59749,False
1750,59749,False
1751,59749,False
1752,59749,False
1753,59749,False
1754,59749,False
1755,59749,False
1756,59749,False
1757,59749,False
1758,59749,False
1759,59749,False
1760,59749,False
1761,59749,False
1762,59749,False
1763,59749,False
1764,59749,False
1765,59749,False
1766,59749,False
1767,59749,False
1768,59749,False
1769,59749,False
1770,59749,False
1771,59749,False
1772,59749,False
1773,59749,False
1774,59749,False
1775,59749,False
1776,59749,False
1777,59749,False
1778,59749,False
1779,59749,False
1780,59749,False
1781,59749,False
1782,59749,False
1783,59749,False
1784,59749,False
1785,59749,False
1786,59749,False
1787,59749,False
1788,59749,False
1789,59749,False
1790,59749,False
1791,59749,False
1792,59749,False
1793,59749,False
1794,59749,False
1795,59749,False
1796,59749,False
1797,59749,False
1798,59749,False
1800,58106,False
1801,58106,False
1802,58106,False
1803,58106,False
1804,58106,False
1805,58106,False
1806,58106,False
1807,58106,False
1808,58106,False
1809,58106,False
1810,58106,False
1811,58106,False
1812,58106,False
1813,58106,False
1814,58106,False
1815,58106,False
1816,58106,False
1817,58106,False
1818,58106,False
1819,58106,False
1820,58106,False
1821,58106,False
1822,58106,False
1823,58106,False
1824,58106,False
1825,58106,False
1826,58106,False
1827,58106,False
1828,58106,False
1829,58106,False
1830,58106,False
1831,58106,False
1832,58106,False
1833,58106,False
1834,58106,False
1835,58106,False
1836,58106,False
1837,58106,False
1838,58106,False
1839,58106,False
1840,58106,False
1841,58106,False
1842,58106,False
1843,58106,False
1844,58106,False
1845,58106,False
1846,58106,False
1847,58106,False
1848,58106,False
1849,58106,False
1850,58106,False
1851,58106,False
1852,58106,False
1853,58106,False
1854,58106,False
1855,58106,False
1856,58106,False
1857,58106,False
1858,58106,False
1859,58106,False
1860,58106,False
1861,58106,False
1862,58106,False
1863,58106,False
1864,58106,False
1865,58106,False
1866,58106,False
1867,58106,False
1868,58106,False
1869,58106,False
1870,58106,False
1871,58106,False
1872,58106,False
1873,58106,False
1874,58106,False
1875,58106,False
1876,58106,False
1877,58106,False
1878,58106,False
1879,58106,False
1880,58106,False
1881,58106,False
1882,58106,False
1883,58106,False
1884,58106,False
1885,58106,False
1886,58106,False
1887,58106,False
1888,58106,False
1889,58106,False
1890,58106,False
1891,58106,False
1892,58106,False
1893,58106,False
1894,58106,False
1895,58106,False
1896,58106,False
1897,58106,False
1898,58106,False
1899,58106,False
1900,58106,False
1901,58106,False
1902,58106,False
1903,58106,False
1904,58106,False
1905,58106,False
1906,58106,False
1907,58106,False
1908,58106,False
1909,58106,False
1910,58106,False
1911,58106,False
1912,58106,False
1913,58106,False
1914,58106,False
1915,58106,False
1916,58106,False
1917,58106,False
1918,58106,False
1919,58106,False
1920,58106,False
1921,58106,False
1922,58106,False
1923,58106,False
1924,58106,False
1925,58106,False
1926,58106,False
1927,58106,False
1928,58106,False
1929,58106,False
1930,58106,False
1931,58106,False
1932,58106,False
1933,58106,False
1934,58106,False
1935,58106,False
1936,58106,False
1937,58106,False
1938,58106,False
1939,58106,False
1940,58106,False
1941,58106,False
1942,58106,False
1943,58106,False
1944,58106,False
1945,58106,False
1946,58106,False
1947,58106,False
1948,58106,False
1949,58106,False
1950,58106,False
1951,58106,False
1952,58106,False
1953,58106,False
1954,58106,False
1955,58106,False
1956,58106,False
1957,58106,False
1958,58106,False
1959,58106,False
1960,58106,False
1961,58106,False
1962,58106,False
1963,58106,False
1964,58106,False
1965,58106,False
1966,58106,False
1967,58106,False
1968,58106,False
1969,58106,False
1970,58106,False
1971,58106,False
1972,58106,False
1973,58106,False
1974,58106,False
1975,58106,False
1976,58106,False
1977,58106,False
1978,58106,False
1979,58106,False
1980,58106,False
1981,58106,False
1982,58106,False
1983,58106,False
1984,58106,False
1985,58106,False
1986,58106,False
1987,58106,False
1988,58106,False
1989,58106,False
1990,58106,False
1991,58106,False
1992,58106,False
1993,58106,False
1994,58106,False
1995,58106,False
1996,58106,False
1997,58106,False
1998,58106,False
1999,58106,False
2000,58106,False
2001,58106,False
2002,58106,False
2003,58106,False
2004,58106,False
2005,58106,False
2006,58106,False
2007,58106,False
2008,58106,False
2009,58106,False
2010,58106,False
2011,58106,False
2012,58106,False
2013,58106,False
2014,58106,False
2015,58106,False
2016,58106,False
2017,58106,False
2018,58106,False
2019,58106,False
2020,58106,False
2021,58106,False
2022,58106,False
2023,58106,False
2024,58106,False
2025,58106,False
2026,58106,False
2027,58106,False
2028,58106,False
2029,58106,False
2030,58106,False
2031,58106,False
2032,58106,False
2033,58106,False
2034,58106,False
2035,58106,False
2036,58106,False
2038,63703,False
2039,63703,False
2040,63703,False
2041,63703,False
2042,63703,False
2043,63703,False
2044,63703,False
2045,63703,False
2046,63703,False
2047,63703,False
2048,63703,False
2049,63703,False
2050,63703,False
2051,63703,False
2052,63703,False
2053,63703,False
2054,63703,False
2055,63703,False
2056,63703,False
2057,63703,False
2058,63703,False
2059,63703,False
2060,63703,False
2061,63703,False
2062,63703,False
2063,63703,False
2064,63703,False
2065,63703,False
2066,63703,False
2067,63703,False
2068,63703,False
2069,63703,False
2070,63703,False
2071,63703,False
2072,63703,False
2073,63703,False
2074,63703,False
2075,63703,False
2076,63703,False
2077,63703,False
2078,63703,False
2079,63703,False
2080,63703,False
2081,63703,False
2082,63703,False
2083,63703,False
2084,63703,False
2085,63703,False
2086,63703,False
2087,63703,False
2088,63703,False
2089,63703,False
2090,63703,False
2091,63703,False
2092,63703,False
2093,63703,False
2094,63703,False
2095,63703,False
2096,63703,False
2097,63703,False
2098,63703,False
2099,63703,False
2100,63703,False
2101,63703,False
2102,63703,False
2103,63703,False
2104,63703,False
2105,63703,False
2106,63703,False
2107,63703,False
2108,63703,False
2109,63703,False
2110,63703,False
2111,63703,False
2112,63703,False
2113,63703,False
2114,63703,False
2115,63703,False
2116,63703,False
2117,63703,False
2118,63703,False
2119,63703,False
2120,63703,False
2121,63703,False
2122,63703,False
2123,63703,False
2124,63703,False
2125,63703,False
2126,63703,False
2127,63703,False
2128,63703,False
2129,63703,False
2130,63703,False
2131,63703,False
2132,63703,False
2133,63703,False
2134,63703,False
2135,63703,False
2136,63703,False
2137,63703,False
2138,63703,False
2139,63703,False
2140,63703,False
2141,63703,False
2142,63703,False
2143,63703,False
2144,63703,False
2145,63703,False
2146,63703,False
2147,63703,False
2148,63703,False
2149,63703,False
2150,63703,False
2151,63703,False
2152,63703,False
2153,63703,False
2154,63703,False
2155,63703,False
2156,63703,False
2157,63703,False
2158,63703,False
2159,63703,False
2160,63703,False
2161,63703,False
2162,63703,False
2163,63703,False
2164,63703,False
2165,63703,False
2166,63703,False
2167,63703,False
2168,63703,False
2169,63703,False
2170,63703,False
2171,63703,False
2172,63703,False
2173,63703,False
2174,63703,False
2176,55409,False
2179,55490,False
2180,55490,False
2181,55490,False
2182,55490,False
2183,55490,False
2184,55490,False
2185,55490,False
2186,55490,False
2187,55490,False
2188,55490,False
2189,55490,False
2190,55490,False
2191,55490,False
2192,55490,False
2193,55490,False
2194,55490,False
2195,55490,False
2196,55490,False
2197,55490,False
2198,55490,False
2199,55490,False
2200,55490,False
2201,55490,False
2202,55490,False
2203,55490,False
2204,55490,False
2205,55490,False
2206,55490,False
2207,55490,False
2208,55490,False
2209,55490,False
2210,55490,False
2211,55490,False
2212,55490,False
2213,55490,False
2214,55490,False
2215,55490,False
2216,55490,False
2217,55490,False
2218,55490,False
2219,55490,False
2220,55490,False
2221,55490,False
2222,55490,False
2223,55490,False
2224,55490,False
2225,55490,False
2226,55490,False
2227,55490,False
2228,55490,False
2229,55490,False
2230,55490,False
2231,55490,False
2232,55490,False
2233,55490,False
2234,55490,False
2235,55490,False
2236,55490,False
2237,55490,False
2238,55490,False
2239,55490,False
2240,55490,False
2241,55490,False
2242,55490,False
2243,55490,False
2244,55490,False
2245,55490,False
2246,55490,False
2247,55490,False
2248,55490,False
2249,55490,False
2250,55490,False
2251,55490,False
2252,55490,False
2253,55490,False
2254,55490,False
2255,55490,False
2256,55490,False
2257,55490,False
2258,55490,False
2259,55490,False
2260,55490,False
2261,55490,False
2262,55490,False
2263,55490,False
2264,55490,False
2265,55490,False
2266,55490,False
2267,55490,False
2268,55490,False
2269,55490,False
2270,55490,False
2271,55490,False
2272,55490,False
2273,55490,False
2274,55490,False
2275,55490,False
2276,55490,False
2277,55490,False
2278,55490,False
2279,55490,False
2280,55490,False
2281,55490,False
2282,55490,False
2283,55490,False
2284,55490,False
2285,55490,False
2286,55490,False
2287,55490,False
2288,55490,False
2289,55490,False
2290,55490,False
2291,55490,False
2292,55490,False
2293,55490,False
2294,55490,False
2295,55490,False
2296,55490,False
2297,55490,False
2298,55490,False
2299,55490,False
2302,62736,False
2303,62736,False
2305,62736,False
2306,62736,False
2307,62736,False
2308,62736,False
2309,62736,False
2310,62736,False
2311,62736,False
2312,62736,False
2313,62736,False
2314,62736,False
2315,62736,False
2316,62736,False
2317,62736,False
2318,62736,False
2319,62736,False
2320,62736,False
2321,62736,False
2322,62736,False
2323,62736,False
2324,62736,False
2325,62736,False
2326,62736,False
2327,62736,False
2328,62736,False
2329,62736,False
2330,62736,False
2331,62736,False
2332,62736,False
2333,62736,False
2334,62736,False
2335,62736,False
2336,62736,False
2337,62736,False
2338,62736,False
2339,62736,False
2340,62736,False
2341,62736,False
2342,62736,False
2343,62736,False
2344,62736,False
2345,62736,False
2346,62736,False
2347,62736,False
2348,62736,False
2349,62736,False
2350,62736,False
2351,62736,False
2352,62736,False
2353,62736,False
2354,62736,False
2355,62736,False
2356,62736,False
2357,62736,False
2358,62736,False
2359,62736,False
2360,62736,False
2361,62736,False
2362,62736,False
2363,62736,False
2364,62736,False
2365,62736,False
2366,62736,False
2367,62736,False
2368,62736,False
2369,62736,False
2370,62736,False
2371,62736,False
2372,62736,False
2373,62736,False
2374,62736,False
2375,62736,False
2376,62736,False
2377,62736,False
2378,62736,False
2379,62736,False
2380,62736,False
2381,62736,False
2382,62736,False
2383,62736,False
2384,62736,False
2385,62736,False
2386,62736,False
2387,62736,False
2388,62736,False
2389,62736,False
2390,62736,False
2391,62736,False
2392,62736,False
2393,62736,False
2394,62736,False
2395,62736,False
2396,62736,False
2397,62736,False
2398,62736,False
2399,62736,False
2400,62736,False
2401,62736,False
2402,62736,False
2403,62736,False
2404,62736,False
2405,62736,False
2406,62736,False
2407,62736,False
2408,62736,False
2409,62736,False
2410,62736,False
2411,62736,False
2412,62736,False
2413,58946,False
2414,58946,False
2415,58946,False
2416,58946,False
2417,58946,False
2418,58946,False
2419,58946,False
2420,58946,False
2421,58946,False
2422,58946,False
2423,58946,False
2424,58946,False
2425,58946,False
2426,58946,False
2427,58946,False
2428,58946,False
2429,58946,False
2430,58946,False
2431,58946,False
2432,58946,False
2433,58946,False
2434,58946,False
2435,58946,False
2436,58946,False
2437,58946,False
2438,58946,False
2439,58946,False
2440,58946,False
2441,58946,False
2442,58946,False
2443,58946,False
2444,58946,False
2445,58946,False
2446,58946,False
2447,58946,False
2448,58946,False
2449,58946,False
2450,58946,False
2451,58946,False
2452,58946,False
2453,58946,False
2454,58946,False
2455,58946,False
2456,58946,False
2457,58946,False
2458,58946,False
2459,58946,False
2460,58946,False
2461,58946,False
2462,58946,False
2463,58946,False
2464,58946,False
2465,58946,False
2466,58946,False
2467,58946,False
2468,58946,False
2469,58946,False
2470,58946,False
2471,58946,False
2472,58946,False
2473,58946,False
2474,58946,False
2475,58946,False
2476,58946,False
2477,58946,False
2478,58946,False
2479,58946,False
2480,58946,False
2481,58946,False
2482,58946,False
2483,58946,False
2484,58946,False
2485,58946,False
2486,58946,False
2487,58946,False
2488,58946,False
2489,58946,False
2490,58946,False
2491,58946,False
2492,58946,False
2493,58946,False
2494,58946,False
2495,58946,False
2496,58946,False
2497,58946,False
2498,58946,False
2499,58946,False
2500,58946,False
2501,58946,False
2502,58946,False
2503,58946,False
2504,58946,False
2505,58946,False
2506,58946,False
2507,58946,False
2508,58946,False
2509,58946,False
2510,58946,False
2511,58946,False
2512,58946,False
2513,58946,False
2514,58946,False
2515,58946,False
2516,58946,False
2517,58946,False
2518,58946,False
2519,58946,False
2520,58946,False
2521,58946,False
2522,58946,False
2523,58946,False
2524,58946,False
2525,58946,False
2526,58946,False
2527,58946,False
2528,58946,False
2529,58946,False
2530,58946,False
2531,58946,False
2532,58946,False
2533,58946,False
2534,58946,False
2535,58946,False
2536,58946,False
2537,58946,False
2538,58946,False
2539,58946,False
2540,58946,False
2541,58946,False
2542,58946,False
2543,58946,False
2544,58946,False
2545,58946,False
2546,58946,False
2547,58946,False
2548,58946,False
2549,58946,False
2550,58946,False
2551,58946,False
2552,58946,False
2553,58946,False
2554,58946,False
2555,58946,False
2556,58946,False
2557,58946,False
2558,58946,False
2559,58946,False
2560,58946,False
2561,58946,False
2562,58946,False
2563,58946,False
2564,58946,False
2565,58946,False
2566,58946,False
2567,58946,False
2568,58946,False
2569,58946,False
2570,58946,False
2571,58946,False
2572,58946,False
2573,58946,False
2574,58946,False
2575,58946,False
2576,58946,False
2577,58946,False
2578,58946,False
2579,58946,False
2580,58946,False
2581,58946,False
2582,58946,False
2583,58946,False
2584,58946,False
2585,58946,False
2586,58946,False
2587,58946,False
2588,58946,False
2589,58946,False
2590,58946,False
2591,58946,False
2592,58946,False
2593,58946,False
2594,58946,False
2595,58946,False
2596,58946,False
2597,58946,False
2598,58946,False
2599,58946,False
2600,58946,False
2601,58946,False
2602,58946,False
2603,58946,False
2604,58946,False
2605,58946,False
2606,58946,False
2607,58946,False
2608,58946,False
2609,58946,False
2610,58946,False
2611,58946,False
2612,58946,False
2613,58946,False
2614,58946,False
2615,58946,False
2616,58946,False
2617,58946,False
2618,58946,False
2619,58946,False
2620,58946,False
2621,58946,False
2622,58946,False
2623,58946,False
2624,58946,False
2625,58946,False
2626,58946,False
2627,58946,False
2628,58946,False
2629,58946,False
2630,58946,False
2631,58946,False
2632,58946,False
2633,58946,False
2634,58946,False
2635,58946,False
2636,58946,False
2637,58946,False
2638,58946,False
2639,58946,False
2640,58946,False
2641,58946,False
2642,58946,False
2643,58946,False
2644,58946,False
2645,58946,False
2646,58946,False
2647,58946,False
2648,58946,False
2649,58946,False
2650,58946,False
2651,58946,False
2652,58946,False
2653,58946,False
2654,60372,False
2655,60372,False
2656,60372,False
2657,60372,False
2658,60372,False
2659,60372,False
2660,60372,False
2661,60372,False
2662,60372,False
2663,60372,False
2664,60372,False
2665,60372,False
2666,60372,False
2667,60372,False
2668,60372,False
2669,60372,False
2670,60372,False
2671,60372,False
2672,60372,False
2673,60372,False
2674,60372,False
2675,60372,False
2676,60372,False
2677,60372,False
2678,60372,False
2679,60372,False
2680,60372,False
2681,60372,False
2682,60372,False
2683,60372,False
2684,60372,False
2685,60372,False
2686,60372,False
2687,60372,False
2688,60372,False
2689,60372,False
2690,60372,False
2691,60372,False
2692,60372,False
2693,60372,False
2694,60372,False
2695,60372,False
2696,60372,False
2697,60372,False
2698,60372,False
2699,60372,False
2700,60372,False
2701,60372,False
2702,60372,False
2703,60372,False
2704,60372,False
2705,60372,False
2706,60372,False
2707,60372,False
2708,60372,False
2709,60372,False
2710,60372,False
2711,60372,False
2712,60372,False
2713,60372,False
2714,60372,False
2715,60372,False
2716,60372,False
2717,60372,False
2718,60372,False
2719,60372,False
2720,60372,False
2721,60372,False
2722,60372,False
2723,60372,False
2724,60372,False
2725,60372,False
2726,60372,False
2727,60372,False
2728,60372,False
2729,60372,False
2730,60372,False
2731,60372,False
2732,60372,False
2733,60372,False
2734,60372,False
2735,60372,False
2736,60372,False
2737,60372,False
2738,60372,False
2739,60372,False
2740,60372,False
2741,60372,False
2742,60372,False
2743,60372,False
2744,60372,False
2745,60372,False
2746,60372,False
2747,60372,False
2748,60372,False
2749,60372,False
2750,60372,False
2751,60372,False
2752,60372,False
2753,60372,False
2754,60372,False
2755,60372,False
2756,60372,False
2757,60372,False
2758,60372,False
2759,60372,False
2760,60372,False
2761,60372,False
2762,60372,False
2763,60372,False
2764,60372,False
2765,60372,False
2766,60372,False
2767,60372,False
2768,60372,False
2769,60372,False
2770,60372,False
2771,60372,False
2772,60372,False
2773,60372,False
2774,60372,False
2775,60372,False
2776,60372,False
2777,60372,False
2778,60372,False
2779,60372,False
2780,60372,False
2781,60372,False
2782,60372,False
2783,60372,False
2784,60372,False
2785,60372,False
2786,60372,False
2787,60372,False
2788,60372,False
2789,60372,False
2790,60372,False
2791,60372,False
2792,60372,False
2793,60372,False
2794,60372,False
2795,60372,False
2796,60372,False
2797,60372,False
2798,60372,False
2799,60372,False
2800,60372,False
2801,60372,False
2802,60372,False
2803,60372,False
2804,60372,False
2805,60372,False
2806,60372,False
2807,60372,False
2808,60372,False
2809,60372,False
2810,60372,False
2811,60372,False
2812,60372,False
2813,60372,False
2814,60372,False
2815,60372,False
2816,60372,False
2817,60372,False
2818,60372,False
2819,60372,False
2820,60372,False
2821,60372,False
2822,60372,False
2823,60372,False
2824,60372,False
2825,60372,False
2826,60372,False
2827,60372,False
2828,60372,False
2829,60372,False
2830,60372,False
2831,60372,False
2832,60372,False
2833,60372,False
2834,60372,False
2835,60372,False
2836,60372,False
2837,60372,False
2838,60372,False
2839,60372,False
2840,60372,False
2841,60372,False
2842,60372,False
2843,60372,False
2844,60372,False
2845,60372,False
2846,60372,False
2847,60372,False
2848,60372,False
2849,60372,False
2850,60372,False
2851,60372,False
2852,60372,False
2853,60372,False
2854,60372,False
2855,60372,False
2856,60372,False
2857,60372,False
2858,60372,False
2859,60372,False
2860,60372,False
2861,60372,False
2862,60372,False
2863,60372,False
2864,60372,False
2865,60372,False
2866,60372,False
2867,60372,False
2868,60372,False
2869,60372,False
2870,60372,False
2871,60372,False
2872,60372,False
2873,60372,False
2874,60372,False
2875,60372,False
2876,60372,False
2877,60372,False
2878,60372,False
2879,60372,False
2880,60372,False
2881,60372,False
2882,60372,False
2883,60372,False
2884,60372,False
2885,60372,False
2886,60372,False
2887,60372,False
2888,60372,False
2889,60372,False
2890,60372,False
2891,60372,False
2892,60372,False
2893,60372,False
2894,60372,False
2895,60372,False
2896,60372,False
2897,60372,False
2898,60372,False
2899,60372,False
2900,60372,False
2901,60372,False
2902,60372,False
2903,60372,False
2904,60372,False
2905,60372,False
2906,60372,False
2907,60372,False
2909,63644,False
2910,63644,False
2911,63644,False
2912,63644,False
2913,63644,False
2914,63644,False
2915,63644,False
2916,63644,False
2917,63644,False
2918,63644,False
2919,63644,False
2920,63644,False
2921,63644,False
2922,63644,False
2923,63644,False
2924,63644,False
2925,63644,False
2926,63644,False
2927,63644,False
2928,63644,False
2929,63644,False
2930,63644,False
2931,63644,False
2932,63644,False
2933,63644,False
2934,63644,False
2935,63644,False
2936,63644,False
2937,63644,False
2938,63644,False
2939,63644,False
2940,63644,False
2941,63644,False
2942,63644,False
2943,63644,False
2944,63644,False
2945,63644,False
2946,63644,False
2947,63644,False
2948,63644,False
2949,63644,False
2950,63644,False
2951,63644,False
2952,63644,False
2953,63644,False
2954,63644,False
2955,63644,False
2956,63644,False
2957,63644,False
2958,63644,False
2959,63644,False
2960,63644,False
2961,63644,False
2962,63644,False
2963,63644,False
2964,63644,False
2965,63644,False
2966,63644,False
2967,63644,False
2968,63644,False
2969,63644,False
2970,63644,False
2971,63644,False
2972,63644,False
2973,63644,False
2974,63644,False
2975,63644,False
2976,63644,False
2977,63644,False
2978,63644,False
2979,63644,False
2980,63644,False
2981,63644,False
2982,63644,False
2983,63644,False
2984,63644,False
2985,63644,False
2986,63644,False
2987,63644,False
2988,63644,False
2989,63644,False
2990,63644,False
2991,63644,False
2992,63644,False
2993,63644,False
2994,63644,False
2995,63644,False
2996,63644,False
2997,63644,False
2998,63644,False
2999,63644,False
3000,63644,False
3001,63644,False
3002,63644,False
3003,63644,False
3004,63644,False
3005,63644,False
3006,63644,False
3007,63644,False
3008,63644,False
3009,63644,False
3010,63644,False
3011,63644,False
3012,63644,False
3013,63644,False
3014,63644,False
3015,63644,False
3016,63644,False
3017,63644,False
3018,63644,False
3019,63446,False
3020,63446,False
3021,63446,False
3022,63446,False
3023,63446,False
3024,63446,False
3025,63446,False
3026,63446,False
3027,63446,False
3028,63446,False
3029,63446,False
3030,63446,False
3031,63446,False
3032,63446,False
3033,63446,False
3034,63446,False
3035,63446,False
3036,63446,False
3037,63446,False
3038,63446,False
3039,63446,False
3040,63446,False
3041,63446,False
3042,63446,False
3043,63446,False
3044,63446,False
3045,63446,False
3046,63446,False
3047,63446,False
3048,63446,False
3049,63446,False
3050,63446,False
3051,63446,False
3052,63446,False
3053,63446,False
3054,63446,False
3055,63446,False
3056,63446,False
3057,63446,False
3058,63446,False
3059,63446,False
3060,63446,False
3061,63446,False
3062,63446,False
3063,63446,False
3064,63446,False
3065,63446,False
3066,63446,False
3067,63446,False
3068,63446,False
3069,63446,False
3070,63446,False
3071,63446,False
3072,63446,False
3073,63446,False
3074,63446,False
3075,63446,False
3076,63446,False
3077,63446,False
3078,63446,False
3079,63446,False
3080,63446,False
3081,63446,False
3082,63446,False
3083,63446,False
3084,63446,False
3085,63446,False
3086,63446,False
3087,63446,False
3088,63446,False
3089,63446,False
3090,63446,False
3091,63446,False
3092,63446,False
3093,63446,False
3094,63446,False
3095,63446,False
3096,63446,False
3097,63446,False
3098,63446,False
3099,63446,False
3100,63446,False
3101,63446,False
3102,63446,False
3103,63446,False
3104,63446,False
3105,63446,False
3106,63446,False
3107,63446,False
3108,63446,False
3109,63446,False
3110,63446,False
3111,63446,False
3112,63446,False
3113,63446,False
3114,63446,False
3115,63446,False
3116,63446,False
3117,63446,False
3118,63446,False
3119,63446,False
3120,63446,False
3121,63446,False
3122,63446,False
3123,63446,False
3124,63446,False
3125,63446,False
3126,63446,False
3127,63446,False
3128,61927,False
3129,61927,False
3130,61927,False
3131,61927,False
3132,61927,False
3133,61927,False
3134,61927,False
3135,61927,False
3136,61927,False
3137,61927,False
3138,61927,False
3139,61927,False
3140,61927,False
3141,61927,False
3142,61927,False
3143,61927,False
3144,61927,False
3145,61927,False
3146,61927,False
3147,61927,False
3148,61927,False
3149,61927,False
3150,61927,False
3151,61927,False
3152,61927,False
3153,61927,False
3154,61927,False
3155,61927,False
3156,61927,False
3157,61927,False
3158,61927,False
3159,61927,False
3160,61927,False
3161,61927,False
3162,61927,False
3163,61927,False
3164,61927,False
3165,61927,False
3166,61927,False
3167,61927,False
3168,61927,False
3169,61927,False
3170,61927,False
3171,61927,False
3172,61927,False
3173,61927,False
3174,61927,False
3175,61927,False
3176,61927,False
3177,61927,False
3178,61927,False
3179,61927,False
3180,61927,False
3181,61927,False
3182,61927,False
3183,61927,False
3184,61927,False
3185,61927,False
3186,61927,False
3187,61927,False
3188,61927,False
3189,61927,False
3190,61927,False
3191,61927,False
3192,61927,False
3193,61927,False
3194,61927,False
3195,61927,False
3196,61927,False
3197,61927,False
3198,61927,False
3199,61927,False
3200,61927,False
3201,61927,False
3202,61927,False
3203,61927,False
3204,61927,False
3205,61927,False
3206,61927,False
3207,61927,False
3208,61927,False
3209,61927,False
3210,61927,False
3211,61927,False
3212,61927,False
3213,61927,False
3214,61927,False
3215,61927,False
3216,61927,False
3217,61927,False
3218,61927,False
3219,61927,False
3220,61927,False
3221,61927,False
3222,61927,False
3223,61927,False
3224,61927,False
3225,61927,False
3226,61927,False
3227,61927,False
3228,61927,False
3229,61927,False
3230,61927,False
3231,61927,False
3232,61927,False
3233,61927,False
3234,61927,False
3235,61927,False
3236,61927,False
3237,61927,False
3238,61927,False
3239,61927,False
3240,61927,False
3241,61927,False
3242,61927,False
3243,61927,False
3244,61927,False
3245,61927,False
3246,61927,False
3247,61927,False
3248,61927,False
3249,61927,False
3250,61927,False
3251,61927,False
3252,61927,False
3253,61927,False
3254,61927,False
3255,61927,False
3256,61927,False
3257,61927,False
3258,61927,False
3259,61927,False
3260,61927,False
3261,61927,False
3262,61927,False
3263,61927,False
3264,61927,False
3265,61927,False
3266,61927,False
3267,61927,False
3268,61927,False
3269,61927,False
3270,61927,False
3271,61927,False
3272,61927,False
3273,61927,False
3274,61927,False
3275,61927,False
3276,61927,False
3277,61927,False
3278,61927,False
3279,61927,False
3280,61927,False
3281,61927,False
3282,61927,False
3283,61927,False
3284,61927,False
3285,61927,False
3286,61927,False
3287,61927,False
3288,61927,False
3289,61927,False
3290,61927,False
3291,61927,False
3292,61927,False
3293,61927,False
3294,61927,False
3295,61927,False
3296,61927,False
3297,61927,False
3298,61927,False
3299,61927,False
3300,61927,False
3301,61927,False
3302,61927,False
3303,61927,False
3304,61927,False
3305,61927,False
3306,61927,False
3307,61927,False
3308,61927,False
3309,61927,False
3310,61927,False
3311,61927,False
3312,61927,False
3313,61927,False
3314,61927,False
3315,61927,False
3316,61927,False
3317,61927,False
3318,61927,False
3319,61927,False
3320,61927,False
3321,61927,False
3322,61927,False
3323,61927,False
3324,61927,False
3325,61927,False
3326,61927,False
3327,61927,False
3328,61927,False
3329,61927,False
3330,61927,False
3331,61927,False
3333,61927,False
3334,63023,False
3335,63023,False
3336,63023,False
3337,63023,False
3338,63023,False
3339,63023,False
3340,63023,False
3341,63023,False
3342,63023,False
3343,63023,False
3344,63023,False
3345,63023,False
3346,63023,False
3347,63023,False
3348,63023,False
3349,63023,False
3350,63023,False
3351,63023,False
3352,63023,False
3353,63023,False
3354,63023,False
3355,63023,False
3356,63023,False
3357,63023,False
3358,63023,False
3359,63023,False
3360,63023,False
3361,63023,False
3362,63023,False
3363,63023,False
3364,63023,False
3365,63023,False
3366,63023,False
3367,63023,False
3368,63023,False
3369,63023,False
3370,63023,False
3371,63023,False
3372,63023,False
3373,63023,False
3374,63023,False
3375,63023,False
3376,63023,False
3377,63023,False
3378,63023,False
3379,63023,False
3380,63023,False
3381,63023,False
3382,63023,False
3383,63023,False
3384,63023,False
3385,63023,False
3386,63023,False
3387,63023,False
3388,63023,False
3389,63023,False
3390,63023,False
3391,63023,False
3392,63023,False
3393,63023,False
3394,63023,False
3395,63023,False
3396,63023,False
3397,63023,False
3398,63023,False
3399,63023,False
3400,63023,False
3401,63023,False
3402,63023,False
3403,63023,False
3404,63023,False
3405,63023,False
3406,63023,False
3407,63023,False
3408,63023,False
3409,63023,False
3410,63023,False
3411,63023,False
3412,63023,False
3413,63023,False
3414,63023,False
3415,63023,False
3416,63023,False
3417,63023,False
3418,63023,False
3419,63023,False
3420,63023,False
3421,63023,False
3422,63023,False
3423,63023,False
3424,63023,False
3425,63023,False
3426,63023,False
3427,63023,False
3428,63023,False
3429,63023,False
3430,63023,False
3431,63023,False
3432,63023,False
3433,63023,False
3434,63023,False
3435,63023,False
3436,63023,False
3437,63023,False
3438,63023,False
3439,63023,False
3440,63023,False
3441,63023,False
3442,63023,False
3443,63023,False
3444,63023,False
3445,63023,False
3446,63023,False
3447,63023,False
3448,63023,False
3449,63023,False
3450,63023,False
3451,63023,False
3452,63023,False
3453,63023,False
3454,63023,False
3455,63023,False
3456,63023,False
3457,63023,False
3458,63023,False
3459,63023,False
3460,63023,False
3461,63023,False
3462,63023,False
3463,63023,False
3464,63023,False
3465,63023,False
3466,63023,False
3467,63023,False
3468,63023,False
3469,63023,False
3470,63023,False
3471,63023,False
3472,63023,False
3473,63023,False
3474,63023,False
3475,63023,False
3476,63023,False
3477,63023,False
3478,63023,False
3479,63023,False
3480,63023,False
3481,63023,False
3482,63023,False
3483,63023,False
3484,63023,False
3485,63023,False
3486,63023,False
3487,63023,False
3488,63023,False
3489,63023,False
3490,63023,False
3491,63023,False
3492,63023,False
3493,63023,False
3494,63023,False
3495,63023,False
3496,63023,False
3497,63023,False
3498,63023,False
3499,63023,False
3500,63023,False
3501,63023,False
3502,63023,False
3503,63023,False
3504,63023,False
3505,63023,False
3506,63023,False
3507,63023,False
3508,63023,False
3509,63023,False
3510,63023,False
3511,63023,False
3512,63023,False
3513,63023,False
3514,63023,False
3515,63023,False
3516,63023,False
3517,63023,False
3518,63023,False
3519,63023,False
3520,63023,False
3521,63023,False
3522,63023,False
3523,63023,False
3524,63023,False
3525,63023,False
3526,63023,False
3527,63023,False
3528,63023,False
3529,63023,False
3530,63023,False
3531,63023,False
3532,63023,False
3533,63023,False
3534,63023,False
3535,63023,False
3536,63023,False
3537,63023,False
3538,63023,False
3539,63023,False
3540,63023,False
3541,63023,False
3542,63023,False
3543,63023,False
3544,63023,False
3545,63023,False
3546,63023,False
3547,63023,False
3548,63023,False
3549,63023,False
3550,63023,False
3551,63023,False
3552,63023,False
3553,63023,False
3554,63023,False
3555,63023,False
3556,63023,False
3557,63023,False
3558,63023,False
3559,63023,False
3560,63023,False
3561,63023,False
3562,63023,False
3563,63023,False
3564,63023,False
3565,63023,False
3566,63023,False
3567,63023,False
3568,63023,False
3569,63023,False
3570,63023,False
3571,63023,False
3572,63023,False
3573,63023,False
3574,63023,False
3575,59736,False
3576,59736,False
3577,59736,False
3578,59736,False
3579,59736,False
3580,59736,False
3581,59736,False
3582,59736,False
3583,59736,False
3584,59736,False
3585,59736,False
3586,59736,False
3587,59736,False
3588,59736,False
3589,59736,False
3590,59736,False
3591,59736,False
3592,59736,False
3593,59736,False
3594,59736,False
3595,59736,False
3596,59736,False
3597,59736,False
3598,59736,False
3599,59736,False
3600,59736,False
3601,59736,False
3602,59736,False
3603,59736,False
3604,59736,False
3605,59736,False
3606,59736,False
3607,59736,False
3608,59736,False
3609,59736,False
3610,59736,False
3611,59736,False
3612,59736,False
3613,59736,False
3614,59736,False
3615,59736,False
3616,59736,False
3617,59736,False
3618,59736,False
3619,59736,False
3620,59736,False
3621,59736,False
3622,59736,False
3623,59736,False
3624,59736,False
3625,59736,False
3626,59736,False
3627,59736,False
3628,59736,False
3629,59736,False
3630,59736,False
3631,59736,False
3632,59736,False
3633,59736,False
3634,59736,False
3635,59736,False
3636,59736,False
3637,59736,False
3638,59736,False
3639,59736,False
3640,59736,False
3641,59736,False
3642,59736,False
3643,59736,False
3644,59736,False
3645,59736,False
3646,59736,False
3647,59736,False
3648,59736,False
3649,59736,False
3650,59736,False
3651,59736,False
3652,59736,False
3653,59736,False
3654,59736,False
3655,59736,False
3656,59736,False
3657,59736,False
3658,59736,False
3659,59736,False
3660,59736,False
3661,59736,False
3662,59736,False
3663,59736,False
3664,59736,False
3665,59736,False
3666,59736,False
3667,59736,False
3668,59736,False
3669,59736,False
3670,59736,False
3671,59736,False
3672,59736,False
3673,59736,False
3674,59736,False
3675,59736,False
3679,62922,False
3680,62922,False
3681,62922,False
3682,62922,False
3683,62922,False
3684,62922,False
3685,62922,False
3686,62922,False
3687,62922,False
3688,62922,False
3689,62922,False
3690,62922,False
3691,62922,False
3692,62922,False
3693,62922,False
3694,62922,False
3695,62922,False
3696,62922,False
3697,62922,False
3698,62922,False
3699,62922,False
3700,62922,False
3701,62922,False
3702,62922,False
3703,62922,False
3704,62922,False
3705,62922,False
3706,62922,False
3707,62922,False
3708,62922,False
3709,62922,False
3710,62922,False
3711,62922,False
3712,62922,False
3713,62922,False
3714,62922,False
3715,62922,False
3716,62922,False
3717,62922,False
3718,62922,False
3719,62922,False
3720,62922,False
3721,62922,False
3722,62922,False
3723,62922,False
3724,62922,False
3725,62922,False
3726,62922,False
3727,62922,False
3728,62922,False
3729,62922,False
3730,62922,False
3731,62922,False
3732,62922,False
3733,62922,False
3734,62922,False
3735,62922,False
3736,62922,False
3737,62922,False
3738,62922,False
3739,62922,False
3740,62922,False
3741,62922,False
3742,62922,False
3743,62922,False
3744,62922,False
3745,62922,False
3746,62922,False
3747,62922,False
3748,62922,False
3749,62922,False
3750,62922,False
3751,62922,False
3752,62922,False
3753,62922,False
3754,62922,False
3755,62922,False
3756,62922,False
3757,62922,False
3758,62922,False
3759,62922,False
3760,62922,False
3761,62922,False
3762,62922,False
3763,62922,False
3764,62922,False
3765,62922,False
3766,62922,False
3767,62922,False
3768,62922,False
3769,62922,False
3770,62922,False
3771,62922,False
3772,62922,False
3773,62922,False
3774,62922,False
3775,62922,False
3776,62922,False
3777,62922,False
3778,62922,False
3779,62922,False
3780,62922,False
3781,62922,False
3782,62922,False
3783,62922,False
3784,62922,False
3785,62922,False
3786,62922,False
3787,62922,False
3788,62922,False
3789,62922,False
3790,62922,False
3791,62922,False
3792,62922,False
3793,62922,False
3794,62922,False
3795,62922,False
3796,62922,False
3797,62922,False
3798,62922,False
3799,62922,False
3800,62922,False
3801,62922,False
3802,62922,False
3803,62922,False
3804,62922,False
3805,62922,False
3806,62922,False
3807,62922,False
3808,62922,False
3809,63048,False
3810,63048,False
3811,63048,False
3812,63048,False
3813,63048,False
3814,63048,False
3815,63048,False
3816,63048,False
3817,63048,False
3818,63048,False
3819,63048,False
3820,63048,False
3821,63048,False
3822,63048,False
3823,63048,False
3824,63048,False
3825,63048,False
3826,63048,False
3827,63048,False
3828,63048,False
3829,63048,False
3830,63048,False
3831,63048,False
3832,63048,False
3833,63048,False
3834,63048,False
3835,63048,False
3836,63048,False
3837,63048,False
3838,63048,False
3839,63048,False
3840,63048,False
3841,63048,False
3842,63048,False
3843,63048,False
3844,63048,False
3845,63048,False
3846,63048,False
3847,63048,False
3848,63048,False
3849,63048,False
3850,63048,False
3851,63048,False
3852,63048,False
3853,63048,False
3854,63048,False
3855,63048,False
3856,63048,False
3857,63048,False
3858,63048,False
3859,63048,False
3860,63048,False
3861,63048,False
3862,63048,False
3863,63048,False
3864,63048,False
3865,63048,False
3866,63048,False
3867,63048,False
3868,63048,False
3869,63048,False
3870,63048,False
3871,63048,False
3872,63048,False
3873,63048,False
3874,63048,False
3875,63048,False
3876,63048,False
3877,63048,False
3878,63048,False
3879,63048,False
3880,63048,False
3881,63048,False
3882,63048,False
3883,63048,False
3884,63048,False
3885,63048,False
3886,63048,False
3887,63048,False
3888,63048,False
3889,63048,False
3890,63048,False
3891,63048,False
3892,63048,False
3893,63048,False
3894,63048,False
3895,63048,False
3896,63048,False
3897,63048,False
3898,63048,False
3899,63048,False
3900,63048,False
3901,63048,False
3902,63048,False
3903,63048,False
3904,63048,False
3905,63048,False
3906,63048,False
3907,63048,False
3908,63048,False
3909,63048,False
3910,63048,False
3911,63048,False
3912,63048,False
3913,63048,False
3914,63048,False
3915,63048,False
3916,63048,False
3917,63048,False
3918,63048,False
3919,63048,False
3920,63048,False
3921,63048,False
3922,63048,False
3923,63048,False
3924,63048,False
3925,63048,False
3926,63048,False
3927,63048,False
3928,63048,False
3929,63048,False
3930,63048,False
3931,63048,False
3932,63048,False
3933,63048,False
3934,63048,False
3935,63048,False
3936,63048,False
3937,63048,False
3938,63048,False
3939,63048,False
3940,63048,False
3941,63048,False
3942,63048,False
3943,63048,False
3944,63048,False
3945,63048,False
3946,63048,False
3950,63068,False
3951,63068,False
3952,63068,False
3953,63068,False
3954,63068,False
3955,63068,False
3956,63068,False
3957,63068,False
3958,63068,False
3959,63068,False
3960,63068,False
3961,63068,False
3962,63068,False
3963,63068,False
3964,63068,False
3965,63068,False
3966,63068,False
3967,63068,False
3968,63068,False
3969,63068,False
3970,63068,False
3971,63068,False
3972,63068,False
3973,63068,False
3974,63068,False
3975,63068,False
3976,63068,False
3977,63068,False
3978,63068,False
3979,63068,False
3980,63068,False
3981,63068,False
3982,63068,False
3983,63068,False
3984,63068,False
3985,63068,False
3986,63068,False
3987,63068,False
3988,63068,False
3989,63068,False
3990,63068,False
3991,63068,False
3992,63068,False
3993,63068,False
3994,63068,False
3995,63068,False
3996,63068,False
3997,63068,False
3998,63068,False
3999,63068,False
4000,63068,False
4001,63068,False
4002,63068,False
4003,63068,False
4004,63068,False
4005,63068,False
4006,63068,False
4007,63068,False
4008,63068,False
4009,63068,False
4010,63068,False
4011,63068,False
4012,63068,False
4013,63068,False
4014,63068,False
4015,63068,False
4016,63068,False
4017,63068,False
4018,63068,False
4019,63068,False
4020,63068,False
4021,63068,False
4022,63068,False
4023,63068,False
4024,63068,False
4025,63068,False
4026,63068,False
4027,63068,False
4028,63068,False
4029,63068,False
4030,63068,False
4031,63068,False
4032,63068,False
4033,63068,False
4034,63068,False
4035,63068,False
4036,63068,False
4037,63068,False
4038,63068,False
4039,63068,False
4040,63068,False
4041,63068,False
4042,63068,False
4043,63068,False
4044,63068,False
4045,63068,False
4046,63068,False
4047,63068,False
4048,63068,False
4049,63068,False
4050,63068,False
4051,63068,False
4052,63068,False
4053,63068,False
4054,63068,False
4055,63068,False
4061,64183,False
4062,64183,False
4063,64183,False
4064,64183,False
4065,64183,False
4066,64183,False
4067,64183,False
4068,64183,False
4069,64183,False
4070,64183,False
4071,64183,False
4072,64183,False
4073,64183,False
4074,64183,False
4075,64183,False
4076,64183,False
4077,64183,False
4078,64183,False
4079,64183,False
4080,64183,False
4081,64183,False
4082,64183,False
4083,64183,False
4084,64183,False
4085,64183,False
4086,64183,False
4087,64183,False
4088,64183,False
4089,64183,False
4090,64183,False
4091,64183,False
4092,64183,False
4093,64183,False
4094,64183,False
4095,64183,False
4096,64183,False
4097,64183,False
4098,64183,False
4099,64183,False
4100,64183,False
4101,64183,False
4102,64183,False
4103,64183,False
4104,64183,False
4105,64183,False
4106,64183,False
4107,64183,False
4108,64183,False
4109,64183,False
4110,64183,False
4111,64183,False
4112,64183,False
4113,64183,False
4114,64183,False
4115,64183,False
4116,64183,False
4117,64183,False
4118,64183,False
4119,64183,False
4120,64183,False
4121,64183,False
4122,64183,False
4123,64183,False
4124,64183,False
4125,64183,False
4126,64183,False
4127,64183,False
4128,64183,False
4129,64183,False
4130,64183,False
4131,64183,False
4132,64183,False
4133,64183,False
4134,64183,False
4135,64183,False
4136,64183,False
4137,64183,False
4138,64183,False
4139,64183,False
4140,64183,False
4141,64183,False
4142,64183,False
4143,64183,False
4144,64183,False
4145,64183,False
4146,64183,False
4147,64183,False
4148,64183,False
4149,64183,False
4150,64183,False
4151,64183,False
4152,64183,False
4153,64183,False
4154,64183,False
4155,64183,False
4156,64183,False
4157,64183,False
4158,64183,False
4159,64183,False
4160,64183,False
4161,64183,False
4162,64183,False
4163,64183,False
4164,64183,False
4165,64183,False
4166,64183,False
4167,64183,False
4168,64183,False
4169,64183,False
4170,64183,False
4171,64183,False
4172,64183,False
4173,64183,False
4176,57304,False
4177,59837,False
4178,59837,False
4179,59837,False
4180,59837,False
4181,59837,False
4182,59837,False
4183,59837,False
4184,59837,False
4185,59837,False
4186,59837,False
4187,59837,False
4188,59837,False
4189,59837,False
4190,59837,False
4191,59837,False
4192,59837,False
4193,59837,False
4194,59837,False
4195,59837,False
4196,59837,False
4197,59837,False
4198,59837,False
4199,59837,False
4200,59837,False
4201,59837,False
4202,59837,False
4203,59837,False
4204,59837,False
4205,59837,False
4206,59837,False
4207,59837,False
4208,59837,False
4209,59837,False
4210,59837,False
4211,59837,False
4212,59837,False
4213,59837,False
4214,59837,False
4215,59837,False
4216,59837,False
4217,59837,False
4218,59837,False
4219,59837,False
4220,59837,False
4221,59837,False
4222,59837,False
4223,59837,False
4224,59837,False
4225,59837,False
4226,59837,False
4227,59837,False
4228,59837,False
4229,59837,False
4230,59837,False
4231,59837,False
4232,59837,False
4233,59837,False
4234,59837,False
4235,59837,False
4236,59837,False
4237,59837,False
4238,59837,False
4239,59837,False
4240,59837,False
4241,59837,False
4242,59837,False
4243,59837,False
4244,59837,False
4245,59837,False
4246,59837,False
4247,59837,False
4248,59837,False
4249,59837,False
4250,59837,False
4251,59837,False
4252,59837,False
4253,59837,False
4254,59837,False
4255,59837,False
4256,59837,False
4257,59837,False
4258,59837,False
4259,59837,False
4260,59837,False
4261,59837,False
4262,59837,False
4263,59837,False
4264,59837,False
4265,59837,False
4266,59837,False
4267,59837,False
4268,59837,False
4269,59837,False
4270,59837,False
4271,59837,False
4272,59837,False
4273,59837,False
4274,59837,False
4275,59837,False
4276,59837,False
4277,59837,False
4278,59837,False
4279,59837,False
4280,59837,False
4281,59837,False
4282,59837,False
4283,59837,False
4284,59837,False
4285,59837,False
4286,59837,False
4287,59837,False
4288,59837,False
4289,59837,False
4290,59837,False
4291,59837,False
4292,59837,False
4293,59837,False
4294,59837,False
4295,59837,False
4296,59837,False
4297,59837,False
4298,59837,False
4299,59837,False
4300,59837,False
4301,59837,False
4302,59837,False
4303,59837,False
4304,59837,False
4305,59837,False
4306,59837,False
4307,59837,False
4308,59837,False
4309,59837,False
4310,59837,False
4311,59837,False
4312,59837,False
4313,59837,False
4314,59837,False
4315,59837,False
4316,59837,False
4317,59837,False
4318,59837,False
4319,59837,False
4320,59837,False
4321,59837,False
4322,59837,False
4323,59837,False
4324,59837,False
4325,59837,False
4326,59837,False
4327,59837,False
4328,59837,False
4329,59837,False
4330,59837,False
4331,59837,False
4332,59837,False
4333,59837,False
4334,59837,False
4335,59837,False
4336,59837,False
4337,59837,False
4338,59837,False
4339,59837,False
4340,59837,False
4341,59837,False
4342,59837,False
4343,59837,False
4344,59837,False
4345,59837,False
4346,59837,False
4347,59837,False
4348,59837,False
4349,59837,False
4350,59837,False
4351,59837,False
4352,59837,False
4353,59837,False
4354,59837,False
4355,47607,False
4359,47607,False
4360,47607,False
4361,45683,False
4365,45683,False
4366,45683,False
4370,47177,False
4371,47177,False
4375,64689,False
4376,64689,False
4377,64689,False
4378,64689,False
4379,64689,False
4380,64689,False
4381,64689,False
4382,64689,False
4383,64689,False
4384,64689,False
4385,64689,False
4386,64689,False
4387,64689,False
4388,64689,False
4389,64689,False
4390,64689,False
4391,64689,False
4392,64689,False
4393,64689,False
4394,64689,False
4395,64689,False
4396,64689,False
4397,64689,False
4398,64689,False
4399,64689,False
4400,64689,False
4401,64689,False
4402,64689,False
4403,64689,False
4404,64689,False
4405,64689,False
4406,64689,False
4407,64689,False
4408,64689,False
4409,64689,False
4410,64689,False
4411,64689,False
4412,64689,False
4413,64689,False
4414,64689,False
4415,64689,False
4416,64689,False
4417,64689,False
4418,64689,False
4419,64689,False
4420,64689,False
4421,64689,False
4422,64689,False
4423,64689,False
4424,64689,False
4425,64689,False
4426,64689,False
4427,64689,False
4428,64689,False
4429,64689,False
4430,64689,False
4431,64689,False
4432,64689,False
4433,64689,False
4434,64689,False
4435,64689,False
4436,64689,False
4437,64689,False
4438,64689,False
4439,64689,False
4440,64689,False
4441,64689,False
4442,64689,False
4443,64689,False
4444,64689,False
4445,64689,False
4446,64689,False
4447,64689,False
4448,64689,False
4449,64689,False
4450,63096,False
4451,63096,False
4452,63096,False
4453,63096,False
4454,63096,False
4455,63096,False
4456,63096,False
4457,63096,False
4458,63096,False
4459,63096,False
4460,63096,False
4461,63096,False
4462,63096,False
4463,63096,False
4464,63096,False
4465,63096,False
4466,63096,False
4467,63096,False
4468,63096,False
4469,63096,False
4470,63096,False
4471,63096,False
4472,63096,False
4473,63096,False
4474,63096,False
4475,63096,False
4476,63096,False
4477,63096,False
4478,63096,False
4479,63096,False
4480,63096,False
4481,63096,False
4482,63096,False
4483,63096,False
4484,63096,False
4485,63096,False
4486,63096,False
4487,63096,False
4488,63096,False
4489,63096,False
4490,63096,False
4491,63096,False
4492,63096,False
4493,63096,False
4494,63096,False
4495,63096,False
4496,63096,False
4497,63096,False
4498,63096,False
4499,63096,False
4500,63096,False
4501,63096,False
4502,63096,False
4503,63096,False
4504,63096,False
4505,63096,False
4506,63096,False
4507,63096,False
4508,63096,False
4509,63096,False
4510,63096,False
4511,63096,False
4512,63096,False
4513,63096,False
4514,63096,False
4515,63096,False
4516,63096,False
4517,63096,False
4518,63096,False
4519,63096,False
4520,63096,False
4521,63096,False
4522,63096,False
4523,63096,False
4524,63096,False
4525,63096,False
4526,63096,False
4527,63096,False
4528,63096,False
4529,63096,False
4530,63096,False
4531,63096,False
4532,63096,False
4533,63096,False
4534,63096,False
4535,63096,False
4536,63881,False
4537,63881,False
4538,63881,False
4539,63881,False
4540,63881,False
4541,63881,False
4542,63881,False
4543,63881,False
4544,63881,False
4546,60287,False
4547,60287,False
4548,60287,False
4549,60287,False
4550,60287,False
4551,60287,False
4552,60287,False
4553,60287,False
4554,60287,False
4555,60287,False
4556,60287,False
4557,60287,False
4558,60287,False
4559,60287,False
4560,60287,False
4561,60287,False
4562,60287,False
4563,60287,False
4564,60287,False
4565,60287,False
4566,60287,False
4567,60287,False
4568,60287,False
4569,60287,False
4570,60287,False
4571,60287,False
4572,60287,False
4573,60287,False
4574,60287,False
4575,60287,False
4576,60287,False
4577,60287,False
4578,60287,False
4579,60287,False
4580,60287,False
4581,60287,False
4582,60287,False
4583,60287,False
4584,60287,False
4585,60287,False
4586,60287,False
4587,60287,False
4588,60287,False
4589,60287,False
4590,60287,False
4591,60287,False
4592,60287,False
4593,60287,False
4594,60287,False
4595,60287,False
4596,60287,False
4597,60287,False
4598,60287,False
4599,60287,False
4600,60287,False
4601,60287,False
4602,60287,False
4603,60287,False
4604,60287,False
4605,60287,False
4606,60287,False
4607,60287,False
4608,60287,False
4609,60287,False
4610,60287,False
4611,60287,False
4612,60287,False
4613,60287,False
4614,60287,False
4615,60287,False
4616,60287,False
4617,60287,False
4618,59171,False
4619,59171,False
4620,59171,False
4621,59171,False
4622,59171,False
4623,59171,False
4624,59171,False
4625,59171,False
4626,59171,False
4627,59171,False
4628,59171,False
4629,59171,False
4630,59171,False
4631,59171,False
4632,59171,False
4633,59171,False
4634,59171,False
4635,59171,False
4636,59171,False
4637,59171,False
4638,59171,False
4639,59171,False
4640,59171,False
4641,59171,False
4642,59171,False
4643,59171,False
4644,59171,False
4645,59171,False
4646,59171,False
4647,59171,False
4648,59171,False
4649,59171,False
4650,63646,False
4651,63646,False
4652,63646,False
4653,63646,False
4654,63646,False
4655,63646,False
4656,63646,False
4657,63646,False
4658,63646,False
4659,63646,False
4660,63646,False
4661,63646,False
4662,63646,False
4663,63646,False
4664,63646,False
4665,63646,False
4666,63646,False
4667,63646,False
4668,63646,False
4669,63646,False
4670,63646,False
4671,63646,False
4672,63646,False
4673,63646,False
4674,63646,False
4675,63646,False
4676,63646,False
4677,63646,False
4678,63646,False
4679,63646,False
4680,63646,False
4681,63646,False
4682,63646,False
4684,63646,False
4687,47726,False
4691,46327,False
4692,46327,False
4693,46327,False
4694,46327,False
4695,46754,False
4696,46754,False
4697,64216,False
4698,64216,False
4699,64216,False
4700,64216,False
4701,64216,False
4702,64216,False
4703,64216,False
4704,64216,False
4705,64216,False
4706,64216,False
4707,51730,False
4708,51730,False
4709,53477,False
4710,53477,False
4711,53477,False
4712,53477,False
4713,53477,False
4714,53477,False
4715,53477,False
4716,53477,False
4717,53477,False
4718,53477,False
4719,53477,False
4720,50847,False
4721,50847,False
4722,50847,False
4723,50847,False
4724,50847,False
4725,50847,False
4727,63658,False
4728,63658,False
4729,63658,False
4730,63658,False
4731,63658,False
4732,63658,False
4733,63658,False
4734,63658,False
4735,63658,False
4736,63658,False
4737,63658,False
4738,63658,False
4739,63658,False
4740,58826,False
4741,58826,False
4742,58826,False
4743,58826,False
4744,58826,False
4745,58826,False
4746,58826,False
4747,58826,False
4748,58826,False
4749,58826,False
4750,58826,False
4751,58826,False
4752,58826,False
4753,58826,False
4754,58826,False
4755,58826,False
4757,57852,False
4758,57852,False
4759,57852,False
4760,57852,False
4761,57852,False
4762,57852,False
4763,57852,False
4764,57852,False
4765,57852,False
4766,57852,False
4767,49764,False
4769,47888,False
4770,47888,False
4771,60430,False
4772,60430,False
4773,60430,False
4774,60430,False
4775,60430,False
4776,60430,False
4777,60430,False
4778,60430,False
4779,60430,False
4780,60430,False
4781,60430,False
4782,60430,False
4783,60430,False
4784,60430,False
4785,60430,False
4786,60430,False
4787,60430,False
4788,60430,False
4789,60430,False
4790,60430,False
4791,60430,False
4792,60430,False
4793,60430,False
4794,60430,False
4795,60430,False
4796,60430,False
4797,60430,False
4798,60430,False
4799,60430,False
4800,60430,False
4801,60430,False
4802,60430,False
4803,60430,False
4804,60430,False
4805,60430,False
4806,60430,False
4807,60430,False
4808,60430,False
4809,60430,False
4810,60430,False
4811,60430,False
4812,60430,False
4813,60430,False
4814,60430,False
4815,60430,False
4816,60430,False
4817,60430,False
4818,60430,False
4819,60430,False
4820,60430,False
4821,60430,False
4822,60430,False
4823,60430,False
4824,60430,False
4825,60430,False
4826,60430,False
4827,60430,False
4828,60430,False
4829,60430,False
4830,60430,False
4831,60430,False
4832,60430,False
4833,60430,False
4834,60430,False
4835,60430,False
4836,60347,False
4837,60347,False
4838,60347,False
4839,60347,False
4840,60347,False
4841,60347,False
4842,60347,False
4843,60347,False
4844,60347,False
4845,60347,False
4846,60347,False
4847,60347,False
4848,60347,False
4849,60347,False
4850,60347,False
4851,60347,False
4852,60347,False
4853,60347,False
4854,60347,False
4855,60347,False
4856,60347,False
4857,60347,False
4858,60347,False
4859,60347,False
4860,60347,False
4861,60347,False
4862,60347,False
4863,60347,False
4864,60347,False
4865,60347,False
4866,60347,False
4867,60347,False
4868,60347,False
4869,60347,False
4870,60347,False
4871,60347,False
4872,60347,False
4873,60347,False
4874,60347,False
4875,60347,False
4876,60347,False
4877,60347,False
4878,60347,False
4879,60347,False
4880,60347,False
4881,60347,False
4882,60347,False
4883,60347,False
4884,60347,False
4885,60347,False
4886,60347,False
4887,60347,False
4888,60347,False
4889,60347,False
4890,60347,False
4891,60347,False
4892,60347,False
4893,60347,False
4894,60347,False
4895,60347,False
4896,60347,False
4897,60347,False
4898,60347,False
4899,60347,False
4900,60347,False
4901,60347,False
4902,60347,False
4903,60347,False
4904,60347,False
4905,60347,False
4906,60347,False
4907,60347,False
4908,60347,False
4909,60347,False
4910,60347,False
4911,60347,False
4912,60347,False
4913,60347,False
4914,60347,False
4915,60347,False
4916,60347,False
4917,60347,False
4918,60347,False
4919,60347,False
4920,60347,False
4921,60347,False
4922,60347,False
4923,60347,False
4924,60347,False
4925,60347,False
4926,60347,False
4927,60347,False
4928,60347,False
4929,60347,False
4930,60347,False
4931,60347,False
4935,47550,False
4936,47550,False
4937,47550,False
4938,64207,False
4939,64207,False
4940,64207,False
4941,64207,False
4942,64207,False
4943,64207,False
4944,64207,False
4945,64207,False
4946,64207,False
4947,64207,False
4948,64207,False
4949,64207,False
4950,64207,False
4951,64207,False
4952,64207,False
4953,64207,False
4954,64207,False
4955,64207,False
4956,64207,False
4961,63972,False
4962,63972,False
4963,63972,False
4964,63972,False
4965,63972,False
4966,63972,False
4967,63972,False
4968,63972,False
4969,63972,False
4970,63972,False
4971,63972,False
4972,63972,False
4973,63972,False
4974,63972,False
4975,63972,False
4976,63972,False
4977,63972,False
4978,63972,False
4979,63972,False
4980,63972,False
4981,63972,False
4982,63972,False
4983,63972,False
4984,63972,False
4985,63972,False
4986,63972,False
4987,63972,False
4988,63972,False
4989,63972,False
4990,63972,False
4991,63972,False
4992,63972,False
4993,63972,False
4994,63972,False
4995,63972,False
4996,63972,False
4997,63972,False
4998,63972,False
4999,63972,False
5000,63972,False
5001,63972,False
5002,63972,False
5003,63972,False
5004,63972,False
5005,63972,False
5006,63972,False
5007,63972,False
5008,63972,False
5009,63972,False
5010,63972,False
5011,63972,False
5012,63972,False
5013,63972,False
5014,63972,False
5015,63972,False
5016,63972,False
5017,63972,False
5018,63972,False
5019,63972,False
5020,63972,False
5021,63972,False
5022,63972,False
5023,63972,False
5024,63972,False
5025,63972,False
5026,63972,False
5027,63972,False
5028,63972,False
5029,63972,False
5030,63972,False
5031,63972,False
5032,63972,False
5033,63972,False
5034,63972,False
5035,63972,False
5036,63972,False
5037,63972,False
5038,63972,False
5039,63972,False
5040,63972,False
5041,63972,False
5042,63972,False
5043,63972,False
5044,63972,False
5045,63972,False
5046,63972,False
5048,63972,False
5049,58843,False
5050,58843,False
5051,58843,False
5052,58843,False
5053,58843,False
5054,58843,False
5055,58843,False
5056,58843,False
5057,58843,False
5058,58843,False
5059,58843,False
5060,58843,False
5061,58843,False
5062,58843,False
5063,58843,False
5064,58843,False
5065,58843,False
5066,58843,False
5067,58843,False
5068,58843,False
5069,58843,False
5070,58843,False
5071,58843,False
5072,58843,False
5073,58843,False
5074,58843,False
5075,58843,False
5076,58843,False
5077,58843,False
5078,58843,False
5079,58843,False
5080,58843,False
5081,58843,False
5085,55678,False
5088,52124,False
5089,52124,False
5090,63515,False
5091,63515,False
5092,63515,False
5093,63515,False
5094,63515,False
5095,63515,False
5096,63515,False
5097,63515,False
5098,63515,False
5099,63515,False
5100,63515,False
5101,63515,False
5102,63515,False
5103,63515,False
5104,63515,False
5105,63515,False
5106,63515,False
5107,63515,False
5108,63515,False
5109,63515,False
5110,63515,False
5111,63515,False
5112,63515,False
5113,63515,False
5114,63515,False
5115,63515,False
5116,63515,False
5117,63515,False
5118,63515,False
5119,63515,False
5120,63515,False
5121,63515,False
5122,63515,False
5123,63515,False
5124,63515,False
5125,63515,False
5126,63515,False
5127,63515,False
5128,63515,False
5129,63515,False
5130,63515,False
5131,63515,False
5132,63515,False
5133,63515,False
5134,63515,False
5135,63515,False
5136,63515,False
5137,63515,False
5138,63515,False
5139,63515,False
5140,63515,False
5141,63515,False
5142,63515,False
5143,63515,False
5144,63515,False
5145,63515,False
5146,63515,False
5147,63515,False
5148,63515,False
5149,63515,False
5150,63515,False
5151,63515,False
5152,63515,False
5153,63515,False
5154,63515,False
5155,63515,False
5156,63515,False
5157,47372,False
5158,47372,False
5159,47372,False
5160,47372,False
5162,63824,False
5163,63824,False
5164,63824,False
5165,63824,False
5166,63824,False
5167,63824,False
5168,63824,False
5169,63824,False
5170,63824,False
5171,63824,False
5172,63824,False
5173,63824,False
5174,63824,False
5175,63824,False
5176,63824,False
5177,63824,False
5178,63824,False
5179,63824,False
5180,63824,False
5181,63824,False
5182,63824,False
5183,63824,False
5184,63824,False
5185,63824,False
5186,63824,False
5187,63824,False
5188,63824,False
5189,63824,False
5190,63824,False
5191,63824,False
5192,63824,False
5193,63824,False
5194,63824,False
5195,63824,False
5196,63824,False
5197,63824,False
5198,63824,False
5199,63824,False
5200,63824,False
5201,63824,False
5202,63824,False
5203,63824,False
5204,63824,False
5205,63824,False
5206,63824,False
5207,63824,False
5208,63824,False
5209,63824,False
5210,63824,False
5211,63824,False
5212,63824,False
5213,63824,False
5214,63824,False
5215,63824,False
5216,63824,False
5217,63824,False
5218,63824,False
5219,63824,False
5220,63824,False
5221,63824,False
5222,63824,False
5223,63824,False
5224,63824,False
5225,63824,False
5226,63824,False
5227,63824,False
5228,63824,False
5229,63824,False
5230,63824,False
5231,63824,False
5232,63824,False
5233,63824,False
5234,63824,False
5235,63824,False
5236,63824,False
5237,63824,False
5238,63824,False
5239,63824,False
5240,63824,False
5241,63824,False
5242,63824,False
5243,63824,False
5247,47173,False
5248,60076,False
5251,63967,False
5252,63967,False
5253,63967,False
5254,63967,False
5255,63967,False
5256,63967,False
5257,63967,False
5258,63967,False
5259,63967,False
5260,63967,False
5261,63967,False
5262,63967,False
5263,63967,False
5264,63967,False
5265,63967,False
5266,63967,False
5267,63967,False
5268,63967,False
5269,63967,False
5270,63967,False
5271,63967,False
5272,63967,False
5273,63967,False
5274,63967,False
5275,63967,False
5276,63967,False
5277,63967,False
5278,63967,False
5279,63967,False
5280,63967,False
5281,63967,False
5282,63967,False
5283,63967,False
5284,63967,False
5285,63967,False
5286,63967,False
5287,63967,False
5288,63967,False
5289,63967,False
5290,63967,False
5291,63967,False
5292,63967,False
5293,63967,False
5294,63967,False
5295,63967,False
5296,63967,False
5297,63967,False
5298,63967,False
5299,63967,False
5300,63967,False
5301,63967,False
5302,63967,False
5303,63967,False
5304,63967,False
5305,63967,False
5306,63967,False
5307,63967,False
5308,63967,False
5309,59894,False
5310,59894,False
5311,59894,False
5312,59894,False
5313,59894,False
5314,59894,False
5315,59894,False
5316,59894,False
5317,59894,False
5318,59894,False
5319,59894,False
5320,59894,False
5321,59894,False
5322,59894,False
5323,59894,False
5324,59894,False
5325,59894,False
5326,59894,False
5327,59894,False
5328,59894,False
5329,59894,False
5330,59894,False
5331,59894,False
5332,59894,False
5333,59894,False
5334,59894,False
5335,59894,False
5336,59894,False
5337,59894,False
5338,59894,False
5339,59894,False
5340,59894,False
5341,59894,False
5342,59894,False
5343,59894,False
5344,59894,False
5345,59894,False
5346,59894,False
5347,59894,False
5348,59894,False
5349,59894,False
5350,59894,False
5351,59894,False
5352,59894,False
5353,59894,False
5354,59894,False
5355,59894,False
5356,59894,False
5357,59894,False
5358,59894,False
5359,59894,False
5360,59894,False
5361,59894,False
5363,62925,False
5364,62925,False
5365,62925,False
5366,62925,False
5367,62925,False
5368,62925,False
5369,62925,False
5370,62925,False
5371,62925,False
5372,62925,False
5373,62925,False
5374,62925,False
5375,62925,False
5376,62925,False
5377,62925,False
5378,62925,False
5379,62925,False
5380,62925,False
5381,62925,False
5382,62925,False
5383,62925,False
5384,62925,False
5385,62925,False
5386,62925,False
5387,62925,False
5388,62925,False
5389,62925,False
5390,62925,False
5391,62925,False
5392,62925,False
5393,62925,False
5394,62925,False
5395,62925,False
5396,62925,False
5397,62925,False
5398,62925,False
5399,62925,False
5400,62925,False
5401,62925,False
5402,62925,False
5403,62925,False
5404,62925,False
5405,62925,False
5406,62925,False
5407,62925,False
5408,62925,False
5409,62925,False
5410,62925,False
5411,62925,False
5412,62925,False
5413,62925,False
5414,62925,False
5415,62925,False
5416,62925,False
5417,62925,False
5418,62925,False
5419,62925,False
5420,62925,False
5421,62925,False
5422,59612,False
5423,59612,False
5424,59612,False
5425,59612,False
5426,59612,False
5427,59612,False
5428,59612,False
5429,59612,False
5430,59612,False
5431,59612,False
5432,59612,False
5433,59612,False
5434,59612,False
5435,59612,False
5436,59612,False
5437,59612,False
5438,59612,False
5439,59612,False
5440,64259,False
5441,64259,False
5442,64259,False
5443,64259,False
5444,64259,False
5445,64259,False
5446,64259,False
5447,64259,False
5448,64259,False
5449,64259,False
5450,64259,False
5451,64259,False
5452,64259,False
5453,64259,False
5454,64259,False
5455,64259,False
5456,64259,False
5457,64259,False
5458,64259,False
5459,64259,False
5460,64259,False
5461,64259,False
5462,64259,False
5463,64259,False
5464,64259,False
5465,64259,False
5466,64259,False
5467,64259,False
5468,64259,False
5469,64259,False
5470,62040,False
5471,62040,False
5472,62040,False
5473,62040,False
5474,62040,False
5475,62040,False
5476,62040,False
5477,62040,False
5478,62040,False
5479,62040,False
5480,62040,False
5481,62040,False
5482,62040,False
5483,62040,False
5485,62896,False
5486,62896,False
5487,62896,False
5488,62896,False
5489,62896,False
5490,62896,False
5491,62896,False
5492,62896,False
5493,62965,False
5494,62965,False
5495,62965,False
5496,62965,False
5497,62965,False
5498,62965,False
5499,62965,False
5500,62965,False
5501,62965,False
5502,62965,False
5503,62965,False
5504,62965,False
5505,58517,False
5506,58517,False
5507,58517,False
5508,58517,False
5509,58517,False
5510,58517,False
5511,58517,False
5512,58517,False
5513,58517,False
5514,58517,False
5515,58517,False
5516,58517,False
5517,58517,False
5518,58517,False
5519,58517,False
5520,58517,False
5521,58517,False
5522,58517,False
5523,58517,False
5524,58517,False
5525,58517,False
5526,58517,False
5527,58517,False
5528,58517,False
5529,63849,False
5531,63849,False
5532,63849,False
5533,63849,False
5534,63849,False
5535,63849,False
5536,63849,False
5537,63849,False
5538,63849,False
5539,59937,False
5540,59937,False
5541,59937,False
5542,59937,False
5543,59937,False
5544,59937,False
5545,59937,False
5546,59937,False
5547,59937,False
5548,59937,False
5549,59937,False
5550,59937,False
5551,64215,False
5552,64215,False
5553,64215,False
5554,64215,False
5555,64215,False
5556,64215,False
5557,64215,False
5558,64215,False
5559,64215,False
5560,64215,False
5561,64215,False
5562,64215,False
5563,64215,False
5564,64215,False
5565,64215,False
5566,64215,False
5567,64215,False
5568,64215,False
5569,64215,False
5570,64215,False
5571,64215,False
5572,64215,False
5573,64215,False
5574,64215,False
5575,64215,False
5576,64215,False
5577,64215,False
5578,64215,False
5579,64215,False
5580,64215,False
5581,64215,False
5582,64215,False
5583,64215,False
5584,64215,False
5585,64215,False
5586,64215,False
5587,64215,False
5588,64215,False
5589,64215,False
5590,64215,False
5591,64215,False
5592,64215,False
5593,64215,False
5594,64215,False
5595,64215,False
5596,64215,False
5597,64215,False
5598,64215,False
5599,64215,False
5600,64215,False
5601,64215,False
5602,64215,False
5603,64215,False
5604,64215,False
5605,64215,False
5606,63875,False
5607,63875,False
5608,63875,False
5609,63875,False
5610,63875,False
5611,63875,False
5612,63875,False
5613,63875,False
5614,63875,False
5615,63875,False
5616,63875,False
5617,63875,False
5618,63875,False
5619,63875,False
5620,63875,False
5621,63875,False
5622,63875,False
5623,63875,False
5624,63875,False
5625,63875,False
5626,63875,False
5627,63875,False
5628,63875,False
5629,63875,False
5630,63875,False
5631,63875,False
5633,60740,False
5634,60740,False
5635,60740,False
5636,60740,False
5637,60740,False
5638,60740,False
5639,60740,False
5640,60740,False
5641,60740,False
5642,60740,False
5643,60740,False
5644,60740,False
5645,60740,False
5646,60740,False
5647,47162,False
5648,47162,False
5651,47162,False
5652,47162,False
5654,59851,False
5655,59851,False
5656,59851,False
5657,59851,False
5658,59851,False
5659,59851,False
5660,59851,False
5661,59851,False
5662,59851,False
5663,59851,False
5664,59851,False
5665,59200,False
5666,59200,False
5667,59200,False
5668,59200,False
5669,59200,False
5670,59200,False
5671,59200,False
5672,59200,False
5673,59200,False
5674,59200,False
5675,59200,False
5676,59200,False
5678,58948,False
5679,58948,False
5680,58948,False
5681,58948,False
5682,58948,False
5683,58948,False
5684,58948,False
5685,58948,False
5686,58948,False
5687,58948,False
5688,58948,False
5689,58948,False
5690,58948,False
5691,58948,False
5692,58844,False
5693,58844,False
5694,58844,False
5695,58844,False
5696,58844,False
5697,58844,False
5698,58844,False
5699,58844,False
5700,58844,False
5701,58844,False
5702,58844,False
5703,58844,False
5704,58844,False
5705,58844,False
5706,58844,False
5707,58844,False
5708,58844,False
5709,58844,False
5710,58844,False
5711,58844,False
5712,58844,False
5713,63378,False
5714,63378,False
5715,63378,False
5716,63378,False
5717,63378,False
5718,63378,False
5719,63378,False
5720,63378,False
5721,63378,False
5722,63378,False
5724,62047,False
5725,62047,False
5726,62047,False
5727,62047,False
5728,62047,False
5729,62047,False
5730,62047,False
5731,62047,False
5732,62047,False
5733,62047,False
5737,47675,False
5738,59800,False
5739,59800,False
5740,59800,False
5741,59800,False
5742,59800,False
5743,59800,False
5744,59800,False
5745,59800,False
5746,59800,False
5747,59800,False
5748,59800,False
5749,59800,False
5750,59800,False
5751,59800,False
5752,59800,False
5753,59800,False
5754,59800,False
5755,59800,False
5756,59800,False
5757,59800,False
5758,59800,False
5760,60103,False
5761,60103,False
5762,60103,False
5763,60103,False
5764,60103,False
5765,60103,False
5766,60103,False
5767,60103,False
5768,60103,False
5769,60103,False
5770,60103,False
5771,60103,False
5772,60103,False
5773,60103,False
5774,60103,False
5775,60103,False
5776,60103,False
5777,60103,False
5778,60103,False
5779,60103,False
5780,60103,False
5781,60103,False
5782,60103,False
5783,60103,False
5784,60103,False
5785,60103,False
5786,60103,False
5787,60103,False
5788,60103,False
5789,60103,False
5790,60103,False
5791,60103,False
5792,60103,False
5793,60103,False
5794,60103,False
5795,60103,False
5796,60103,False
5797,60103,False
5798,60103,False
5799,60103,False
5800,60103,False
5801,62023,False
5802,62023,False
5803,62023,False
5804,62023,False
5805,62023,False
5806,62023,False
5807,62023,False
5808,62023,False
5809,62023,False
5810,62023,False
5811,62023,False
5812,62023,False
5813,62023,False
5814,62023,False
5815,62023,False
5816,62023,False
5817,62023,False
5818,62023,False
5819,62023,False
5821,62301,False
5822,62301,False
5823,62301,False
5824,62301,False
5825,62301,False
5826,62301,False
5827,62301,False
5828,62301,False
5829,62301,False
5830,62301,False
5831,62301,False
5832,62301,False
5833,62301,False
5834,62301,False
5835,62301,False
5836,62301,False
5837,62301,False
5838,62301,False
5839,62301,False
5840,62301,False
5841,62301,False
5842,62301,False
5843,62301,False
5844,62301,False
5845,62301,False
5846,62301,False
5847,62301,False
5848,62301,False
5849,62301,False
5850,62301,False
5851,62301,False
5852,62301,False
5853,62301,False
5854,62301,False
5855,62301,False
5856,62301,False
5857,62301,False
5858,62301,False
5859,62301,False
5860,62301,False
5861,62301,False
5862,62301,False
5863,62301,False
5864,62301,False
5865,62301,False
5866,62301,False
5867,62301,False
5868,62301,False
5869,62301,False
5870,62301,False
5871,62301,False
5872,62301,False
5873,62301,False
5874,62301,False
5875,62301,False
5876,60359,False
5877,60359,False
5878,60359,False
5879,60359,False
5880,60359,False
5881,60359,False
5882,60359,False
5883,60359,False
5884,60359,False
5885,60359,False
5886,60359,False
5887,60359,False
5888,60359,False
5889,60359,False
5890,60359,False
5891,60359,False
5892,60359,False
5893,60359,False
5895,59017,False
5896,59017,False
5897,59017,False
5898,59017,False
5899,59017,False
5900,59017,False
5901,59017,False
5902,59017,False
5903,59017,False
5904,59017,False
5905,59017,False
5906,62148,False
5907,62148,False
5908,62148,False
5909,62148,False
5910,62148,False
5911,62148,False
5912,62148,False
5913,62148,False
5914,62148,False
5915,62148,False
5917,59636,False
5918,59636,False
5919,59636,False
5920,59636,False
5921,59636,False
5922,59636,False
5923,59636,False
5924,59636,False
5925,59636,False
5926,59636,False
5927,59636,False
5928,59636,False
5929,59636,False
5931,63078,False
5932,63078,False
5933,63078,False
5934,63078,False
5935,63078,False
5936,63078,False
5937,63078,False
5938,63078,False
5939,63078,False
5940,63078,False
5941,63078,False
5942,63078,False
5943,63078,False
5944,63078,False
5945,63078,False
5946,63078,False
5947,63078,False
5948,63078,False
5949,63078,False
5950,63078,False
5951,63078,False
5952,63078,False
5953,63078,False
5954,63078,False
5955,63078,False
5956,63078,False
5957,63078,False
5958,63078,False
5959,63078,False
5960,63078,False
5961,63078,False
5962,63078,False
5963,63078,False
5964,63078,False
5965,63078,False
5966,63078,False
5967,63078,False
5968,63078,False
5969,63078,False
5970,63078,False
5971,63078,False
5972,63078,False
5973,63078,False
5974,63078,False
5975,63078,False
5976,63078,False
5977,63078,False
5978,63078,False
5979,63078,False
5980,63078,False
5981,63078,False
5982,63078,False
5983,63078,False
5984,63078,False
5985,63078,False
5986,63078,False
5987,63078,False
5988,63078,False
5989,63078,False
5990,63078,False
5991,63078,False
5992,63078,False
5993,63078,False
5994,63078,False
5995,63078,False
5996,63078,False
5997,63078,False
5998,63078,False
5999,63078,False
6000,63078,False
6001,63078,False
6002,63078,False
6003,63078,False
6004,63078,False
6005,63078,False
6006,63078,False
6007,63078,False
6008,63078,False
6009,63078,False
6010,63078,False
6011,63078,False
6012,63078,False
6013,63078,False
6014,63078,False
6015,63078,False
6016,63078,False
6017,63078,False
6018,63078,False
6019,63078,False
6020,63078,False
6021,63078,False
6022,63078,False
6023,63078,False
6024,60199,False
6025,60199,False
6026,60199,False
6027,60199,False
6028,60199,False
6029,60199,False
6030,60199,False
6031,60199,False
6032,60199,False
6033,60199,False
6034,60199,False
6035,60199,False
6036,60199,False
6037,60199,False
6038,60199,False
6039,60199,False
6040,60199,False
6041,60199,False
6042,60199,False
6043,60199,False
6044,60199,False
6045,62960,False
6046,62960,False
6047,62960,False
6048,62960,False
6049,62960,False
6050,62960,False
6051,62960,False
6052,62960,False
6053,62960,False
6054,62960,False
6055,62960,False
6056,62960,False
6057,62960,False
6058,62960,False
6059,62960,False
6060,62960,False
6061,62960,False
6062,62960,False
6063,62960,False
6064,60340,False
6065,60340,False
6066,60340,False
6067,60340,False
6068,60340,False
6069,60340,False
6070,60340,False
6071,60340,False
6072,60340,False
6073,60340,False
6074,60340,False
6075,60340,False
6076,60340,False
6077,60340,False
6078,60340,False
6079,60340,False
6080,60340,False
6081,60340,False
6082,60340,False
6083,60340,False
6084,60340,False
6085,60340,False
6086,60340,False
6087,60340,False
6088,60340,False
6089,60340,False
6090,60340,False
6091,60340,False
6092,60340,False
6093,60340,False
6094,60340,False
6095,60340,False
6096,60340,False
6097,60340,False
6098,60340,False
6099,60340,False
6100,60340,False
6101,60340,False
6102,60340,False
6103,60340,False
6104,60340,False
6105,60340,False
6106,60340,False
6107,60340,False
6108,60340,False
6109,60340,False
6110,60340,False
6111,60340,False
6112,60340,False
6113,60340,False
6114,60340,False
6115,60340,False
6116,60340,False
6117,60340,False
6118,60340,False
6119,60340,False
6120,60340,False
6121,60340,False
6122,60340,False
6123,60340,False
6124,60340,False
6125,60340,False
6126,60340,False
6127,60340,False
6128,60340,False
6129,60340,False
6130,60340,False
6131,60340,False
6132,60340,False
6133,60340,False
6134,60340,False
6135,60340,False
6136,60340,False
6137,60340,False
6138,60340,False
6139,60340,False
6140,60340,False
6141,60340,False
6142,63649,False
6143,63649,False
6144,63649,False
6145,63649,False
6146,63649,False
6147,63649,False
6148,63649,False
6149,63649,False
6150,63649,False
6151,63649,False
6152,63649,False
6153,63649,False
6154,48003,False
6155,48003,False
6156,48003,False
6157,48003,False
6158,63876,False
6159,63876,False
6160,63876,False
6161,63876,False
6162,63876,False
6163,63876,False
6164,63876,False
6165,63876,False
6166,63876,False
6167,63876,False
6168,63876,False
6169,63876,False
6170,63876,False
6171,64130,False
6172,64130,False
6173,64130,False
6174,64130,False
6175,64130,False
6176,64130,False
6177,64130,False
6178,64130,False
6179,64130,False
6180,64130,False
6182,53217,False
6184,53217,False
6185,58718,False
6186,58718,False
6187,58718,False
6188,58718,False
6189,58718,False
6190,58718,False
6191,58718,False
6192,58718,False
6193,58718,False
6194,58718,False
6195,58718,False
6196,58718,False
6197,58718,False
6201,61926,False
6202,61926,False
6203,61926,False
6204,61926,False
6205,61926,False
6206,61926,False
6207,61926,False
6208,61926,False
6209,61926,False
6210,61926,False
6211,61926,False
6212,61926,False
6214,61926,False
6215,60443,False
6216,60443,False
6217,60443,False
6218,60443,False
6219,60443,False
6220,60443,False
6221,60443,False
6222,60443,False
6223,60443,False
6224,60443,False
6225,60443,False
6226,60443,False
6227,60443,False
6228,60443,False
6229,60443,False
6230,60443,False
6231,60443,False
6232,60443,False
6233,60443,False
6234,60443,False
6235,60443,False
6236,60443,False
6237,60443,False
6238,60443,False
6239,60443,False
6240,60443,False
6241,60443,False
6242,60443,False
6243,60443,False
6244,60443,False
6245,60443,False
6246,60443,False
6247,60443,False
6248,60443,False
6249,60443,False
6250,60443,False
6251,60443,False
6252,60443,False
6253,60443,False
6254,60443,False
6255,60443,False
6256,60443,False
6257,60443,False
6258,60443,False
6259,60443,False
6260,60443,False
6261,60443,False
6262,60443,False
6263,60443,False
6264,60443,False
6265,60443,False
6266,60443,False
6267,60443,False
6268,60443,False
6269,60443,False
6270,60443,False
6271,60443,False
6272,60443,False
6273,60443,False
6274,60443,False
6275,60443,False
6276,60443,False
6277,60443,False
6278,60443,False
6279,60443,False
6280,60443,False
6281,60443,False
6282,60443,False
6283,60443,False
6284,60443,False
6285,60443,False
6286,60443,False
6287,60443,False
6288,60443,False
6289,60443,False
6290,60443,False
6291,60443,False
6292,60443,False
6293,60443,False
6294,60443,False
6295,60443,False
6301,55415,False
6302,59168,False
6303,59168,False
6304,59168,False
6305,59168,False
6306,59168,False
6307,59168,False
6308,59168,False
6309,59168,False
6310,59168,False
6311,59168,False
6312,59168,False
6313,59168,False
6314,59168,False
6315,59168,False
6316,59168,False
6317,59168,False
6318,59168,False
6319,59168,False
6320,59168,False
6321,59168,False
6322,59168,False
6323,59168,False
6324,59168,False
6325,59168,False
6326,59168,False
6327,63372,False
6328,63372,False
6329,63372,False
6330,63372,False
6331,63372,False
6332,63372,False
6333,63372,False
6334,63372,False
6335,63372,False
6336,63372,False
6337,63372,False
6338,60345,False
6339,60345,False
6340,60345,False
6341,60345,False
6342,60345,False
6343,60345,False
6344,60345,False
6345,60345,False
6346,60345,False
6347,60345,False
6348,60345,False
6349,60345,False
6350,60345,False
6351,60345,False
6352,60345,False
6353,60345,False
6354,60345,False
6355,60345,False
6356,60345,False
6357,60345,False
6358,60345,False
6359,60345,False
6360,60345,False
6361,60345,False
6362,60345,False
6363,60345,False
6364,60345,False
6365,60345,False
6366,60345,False
6367,60345,False
6368,60345,False
6369,60345,False
6370,60345,False
6371,60345,False
6372,60345,False
6373,60345,False
6374,60345,False
6375,60345,False
6376,60345,False
6377,60345,False
6378,60345,False
6379,60345,False
6380,60345,False
6381,60345,False
6382,60345,False
6383,60345,False
6384,60345,False
6385,60345,False
6386,60345,False
6387,60345,False
6388,60345,False
6389,60345,False
6390,59907,False
6391,59907,False
6392,59907,False
6393,59907,False
6394,59907,False
6395,59907,False
6396,59907,False
6397,59907,False
6398,59907,False
6399,59907,False
6400,59907,False
6401,59907,False
6403,59907,False
6406,57103,False
6407,57103,False
6408,57103,False
6412,59941,False
6413,59941,False
6414,59941,False
6415,59941,False
6416,59941,False
6417,59941,False
6418,59941,False
6419,59941,False
6420,59941,False
6421,59941,False
6422,59941,False
6423,59941,False
6424,59941,False
6425,59941,False
6426,59941,False
6427,59941,False
6428,59941,False
6429,59941,False
6430,59941,False
6431,59941,False
6432,59941,False
6433,59941,False
6434,59941,False
6435,59941,False
6436,59941,False
6437,59941,False
6438,59941,False
6439,59941,False
6440,59941,False
6441,59941,False
6442,59941,False
6443,59941,False
6444,59941,False
6445,59941,False
6446,59941,False
6447,59941,False
6448,59941,False
6449,59941,False
6450,59941,False
6451,59941,False
6452,59941,False
6453,59941,False
6454,59941,False
6455,59941,False
6456,59941,False
6457,59941,False
6458,59941,False
6459,59941,False
6463,45232,False
6464,45232,False
6465,45232,False
6466,60341,False
6467,60341,False
6468,60341,False
6469,60341,False
6470,60341,False
6471,60341,False
6472,60341,False
6473,60341,False
6474,60341,False
6475,60341,False
6476,60341,False
6477,60341,False
6478,60341,False
6479,60341,False
6480,60341,False
6481,60341,False
6482,60341,False
6483,60341,False
6484,60341,False
6485,60341,False
6486,60341,False
6487,60341,False
6488,60341,False
6489,60341,False
6490,60341,False
6491,60341,False
6492,60341,False
6493,60341,False
6494,60341,False
6495,60341,False
6496,60341,False
6497,60341,False
6498,60341,False
6499,60341,False
6500,60341,False
6501,60341,False
6502,60341,False
6503,60341,False
6504,60341,False
6505,60341,False
6506,60341,False
6507,60341,False
6508,60341,False
6509,60341,False
6510,60341,False
6511,60341,False
6512,60341,False
6513,60341,False
6514,46703,False
6517,46703,False
6518,46703,False
6519,58107,False
6520,58107,False
6521,58107,False
6522,58107,False
6523,58107,False
6524,58107,False
6525,58107,False
6526,58107,False
6527,58107,False
6528,58107,False
6529,58107,False
6530,58107,False
6531,58107,False
6532,58107,False
6533,58107,False
6534,58107,False
6535,58107,False
6536,58107,False
6537,58107,False
6538,58107,False
6539,58107,False
6540,58107,False
6541,58107,False
6542,58107,False
6543,58107,False
6544,58107,False
6545,58107,False
6546,58107,False
6547,58107,False
6548,58107,False
6549,58107,False
6550,58107,False
6551,58107,False
6552,58107,False
6553,58107,False
6554,58107,False
6555,58107,False
6556,58107,False
6557,58107,False
6558,58107,False
6559,58107,False
6560,58107,False
6561,58107,False
6562,58107,False
6563,58107,False
6564,58107,False
6565,58107,False
6566,58107,False
6567,58107,False
6568,58107,False
6569,58107,False
6570,58107,False
6571,58107,False
6572,58107,False
6573,58107,False
6574,58107,False
6575,58107,False
6576,58107,False
6577,58107,False
6578,58107,False
6579,58107,False
6580,58107,False
6581,58107,False
6582,58107,False
6583,58107,False
6584,58107,False
6585,58107,False
6586,58107,False
6587,58107,False
6588,58107,False
6589,58107,False
6590,58107,False
6591,58107,False
6592,58107,False
6593,58107,False
6594,58107,False
6595,58107,False
6598,62823,False
6599,62823,False
6600,62823,False
6601,62823,False
6602,62823,False
6603,62823,False
6604,62823,False
6605,62823,False
6606,62823,False
6607,62823,False
6608,62823,False
6609,62823,False
6610,62823,False
6611,62823,False
6612,62823,False
6613,62823,False
6614,62823,False
6615,62823,False
6616,62823,False
6617,62823,False
6618,62823,False
6619,62823,False
6620,62823,False
6621,62823,False
6622,62823,False
6623,62823,False
6624,62823,False
6625,62823,False
6626,62823,False
6627,62823,False
6628,62823,False
6629,62823,False
6630,62823,False
6631,62823,False
6632,62823,False
6633,62823,False
6634,62823,False
6635,62823,False
6636,63380,False
6637,63380,False
6638,63380,False
6639,63380,False
6640,63380,False
6641,63380,False
6642,63380,False
6643,63380,False
6644,63380,False
6645,63380,False
6646,63380,False
6647,63380,False
6648,63380,False
6649,59618,False
6650,44944,False
6652,52460,False
6653,52460,False
6654,46755,False
6655,61510,False
6656,61510,False
6657,61510,False
6658,61510,False
6659,61510,False
6660,61510,False
6661,61510,False
6662,61510,False
6663,61510,False
6664,61510,False
6665,61510,False
6666,61510,False
6667,61510,False
6668,61510,False
6669,61510,False
6670,61510,False
6671,61510,False
6672,61510,False
6673,61510,False
6674,61510,False
6675,61510,False
6676,61510,False
6677,61510,False
6678,61510,False
6679,61510,False
6680,61510,False
6681,61510,False
6682,61510,False
6683,61510,False
6684,61510,False
6685,61510,False
6686,61510,False
6687,61510,False
6688,61510,False
6689,61510,False
6690,61510,False
6691,61510,False
6692,61510,False
6693,61510,False
6694,61510,False
6695,61510,False
6696,61510,False
6697,61510,False
6698,61510,False
6699,61510,False
6700,61510,False
6701,61510,False
6702,61510,False
6703,61510,False
6704,61510,False
6705,61510,False
6706,61510,False
6707,61510,False
6708,61510,False
6709,61510,False
6710,61510,False
6711,61510,False
6712,61510,False
6713,61510,False
6714,61510,False
6715,61510,False
6716,61510,False
6717,61510,False
6718,61510,False
6719,61510,False
6720,61510,False
6721,61510,False
6722,61510,False
6723,61510,False
6724,45692,False
6725,45692,False
6727,62488,False
6728,62488,False
6729,62488,False
6730,62488,False
6731,62488,False
6732,62488,False
6733,62488,False
6734,62488,False
6735,62488,False
6736,62488,False
6737,62488,False
6738,62488,False
6739,62488,False
6740,62488,False
6741,62488,False
6742,62488,False
6743,62488,False
6744,62488,False
6746,62865,False
6747,62865,False
6748,62865,False
6749,62865,False
6750,62865,False
6751,62865,False
6752,62865,False
6753,62865,False
6754,62865,False
6755,62865,False
6756,62865,False
6757,62865,False
6758,62865,False
6759,62865,False
6760,62865,False
6761,62865,False
6762,62865,False
6763,62865,False
6764,62865,False
6765,62865,False
6766,62865,False
6767,62865,False
6768,62865,False
6769,62865,False
6770,62865,False
6771,62865,False
6772,62865,False
6773,62865,False
6774,62865,False
6775,62865,False
6776,62865,False
6777,62865,False
6778,62865,False
6779,62865,False
6780,62865,False
6781,62865,False
6782,62865,False
6783,62865,False
6784,62865,False
6785,62865,False
6786,62865,False
6787,62865,False
6788,62865,False
6789,62865,False
6790,62865,False
6791,62865,False
6792,62865,False
6793,62865,False
6794,62865,False
6795,62865,False
6796,59675,False
6797,59675,False
6798,59675,False
6799,59675,False
6800,59675,False
6801,59675,False
6802,59675,False
6803,59675,False
6804,59675,False
6805,59675,False
6806,59675,False
6807,59675,False
6808,59675,False
6809,59675,False
6810,59675,False
6811,59675,False
6812,59675,False
6813,59675,False
6814,59675,False
6815,59675,False
6816,59675,False
6817,59675,False
6818,59675,False
6819,59675,False
6820,59675,False
6821,59675,False
6822,59675,False
6823,59675,False
6826,62037,False
6827,62037,False
6828,62037,False
6829,62037,False
6830,62037,False
6831,62037,False
6832,62037,False
6833,62037,False
6834,62037,False
6835,62037,False
6836,62037,False
6837,62037,False
6838,62037,False
6839,62037,False
6840,62037,False
6841,62037,False
6842,62037,False
6843,62037,False
6844,62037,False
6845,62037,False
6846,62037,False
6847,62037,False
6848,62037,False
6849,55768,False
6850,55768,False
6851,55768,False
6852,55768,False
6853,55768,False
6854,62049,False
6855,62049,False
6856,62049,False
6857,62049,False
6858,62049,False
6859,62049,False
6860,62049,False
6861,62049,False
6862,62049,False
6863,62049,False
6865,62568,False
6866,62568,False
6867,62568,False
6868,62568,False
6869,62568,False
6870,62568,False
6871,62568,False
6872,62568,False
6873,62568,False
6874,62568,False
6875,62568,False
6876,62568,False
6877,62568,False
6878,62568,False
6879,62568,False
6880,62568,False
6881,62568,False
6882,48387,False
6883,53284,False
6884,48660,False
6885,48660,False
6886,48660,False
6887,48660,False
6888,48660,False
6889,48660,False
6890,48660,False
6891,48660,False
6892,60108,False
6893,60108,False
6894,60108,False
6895,60108,False
6896,60108,False
6897,60108,False
6898,60108,False
6899,60108,False
6900,60108,False
6901,60108,False
6902,60108,False
6903,62118,False
6904,62118,False
6905,62118,False
6906,62118,False
6907,62118,False
6908,62118,False
6909,62118,False
6910,62118,False
6911,62118,False
6912,62118,False
6913,62118,False
6914,62118,False
6915,62118,False
6916,62118,False
6917,62118,False
6918,62118,False
6919,62118,False
6920,62118,False
6921,62118,False
6922,62118,False
6923,62118,False
6924,62118,False
6925,62118,False
6926,62118,False
6927,62118,False
6928,62118,False
6929,62118,False
6930,62118,False
6931,62118,False
6932,62118,False
6933,62118,False
6934,62118,False
6935,62118,False
6936,62118,False
6937,62118,False
6938,62118,False
6939,62118,False
6940,62118,False
6941,62118,False
6942,62118,False
6943,62118,False
6944,62118,False
6945,62118,False
6946,62118,False
6947,62118,False
6948,62118,False
6949,62118,False
6950,62118,False
6951,62118,False
6952,62118,False
6953,62118,False
6954,62118,False
6955,62118,False
6956,62118,False
6957,62118,False
6958,62118,False
6961,62043,False
6962,62043,False
6963,62043,False
6964,62043,False
6965,62043,False
6966,62043,False
6967,62043,False
6968,62043,False
6969,62043,False
6970,62043,False
6971,62043,False
6972,62043,False
6973,62043,False
6974,62043,False
6975,62043,False
6976,62043,False
6977,62043,False
6978,62043,False
6979,62043,False
6980,62043,False
6981,62043,False
6982,62043,False
6983,62043,False
6984,62043,False
6985,62043,False
6986,59639,False
6987,59639,False
6988,59639,False
6989,59639,False
6990,59639,False
6991,59639,False
6992,59639,False
6993,59639,False
6994,59639,False
6995,59639,False
6996,59639,False
6997,59639,False
6998,59639,False
6999,59639,False
7000,59639,False
7001,59639,False
7002,59639,False
7003,59639,False
7004,59639,False
7006,63086,False
7032,63086,False
7033,63086,False
7034,63086,False
7035,63086,False
7036,63086,False
7037,63086,False
7038,63086,False
7039,63086,False
7040,63086,False
7041,63086,False
7042,63086,False
7043,63086,False
7044,63086,False
7045,63086,False
7046,63086,False
7047,63086,False
7048,63086,False
7049,63086,False
7050,63086,False
7051,63086,False
7052,63086,False
7053,63086,False
7054,63086,False
7055,63086,False
7056,63086,False
7057,63086,False
7058,63086,False
7059,63086,False
7060,63086,False
7061,63086,False
7062,63086,False
7063,63086,False
7064,63086,False
7065,63086,False
7066,63086,False
7067,63086,False
7068,63086,False
7069,63086,False
7070,63086,False
7071,63086,False
7072,63086,False
7073,63086,False
7074,63086,False
7075,63086,False
7076,63086,False
7077,63086,False
7078,63086,False
7079,63086,False
7080,63086,False
7081,63086,False
7082,63086,False
7083,63086,False
7084,63086,False
7085,63086,False
7086,63086,False
7087,63086,False
7088,63086,False
7089,63086,False
7090,63086,False
7091,63086,False
7092,63086,False
7093,63086,False
7094,63086,False
7095,63086,False
7096,63086,False
7097,63086,False
7098,63086,False
7099,63086,False
7100,63086,False
7101,63086,False
7102,63086,False
7103,63086,False
7104,63634,False
7105,63634,False
7106,63634,False
7107,63634,False
7108,63634,False
7109,63634,False
7110,63634,False
7111,63634,False
7112,63634,False
7113,63634,False
7114,63634,False
7115,63634,False
7116,63634,False
7117,63634,False
7118,63634,False
7119,63634,False
7120,63634,False
7121,63634,False
7122,63634,False
7123,63634,False
7124,63634,False
7125,63634,False
7126,63634,False
7127,63634,False
7128,63634,False
7129,63634,False
7130,63634,False
7131,63634,False
7132,63634,False
7133,63634,False
7134,63634,False
7135,63634,False
7136,63634,False
7137,63634,False
7138,63634,False
7139,63634,False
7140,63634,False
7141,63634,False
7142,63634,False
7143,63634,False
7144,63634,False
7145,63634,False
7146,63634,False
7147,63634,False
7148,63634,False
7149,63634,False
7150,63634,False
7151,63634,False
7152,63634,False
7153,63634,False
7154,63634,False
7155,63634,False
7156,63634,False
7157,63634,False
7158,63634,False
7159,63634,False
7160,63634,False
7161,63634,False
7162,63634,False
7163,62955,False
7164,62955,False
7165,62955,False
7166,62955,False
7167,62955,False
7168,62955,False
7169,62955,False
7170,62955,False
7171,62955,False
7172,62955,False
7173,62955,False
7174,62955,False
7175,62955,False
7176,62955,False
7177,62955,False
7178,62955,False
7179,62955,False
7180,62955,False
7181,62955,False
7182,62955,False
7183,62955,False
7184,62955,False
7185,62955,False
7186,62955,False
7187,62955,False
7188,62955,False
7189,62955,False
7190,62955,False
7191,62955,False
7192,62955,False
7193,62955,False
7194,62955,False
7195,62955,False
7196,62955,False
7197,62955,False
7198,62955,False
7199,62955,False
7200,62955,False
7201,62955,False
7202,62955,False
7203,62955,False
7204,62955,False
7205,62955,False
7206,62955,False
7207,62955,False
7208,62955,False
7209,62955,False
7210,62955,False
7211,62955,False
7212,62955,False
7213,62955,False
7214,62955,False
7215,62955,False
7216,62955,False
7217,62955,False
7218,62955,False
7219,62955,False
7220,62955,False
7221,62955,False
7222,62955,False
7223,62955,False
7224,62955,False
7225,62955,False
7226,62955,False
7227,62955,False
7228,62955,False
7229,62955,False
7230,62955,False
7231,62955,False
7232,62955,False
7233,62955,False
7234,62955,False
7235,62955,False
7236,62955,False
7237,62955,False
7238,62955,False
7239,62955,False
7240,62955,False
7241,62955,False
7242,62955,False
7243,62955,False
7244,62955,False
7245,62955,False
7246,62955,False
7247,62955,False
7248,62955,False
7249,62955,False
7250,62955,False
7251,62955,False
7252,62955,False
7253,62955,False
7254,62955,False
7255,62955,False
7256,59671,False
7262,59671,False
7263,59671,False
7264,59671,False
7265,59671,False
7267,64104,False
7268,64104,False
7269,64104,False
7270,64104,False
7271,64104,False
7272,64104,False
7273,64104,False
7274,64104,False
7275,64104,False
7276,64104,False
7277,64104,False
7278,64104,False
7279,64104,False
7280,64104,False
7281,64104,False
7282,64104,False
7283,64104,False
7285,59387,False
7286,59387,False
7287,59387,False
7288,59387,False
7289,59387,False
7290,59387,False
7291,59387,False
7292,59387,False
7293,59387,False
7294,59387,False
7295,59387,False
7296,59387,False
7297,59387,False
7298,59387,False
7299,63705,False
7300,63705,False
7301,63705,False
7302,63705,False
7303,63705,False
7304,63705,False
7305,63705,False
7306,63705,False
7307,63705,False
7308,63705,False
7309,63705,False
7310,63705,False
7311,63705,False
7312,63705,False
7313,63705,False
7314,63705,False
7315,63705,False
7316,63705,False
7317,63705,False
7318,63705,False
7319,63705,False
7320,63705,False
7321,63705,False
7322,63705,False
7323,63705,False
7324,63705,False
7325,63705,False
7326,63705,False
7327,63705,False
7328,63705,False
7329,63705,False
7330,63705,False
7331,63705,False
7332,63705,False
7333,63705,False
7334,63705,False
7335,63705,False
7336,63705,False
7337,63705,False
7338,63705,False
7339,63705,False
7340,63705,False
7341,63705,False
7342,63705,False
7343,63705,False
7344,63705,False
7345,63705,False
7346,63705,False
7347,63705,False
7348,63705,False
7349,63705,False
7350,63705,False
7351,63705,False
7352,63705,False
7353,63705,False
7354,63705,False
7355,63705,False
7356,63705,False
7357,63705,False
7358,63705,False
7359,63705,False
7360,63705,False
7361,63705,False
7362,63705,False
7363,63705,False
7364,63705,False
7365,63705,False
7366,63705,False
7367,63705,False
7368,63705,False
7369,63705,False
7370,63705,False
7371,63705,False
7372,63705,False
7373,63705,False
7374,63705,False
7375,58892,False
7376,58892,False
7377,58892,False
7378,58892,False
7379,58892,False
7380,58892,False
7381,58892,False
7382,58892,False
7383,58892,False
7384,58892,False
7385,58892,False
7386,58892,False
7387,58892,False
7388,58892,False
7389,58892,False
7390,58892,False
7391,58892,False
7392,58892,False
7393,58892,False
7394,58892,False
7395,58892,False
7396,58892,False
7397,58892,False
7398,58892,False
7399,58892,False
7400,58892,False
7401,58892,False
7402,58892,False
7403,58892,False
7404,58892,False
7405,58892,False
7406,58892,False
7407,58892,False
7408,58892,False
7409,58892,False
7410,58892,False
7411,58892,False
7412,58892,False
7413,58892,False
7414,58892,False
7415,58892,False
7416,58892,False
7417,58892,False
7418,58892,False
7419,58892,False
7420,58892,False
7421,58892,False
7422,58892,False
7423,58892,False
7424,58892,False
7425,58892,False
7426,58892,False
7427,58892,False
7428,58892,False
7429,58892,False
7430,58892,False
7431,58892,False
7432,58892,False
7433,58892,False
7434,58892,False
7435,58892,False
7436,51890,False
7437,63363,False
7438,63363,False
7439,63363,False
7440,63363,False
7441,63363,False
7442,63363,False
7443,63363,False
7444,63363,False
7445,63363,False
7446,63363,False
7447,63363,False
7448,63363,False
7449,63363,False
7450,63363,False
7451,63363,False
7452,63363,False
7453,63363,False
7454,63363,False
7455,63363,False
7456,63363,False
7457,63363,False
7458,63363,False
7459,63363,False
7460,63363,False
7461,63363,False
7462,63363,False
7463,63363,False
7464,63363,False
7465,63363,False
7466,63363,False
7468,59753,False
7469,63088,False
7470,63088,False
7471,63088,False
7472,63088,False
7504,63088,False
7507,64111,False
7508,64111,False
7509,64111,False
7510,64111,False
7511,64111,False
7512,64111,False
7513,64111,False
7514,64111,False
7515,64111,False
7516,64111,False
7517,64111,False
7518,64111,False
7519,64111,False
7520,64111,False
7521,64111,False
7522,64111,False
7523,64111,False
7524,64111,False
7525,64111,False
7526,64111,False
7527,64111,False
7528,64111,False
7529,64111,False
7530,64111,False
7531,64111,False
7532,64111,False
7533,64111,False
7534,64111,False
7535,64111,False
7536,64111,False
7537,64111,False
7538,64111,False
7539,64111,False
7540,64111,False
7541,64111,False
7542,64111,False
7543,64111,False
7544,64111,False
7545,64111,False
7546,64111,False
7547,64111,False
7548,64111,False
7549,64111,False
7550,64111,False
7551,64111,False
7552,64111,False
7553,64111,False
7554,64111,False
7555,64111,False
7556,64111,False
7557,64111,False
7558,64111,False
7559,64111,False
7560,64111,False
7561,64111,False
7562,64111,False
7563,64111,False
7564,64111,False
7565,64111,False
7566,64111,False
7567,64111,False
7568,64111,False
7569,64111,False
7570,64111,False
7571,64111,False
7572,64111,False
7573,64111,False
7574,64111,False
7575,64111,False
7576,64111,False
7577,64111,False
7578,64111,False
7579,64111,False
7580,64111,False
7581,64111,False
7582,64111,False
7583,64111,False
7584,64111,False
7585,64111,False
7586,64111,False
7587,64111,False
7588,64111,False
7589,64111,False
7590,64111,False
7591,64111,False
7592,64111,False
7593,64111,False
7594,64111,False
7595,64111,False
7596,55639,False
7597,55639,False
7598,55639,False
7599,55639,False
7600,55639,False
7601,55639,False
7602,55639,False
7603,55639,False
7604,55639,False
7605,55639,False
7606,55639,False
7607,64225,False
7608,64225,False
7609,64225,False
7610,64225,False
7611,64225,False
7612,64225,False
7613,64225,False
7614,64225,False
7615,64225,False
7616,64225,False
7617,64225,False
7618,64225,False
7619,64225,False
7620,64225,False
7621,64225,False
7622,64225,False
7623,64225,False
7624,64225,False
7625,64225,False
7626,64225,False
7627,64225,False
7628,64225,False
7629,64225,False
7630,64225,False
7631,64225,False
7632,64225,False
7633,64225,False
7634,64225,False
7635,64225,False
7636,64225,False
7637,64225,False
7638,64225,False
7639,64225,False
7640,64225,False
7641,64225,False
7642,64225,False
7643,64225,False
7644,64225,False
7645,64225,False
7646,64225,False
7647,64225,False
7648,64225,False
7649,64225,False
7650,64225,False
7651,64225,False
7652,64225,False
7653,64225,False
7654,64225,False
7655,64225,False
7656,64225,False
7657,64225,False
7658,64225,False
7659,64225,False
7660,64225,False
7661,64225,False
7662,64225,False
7663,64225,False
7664,64225,False
7665,64225,False
7666,64225,False
7667,64225,False
7668,46723,False
7669,46723,False
7670,46723,False
7671,46723,False
7672,46723,False
7673,46723,False
7674,46723,False
7675,46723,False
7676,46723,False
7677,46723,False
7678,46723,False
7679,63044,False
7680,63044,False
7681,63044,False
7682,63044,False
7683,63044,False
7684,63044,False
7685,63044,False
7686,63044,False
7687,63044,False
7688,63044,False
7689,63044,False
7690,47398,False
7691,47398,False
7692,47398,False
7693,57943,False
7694,57943,False
7695,57943,False
7696,57943,False
7697,57943,False
7698,57943,False
7699,57943,False
7700,57943,False
7701,57943,False
7702,57943,False
7703,57943,False
7704,57943,False
7705,57943,False
7706,63715,False
7708,63715,False
7709,63715,False
7710,63715,False
7711,63715,False
7712,63715,False
7713,63715,False
7714,63715,False
7715,63715,False
7716,63715,False
7717,63715,False
7718,63715,False
7719,63715,False
7720,63715,False
7721,63715,False
7722,63715,False
7723,63715,False
7724,63715,False
7725,63715,False
7726,63715,False
7727,63715,False
7728,63715,False
7729,63715,False
7730,63715,False
7731,63715,False
7732,63715,False
7733,63715,False
7734,63715,False
7735,63715,False
7736,63715,False
7737,63715,False
7738,63715,False
7739,63715,False
7740,63715,False
7741,63715,False
7742,63715,False
7743,63715,False
7744,63715,False
7745,63715,False
7746,63715,False
7747,63715,False
7748,63715,False
7749,63715,False
7750,63715,False
7751,63715,False
7752,63715,False
7753,63715,False
7754,52601,False
7755,52601,False
7756,52601,False
7757,52601,False
7758,52601,False
7759,52601,False
7760,52601,False
7761,52601,False
7762,52601,False
7763,52601,False
7764,52601,False
7765,52601,False
7766,52601,False
7767,52601,False
7768,52601,False
7769,52601,False
7770,52601,False
7771,52601,False
7772,52601,False
7773,52601,False
7774,52601,False
7775,52601,False
7776,52601,False
7777,52601,False
7778,52601,False
7779,52601,False
7780,52601,False
7781,52601,False
7782,52601,False
7783,62283,False
7784,62283,False
7785,62283,False
7786,62283,False
7787,62283,False
7788,62283,False
7789,62283,False
7790,62283,False
7791,62283,False
7792,62283,False
7793,62283,False
7794,62283,False
7795,62283,False
7796,62283,False
7797,62283,False
7798,62283,False
7799,52570,False
7800,59044,False
7801,59044,False
7802,59044,False
7803,59044,False
7804,59044,False
7805,59044,False
7806,59044,False
7807,59044,False
7808,59044,False
7809,59044,False
7810,59044,False
7811,59044,False
7813,59651,False
7814,59651,False
7815,59651,False
7816,59651,False
7817,59651,False
7818,59651,False
7819,59651,False
7820,59651,False
7821,59651,False
7822,59651,False
7823,59651,False
7824,59651,False
7825,59651,False
7826,59651,False
7827,59651,False
7828,59651,False
7829,59651,False
7830,59651,False
7831,59651,False
7832,59651,False
7833,59651,False
7834,59651,False
7835,59651,False
7836,59651,False
7837,59651,False
7838,59651,False
7839,59651,False
7840,59651,False
7841,59651,False
7842,59651,False
7843,63032,False
7844,63032,False
7845,63032,False
7846,63032,False
7847,63032,False
7848,63032,False
7849,63032,False
7850,63032,False
7851,63032,False
7852,63032,False
7853,63032,False
7854,63032,False
7855,63032,False
7856,63032,False
7857,63032,False
7858,63032,False
7859,63032,False
7860,63032,False
7861,63032,False
7862,63032,False
7863,63032,False
7864,63032,False
7865,63032,False
7866,63032,False
7867,63032,False
7868,63032,False
7869,63032,False
7870,63032,False
7871,63032,False
7872,63032,False
7873,63032,False
7874,63032,False
7875,62951,False
7876,62951,False
7877,62951,False
7878,62951,False
7879,62951,False
7880,62951,False
7881,62951,False
7882,62951,False
7883,62951,False
7884,62951,False
7886,58115,False
7887,58115,False
7888,58115,False
7889,58115,False
7890,58115,False
7891,58115,False
7892,58115,False
7893,58115,False
7894,58115,False
7895,58115,False
7896,58115,False
7897,58115,False
7898,58115,False
7899,58115,False
7900,58115,False
7901,58115,False
7902,58115,False
7903,58115,False
7904,58115,False
7905,58115,False
7906,58115,False
7907,58115,False
7908,58115,False
7909,58115,False
7910,58115,False
7911,58115,False
7912,58115,False
7913,58115,False
7914,58115,False
7915,58115,False
7916,58115,False
7917,58115,False
7918,58115,False
7919,58115,False
7920,58115,False
7921,58115,False
7922,58115,False
7923,58115,False
7924,58115,False
7925,58115,False
7926,58115,False
7927,58115,False
7928,58115,False
7929,58115,False
7930,58115,False
7931,58115,False
7932,58115,False
7933,58115,False
7934,58115,False
7935,58115,False
7936,58115,False
7940,62505,False
7941,62505,False
7942,62505,False
7943,62505,False
7944,62505,False
7945,62505,False
7946,62505,False
7947,62505,False
7948,62505,False
7949,62505,False
7950,62505,False
7951,62505,False
7952,62505,False
7953,62505,False
7954,62505,False
7955,62505,False
7956,62505,False
7957,62505,False
7958,62505,False
7959,62505,False
7960,62505,False
7961,62505,False
7962,62505,False
7963,62505,False
7964,62505,False
7965,62505,False
7966,60370,False
7967,60370,False
7968,60370,False
7969,60370,False
7970,60370,False
7971,60370,False
7972,60370,False
7973,60370,False
7974,60370,False
7975,60370,False
7976,60370,False
7977,60370,False
7978,60370,False
7979,60370,False
7980,60370,False
7981,60370,False
7982,60370,False
7983,60370,False
7984,60370,False
7985,60370,False
7986,60370,False
7987,60370,False
7988,60370,False
7989,60370,False
7990,60370,False
7991,60370,False
7992,60370,False
7993,60370,False
7994,60370,False
7995,60370,False
7996,60370,False
7997,60370,False
7998,60370,False
7999,60370,False
8000,60370,False
8001,60370,False
8002,60370,False
8003,60370,False
8004,60370,False
8005,60370,False
8006,60370,False
8008,62844,False
8009,62844,False
8010,62844,False
8011,62844,False
8012,62844,False
8013,62844,False
8014,62844,False
8015,62844,False
8016,62844,False
8017,62844,False
8018,62844,False
8019,62844,False
8020,62844,False
8021,62844,False
8022,62948,False
8023,62948,False
8024,62948,False
8025,62948,False
8026,62948,False
8027,62948,False
8028,62948,False
8029,62948,False
8030,62948,False
8031,62948,False
8032,62948,False
8033,62948,False
8034,62948,False
8035,62948,False
8036,62948,False
8037,62948,False
8038,62948,False
8039,62948,False
8040,62948,False
8041,62948,False
8042,62948,False
8043,62948,False
8044,62948,False
8045,62948,False
8046,62948,False
8047,62948,False
8048,62948,False
8049,64494,False
8050,64494,False
8051,64494,False
8052,64494,False
8053,64494,False
8054,64494,False
8055,64494,False
8056,64494,False
8057,64494,False
8058,64494,False
8059,64494,False
8060,64494,False
8061,64494,False
8062,64494,False
8063,64494,False
8064,64494,False
8065,64494,False
8066,64494,False
8067,64494,False
8068,64494,False
8069,64494,False
8070,64494,False
8071,64494,False
8072,64494,False
8073,64494,False
8074,64494,False
8075,64494,False
8076,64494,False
8077,64494,False
8078,64494,False
8079,64494,False
8080,64494,False
8081,64494,False
8082,64494,False
8084,45771,False
8087,45566,False
8088,45566,False
8090,64174,False
8091,64174,False
8092,64174,False
8093,64174,False
8094,64174,False
8095,64174,False
8096,64174,False
8097,64174,False
8098,64174,False
8099,64174,False
8100,64174,False
8101,64174,False
8102,64174,False
8103,64174,False
8104,64174,False
8105,64174,False
8106,64174,False
8107,64174,False
8108,64174,False
8109,64174,False
8110,64174,False
8111,64174,False
8112,64174,False
8113,64174,False
8114,64174,False
8115,64174,False
8116,64174,False
8117,64174,False
8118,64174,False
8119,64174,False
8120,64174,False
8121,64174,False
8122,64174,False
8123,64174,False
8124,64174,False
8125,64174,False
8126,64174,False
8127,64174,False
8128,64174,False
8129,64174,False
8130,64174,False
8131,64174,False
8132,64174,False
8133,64174,False
8134,64174,False
8135,64174,False
8136,64174,False
8137,64174,False
8138,64174,False
8139,64174,False
8140,63196,False
8141,63196,False
8142,63196,False
8143,63196,False
8144,63196,False
8145,63196,False
8146,63196,False
8147,63196,False
8148,63196,False
8149,63196,False
8150,63196,False
8151,63196,False
8152,63196,False
8153,63196,False
8154,63196,False
8155,63196,False
8156,63196,False
8157,63196,False
8158,63196,False
8159,63196,False
8160,63196,False
8161,63196,False
8162,63196,False
8163,63196,False
8164,63196,False
8165,63196,False
8166,63196,False
8167,63196,False
8168,63196,False
8169,63196,False
8170,63196,False
8173,47152,False
8174,55417,False
8175,60338,False
8176,60338,False
8177,60338,False
8178,60338,False
8179,60338,False
8180,60338,False
8181,60338,False
8182,60338,False
8183,60338,False
8184,60338,False
8185,60338,False
8186,60338,False
8187,60338,False
8188,60338,False
8189,60338,False
8195,63188,False
8196,63188,False
8197,63188,False
8198,63188,False
8199,63188,False
8200,63188,False
8201,63188,False
8202,63188,False
8203,63188,False
8204,63188,False
8205,63188,False
8206,63188,False
8207,63188,False
8208,63188,False
8209,63188,False
8210,63188,False
8211,63188,False
8212,63188,False
8213,63188,False
8214,63188,False
8215,63188,False
8216,63188,False
8217,63188,False
8218,63188,False
8219,63188,False
8220,63188,False
8221,63188,False
8222,63188,False
8223,63188,False
8224,63188,False
8225,63188,False
8226,63188,False
8227,63188,False
8228,63188,False
8229,63188,False
8230,63188,False
8231,63188,False
8232,63188,False
8233,63188,False
8234,63188,False
8235,63188,False
8236,63188,False
8237,63188,False
8238,63873,False
8239,63873,False
8240,63873,False
8241,63873,False
8242,63873,False
8243,63873,False
8244,63873,False
8245,63873,False
8246,63873,False
8247,63873,False
8248,63873,False
8249,63873,False
8250,63873,False
8251,61706,False
8252,61706,False
8253,61706,False
8254,61706,False
8255,61706,False
8256,61706,False
8257,61706,False
8258,61706,False
8259,61706,False
8260,61706,False
8261,61706,False
8262,61706,False
8263,61706,False
8264,61706,False
8265,61706,False
8266,61706,False
8267,61706,False
8268,61706,False
8269,61706,False
8270,61706,False
8271,61706,False
8272,61706,False
8273,61706,False
8274,61706,False
8275,61706,False
8276,61706,False
8277,61706,False
8278,61706,False
8279,61706,False
8280,61706,False
8281,61706,False
8282,61706,False
8283,61706,False
8284,61706,False
8285,61706,False
8286,61706,False
8287,61706,False
8288,61706,False
8292,59619,False
8293,59619,False
8294,59619,False
8295,59619,False
8296,59619,False
8297,59619,False
8298,59619,False
8299,59619,False
8300,59619,False
8301,59619,False
8302,59619,False
8303,45556,False
8306,45556,False
8307,45556,False
8308,58382,False
8309,58382,False
8310,58382,False
8311,58382,False
8312,58382,False
8313,58382,False
8314,58382,False
8315,58382,False
8316,58382,False
8317,58382,False
8318,58382,False
8319,58382,False
8320,58382,False
8321,52381,False
8322,52381,False
8323,52381,False
8324,63379,False
8325,63379,False
8326,63379,False
8327,63379,False
8328,63379,False
8329,63379,False
8330,63379,False
8331,63379,False
8332,63379,False
8333,63379,False
8334,63379,False
8335,63379,False
8336,63379,False
8337,63379,False
8338,63379,False
8339,63379,False
8340,63379,False
8341,63379,False
8342,63379,False
8343,63379,False
8344,63379,False
8345,63379,False
8346,63379,False
8347,63379,False
8348,63379,False
8349,63379,False
8350,62962,False
8351,62962,False
8352,62962,False
8353,62962,False
8354,62962,False
8355,62962,False
8356,62962,False
8357,62962,False
8358,62962,False
8359,62962,False
8360,62962,False
8361,62962,False
8362,62962,False
8363,62962,False
8364,62962,False
8365,62962,False
8366,62962,False
8367,62962,False
8368,62962,False
8369,62962,False
8370,62962,False
8371,62962,False
8372,62962,False
8373,62962,False
8374,46030,False
8375,60603,False
8376,60603,False
8377,60603,False
8378,60603,False
8379,60603,False
8380,60603,False
8381,60603,False
8382,60603,False
8383,60603,False
8384,60603,False
8385,60603,False
8386,60603,False
8387,60603,False
8388,60603,False
8389,60603,False
8390,60603,False
8391,60603,False
8392,60603,False
8393,60136,False
8394,60136,False
8395,60136,False
8396,60136,False
8397,60136,False
8398,60136,False
8399,60136,False
8400,60136,False
8401,60136,False
8402,60136,False
8403,60136,False
8404,60136,False
8405,60136,False
8406,60136,False
8407,60136,False
8408,60136,False
8409,60136,False
8410,60136,False
8411,60136,False
8412,60136,False
8413,60136,False
8414,60136,False
8415,60136,False
8416,60136,False
8417,60136,False
8418,60136,False
8419,60136,False
8420,60136,False
8421,59936,False
8422,59936,False
8423,59936,False
8424,59936,False
8425,59936,False
8426,59936,False
8427,59936,False
8428,59936,False
8429,59936,False
8430,59936,False
8431,59936,False
8432,59936,False
8433,59936,False
8434,59005,False
8435,59005,False
8436,59005,False
8437,59005,False
8438,59005,False
8439,59005,False
8440,59005,False
8441,59005,False
8442,59005,False
8443,59005,False
8444,59005,False
8445,59005,False
8446,59005,False
8447,59005,False
8448,48446,False
8450,64108,False
8451,64108,False
8452,64108,False
8453,64108,False
8454,64108,False
8455,64108,False
8456,64108,False
8457,64108,False
8458,64108,False
8459,64108,False
8460,64108,False
8461,64108,False
8462,64108,False
8463,64108,False
8464,64108,False
8465,64108,False
8466,64108,False
8467,64108,False
8468,64108,False
8469,64108,False
8470,64108,False
8471,64108,False
8472,64108,False
8473,64108,False
8474,64108,False
8475,64108,False
8476,64108,False
8477,64108,False
8478,64108,False
8479,64108,False
8480,64108,False
8481,64108,False
8482,64108,False
8483,64108,False
8484,64108,False
8485,64108,False
8486,64108,False
8487,64108,False
8488,64108,False
8489,64108,False
8490,64108,False
8491,64108,False
8492,64108,False
8493,64108,False
8494,64108,False
8495,64108,False
8496,64108,False
8497,64108,False
8498,64108,False
8499,64108,False
8500,64108,False
8501,55314,False
8502,55314,False
8503,55314,False
8504,55314,False
8505,55314,False
8506,55314,False
8507,55314,False
8508,55314,False
8509,55314,False
8510,55314,False
8511,55314,False
8512,55314,False
8513,55314,False
8514,55314,False
8515,55314,False
8516,55314,False
8517,55314,False
8518,47668,False
8520,47668,False
8521,47668,False
8522,63035,False
8524,63035,False
8525,63035,False
8526,63035,False
8527,63035,False
8528,63035,False
8529,63035,False
8530,63035,False
8531,63035,False
8532,59803,False
8533,59803,False
8534,59803,False
8535,59803,False
8536,59803,False
8537,59803,False
8538,59803,False
8539,59803,False
8540,59803,False
8541,59803,False
8542,59803,False
8543,59803,False
8544,59803,False
8545,59803,False
8546,59803,False
8547,59803,False
8548,59803,False
8549,59803,False
8550,59803,False
8551,59803,False
8552,59803,False
8553,59803,False
8554,59803,False
8556,57994,False
8557,57994,False
8558,57994,False
8559,57994,False
8560,57994,False
8561,57994,False
8562,57994,False
8563,57994,False
8564,57994,False
8565,57994,False
8566,57994,False
8567,57994,False
8568,57994,False
8569,57994,False
8570,57994,False
8571,57994,False
8572,57994,False
8573,57994,False
8574,57994,False
8575,57994,False
8576,57994,False
8577,57994,False
8578,57994,False
8579,57994,False
8580,57994,False
8581,57994,False
8582,57994,False
8583,57994,False
8584,57994,False
8585,57994,False
8586,57994,False
8587,57994,False
8588,57994,False
8589,57994,False
8590,57994,False
8591,57994,False
8592,57994,False
8593,57994,False
8594,57994,False
8595,57994,False
8596,57994,False
8597,57994,False
8598,57994,False
8599,57994,False
8600,57994,False
8601,57994,False
8602,57994,False
8603,57994,False
8604,57994,False
8605,57994,False
8606,57994,False
8607,57994,False
8608,57994,False
8609,57994,False
8610,57994,False
8611,57994,False
8612,57994,False
8613,57994,False
8614,57994,False
8615,57994,False
8616,57994,False
8617,57994,False
8618,57994,False
8619,57994,False
8620,57994,False
8621,57994,False
8622,57994,False
8623,57994,False
8624,57994,False
8625,57994,False
8626,57994,False
8627,57994,False
8628,57994,False
8629,57994,False
8630,57994,False
8631,57994,False
8632,63708,False
8633,63708,False
8634,63708,False
8635,63708,False
8636,63708,False
8637,63708,False
8638,63708,False
8639,63708,False
8640,63708,False
8641,63708,False
8642,63708,False
8643,63708,False
8644,63708,False
8645,63708,False
8646,63708,False
8647,63708,False
8648,63708,False
8649,63708,False
8650,63708,False
8651,63708,False
8652,63708,False
8653,63708,False
8654,63708,False
8655,63708,False
8656,63708,False
8657,63708,False
8658,63708,False
8659,63708,False
8660,63708,False
8661,63708,False
8662,63708,False
8663,63708,False
8664,63708,False
8665,63708,False
8666,63708,False
8667,63708,False
8668,63708,False
8669,63708,False
8670,63708,False
8671,63708,False
8672,63708,False
8673,63708,False
8674,63708,False
8675,63708,False
8676,63708,False
8677,63708,False
8678,63708,False
8679,63708,False
8680,63708,False
8681,63708,False
8682,63708,False
8683,63708,False
8684,63708,False
8685,63708,False
8686,63708,False
8687,63708,False
8688,63708,False
8689,63708,False
8690,63708,False
8691,63708,False
8692,63708,False
8693,60586,False
8694,60586,False
8695,60586,False
8696,59241,False
8699,62208,False
8700,63321,False
8701,62969,False
8702,62969,False
8703,59572,False
8704,59572,False
8705,59572,False
8706,59572,False
8707,59891,False
8708,59891,False
8709,59891,False
8710,59891,False
8711,64004,False
8712,63802,False
8713,63802,False
8714,63802,False
8715,63802,False
8718,58375,False
8719,58375,False
8720,58375,False
8721,58375,False
8722,58375,False
8723,58375,False
8724,58375,False
8725,58375,False
8726,53157,False
8727,53157,False
8729,53157,False
8730,53157,False
8731,53157,False
8733,53232,False
8734,58881,False
8735,58881,False
8736,60440,False
8737,60440,False
8738,60440,False
8739,60440,False
8740,60440,False
8741,55482,False
8742,55482,False
8743,55482,False
8745,63996,False
8746,63996,False
8747,49172,False
8749,49172,False
8750,49172,False
8751,59951,False
8752,61625,False
8753,61625,False
8754,61625,False
8755,61625,False
8756,61625,False
8759,63574,False
8760,64194,False
8761,64194,False
8762,58030,False
8764,59685,False
8765,59685,False
8766,59685,False
8767,59685,False
8768,59685,False
8769,59685,False
8770,59685,False
8771,63957,False
8775,63201,False
8776,63201,False
8777,63201,False
8778,63201,False
8780,59861,False
8781,59861,False
8785,63936,False
8786,63936,False
8787,63936,False
8788,47918,False
8791,61879,False
8792,63901,False
8795,62306,False
8796,63803,False
8799,63843,False
8800,63843,False
8802,59296,False
8804,59298,False
8805,59298,False
8806,64185,False
8807,64185,False
8808,64185,False
8809,64185,False
8810,60342,False
8811,60342,False
8812,58216,False
8813,58216,False
8814,58216,False
8815,58216,False
8816,58216,False
8817,58216,False
8818,58216,False
8819,60321,False
8820,60321,False
8823,61523,False
8824,61523,False
8825,61523,False
8826,61523,False
8827,59840,False
8828,59840,False
8829,58386,False
8830,58386,False
8831,55270,False
8832,61705,False
8833,64274,False
8834,63467,False
8835,63467,False
8836,63467,False
8839,44735,False
8840,47624,False
8845,47912,False
8846,53989,False
8847,53989,False
8848,53989,False
8849,53989,False
8850,53989,False
8851,53989,False
8852,64249,False
8853,64249,False
8854,64249,False
8859,46374,False
8860,59757,False
8861,52691,False
8862,52691,False
8863,52691,False
8864,52691,False
8866,61722,False
8869,63787,False
8870,63787,False
8873,61662,False
8874,61662,False
8876,61519,False
8877,61519,False
8879,59901,False
8880,56341,False
8881,56341,False
8882,56341,False
8883,56341,False
8885,59669,False
8888,60067,False
8889,45181,False
8890,45181,False
8891,45181,False
8892,59946,False
8893,59946,False
8894,63123,False
8896,60439,False
8899,59245,False
8901,62168,False
8903,62168,False
8905,64137,False
8906,64137,False
8911,47606,False
8913,60190,False
8914,58392,False
8917,46793,False
8921,46793,False
8925,47834,False
8927,62101,False
8929,59404,False
8930,59404,False
8937,44920,False
8940,62232,False
8941,61915,False
8943,58535,False
8944,58535,False
8946,63406,False
8947,63406,False
8951,46078,False
8953,62740,False
8954,62740,False
8956,64106,False
8957,59855,False
8958,59855,False
8959,59855,False
8960,62026,False
8963,60442,False
8964,60442,False
8965,64019,False
8966,64019,False
8967,64280,False
8969,64098,False
8972,60284,False
8973,60284,False
8974,60284,False
8975,60284,False
8976,63865,False
8977,64324,False
8978,64324,False
8979,64324,False
8982,58390,False
8983,58390,False
8984,46554,False
8985,46554,False
8987,57675,False
8989,62024,False
8990,55634,False
8991,61680,False
8993,63956,False
8995,60330,False
8996,60330,False
8997,60330,False
8998,63122,False
8999,63122,False
9000,63122,False
9001,63122,False
9002,63122,False
9004,62871,False
9005,62871,False
9006,59566,False
9007,59566,False
9008,63435,False
9009,63435,False
9010,60115,False
9011,60115,False
9012,60115,False
9014,62600,False
9015,45558,False
9016,63862,False
9017,63862,False
9018,59223,False
9021,59223,False
9022,61920,False
9023,61920,False
9024,61920,False
9025,61920,False
9026,61920,False
9028,62739,False
9029,62739,False
9030,62739,False
9031,62739,False
9032,58931,False
9033,58931,False
9034,58931,False
9035,59689,False
9036,59689,False
9041,62107,False
9042,62107,False
9044,62282,False
9046,64369,False
9047,64706,False
9048,60377,False
9049,60377,False
9050,60377,False
9051,60377,False
9052,64750,False
9053,61912,False
9054,61912,False
9055,63757,False
9057,60262,False
9058,60262,False
9059,60262,False
9060,64605,False
9062,53625,False
9063,53625,False
9064,53625,False
9065,53625,False
9066,57918,False
9068,56359,False
9069,56359,False
9070,56359,False
9071,56359,False
9072,61965,False
9073,61965,False
9074,61965,False
9075,47677,False
9076,47677,False
9077,61974,False
9078,61974,False
9084,62170,False
9085,62170,False
9086,62170,False
9088,63579,False
9090,63759,False
9092,64140,False
9093,64140,False
9096,57680,False
9097,64078,False
9099,64078,False
9100,64078,False
9102,62923,False
9103,62923,False
9104,62923,False
9105,63905,False
9108,60152,False
9113,59929,False
9114,59929,False
9115,44715,False
9116,44715,False
9117,64330,False
9119,59397,False
9120,59397,False
9125,54769,False
9126,54769,False
9127,61712,False
9128,61712,False
9130,59179,False
9134,62963,False
9135,62963,False
9136,62963,False
9139,55276,False
9140,55276,False
9142,59186,False
9143,59186,False
9144,59186,False
9145,59186,False
9146,64720,False
9147,64720,False
9149,59942,False
9151,59932,False
9153,63841,False
9155,62605,False
9157,59258,False
9158,64443,False
9159,59871,False
9160,58035,False
9162,64596,False
9163,63804,False
9164,63804,False
9167,62772,False
9168,62772,False
9169,62772,False
9170,62772,False
9171,47766,False
9172,47766,False
9173,47766,False
9174,47766,False
9176,64391,False
9177,64391,False
9178,61892,False
9180,63368,False
9181,60591,False
9182,59864,False
9183,59864,False
9184,58828,False
9185,58828,False
9186,58828,False
9187,58828,False
9189,59302,False
9191,62286,False
9192,62286,False
9193,62286,False
9194,62286,False
9195,62286,False
9196,58413,False
9197,63916,False
9198,63916,False
9200,48585,False
9201,48585,False
9202,48585,False
9203,48585,False
9204,48585,False
9205,60098,False
9207,58841,False
9208,58841,False
9209,58841,False
9210,63829,False
9211,59535,False
9212,59535,False
9213,59535,False
9214,55748,False
9215,55748,False
9216,58552,True
9217,58552,True
9218,58552,True
9219,58552,True
9220,58552,True
9221,58552,True
9222,58552,True
9223,58552,True
9224,58552,True
9225,58552,True
9226,58552,True
9227,58552,True
9228,52462,True
9229,52462,True
9230,52462,True
9231,52462,True
9232,52462,True
9233,52462,True
9234,52462,True
9235,52462,True
9236,52462,True
9237,52462,True
9238,52462,True
9239,52462,True
9240,57640,True
9241,57640,True
9242,57640,True
9243,57640,True
9244,57640,True
9245,57640,True
9246,57640,True
9247,57640,True
9248,57640,True
9249,57640,True
9250,57640,True
9251,57640,True
9252,57933,True
9253,57933,True
9254,57933,True
9255,57933,True
9256,57933,True
9257,57933,True
9258,57933,True
9259,57933,True
9260,57933,True
9261,57933,True
9262,57933,True
9263,57933,True
9264,44744,True
9265,44744,True
9266,44744,True
9267,44744,True
9268,44744,True
9269,44744,True
9270,44744,True
9271,44744,True
9272,44744,True
9273,44744,True
9274,44744,True
9275,44744,True
9276,54194,True
9277,54194,True
9278,54194,True
9279,54194,True
9280,54194,True
9281,54194,True
9282,54194,True
9283,54194,True
9284,54194,True
9285,54194,True
9286,54194,True
9287,54194,True
9288,47753,True
9289,47753,True
9290,47753,True
9291,47753,True
9292,47753,True
9293,47753,True
9294,47753,True
9295,47753,True
9296,47753,True
9297,47753,True
9298,47753,True
9299,47753,True
9300,56506,True
9301,56506,True
9302,56506,True
9303,56506,True
9304,56506,True
9305,56506,True
9306,56506,True
9307,56506,True
9308,56506,True
9309,56506,True
9310,56506,True
9311,56506,True
9312,49737,True
9313,49737,True
9314,49737,True
9315,49737,True
9316,49737,True
9317,49737,True
9318,49737,True
9319,49737,True
9320,49737,True
9321,49737,True
9322,49737,True
9323,49737,True
9324,47814,True
9325,47814,True
9326,47814,True
9327,47814,True
9328,47814,True
9329,47814,True
9330,47814,True
9331,47814,True
9332,47814,True
9333,47814,True
9334,47814,True
9335,47814,True
9336,53050,True
9337,53050,True
9338,53050,True
9339,53050,True
9340,53050,True
9341,53050,True
9342,53050,True
9343,53050,True
9344,53050,True
9345,53050,True
9346,53050,True
9347,53050,True
9348,64266,True
9349,64266,True
9350,64266,True
9351,64266,True
9352,64266,True
9353,64266,True
9354,64266,True
9355,64266,True
9356,64266,True
9357,64266,True
9358,64266,True
9359,64266,True
9360,58938,True
9361,58938,True
9362,58938,True
9363,58938,True
9364,58938,True
9365,58938,True
9366,58938,True
9367,58938,True
9368,58938,True
9369,58938,True
9370,58938,True
9371,58938,True
9372,59763,True
9373,59763,True
9374,59763,True
9375,59763,True
9376,59763,True
9377,59763,True
9378,59763,True
9379,59763,True
9380,59763,True
9381,59763,True
9382,59763,True
9383,59763,True
9384,55755,True
9385,55755,True
9386,55755,True
9387,55755,True
9388,55755,True
9389,55755,True
9390,55755,True
9391,55755,True
9392,55755,True
9393,55755,True
9394,55755,True
9395,55755,True
9396,56534,True
9397,56534,True
9398,56534,True
9399,56534,True
9400,56534,True
9401,56534,True
9402,56534,True
9403,56534,True
9404,56534,True
9405,56534,True
9406,56534,True
9407,56534,True
9408,60908,True
9409,60908,True
9410,60908,True
9411,60908,True
9412,60908,True
9413,60908,True
9414,60908,True
9415,60908,True
9416,60908,True
9417,60908,True
9418,60908,True
9419,60908,True
9420,47882,True
9421,47882,True
9422,47882,True
9423,47882,True
9424,47882,True
9425,47882,True
9426,47882,True
9427,47882,True
9428,47882,True
9429,47882,True
9430,47882,True
9431,47882,True
9432,45397,True
9433,45397,True
9434,45397,True
9435,45397,True
9436,45397,True
9437,45397,True
9438,45397,True
9439,45397,True
9440,45397,True
9441,45397,True
9442,45397,True
9443,45397,True
9444,52335,True
9445,52335,True
9446,52335,True
9447,52335,True
9448,52335,True
9449,52335,True
9450,52335,True
9451,52335,True
9452,52335,True
9453,52335,True
9454,52335,True
9455,52335,True
9456,52871,True
9457,52871,True
9458,52871,True
9459,52871,True
9460,52871,True
9461,52871,True
9462,52871,True
9463,52871,True
9464,52871,True
9465,52871,True
9466,52871,True
9467,52871,True
9468,47817,True
9469,47817,True
9470,47817,True
9471,47817,True
9472,47817,True
9473,47817,True
9474,47817,True
9475,47817,True
9476,47817,True
9477,47817,True
9478,47817,True
9479,47817,True
9480,46758,True
9481,46758,True
9482,46758,True
9483,46758,True
9484,46758,True
9485,46758,True
9486,46758,True
9487,46758,True
9488,46758,True
9489,46758,True
9490,46758,True
9491,46758,True
9492,56455,True
9493,56455,True
9494,56455,True
9495,56455,True
9496,56455,True
9497,56455,True
9498,56455,True
9499,56455,True
9500,56455,True
9501,56455,True
9502,56455,True
9503,56455,True
9504,47628,True
9505,47628,True
9506,47628,True
9507,47628,True
9508,47628,True
9509,47628,True
9510,47628,True
9511,47628,True
9512,47628,True
9513,47628,True
9514,47628,True
9515,47628,True
9516,59551,True
9517,59551,True
9518,59551,True
9519,59551,True
9520,59551,True
9521,59551,True
9522,59551,True
9523,59551,True
9524,59551,True
9525,59551,True
9526,59551,True
9527,59551,True
9528,49426,True
9529,49426,True
9530,49426,True
9531,49426,True
9532,49426,True
9533,49426,True
9534,49426,True
9535,49426,True
9536,49426,True
9537,49426,True
9538,49426,True
9539,49426,True
9540,51110,True
9541,51110,True
9542,51110,True
9543,51110,True
9544,51110,True
9545,51110,True
9546,51110,True
9547,51110,True
9548,51110,True
9549,51110,True
9550,51110,True
9551,51110,True
9552,48375,True
9553,48375,True
9554,48375,True
9555,48375,True
9556,48375,True
9557,48375,True
9558,48375,True
9559,48375,True
9560,48375,True
9561,48375,True
9562,48375,True
9563,48375,True
9564,55315,True
9565,55315,True
9566,55315,True
9567,55315,True
9568,55315,True
9569,55315,True
9570,55315,True
9571,55315,True
9572,55315,True
9573,55315,True
9574,55315,True
9575,55315,True
9576,53635,True
9577,53635,True
9578,53635,True
9579,53635,True
9580,53635,True
9581,53635,True
9582,53635,True
9583,53635,True
9584,53635,True
9585,53635,True
9586,53635,True
9587,53635,True
9588,48116,True
9589,48116,True
9590,48116,True
9591,48116,True
9592,48116,True
9593,48116,True
9594,48116,True
9595,48116,True
9596,48116,True
9597,48116,True
9598,48116,True
9599,48116,True
9600,61062,True
9601,61062,True
9602,61062,True
9603,61062,True
9604,61062,True
9605,61062,True
9606,61062,True
9607,61062,True
9608,61062,True
9609,61062,True
9610,61062,True
9611,61062,True
9612,51802,True
9613,51802,True
9614,51802,True
9615,51802,True
9616,51802,True
9617,51802,True
9618,51802,True
9619,51802,True
9620,51802,True
9621,51802,True
9622,51802,True
9623,51802,True
9624,45758,True
9625,45758,True
9626,45758,True
9627,45758,True
9628,45758,True
9629,45758,True
9630,45758,True
9631,45758,True
9632,45758,True
9633,45758,True
9634,45758,True
9635,45758,True
9636,58542,True
9637,58542,True
9638,58542,True
9639,58542,True
9640,58542,True
9641,58542,True
9642,58542,True
9643,58542,True
9644,58542,True
9645,58542,True
9646,58542,True
9647,58542,True
9648,44973,True
9649,44973,True
9650,44973,True
9651,44973,True
9652,44973,True
9653,44973,True
9654,44973,True
9655,44973,True
9656,44973,True
9657,44973,True
9658,44973,True
9659,44973,True
9660,53843,True
9661,53843,True
9662,53843,True
9663,53843,True
9664,53843,True
9665,53843,True
9666,53843,True
9667,53843,True
9668,53843,True
9669,53843,True
9670,53843,True
9671,53843,True
9672,57361,True
9673,57361,True
9674,57361,True
9675,57361,True
9676,57361,True
9677,57361,True
9678,57361,True
9679,57361,True
9680,57361,True
9681,57361,True
9682,57361,True
9683,57361,True
9684,52877,True
9685,52877,True
9686,52877,True
9687,52877,True
9688,52877,True
9689,52877,True
9690,52877,True
9691,52877,True
9692,52877,True
9693,52877,True
9694,52877,True
9695,52877,True
9696,44946,True
9697,44946,True
9698,44946,True
9699,44946,True
9700,44946,True
9701,44946,True
9702,44946,True
9703,44946,True
9704,44946,True
9705,44946,True
9706,44946,True
9707,44946,True
9708,53425,True
9709,53425,True
9710,53425,True
9711,53425,True
9712,53425,True
9713,53425,True
9714,53425,True
9715,53425,True
9716,53425,True
9717,53425,True
9718,53425,True
9719,53425,True
9720,45087,True
9721,45087,True
9722,45087,True
9723,45087,True
9724,45087,True
9725,45087,True
9726,45087,True
9727,45087,True
9728,45087,True
9729,45087,True
9730,45087,True
9731,45087,True
9732,56097,True
9733,56097,True
9734,56097,True
9735,56097,True
9736,56097,True
9737,56097,True
9738,56097,True
9739,56097,True
9740,56097,True
9741,56097,True
9742,56097,True
9743,56097,True
9744,52642,True
9745,52642,True
9746,52642,True
9747,52642,True
9748,52642,True
9749,52642,True
9750,52642,True
9751,52642,True
9752,52642,True
9753,52642,True
9754,52642,True
9755,52642,True
9756,56421,True
9757,56421,True
9758,56421,True
9759,56421,True
9760,56421,True
9761,56421,True
9762,56421,True
9763,56421,True
9764,56421,True
9765,56421,True
9766,56421,True
9767,56421,True
9768,58543,True
9769,58543,True
9770,58543,True
9771,58543,True
9772,58543,True
9773,58543,True
9774,58543,True
9775,58543,True
9776,58543,True
9777,58543,True
9778,58543,True
9779,58543,True
9780,61517,True
9781,61517,True
9782,61517,True
9783,61517,True
9784,61517,True
9785,61517,True
9786,61517,True
9787,61517,True
9788,61517,True
9789,61517,True
9790,61517,True
9791,61517,True
9792,63098,True
9793,63098,True
9794,63098,True
9795,63098,True
9796,63098,True
9797,63098,True
9798,63098,True
9799,63098,True
9800,63098,True
9801,63098,True
9802,63098,True
9803,63098,True
9804,51989,True
9805,51989,True
9806,51989,True
9807,51989,True
9808,51989,True
9809,51989,True
9810,51989,True
9811,51989,True
9812,51989,True
9813,51989,True
9814,51989,True
9815,51989,True
9816,63418,True
9817,63418,True
9818,63418,True
9819,63418,True
9820,63418,True
9821,63418,True
9822,63418,True
9823,63418,True
9824,63418,True
9825,63418,True
9826,63418,True
9827,63418,True
9828,45367,True
9829,45367,True
9830,45367,True
9831,45367,True
9832,45367,True
9833,45367,True
9834,45367,True
9835,45367,True
9836,45367,True
9837,45367,True
9838,45367,True
9839,45367,True
9840,60999,True
9841,60999,True
9842,60999,True
9843,60999,True
9844,60999,True
9845,60999,True
9846,60999,True
9847,60999,True
9848,60999,True
9849,60999,True
9850,60999,True
9851,60999,True
9852,57063,True
9853,57063,True
9854,57063,True
9855,57063,True
9856,57063,True
9857,57063,True
9858,57063,True
9859,57063,True
9860,57063,True
9861,57063,True
9862,57063,True
9863,57063,True
9864,46672,True
9865,46672,True
9866,46672,True
9867,46672,True
9868,46672,True
9869,46672,True
9870,46672,True
9871,46672,True
9872,46672,True
9873,46672,True
9874,46672,True
9875,46672,True
9876,57459,True
9877,57459,True
9878,57459,True
9879,57459,True
9880,57459,True
9881,57459,True
9882,57459,True
9883,57459,True
9884,57459,True
9885,57459,True
9886,57459,True
9887,57459,True
9888,47158,True
9889,47158,True
9890,47158,True
9891,47158,True
9892,47158,True
9893,47158,True
9894,47158,True
9895,47158,True
9896,47158,True
9897,47158,True
9898,47158,True
9899,47158,True
9900,47754,True
9901,47754,True
9902,47754,True
9903,47754,True
9904,47754,True
9905,47754,True
9906,47754,True
9907,47754,True
9908,47754,True
9909,47754,True
9910,47754,True
9911,47754,True
9912,50829,True
9913,50829,True
9914,50829,True
9915,50829,True
9916,50829,True
9917,50829,True
9918,50829,True
9919,50829,True
9920,50829,True
9921,50829,True
9922,50829,True
9923,50829,True
9924,47776,True
9925,47776,True
9926,47776,True
9927,47776,True
9928,47776,True
9929,47776,True
9930,47776,True
9931,47776,True
9932,47776,True
9933,47776,True
9934,47776,True
9935,47776,True
9936,60333,True
9937,60333,True
9938,60333,True
9939,60333,True
9940,60333,True
9941,60333,True
9942,60333,True
9943,60333,True
9944,60333,True
9945,60333,True
9946,60333,True
9947,60333,True
9948,60402,True
9949,60402,True
9950,60402,True
9951,60402,True
9952,60402,True
9953,60402,True
9954,60402,True
9955,60402,True
9956,60402,True
9957,60402,True
9958,60402,True
9959,60402,True
9960,57438,True
9961,57438,True
9962,57438,True
9963,57438,True
9964,57438,True
9965,57438,True
9966,57438,True
9967,57438,True
9968,57438,True
9969,57438,True
9970,57438,True
9971,57438,True
9972,49736,True
9973,49736,True
9974,49736,True
9975,49736,True
9976,49736,True
9977,49736,True
9978,49736,True
9979,49736,True
9980,49736,True
9981,49736,True
9982,49736,True
9983,49736,True
9984,57354,True
9985,57354,True
9986,57354,True
9987,57354,True
9988,57354,True
9989,57354,True
9990,57354,True
9991,57354,True
9992,57354,True
9993,57354,True
9994,57354,True
9995,57354,True
9996,53057,True
9997,53057,True
9998,53057,True
9999,53057,True
10000,53057,True
10001,53057,True
10002,53057,True
10003,53057,True
10004,53057,True
10005,53057,True
10006,53057,True
10007,53057,True
10008,54770,True
10009,54770,True
10010,54770,True
10011,54770,True
10012,54770,True
10013,54770,True
10014,54770,True
10015,54770,True
10016,54770,True
10017,54770,True
10018,54770,True
10019,54770,True
10020,45573,True
10021,45573,True
10022,45573,True
10023,45573,True
10024,45573,True
10025,45573,True
10026,45573,True
10027,45573,True
10028,45573,True
10029,45573,True
10030,45573,True
10031,45573,True
10032,51999,True
10033,51999,True
10034,51999,True
10035,51999,True
10036,51999,True
10037,51999,True
10038,51999,True
10039,51999,True
10040,51999,True
10041,51999,True
10042,51999,True
10043,51999,True
10044,49759,True
10045,49759,True
10046,49759,True
10047,49759,True
10048,49759,True
10049,49759,True
10050,49759,True
10051,49759,True
10052,49759,True
10053,49759,True
10054,49759,True
10055,49759,True
10056,47831,True
10057,47831,True
10058,47831,True
10059,47831,True
10060,47831,True
10061,47831,True
10062,47831,True
10063,47831,True
10064,47831,True
10065,47831,True
10066,47831,True
10067,47831,True
10068,50186,True
10069,50186,True
10070,50186,True
10071,50186,True
10072,50186,True
10073,50186,True
10074,50186,True
10075,50186,True
10076,50186,True
10077,50186,True
10078,50186,True
10079,50186,True
10080,50168,True
10081,50168,True
10082,50168,True
10083,50168,True
10084,50168,True
10085,50168,True
10086,50168,True
10087,50168,True
10088,50168,True
10089,50168,True
10090,50168,True
10091,50168,True
10092,50170,True
10093,50170,True
10094,50170,True
10095,50170,True
10096,50170,True
10097,50170,True
10098,50170,True
10099,50170,True
10100,50170,True
10101,50170,True
10102,50170,True
10103,50170,True
10104,52107,True
10105,52107,True
10106,52107,True
10107,52107,True
10108,52107,True
10109,52107,True
10110,52107,True
10111,52107,True
10112,52107,True
10113,52107,True
10114,52107,True
10115,52107,True
10116,53252,True
10117,53252,True
10118,53252,True
10119,53252,True
10120,53252,True
10121,53252,True
10122,53252,True
10123,53252,True
10124,53252,True
10125,53252,True
10126,53252,True
10127,53252,True
10128,57365,True
10129,57365,True
10130,57365,True
10131,57365,True
10132,57365,True
10133,57365,True
10134,57365,True
10135,57365,True
10136,57365,True
10137,57365,True
10138,57365,True
10139,57365,True
10140,45212,True
10141,45212,True
10142,45212,True
10143,45212,True
10144,45212,True
10145,45212,True
10146,45212,True
10147,45212,True
10148,45212,True
10149,45212,True
10150,45212,True
10151,45212,True
10152,57908,True
10153,57908,True
10154,57908,True
10155,57908,True
10156,57908,True
10157,57908,True
10158,57908,True
10159,57908,True
10160,57908,True
10161,57908,True
10162,57908,True
10163,57908,True
10164,53997,True
10165,53997,True
10166,53997,True
10167,53997,True
10168,53997,True
10169,53997,True
10170,53997,True
10171,53997,True
10172,53997,True
10173,53997,True
10174,53997,True
10175,53997,True
10176,48321,True
10177,48321,True
10178,48321,True
10179,48321,True
10180,48321,True
10181,48321,True
10182,48321,True
10183,48321,True
10184,48321,True
10185,48321,True
10186,48321,True
10187,48321,True
10188,64672,True
10189,64672,True
10190,64672,True
10191,64672,True
10192,64672,True
10193,64672,True
10194,64672,True
10195,64672,True
10196,64672,True
10197,64672,True
10198,64672,True
10199,64672,True
10200,53730,True
10201,53730,True
10202,53730,True
10203,53730,True
10204,53730,True
10205,53730,True
10206,53730,True
10207,53730,True
10208,53730,True
10209,53730,True
10210,53730,True
10211,53730,True
10212,55311,True
10213,55311,True
10214,55311,True
10215,55311,True
10216,55311,True
10217,55311,True
10218,55311,True
10219,55311,True
10220,55311,True
10221,55311,True
10222,55311,True
10223,55311,True
10224,64725,True
10225,64725,True
10226,64725,True
10227,64725,True
10228,64725,True
10229,64725,True
10230,64725,True
10231,64725,True
10232,64725,True
10233,64725,True
10234,64725,True
10235,64725,True
10236,53420,True
10237,53420,True
10238,53420,True
10239,53420,True
10240,53420,True
10241,53420,True
10242,53420,True
10243,53420,True
10244,53420,True
10245,53420,True
10246,53420,True
10247,53420,True
10248,54169,True
10249,54169,True
10250,54169,True
10251,54169,True
10252,54169,True
10253,54169,True
10254,54169,True
10255,54169,True
10256,54169,True
10257,54169,True
10258,54169,True
10259,54169,True
10260,58076,True
10261,58076,True
10262,58076,True
10263,58076,True
10264,58076,True
10265,58076,True
10266,58076,True
10267,58076,True
10268,58076,True
10269,58076,True
10270,58076,True
10271,58076,True
10272,53206,True
10273,53206,True
10274,53206,True
10275,53206,True
10276,53206,True
10277,53206,True
10278,53206,True
10279,53206,True
10280,53206,True
10281,53206,True
10282,53206,True
10283,53206,True
10284,52499,True
10285,52499,True
10286,52499,True
10287,52499,True
10288,52499,True
10289,52499,True
10290,52499,True
10291,52499,True
10292,52499,True
10293,52499,True
10294,52499,True
10295,52499,True
10296,53203,True
10297,53203,True
10298,53203,True
10299,53203,True
10300,53203,True
10301,53203,True
10302,53203,True
10303,53203,True
10304,53203,True
10305,53203,True
10306,53203,True
10307,53203,True
10308,45660,True
10309,45660,True
10310,45660,True
10311,45660,True
10312,45660,True
10313,45660,True
10314,45660,True
10315,45660,True
10316,45660,True
10317,45660,True
10318,45660,True
10319,45660,True
10320,48397,True
10321,48397,True
10322,48397,True
10323,48397,True
10324,48397,True
10325,48397,True
10326,48397,True
10327,48397,True
10328,48397,True
10329,48397,True
10330,48397,True
10331,48397,True
10332,56140,True
10333,56140,True
10334,56140,True
10335,56140,True
10336,56140,True
10337,56140,True
10338,56140,True
10339,56140,True
10340,56140,True
10341,56140,True
10342,56140,True
10343,56140,True
10344,48685,True
10345,48685,True
10346,48685,True
10347,48685,True
10348,48685,True
10349,48685,True
10350,48685,True
10351,48685,True
10352,48685,True
10353,48685,True
10354,48685,True
10355,48685,True
10356,58365,True
10357,58365,True
10358,58365,True
10359,58365,True
10360,58365,True
10361,58365,True
10362,58365,True
10363,58365,True
10364,58365,True
10365,58365,True
10366,58365,True
10367,58365,True
10368,56792,True
10369,56792,True
10370,56792,True
10371,56792,True
10372,56792,True
10373,56792,True
10374,56792,True
10375,56792,True
10376,56792,True
10377,56792,True
10378,56792,True
10379,56792,True
10380,52272,True
10381,52272,True
10382,52272,True
10383,52272,True
10384,52272,True
10385,52272,True
10386,52272,True
10387,52272,True
10388,52272,True
10389,52272,True
10390,52272,True
10391,52272,True
10392,54207,True
10393,54207,True
10394,54207,True
10395,54207,True
10396,54207,True
10397,54207,True
10398,54207,True
10399,54207,True
10400,54207,True
10401,54207,True
10402,54207,True
10403,54207,True
10404,52333,True
10405,52333,True
10406,52333,True
10407,52333,True
10408,52333,True
10409,52333,True
10410,52333,True
10411,52333,True
10412,52333,True
10413,52333,True
10414,52333,True
10415,52333,True
10416,51116,True
10417,51116,True
10418,51116,True
10419,51116,True
10420,51116,True
10421,51116,True
10422,51116,True
10423,51116,True
10424,51116,True
10425,51116,True
10426,51116,True
10427,51116,True
10428,56408,True
10429,56408,True
10430,56408,True
10431,56408,True
10432,56408,True
10433,56408,True
10434,56408,True
10435,56408,True
10436,56408,True
10437,56408,True
10438,56408,True
10439,56408,True
10440,52584,True
10441,52584,True
10442,52584,True
10443,52584,True
10444,52584,True
10445,52584,True
10446,52584,True
10447,52584,True
10448,52584,True
10449,52584,True
10450,52584,True
10451,52584,True
10452,57071,True
10453,57071,True
10454,57071,True
10455,57071,True
10456,57071,True
10457,57071,True
10458,57071,True
10459,57071,True
10460,57071,True
10461,57071,True
10462,57071,True
10463,57071,True
10464,52587,True
10465,52587,True
10466,52587,True
10467,52587,True
10468,52587,True
10469,52587,True
10470,52587,True
10471,52587,True
10472,52587,True
10473,52587,True
10474,52587,True
10475,52587,True
10476,56400,True
10477,56400,True
10478,56400,True
10479,56400,True
10480,56400,True
10481,56400,True
10482,56400,True
10483,56400,True
10484,56400,True
10485,56400,True
10486,56400,True
10487,56400,True
10488,50207,True
10489,50207,True
10490,50207,True
10491,50207,True
10492,50207,True
10493,50207,True
10494,50207,True
10495,50207,True
10496,50207,True
10497,50207,True
10498,50207,True
10499,50207,True
10500,53001,True
10501,53001,True
10502,53001,True
10503,53001,True
10504,53001,True
10505,53001,True
10506,53001,True
10507,53001,True
10508,53001,True
10509,53001,True
10510,53001,True
10511,53001,True
10512,48434,True
10513,48434,True
10514,48434,True
10515,48434,True
10516,48434,True
10517,48434,True
10518,48434,True
10519,48434,True
10520,48434,True
10521,48434,True
10522,48434,True
10523,48434,True
10524,57498,True
10525,57498,True
10526,57498,True
10527,57498,True
10528,57498,True
10529,57498,True
10530,57498,True
10531,57498,True
10532,57498,True
10533,57498,True
10534,57498,True
10535,57498,True
10536,53637,True
10537,53637,True
10538,53637,True
10539,53637,True
10540,53637,True
10541,53637,True
10542,53637,True
10543,53637,True
10544,53637,True
10545,53637,True
10546,53637,True
10547,53637,True
10548,47573,True
10549,47573,True
10550,47573,True
10551,47573,True
10552,47573,True
10553,47573,True
10554,47573,True
10555,47573,True
10556,47573,True
10557,47573,True
10558,47573,True
10559,47573,True
10560,55590,True
10561,55590,True
10562,55590,True
10563,55590,True
10564,55590,True
10565,55590,True
10566,55590,True
10567,55590,True
10568,55590,True
10569,55590,True
10570,55590,True
10571,55590,True
10572,62992,True
10573,62992,True
10574,62992,True
10575,62992,True
10576,62992,True
10577,62992,True
10578,62992,True
10579,62992,True
10580,62992,True
10581,62992,True
10582,62992,True
10583,62992,True
10584,53197,True
10585,53197,True
10586,53197,True
10587,53197,True
10588,53197,True
10589,53197,True
10590,53197,True
10591,53197,True
10592,53197,True
10593,53197,True
10594,53197,True
10595,53197,True
10596,60302,True
10597,60302,True
10598,60302,True
10599,60302,True
10600,60302,True
10601,60302,True
10602,60302,True
10603,60302,True
10604,60302,True
10605,60302,True
10606,60302,True
10607,60302,True
10608,48362,True
10609,48362,True
10610,48362,True
10611,48362,True
10612,48362,True
10613,48362,True
10614,48362,True
10615,48362,True
10616,48362,True
10617,48362,True
10618,48362,True
10619,48362,True
10620,49132,True
10621,49132,True
10622,49132,True
10623,49132,True
10624,49132,True
10625,49132,True
10626,49132,True
10627,49132,True
10628,49132,True
10629,49132,True
10630,49132,True
10631,49132,True
10632,64724,True
10633,64724,True
10634,64724,True
10635,64724,True
10636,64724,True
10637,64724,True
10638,64724,True
10639,64724,True
10640,64724,True
10641,64724,True
10642,64724,True
10643,64724,True
10644,57118,True
10645,57118,True
10646,57118,True
10647,57118,True
10648,57118,True
10649,57118,True
10650,57118,True
10651,57118,True
10652,57118,True
10653,57118,True
10654,57118,True
10655,57118,True
10656,52383,True
10657,52383,True
10658,52383,True
10659,52383,True
10660,52383,True
10661,52383,True
10662,52383,True
10663,52383,True
10664,52383,True
10665,52383,True
10666,52383,True
10667,52383,True
10668,58793,True
10669,58793,True
10670,58793,True
10671,58793,True
10672,58793,True
10673,58793,True
10674,58793,True
10675,58793,True
10676,58793,True
10677,58793,True
10678,58793,True
10679,58793,True
10680,57404,True
10681,57404,True
10682,57404,True
10683,57404,True
10684,57404,True
10685,57404,True
10686,57404,True
10687,57404,True
10688,57404,True
10689,57404,True
10690,57404,True
10691,57404,True
10692,45081,True
10693,45081,True
10694,45081,True
10695,45081,True
10696,45081,True
10697,45081,True
10698,45081,True
10699,45081,True
10700,45081,True
10701,45081,True
10702,45081,True
10703,45081,True
10704,53801,True
10705,53801,True
10706,53801,True
10707,53801,True
10708,53801,True
10709,53801,True
10710,53801,True
10711,53801,True
10712,53801,True
10713,53801,True
10714,53801,True
10715,53801,True
10716,46796,True
10717,46796,True
10718,46796,True
10719,46796,True
10720,46796,True
10721,46796,True
10722,46796,True
10723,46796,True
10724,46796,True
10725,46796,True
10726,46796,True
10727,46796,True
10728,53168,True
10729,53168,True
10730,53168,True
10731,53168,True
10732,53168,True
10733,53168,True
10734,53168,True
10735,53168,True
10736,53168,True
10737,53168,True
10738,53168,True
10739,53168,True
10740,50841,True
10741,50841,True
10742,50841,True
10743,50841,True
10744,50841,True
10745,50841,True
10746,50841,True
10747,50841,True
10748,50841,True
10749,50841,True
10750,50841,True
10751,50841,True
10752,52564,True
10753,52564,True
10754,52564,True
10755,52564,True
10756,52564,True
10757,52564,True
10758,52564,True
10759,52564,True
10760,52564,True
10761,52564,True
10762,52564,True
10763,52564,True
10764,47747,True
10765,47747,True
10766,47747,True
10767,47747,True
10768,47747,True
10769,47747,True
10770,47747,True
10771,47747,True
10772,47747,True
10773,47747,True
10774,47747,True
10775,47747,True
10776,52993,True
10777,52993,True
10778,52993,True
10779,52993,True
10780,52993,True
10781,52993,True
10782,52993,True
10783,52993,True
10784,52993,True
10785,52993,True
10786,52993,True
10787,52993,True
10788,52451,True
10789,52451,True
10790,52451,True
10791,52451,True
10792,52451,True
10793,52451,True
10794,52451,True
10795,52451,True
10796,52451,True
10797,52451,True
10798,52451,True
10799,52451,True
10800,55291,True
10801,55291,True
10802,55291,True
10803,55291,True
10804,55291,True
10805,55291,True
10806,55291,True
10807,55291,True
10808,55291,True
10809,55291,True
10810,55291,True
10811,55291,True
10812,55426,True
10813,55426,True
10814,55426,True
10815,55426,True
10816,55426,True
10817,55426,True
10818,55426,True
10819,55426,True
10820,55426,True
10821,55426,True
10822,55426,True
10823,55426,True
10824,53602,True
10825,53602,True
10826,53602,True
10827,53602,True
10828,53602,True
10829,53602,True
10830,53602,True
10831,53602,True
10832,53602,True
10833,53602,True
10834,53602,True
10835,53602,True
10836,48373,True
10837,48373,True
10838,48373,True
10839,48373,True
10840,48373,True
10841,48373,True
10842,48373,True
10843,48373,True
10844,48373,True
10845,48373,True
10846,48373,True
10847,48373,True
10848,55289,True
10849,55289,True
10850,55289,True
10851,55289,True
10852,55289,True
10853,55289,True
10854,55289,True
10855,55289,True
10856,55289,True
10857,55289,True
10858,55289,True
10859,55289,True
10860,51864,True
10861,51864,True
10862,51864,True
10863,51864,True
10864,51864,True
10865,51864,True
10866,51864,True
10867,51864,True
10868,51864,True
10869,51864,True
10870,51864,True
10871,51864,True
10872,48319,True
10873,48319,True
10874,48319,True
10875,48319,True
10876,48319,True
10877,48319,True
10878,48319,True
10879,48319,True
10880,48319,True
10881,48319,True
10882,48319,True
10883,48319,True
10884,52487,True
10885,52487,True
10886,52487,True
10887,52487,True
10888,52487,True
10889,52487,True
10890,52487,True
10891,52487,True
10892,52487,True
10893,52487,True
10894,52487,True
10895,52487,True
10896,47807,True
10897,47807,True
10898,47807,True
10899,47807,True
10900,47807,True
10901,47807,True
10902,47807,True
10903,47807,True
10904,47807,True
10905,47807,True
10906,47807,True
10907,47807,True
10908,47750,True
10909,47750,True
10910,47750,True
10911,47750,True
10912,47750,True
10913,47750,True
10914,47750,True
10915,47750,True
10916,47750,True
10917,47750,True
10918,47750,True
10919,47750,True
10920,64074,True
10921,64074,True
10922,64074,True
10923,64074,True
10924,64074,True
10925,64074,True
10926,64074,True
10927,64074,True
10928,64074,True
10929,64074,True
10930,64074,True
10931,64074,True
10932,57460,True
10933,57460,True
10934,57460,True
10935,57460,True
10936,57460,True
10937,57460,True
10938,57460,True
10939,57460,True
10940,57460,True
10941,57460,True
10942,57460,True
10943,57460,True
10944,46045,True
10945,46045,True
10946,46045,True
10947,46045,True
10948,46045,True
10949,46045,True
10950,46045,True
10951,46045,True
10952,46045,True
10953,46045,True
10954,46045,True
10955,46045,True
10956,56103,True
10957,56103,True
10958,56103,True
10959,56103,True
10960,56103,True
10961,56103,True
10962,56103,True
10963,56103,True
10964,56103,True
10965,56103,True
10966,56103,True
10967,56103,True
10968,51733,True
10969,51733,True
10970,51733,True
10971,51733,True
10972,51733,True
10973,51733,True
10974,51733,True
10975,51733,True
10976,51733,True
10977,51733,True
10978,51733,True
10979,51733,True
10980,64847,True
10981,64847,True
10982,64847,True
10983,64847,True
10984,64847,True
10985,64847,True
10986,64847,True
10987,64847,True
10988,64847,True
10989,64847,True
10990,64847,True
10991,64847,True
10992,57612,True
10993,57612,True
10994,57612,True
10995,57612,True
10996,57612,True
10997,57612,True
10998,57612,True
10999,57612,True
11000,57612,True
11001,57612,True
11002,57612,True
11003,57612,True
11004,51746,True
11005,51746,True
11006,51746,True
11007,51746,True
11008,51746,True
11009,51746,True
11010,51746,True
11011,51746,True
11012,51746,True
11013,51746,True
11014,51746,True
11015,51746,True
11016,53267,True
11017,53267,True
11018,53267,True
11019,53267,True
11020,53267,True
11021,53267,True
11022,53267,True
11023,53267,True
11024,53267,True
11025,53267,True
11026,53267,True
11027,53267,True
11028,57077,True
11029,57077,True
11030,57077,True
11031,57077,True
11032,57077,True
11033,57077,True
11034,57077,True
11035,57077,True
11036,57077,True
11037,57077,True
11038,57077,True
11039,57077,True
11040,48639,True
11041,48639,True
11042,48639,True
11043,48639,True
11044,48639,True
11045,48639,True
11046,48639,True
11047,48639,True
11048,48639,True
11049,48639,True
11050,48639,True
11051,48639,True
11052,54103,True
11053,54103,True
11054,54103,True
11055,54103,True
11056,54103,True
11057,54103,True
11058,54103,True
11059,54103,True
11060,54103,True
11061,54103,True
11062,54103,True
11063,54103,True
11064,45695,True
11065,45695,True
11066,45695,True
11067,45695,True
11068,45695,True
11069,45695,True
11070,45695,True
11071,45695,True
11072,45695,True
11073,45695,True
11074,45695,True
11075,45695,True
11076,53478,True
11077,53478,True
11078,53478,True
11079,53478,True
11080,53478,True
11081,53478,True
11082,53478,True
11083,53478,True
11084,53478,True
11085,53478,True
11086,53478,True
11087,53478,True
11088,50180,True
11089,50180,True
11090,50180,True
11091,50180,True
11092,50180,True
11093,50180,True
11094,50180,True
11095,50180,True
11096,50180,True
11097,50180,True
11098,50180,True
11099,50180,True
11100,56887,True
11101,56887,True
11102,56887,True
11103,56887,True
11104,56887,True
11105,56887,True
11106,56887,True
11107,56887,True
11108,56887,True
11109,56887,True
11110,56887,True
11111,56887,True
11112,45100,True
11113,45100,True
11114,45100,True
11115,45100,True
11116,45100,True
11117,45100,True
11118,45100,True
11119,45100,True
11120,45100,True
11121,45100,True
11122,45100,True
11123,45100,True
11124,56533,True
11125,56533,True
11126,56533,True
11127,56533,True
11128,56533,True
11129,56533,True
11130,56533,True
11131,56533,True
11132,56533,True
11133,56533,True
11134,56533,True
11135,56533,True
11136,53793,True
11137,53793,True
11138,53793,True
11139,53793,True
11140,53793,True
11141,53793,True
11142,53793,True
11143,53793,True
11144,53793,True
11145,53793,True
11146,53793,True
11147,53793,True
11148,61001,True
11149,61001,True
11150,61001,True
11151,61001,True
11152,61001,True
11153,61001,True
11154,61001,True
11155,61001,True
11156,61001,True
11157,61001,True
11158,61001,True
11159,61001,True
11160,58484,True
11161,58484,True
11162,58484,True
11163,58484,True
11164,58484,True
11165,58484,True
11166,58484,True
11167,58484,True
11168,58484,True
11169,58484,True
11170,58484,True
11171,58484,True
11172,64234,True
11173,64234,True
11174,64234,True
11175,64234,True
11176,64234,True
11177,64234,True
11178,64234,True
11179,64234,True
11180,64234,True
11181,64234,True
11182,64234,True
11183,64234,True
11184,53153,True
11185,53153,True
11186,53153,True
11187,53153,True
11188,53153,True
11189,53153,True
11190,53153,True
11191,53153,True
11192,53153,True
11193,53153,True
11194,53153,True
11195,53153,True
11196,53215,True
11197,53215,True
11198,53215,True
11199,53215,True
11200,53215,True
11201,53215,True
11202,53215,True
11203,53215,True
11204,53215,True
11205,53215,True
11206,53215,True
11207,53215,True
11208,52465,True
11209,52465,True
11210,52465,True
11211,52465,True
11212,52465,True
11213,52465,True
11214,52465,True
11215,52465,True
11216,52465,True
11217,52465,True
11218,52465,True
11219,52465,True
11220,56800,True
11221,56800,True
11222,56800,True
11223,56800,True
11224,56800,True
11225,56800,True
11226,56800,True
11227,56800,True
11228,56800,True
11229,56800,True
11230,56800,True
11231,56800,True
11232,48442,True
11233,48442,True
11234,48442,True
11235,48442,True
11236,48442,True
11237,48442,True
11238,48442,True
11239,48442,True
11240,48442,True
11241,48442,True
11242,48442,True
11243,48442,True
11244,64941,True
11245,64941,True
11246,64941,True
11247,64941,True
11248,64941,True
11249,64941,True
11250,64941,True
11251,64941,True
11252,64941,True
11253,64941,True
11254,64941,True
11255,64941,True
11256,64811,True
11257,64811,True
11258,64811,True
11259,64811,True
11260,64811,True
11261,64811,True
11262,64811,True
11263,64811,True
11264,64811,True
11265,64811,True
11266,64811,True
11267,64811,True
11268,55275,True
11269,55275,True
11270,55275,True
11271,55275,True
11272,55275,True
11273,55275,True
11274,55275,True
11275,55275,True
11276,55275,True
11277,55275,True
11278,55275,True
11279,55275,True
11280,55373,True
11281,55373,True
11282,55373,True
11283,55373,True
11284,55373,True
11285,55373,True
11286,55373,True
11287,55373,True
11288,55373,True
11289,55373,True
11290,55373,True
11291,55373,True
11292,53604,True
11293,53604,True
11294,53604,True
11295,53604,True
11296,53604,True
11297,53604,True
11298,53604,True
11299,53604,True
11300,53604,True
11301,53604,True
11302,53604,True
11303,53604,True
11304,58223,True
11305,58223,True
11306,58223,True
11307,58223,True
11308,58223,True
11309,58223,True
11310,58223,True
11311,58223,True
11312,58223,True
11313,58223,True
11314,58223,True
11315,58223,True
11316,55297,True
11317,55297,True
11318,55297,True
11319,55297,True
11320,55297,True
11321,55297,True
11322,55297,True
11323,55297,True
11324,55297,True
11325,55297,True
11326,55297,True
11327,55297,True
11328,47676,True
11329,47676,True
11330,47676,True
11331,47676,True
11332,47676,True
11333,47676,True
11334,47676,True
11335,47676,True
11336,47676,True
11337,47676,True
11338,47676,True
11339,47676,True
11340,55660,True
11341,55660,True
11342,55660,True
11343,55660,True
11344,55660,True
11345,55660,True
11346,55660,True
11347,55660,True
11348,55660,True
11349,55660,True
11350,55660,True
11351,55660,True
11352,56378,True
11353,56378,True
11354,56378,True
11355,56378,True
11356,56378,True
11357,56378,True
11358,56378,True
11359,56378,True
11360,56378,True
11361,56378,True
11362,56378,True
11363,56378,True
11364,54199,True
11365,54199,True
11366,54199,True
11367,54199,True
11368,54199,True
11369,54199,True
11370,54199,True
11371,54199,True
11372,54199,True
11373,54199,True
11374,54199,True
11375,54199,True
11376,52678,True
11377,52678,True
11378,52678,True
11379,52678,True
11380,52678,True
11381,52678,True
11382,52678,True
11383,52678,True
11384,52678,True
11385,52678,True
11386,52678,True
11387,52678,True
11388,51469,True
11389,51469,True
11390,51469,True
11391,51469,True
11392,51469,True
11393,51469,True
11394,51469,True
11395,51469,True
11396,51469,True
11397,51469,True
11398,51469,True
11399,51469,True
11400,57310,True
11401,57310,True
11402,57310,True
11403,57310,True
11404,57310,True
11405,57310,True
11406,57310,True
11407,57310,True
11408,57310,True
11409,57310,True
11410,57310,True
11411,57310,True
11412,56823,True
11413,56823,True
11414,56823,True
11415,56823,True
11416,56823,True
11417,56823,True
11418,56823,True
11419,56823,True
11420,56823,True
11421,56823,True
11422,56823,True
11423,56823,True
11424,53935,True
11425,53935,True
11426,53935,True
11427,53935,True
11428,53935,True
11429,53935,True
11430,53935,True
11431,53935,True
11432,53935,True
11433,53935,True
11434,53935,True
11435,53935,True
11436,57604,True
11437,57604,True
11438,57604,True
11439,57604,True
11440,57604,True
11441,57604,True
11442,57604,True
11443,57604,True
11444,57604,True
11445,57604,True
11446,57604,True
11447,57604,True
11448,58750,True
11449,58750,True
11450,58750,True
11451,58750,True
11452,58750,True
11453,58750,True
11454,58750,True
11455,58750,True
11456,58750,True
11457,58750,True
11458,58750,True
11459,58750,True
11460,57868,True
11461,57868,True
11462,57868,True
11463,57868,True
11464,57868,True
11465,57868,True
11466,57868,True
11467,57868,True
11468,57868,True
11469,57868,True
11470,57868,True
11471,57868,True
11472,55331,True
11473,55331,True
11474,55331,True
11475,55331,True
11476,55331,True
11477,55331,True
11478,55331,True
11479,55331,True
11480,55331,True
11481,55331,True
11482,55331,True
11483,55331,True
11484,51977,True
11485,51977,True
11486,51977,True
11487,51977,True
11488,51977,True
11489,51977,True
11490,51977,True
11491,51977,True
11492,51977,True
11493,51977,True
11494,51977,True
11495,51977,True
11496,57897,True
11497,57897,True
11498,57897,True
11499,57897,True
11500,57897,True
11501,57897,True
11502,57897,True
11503,57897,True
11504,57897,True
11505,57897,True
11506,57897,True
11507,57897,True
11508,53934,True
11509,53934,True
11510,53934,True
11511,53934,True
11512,53934,True
11513,53934,True
11514,53934,True
11515,53934,True
11516,53934,True
11517,53934,True
11518,53934,True
11519,53934,True
11520,53557,True
11521,53557,True
11522,53557,True
11523,53557,True
11524,53557,True
11525,53557,True
11526,53557,True
11527,53557,True
11528,53557,True
11529,53557,True
11530,53557,True
11531,53557,True
11532,57306,True
11533,57306,True
11534,57306,True
11535,57306,True
11536,57306,True
11537,57306,True
11538,57306,True
11539,57306,True
11540,57306,True
11541,57306,True
11542,57306,True
11543,57306,True
11544,55753,True
11545,55753,True
11546,55753,True
11547,55753,True
11548,55753,True
11549,55753,True
11550,55753,True
11551,55753,True
11552,55753,True
11553,55753,True
11554,55753,True
11555,55753,True
11556,46698,True
11557,46698,True
11558,46698,True
11559,46698,True
11560,46698,True
11561,46698,True
11562,46698,True
11563,46698,True
11564,46698,True
11565,46698,True
11566,46698,True
11567,46698,True
11568,45048,True
11569,45048,True
11570,45048,True
11571,45048,True
11572,45048,True
11573,45048,True
11574,45048,True
11575,45048,True
11576,45048,True
11577,45048,True
11578,45048,True
11579,45048,True
11580,56545,True
11581,56545,True
11582,56545,True
11583,56545,True
11584,56545,True
11585,56545,True
11586,56545,True
11587,56545,True
11588,56545,True
11589,56545,True
11590,56545,True
11591,56545,True
11592,57146,True
11593,57146,True
11594,57146,True
11595,57146,True
11596,57146,True
11597,57146,True
11598,57146,True
11599,57146,True
11600,57146,True
11601,57146,True
11602,57146,True
11603,57146,True
11604,52639,True
11605,52639,True
11606,52639,True
11607,52639,True
11608,52639,True
11609,52639,True
11610,52639,True
11611,52639,True
11612,52639,True
11613,52639,True
11614,52639,True
11615,52639,True
11616,53198,True
11617,53198,True
11618,53198,True
11619,53198,True
11620,53198,True
11621,53198,True
11622,53198,True
11623,53198,True
11624,53198,True
11625,53198,True
11626,53198,True
11627,53198,True
11628,46129,True
11629,46129,True
11630,46129,True
11631,46129,True
11632,46129,True
11633,46129,True
11634,46129,True
11635,46129,True
11636,46129,True
11637,46129,True
11638,46129,True
11639,46129,True
11640,48577,True
11641,48577,True
11642,48577,True
11643,48577,True
11644,48577,True
11645,48577,True
11646,48577,True
11647,48577,True
11648,48577,True
11649,48577,True
11650,48577,True
11651,48577,True
11652,57080,True
11653,57080,True
11654,57080,True
11655,57080,True
11656,57080,True
11657,57080,True
11658,57080,True
11659,57080,True
11660,57080,True
11661,57080,True
11662,57080,True
11663,57080,True
11664,48105,True
11665,48105,True
11666,48105,True
11667,48105,True
11668,48105,True
11669,48105,True
11670,48105,True
11671,48105,True
11672,48105,True
11673,48105,True
11674,48105,True
11675,48105,True
11676,44930,True
11677,44930,True
11678,44930,True
11679,44930,True
11680,44930,True
11681,44930,True
11682,44930,True
11683,44930,True
11684,44930,True
11685,44930,True
11686,44930,True
11687,44930,True
11688,46740,True
11689,46740,True
11690,46740,True
11691,46740,True
11692,46740,True
11693,46740,True
11694,46740,True
11695,46740,True
11696,46740,True
11697,46740,True
11698,46740,True
11699,46740,True
11700,55924,True
11701,55924,True
11702,55924,True
11703,55924,True
11704,55924,True
11705,55924,True
11706,55924,True
11707,55924,True
11708,55924,True
11709,55924,True
11710,55924,True
11711,55924,True
11712,53062,True
11713,53062,True
11714,53062,True
11715,53062,True
11716,53062,True
11717,53062,True
11718,53062,True
11719,53062,True
11720,53062,True
11721,53062,True
11722,53062,True
11723,53062,True
11724,52492,True
11725,52492,True
11726,52492,True
11727,52492,True
11728,52492,True
11729,52492,True
11730,52492,True
11731,52492,True
11732,52492,True
11733,52492,True
11734,52492,True
11735,52492,True
11736,57814,True
11737,57814,True
11738,57814,True
11739,57814,True
11740,57814,True
11741,57814,True
11742,57814,True
11743,57814,True
11744,57814,True
11745,57814,True
11746,57814,True
11747,57814,True
11748,47384,True
11749,47384,True
11750,47384,True
11751,47384,True
11752,47384,True
11753,47384,True
11754,47384,True
11755,47384,True
11756,47384,True
11757,47384,True
11758,47384,True
11759,47384,True
11760,57951,True
11761,57951,True
11762,57951,True
11763,57951,True
11764,57951,True
11765,57951,True
11766,57951,True
11767,57951,True
11768,57951,True
11769,57951,True
11770,57951,True
11771,57951,True
11772,64358,True
11773,64358,True
11774,64358,True
11775,64358,True
11776,64358,True
11777,64358,True
11778,64358,True
11779,64358,True
11780,64358,True
11781,64358,True
11782,64358,True
11783,64358,True
11784,53259,True
11785,53259,True
11786,53259,True
11787,53259,True
11788,53259,True
11789,53259,True
11790,53259,True
11791,53259,True
11792,53259,True
11793,53259,True
11794,53259,True
11795,53259,True
11796,57090,True
11797,57090,True
11798,57090,True
11799,57090,True
11800,57090,True
11801,57090,True
11802,57090,True
11803,57090,True
11804,57090,True
11805,57090,True
11806,57090,True
11807,57090,True
11808,58609,True
11809,58609,True
11810,58609,True
11811,58609,True
11812,58609,True
11813,58609,True
11814,58609,True
11815,58609,True
11816,58609,True
11817,58609,True
11818,58609,True
11819,58609,True
11820,45390,True
11821,45390,True
11822,45390,True
11823,45390,True
11824,45390,True
11825,45390,True
11826,45390,True
11827,45390,True
11828,45390,True
11829,45390,True
11830,45390,True
11831,45390,True
11832,53145,True
11833,53145,True
11834,53145,True
11835,53145,True
11836,53145,True
11837,53145,True
11838,53145,True
11839,53145,True
11840,53145,True
11841,53145,True
11842,53145,True
11843,53145,True
11844,55583,True
11845,55583,True
11846,55583,True
11847,55583,True
11848,55583,True
11849,55583,True
11850,55583,True
11851,55583,True
11852,55583,True
11853,55583,True
11854,55583,True
11855,55583,True
11856,55335,True
11857,55335,True
11858,55335,True
11859,55335,True
11860,55335,True
11861,55335,True
11862,55335,True
11863,55335,True
11864,55335,True
11865,55335,True
11866,55335,True
11867,55335,True
11868,64954,True
11869,64954,True
11870,64954,True
11871,64954,True
11872,64954,True
11873,64954,True
11874,64954,True
11875,64954,True
11876,64954,True
11877,64954,True
11878,64954,True
11879,64954,True
11880,57812,True
11881,57812,True
11882,57812,True
11883,57812,True
11884,57812,True
11885,57812,True
11886,57812,True
11887,57812,True
11888,57812,True
11889,57812,True
11890,57812,True
11891,57812,True
11892,53895,True
11893,53895,True
11894,53895,True
11895,53895,True
11896,53895,True
11897,53895,True
11898,53895,True
11899,53895,True
11900,53895,True
11901,53895,True
11902,53895,True
11903,53895,True
11904,48098,True
11905,48098,True
11906,48098,True
11907,48098,True
11908,48098,True
11909,48098,True
11910,48098,True
11911,48098,True
11912,48098,True
11913,48098,True
11914,48098,True
11915,48098,True
11916,56517,True
11917,56517,True
11918,56517,True
11919,56517,True
11920,56517,True
11921,56517,True
11922,56517,True
11923,56517,True
11924,56517,True
11925,56517,True
11926,56517,True
11927,56517,True
11928,53994,True
11929,53994,True
11930,53994,True
11931,53994,True
11932,53994,True
11933,53994,True
11934,53994,True
11935,53994,True
11936,53994,True
11937,53994,True
11938,53994,True
11939,53994,True
11940,50185,True
11941,50185,True
11942,50185,True
11943,50185,True
11944,50185,True
11945,50185,True
11946,50185,True
11947,50185,True
11948,50185,True
11949,50185,True
11950,50185,True
11951,50185,True
11952,64243,True
11953,64243,True
11954,64243,True
11955,64243,True
11956,64243,True
11957,64243,True
11958,64243,True
11959,64243,True
11960,64243,True
11961,64243,True
11962,64243,True
11963,64243,True
11964,57122,True
11965,57122,True
11966,57122,True
11967,57122,True
11968,57122,True
11969,57122,True
11970,57122,True
11971,57122,True
11972,57122,True
11973,57122,True
11974,57122,True
11975,57122,True
11976,55495,True
11977,55495,True
11978,55495,True
11979,55495,True
11980,55495,True
11981,55495,True
11982,55495,True
11983,55495,True
11984,55495,True
11985,55495,True
11986,55495,True
11987,55495,True
11988,55371,True
11989,55371,True
11990,55371,True
11991,55371,True
11992,55371,True
11993,55371,True
11994,55371,True
11995,55371,True
11996,55371,True
11997,55371,True
11998,55371,True
11999,55371,True
12000,48682,True
12001,48682,True
12002,48682,True
12003,48682,True
12004,48682,True
12005,48682,True
12006,48682,True
12007,48682,True
12008,48682,True
12009,48682,True
12010,48682,True
12011,48682,True
12012,55743,True
12013,55743,True
12014,55743,True
12015,55743,True
12016,55743,True
12017,55743,True
12018,55743,True
12019,55743,True
12020,55743,True
12021,55743,True
12022,55743,True
12023,55743,True
12024,56297,True
12025,56297,True
12026,56297,True
12027,56297,True
12028,56297,True
12029,56297,True
12030,56297,True
12031,56297,True
12032,56297,True
12033,56297,True
12034,56297,True
12035,56297,True
12036,55671,True
12037,55671,True
12038,55671,True
12039,55671,True
12040,55671,True
12041,55671,True
12042,55671,True
12043,55671,True
12044,55671,True
12045,55671,True
12046,55671,True
12047,55671,True
12048,53179,True
12049,53179,True
12050,53179,True
12051,53179,True
12052,53179,True
12053,53179,True
12054,53179,True
12055,53179,True
12056,53179,True
12057,53179,True
12058,53179,True
12059,53179,True
12060,56127,True
12061,56127,True
12062,56127,True
12063,56127,True
12064,56127,True
12065,56127,True
12066,56127,True
12067,56127,True
12068,56127,True
12069,56127,True
12070,56127,True
12071,56127,True
12072,64208,True
12073,64208,True
12074,64208,True
12075,64208,True
12076,64208,True
12077,64208,True
12078,64208,True
12079,64208,True
12080,64208,True
12081,64208,True
12082,64208,True
12083,64208,True
12084,45755,True
12085,45755,True
12086,45755,True
12087,45755,True
12088,45755,True
12089,45755,True
12090,45755,True
12091,45755,True
12092,45755,True
12093,45755,True
12094,45755,True
12095,45755,True
12096,58247,True
12097,58247,True
12098,58247,True
12099,58247,True
12100,58247,True
12101,58247,True
12102,58247,True
12103,58247,True
12104,58247,True
12105,58247,True
12106,58247,True
12107,58247,True
12108,48144,True
12109,48144,True
12110,48144,True
12111,48144,True
12112,48144,True
12113,48144,True
12114,48144,True
12115,48144,True
12116,48144,True
12117,48144,True
12118,48144,True
12119,48144,True
12120,56540,True
12121,56540,True
12122,56540,True
12123,56540,True
12124,56540,True
12125,56540,True
12126,56540,True
12127,56540,True
12128,56540,True
12129,56540,True
12130,56540,True
12131,56540,True
12132,46044,True
12133,46044,True
12134,46044,True
12135,46044,True
12136,46044,True
12137,46044,True
12138,46044,True
12139,46044,True
12140,46044,True
12141,46044,True
12142,46044,True
12143,46044,True
12144,55956,True
12145,55956,True
12146,55956,True
12147,55956,True
12148,55956,True
12149,55956,True
12150,55956,True
12151,55956,True
12152,55956,True
12153,55956,True
12154,55956,True
12155,55956,True
12156,56458,True
12157,56458,True
12158,56458,True
12159,56458,True
12160,56458,True
12161,56458,True
12162,56458,True
12163,56458,True
12164,56458,True
12165,56458,True
12166,56458,True
12167,56458,True
12168,48573,True
12169,48573,True
12170,48573,True
12171,48573,True
12172,48573,True
12173,48573,True
12174,48573,True
12175,48573,True
12176,48573,True
12177,48573,True
12178,48573,True
12179,48573,True
12180,48316,True
12181,48316,True
12182,48316,True
12183,48316,True
12184,48316,True
12185,48316,True
12186,48316,True
12187,48316,True
12188,48316,True
12189,48316,True
12190,48316,True
12191,48316,True
12192,58861,True
12193,58861,True
12194,58861,True
12195,58861,True
12196,58861,True
12197,58861,True
12198,58861,True
12199,58861,True
12200,58861,True
12201,58861,True
12202,58861,True
12203,58861,True
12204,53563,True
12205,53563,True
12206,53563,True
12207,53563,True
12208,53563,True
12209,53563,True
12210,53563,True
12211,53563,True
12212,53563,True
12213,53563,True
12214,53563,True
12215,53563,True
12216,64376,True
12217,64376,True
12218,64376,True
12219,64376,True
12220,64376,True
12221,64376,True
12222,64376,True
12223,64376,True
12224,64376,True
12225,64376,True
12226,64376,True
12227,64376,True
12228,45057,True
12229,45057,True
12230,45057,True
12231,45057,True
12232,45057,True
12233,45057,True
12234,45057,True
12235,45057,True
12236,45057,True
12237,45057,True
12238,45057,True
12239,45057,True
12240,59762,True
12241,59762,True
12242,59762,True
12243,59762,True
12244,59762,True
12245,59762,True
12246,59762,True
12247,59762,True
12248,59762,True
12249,59762,True
12250,59762,True
12251,59762,True
12252,56701,True
12253,56701,True
12254,56701,True
12255,56701,True
12256,56701,True
12257,56701,True
12258,56701,True
12259,56701,True
12260,56701,True
12261,56701,True
12262,56701,True
12263,56701,True
12264,60331,True
12265,60331,True
12266,60331,True
12267,60331,True
12268,60331,True
12269,60331,True
12270,60331,True
12271,60331,True
12272,60331,True
12273,60331,True
12274,60331,True
12275,60331,True
12276,59759,True
12277,59759,True
12278,59759,True
12279,59759,True
12280,59759,True
12281,59759,True
12282,59759,True
12283,59759,True
12284,59759,True
12285,59759,True
12286,59759,True
12287,59759,True
12288,48282,True
12289,48282,True
12290,48282,True
12291,48282,True
12292,48282,True
12293,48282,True
12294,48282,True
12295,48282,True
12296,48282,True
12297,48282,True
12298,48282,True
12299,48282,True
12300,58068,True
12301,58068,True
12302,58068,True
12303,58068,True
12304,58068,True
12305,58068,True
12306,58068,True
12307,58068,True
12308,58068,True
12309,58068,True
12310,58068,True
12311,58068,True
12312,57247,True
12313,57247,True
12314,57247,True
12315,57247,True
12316,57247,True
12317,57247,True
12318,57247,True
12319,57247,True
12320,57247,True
12321,57247,True
12322,57247,True
12323,57247,True
12324,57370,True
12325,57370,True
12326,57370,True
12327,57370,True
12328,57370,True
12329,57370,True
12330,57370,True
12331,57370,True
12332,57370,True
12333,57370,True
12334,57370,True
12335,57370,True
12336,55785,True
12337,55785,True
12338,55785,True
12339,55785,True
12340,55785,True
12341,55785,True
12342,55785,True
12343,55785,True
12344,55785,True
12345,55785,True
12346,55785,True
12347,55785,True
12348,59835,True
12349,59835,True
12350,59835,True
12351,59835,True
12352,59835,True
12353,59835,True
12354,59835,True
12355,59835,True
12356,59835,True
12357,59835,True
12358,59835,True
12359,59835,True
12360,54766,True
12361,54766,True
12362,54766,True
12363,54766,True
12364,54766,True
12365,54766,True
12366,54766,True
12367,54766,True
12368,54766,True
12369,54766,True
12370,54766,True
12371,54766,True
12372,54761,True
12373,54761,True
12374,54761,True
12375,54761,True
12376,54761,True
12377,54761,True
12378,54761,True
12379,54761,True
12380,54761,True
12381,54761,True
12382,54761,True
12383,54761,True
12384,55950,True
12385,55950,True
12386,55950,True
12387,55950,True
12388,55950,True
12389,55950,True
12390,55950,True
12391,55950,True
12392,55950,True
12393,55950,True
12394,55950,True
12395,55950,True
12396,56453,True
12397,56453,True
12398,56453,True
12399,56453,True
12400,56453,True
12401,56453,True
12402,56453,True
12403,56453,True
12404,56453,True
12405,56453,True
12406,56453,True
12407,56453,True
12408,52684,True
12409,52684,True
12410,52684,True
12411,52684,True
12412,52684,True
12413,52684,True
12414,52684,True
12415,52684,True
12416,52684,True
12417,52684,True
12418,52684,True
12419,52684,True
12420,64260,True
12421,64260,True
12422,64260,True
12423,64260,True
12424,64260,True
12425,64260,True
12426,64260,True
12427,64260,True
12428,64260,True
12429,64260,True
12430,64260,True
12431,64260,True
12432,55647,True
12433,55647,True
12434,55647,True
12435,55647,True
12436,55647,True
12437,55647,True
12438,55647,True
12439,55647,True
12440,55647,True
12441,55647,True
12442,55647,True
12443,55647,True
12444,52857,True
12445,52857,True
12446,52857,True
12447,52857,True
12448,52857,True
12449,52857,True
12450,52857,True
12451,52857,True
12452,52857,True
12453,52857,True
12454,52857,True
12455,52857,True
12456,53965,True
12457,53965,True
12458,53965,True
12459,53965,True
12460,53965,True
12461,53965,True
12462,53965,True
12463,53965,True
12464,53965,True
12465,53965,True
12466,53965,True
12467,53965,True
12468,55612,True
12469,55612,True
12470,55612,True
12471,55612,True
12472,55612,True
12473,55612,True
12474,55612,True
12475,55612,True
12476,55612,True
12477,55612,True
12478,55612,True
12479,55612,True
12480,60992,True
12481,60992,True
12482,60992,True
12483,60992,True
12484,60992,True
12485,60992,True
12486,60992,True
12487,60992,True
12488,60992,True
12489,60992,True
12490,60992,True
12491,60992,True
12492,57514,True
12493,57514,True
12494,57514,True
12495,57514,True
12496,57514,True
12497,57514,True
12498,57514,True
12499,57514,True
12500,57514,True
12501,57514,True
12502,57514,True
12503,57514,True
12504,53084,True
12505,53084,True
12506,53084,True
12507,53084,True
12508,53084,True
12509,53084,True
12510,53084,True
12511,53084,True
12512,53084,True
12513,53084,True
12514,53084,True
12515,53084,True
12516,64700,True
12517,64700,True
12518,64700,True
12519,64700,True
12520,64700,True
12521,64700,True
12522,64700,True
12523,64700,True
12524,64700,True
12525,64700,True
12526,64700,True
12527,64700,True
12528,59026,True
12529,59026,True
12530,59026,True
12531,59026,True
12532,59026,True
12533,59026,True
12534,59026,True
12535,59026,True
12536,59026,True
12537,59026,True
12538,59026,True
12539,59026,True
12540,54070,True
12541,54070,True
12542,54070,True
12543,54070,True
12544,54070,True
12545,54070,True
12546,54070,True
12547,54070,True
12548,54070,True
12549,54070,True
12550,54070,True
12551,54070,True
12552,48880,True
12553,48880,True
12554,48880,True
12555,48880,True
12556,48880,True
12557,48880,True
12558,48880,True
12559,48880,True
12560,48880,True
12561,48880,True
12562,48880,True
12563,48880,True
12564,47810,True
12565,47810,True
12566,47810,True
12567,47810,True
12568,47810,True
12569,47810,True
12570,47810,True
12571,47810,True
12572,47810,True
12573,47810,True
12574,47810,True
12575,47810,True
12576,51962,True
12577,51962,True
12578,51962,True
12579,51962,True
12580,51962,True
12581,51962,True
12582,51962,True
12583,51962,True
12584,51962,True
12585,51962,True
12586,51962,True
12587,51962,True
12588,47825,True
12589,47825,True
12590,47825,True
12591,47825,True
12592,47825,True
12593,47825,True
12594,47825,True
12595,47825,True
12596,47825,True
12597,47825,True
12598,47825,True
12599,47825,True
12600,58606,True
12601,58606,True
12602,58606,True
12603,58606,True
12604,58606,True
12605,58606,True
12606,58606,True
12607,58606,True
12608,58606,True
12609,58606,True
12610,58606,True
12611,58606,True
12612,55287,True
12613,55287,True
12614,55287,True
12615,55287,True
12616,55287,True
12617,55287,True
12618,55287,True
12619,55287,True
12620,55287,True
12621,55287,True
12622,55287,True
12623,55287,True
12624,48306,True
12625,48306,True
12626,48306,True
12627,48306,True
12628,48306,True
12629,48306,True
12630,48306,True
12631,48306,True
12632,48306,True
12633,48306,True
12634,48306,True
12635,48306,True
12636,62838,True
12637,62838,True
12638,62838,True
12639,62838,True
12640,62838,True
12641,62838,True
12642,62838,True
12643,62838,True
12644,62838,True
12645,62838,True
12646,62838,True
12647,62838,True
12648,58595,True
12649,58595,True
12650,58595,True
12651,58595,True
12652,58595,True
12653,58595,True
12654,58595,True
12655,58595,True
12656,58595,True
12657,58595,True
12658,58595,True
12659,58595,True
12660,47800,True
12661,47800,True
12662,47800,True
12663,47800,True
12664,47800,True
12665,47800,True
12666,47800,True
12667,47800,True
12668,47800,True
12669,47800,True
12670,47800,True
12671,47800,True
12672,53263,True
12673,53263,True
12674,53263,True
12675,53263,True
12676,53263,True
12677,53263,True
12678,53263,True
12679,53263,True
12680,53263,True
12681,53263,True
12682,53263,True
12683,53263,True
12684,55601,True
12685,55601,True
12686,55601,True
12687,55601,True
12688,55601,True
12689,55601,True
12690,55601,True
12691,55601,True
12692,55601,True
12693,55601,True
12694,55601,True
12695,55601,True
12696,64240,True
12697,64240,True
12698,64240,True
12699,64240,True
12700,64240,True
12701,64240,True
12702,64240,True
12703,64240,True
12704,64240,True
12705,64240,True
12706,64240,True
12707,64240,True
12708,57971,True
12709,57971,True
12710,57971,True
12711,57971,True
12712,57971,True
12713,57971,True
12714,57971,True
12715,57971,True
12716,57971,True
12717,57971,True
12718,57971,True
12719,57971,True
12720,63317,True
12721,63317,True
12722,63317,True
12723,63317,True
12724,63317,True
12725,63317,True
12726,63317,True
12727,63317,True
12728,63317,True
12729,63317,True
12730,63317,True
12731,63317,True
12732,47157,True
12733,47157,True
12734,47157,True
12735,47157,True
12736,47157,True
12737,47157,True
12738,47157,True
12739,47157,True
12740,47157,True
12741,47157,True
12742,47157,True
12743,47157,True
12744,47787,True
12745,47787,True
12746,47787,True
12747,47787,True
12748,47787,True
12749,47787,True
12750,47787,True
12751,47787,True
12752,47787,True
12753,47787,True
12754,47787,True
12755,47787,True
12756,56288,True
12757,56288,True
12758,56288,True
12759,56288,True
12760,56288,True
12761,56288,True
12762,56288,True
12763,56288,True
12764,56288,True
12765,56288,True
12766,56288,True
12767,56288,True
12768,57633,True
12769,57633,True
12770,57633,True
12771,57633,True
12772,57633,True
12773,57633,True
12774,57633,True
12775,57633,True
12776,57633,True
12777,57633,True
12778,57633,True
12779,57633,True
12780,53825,True
12781,53825,True
12782,53825,True
12783,53825,True
12784,53825,True
12785,53825,True
12786,53825,True
12787,53825,True
12788,53825,True
12789,53825,True
12790,53825,True
12791,53825,True
12792,53392,True
12793,53392,True
12794,53392,True
12795,53392,True
12796,53392,True
12797,53392,True
12798,53392,True
12799,53392,True
12800,53392,True
12801,53392,True
12802,53392,True
12803,53392,True
12804,52657,True
12805,52657,True
12806,52657,True
12807,52657,True
12808,52657,True
12809,52657,True
12810,52657,True
12811,52657,True
12812,52657,True
12813,52657,True
12814,52657,True
12815,52657,True
12816,49756,True
12817,49756,True
12818,49756,True
12819,49756,True
12820,49756,True
12821,49756,True
12822,49756,True
12823,49756,True
12824,49756,True
12825,49756,True
12826,49756,True
12827,49756,True
12828,54186,True
12829,54186,True
12830,54186,True
12831,54186,True
12832,54186,True
12833,54186,True
12834,54186,True
12835,54186,True
12836,54186,True
12837,54186,True
12838,54186,True
12839,54186,True
12840,54768,True
12841,54768,True
12842,54768,True
12843,54768,True
12844,54768,True
12845,54768,True
12846,54768,True
12847,54768,True
12848,54768,True
12849,54768,True
12850,54768,True
12851,54768,True
12852,61581,True
12853,61581,True
12854,61581,True
12855,61581,True
12856,61581,True
12857,61581,True
12858,61581,True
12859,61581,True
12860,61581,True
12861,61581,True
12862,61581,True
12863,61581,True
12864,55775,True
12865,55775,True
12866,55775,True
12867,55775,True
12868,55775,True
12869,55775,True
12870,55775,True
12871,55775,True
12872,55775,True
12873,55775,True
12874,55775,True
12875,55775,True
12876,57462,True
12877,57462,True
12878,57462,True
12879,57462,True
12880,57462,True
12881,57462,True
12882,57462,True
12883,57462,True
12884,57462,True
12885,57462,True
12886,57462,True
12887,57462,True
12888,58859,True
12889,58859,True
12890,58859,True
12891,58859,True
12892,58859,True
12893,58859,True
12894,58859,True
12895,58859,True
12896,58859,True
12897,58859,True
12898,58859,True
12899,58859,True
12900,60904,True
12901,60904,True
12902,60904,True
12903,60904,True
12904,60904,True
12905,60904,True
12906,60904,True
12907,60904,True
12908,60904,True
12909,60904,True
12910,60904,True
12911,60904,True
12912,64422,True
12913,64422,True
12914,64422,True
12915,64422,True
12916,64422,True
12917,64422,True
12918,64422,True
12919,64422,True
12920,64422,True
12921,64422,True
12922,64422,True
12923,64422,True
12924,46786,True
12925,46786,True
12926,46786,True
12927,46786,True
12928,46786,True
12929,46786,True
12930,46786,True
12931,46786,True
12932,46786,True
12933,46786,True
12934,46786,True
12935,46786,True
12936,59571,True
12937,59571,True
12938,59571,True
12939,59571,True
12940,59571,True
12941,59571,True
12942,59571,True
12943,59571,True
12944,59571,True
12945,59571,True
12946,59571,True
12947,59571,True
12948,52339,True
12949,52339,True
12950,52339,True
12951,52339,True
12952,52339,True
12953,52339,True
12954,52339,True
12955,52339,True
12956,52339,True
12957,52339,True
12958,52339,True
12959,52339,True
12960,56304,True
12961,56304,True
12962,56304,True
12963,56304,True
12964,56304,True
12965,56304,True
12966,56304,True
12967,56304,True
12968,56304,True
12969,56304,True
12970,56304,True
12971,56304,True
12972,59075,True
12973,59075,True
12974,59075,True
12975,59075,True
12976,59075,True
12977,59075,True
12978,59075,True
12979,59075,True
12980,59075,True
12981,59075,True
12982,59075,True
12983,59075,True
12984,53481,True
12985,53481,True
12986,53481,True
12987,53481,True
12988,53481,True
12989,53481,True
12990,53481,True
12991,53481,True
12992,53481,True
12993,53481,True
12994,53481,True
12995,53481,True
12996,58208,True
12997,58208,True
12998,58208,True
12999,58208,True
13000,58208,True
13001,58208,True
13002,58208,True
13003,58208,True
13004,58208,True
13005,58208,True
13006,58208,True
13007,58208,True
13008,47748,True
13009,47748,True
13010,47748,True
13011,47748,True
13012,47748,True
13013,47748,True
13014,47748,True
13015,47748,True
13016,47748,True
13017,47748,True
13018,47748,True
13019,47748,True
13020,53560,True
13021,53560,True
13022,53560,True
13023,53560,True
13024,53560,True
13025,53560,True
13026,53560,True
13027,53560,True
13028,53560,True
13029,53560,True
13030,53560,True
13031,53560,True
13032,60049,True
13033,60049,True
13034,60049,True
13035,60049,True
13036,60049,True
13037,60049,True
13038,60049,True
13039,60049,True
13040,60049,True
13041,60049,True
13042,60049,True
13043,60049,True
13044,52469,True
13045,52469,True
13046,52469,True
13047,52469,True
13048,52469,True
13049,52469,True
13050,52469,True
13051,52469,True
13052,52469,True
13053,52469,True
13054,52469,True
13055,52469,True
13056,49748,True
13057,49748,True
13058,49748,True
13059,49748,True
13060,49748,True
13061,49748,True
13062,49748,True
13063,49748,True
13064,49748,True
13065,49748,True
13066,49748,True
13067,49748,True
13068,64322,True
13069,64322,True
13070,64322,True
13071,64322,True
13072,64322,True
13073,64322,True
13074,64322,True
13075,64322,True
13076,64322,True
13077,64322,True
13078,64322,True
13079,64322,True
13080,53979,True
13081,53979,True
13082,53979,True
13083,53979,True
13084,53979,True
13085,53979,True
13086,53979,True
13087,53979,True
13088,53979,True
13089,53979,True
13090,53979,True
13091,53979,True
13092,56708,True
13093,56708,True
13094,56708,True
13095,56708,True
13096,56708,True
13097,56708,True
13098,56708,True
13099,56708,True
13100,56708,True
13101,56708,True
13102,56708,True
13103,56708,True
13104,56885,True
13105,56885,True
13106,56885,True
13107,56885,True
13108,56885,True
13109,56885,True
13110,56885,True
13111,56885,True
13112,56885,True
13113,56885,True
13114,56885,True
13115,56885,True
13116,64727,True
13117,64727,True
13118,64727,True
13119,64727,True
13120,64727,True
13121,64727,True
13122,64727,True
13123,64727,True
13124,64727,True
13125,64727,True
13126,64727,True
13127,64727,True
13128,57711,True
13129,57711,True
13130,57711,True
13131,57711,True
13132,57711,True
13133,57711,True
13134,57711,True
13135,57711,True
13136,57711,True
13137,57711,True
13138,57711,True
13139,57711,True
13140,49769,True
13141,49769,True
13142,49769,True
13143,49769,True
13144,49769,True
13145,49769,True
13146,49769,True
13147,49769,True
13148,49769,True
13149,49769,True
13150,49769,True
13151,49769,True
13152,51885,True
13153,51885,True
13154,51885,True
13155,51885,True
13156,51885,True
13157,51885,True
13158,51885,True
13159,51885,True
13160,51885,True
13161,51885,True
13162,51885,True
13163,51885,True
13164,53631,True
13165,53631,True
13166,53631,True
13167,53631,True
13168,53631,True
13169,53631,True
13170,53631,True
13171,53631,True
13172,53631,True
13173,53631,True
13174,53631,True
13175,53631,True
13176,48126,True
13177,48126,True
13178,48126,True
13179,48126,True
13180,48126,True
13181,48126,True
13182,48126,True
13183,48126,True
13184,48126,True
13185,48126,True
13186,48126,True
13187,48126,True
13188,52861,True
13189,52861,True
13190,52861,True
13191,52861,True
13192,52861,True
13193,52861,True
13194,52861,True
13195,52861,True
13196,52861,True
13197,52861,True
13198,52861,True
13199,52861,True
13200,54055,True
13201,54055,True
13202,54055,True
13203,54055,True
13204,54055,True
13205,54055,True
13206,54055,True
13207,54055,True
13208,54055,True
13209,54055,True
13210,54055,True
13211,54055,True
13212,60911,True
13213,60911,True
13214,60911,True
13215,60911,True
13216,60911,True
13217,60911,True
13218,60911,True
13219,60911,True
13220,60911,True
13221,60911,True
13222,60911,True
13223,60911,True
13224,58932,True
13225,58932,True
13226,58932,True
13227,58932,True
13228,58932,True
13229,58932,True
13230,58932,True
13231,58932,True
13232,58932,True
13233,58932,True
13234,58932,True
13235,58932,True
13236,53836,True
13237,53836,True
13238,53836,True
13239,53836,True
13240,53836,True
13241,53836,True
13242,53836,True
13243,53836,True
13244,53836,True
13245,53836,True
13246,53836,True
13247,53836,True
13248,59713,True
13249,59713,True
13250,59713,True
13251,59713,True
13252,59713,True
13253,59713,True
13254,59713,True
13255,59713,True
13256,59713,True
13257,59713,True
13258,59713,True
13259,59713,True
13260,64930,True
13261,64930,True
13262,64930,True
13263,64930,True
13264,64930,True
13265,64930,True
13266,64930,True
13267,64930,True
13268,64930,True
13269,64930,True
13270,64930,True
13271,64930,True
13272,56528,True
13273,56528,True
13274,56528,True
13275,56528,True
13276,56528,True
13277,56528,True
13278,56528,True
13279,56528,True
13280,56528,True
13281,56528,True
13282,56528,True
13283,56528,True
13284,55589,True
13285,55589,True
13286,55589,True
13287,55589,True
13288,55589,True
13289,55589,True
13290,55589,True
13291,55589,True
13292,55589,True
13293,55589,True
13294,55589,True
13295,55589,True
13296,53434,True
13297,53434,True
13298,53434,True
13299,53434,True
13300,53434,True
13301,53434,True
13302,53434,True
13303,53434,True
13304,53434,True
13305,53434,True
13306,53434,True
13307,53434,True
13308,54074,True
13309,54074,True
13310,54074,True
13311,54074,True
13312,54074,True
13313,54074,True
13314,54074,True
13315,54074,True
13316,54074,True
13317,54074,True
13318,54074,True
13319,54074,True
13320,57124,True
13321,57124,True
13322,57124,True
13323,57124,True
13324,57124,True
13325,57124,True
13326,57124,True
13327,57124,True
13328,57124,True
13329,57124,True
13330,57124,True
13331,57124,True
13332,45565,True
13333,45565,True
13334,45565,True
13335,45565,True
13336,45565,True
13337,45565,True
13338,45565,True
13339,45565,True
13340,45565,True
13341,45565,True
13342,45565,True
13343,45565,True
13344,56107,True
13345,56107,True
13346,56107,True
13347,56107,True
13348,56107,True
13349,56107,True
13350,56107,True
13351,56107,True
13352,56107,True
13353,56107,True
13354,56107,True
13355,56107,True
13356,46699,True
13357,46699,True
13358,46699,True
13359,46699,True
13360,46699,True
13361,46699,True
13362,46699,True
13363,46699,True
13364,46699,True
13365,46699,True
13366,46699,True
13367,46699,True
13368,55395,True
13369,55395,True
13370,55395,True
13371,55395,True
13372,55395,True
13373,55395,True
13374,55395,True
13375,55395,True
13376,55395,True
13377,55395,True
13378,55395,True
13379,55395,True
13380,64424,True
13381,64424,True
13382,64424,True
13383,64424,True
13384,64424,True
13385,64424,True
13386,64424,True
13387,64424,True
13388,64424,True
13389,64424,True
13390,64424,True
13391,64424,True
13392,52872,True
13393,52872,True
13394,52872,True
13395,52872,True
13396,52872,True
13397,52872,True
13398,52872,True
13399,52872,True
13400,52872,True
13401,52872,True
13402,52872,True
13403,52872,True
13404,54093,True
13405,54093,True
13406,54093,True
13407,54093,True
13408,54093,True
13409,54093,True
13410,54093,True
13411,54093,True
13412,54093,True
13413,54093,True
13414,54093,True
13415,54093,True
13416,45675,True
13417,45675,True
13418,45675,True
13419,45675,True
13420,45675,True
13421,45675,True
13422,45675,True
13423,45675,True
13424,45675,True
13425,45675,True
13426,45675,True
13427,45675,True
13428,64904,True
13429,64904,True
13430,64904,True
13431,64904,True
13432,64904,True
13433,64904,True
13434,64904,True
13435,64904,True
13436,64904,True
13437,64904,True
13438,64904,True
13439,64904,True
13440,49139,True
13441,49139,True
13442,49139,True
13443,49139,True
13444,49139,True
13445,49139,True
13446,49139,True
13447,49139,True
13448,49139,True
13449,49139,True
13450,49139,True
13451,49139,True
13452,58180,True
13453,58180,True
13454,58180,True
13455,58180,True
13456,58180,True
13457,58180,True
13458,58180,True
13459,58180,True
13460,58180,True
13461,58180,True
13462,58180,True
13463,58180,True
13464,58491,True
13465,58491,True
13466,58491,True
13467,58491,True
13468,58491,True
13469,58491,True
13470,58491,True
13471,58491,True
13472,58491,True
13473,58491,True
13474,58491,True
13475,58491,True
13476,63367,True
13477,63367,True
13478,63367,True
13479,63367,True
13480,63367,True
13481,63367,True
13482,63367,True
13483,63367,True
13484,63367,True
13485,63367,True
13486,63367,True
13487,63367,True
13488,53159,True
13489,53159,True
13490,53159,True
13491,53159,True
13492,53159,True
13493,53159,True
13494,53159,True
13495,53159,True
13496,53159,True
13497,53159,True
13498,53159,True
13499,53159,True
13500,55419,True
13501,55419,True
13502,55419,True
13503,55419,True
13504,55419,True
13505,55419,True
13506,55419,True
13507,55419,True
13508,55419,True
13509,55419,True
13510,55419,True
13511,55419,True
13512,53731,True
13513,53731,True
13514,53731,True
13515,53731,True
13516,53731,True
13517,53731,True
13518,53731,True
13519,53731,True
13520,53731,True
13521,53731,True
13522,53731,True
13523,53731,True
13524,55488,True
13525,55488,True
13526,55488,True
13527,55488,True
13528,55488,True
13529,55488,True
13530,55488,True
13531,55488,True
13532,55488,True
13533,55488,True
13534,55488,True
13535,55488,True
13536,56881,True
13537,56881,True
13538,56881,True
13539,56881,True
13540,56881,True
13541,56881,True
13542,56881,True
13543,56881,True
13544,56881,True
13545,56881,True
13546,56881,True
13547,56881,True
13548,57130,True
13549,57130,True
13550,57130,True
13551,57130,True
13552,57130,True
13553,57130,True
13554,57130,True
13555,57130,True
13556,57130,True
13557,57130,True
13558,57130,True
13559,57130,True
13560,46053,True
13561,46053,True
13562,46053,True
13563,46053,True
13564,46053,True
13565,46053,True
13566,46053,True
13567,46053,True
13568,46053,True
13569,46053,True
13570,46053,True
13571,46053,True
13572,47821,True
13573,47821,True
13574,47821,True
13575,47821,True
13576,47821,True
13577,47821,True
13578,47821,True
13579,47821,True
13580,47821,True
13581,47821,True
13582,47821,True
13583,47821,True
13584,55460,True
13585,55460,True
13586,55460,True
13587,55460,True
13588,55460,True
13589,55460,True
13590,55460,True
13591,55460,True
13592,55460,True
13593,55460,True
13594,55460,True
13595,55460,True
13596,53154,True
13597,53154,True
13598,53154,True
13599,53154,True
13600,53154,True
13601,53154,True
13602,53154,True
13603,53154,True
13604,53154,True
13605,53154,True
13606,53154,True
13607,53154,True
13608,45679,True
13609,45679,True
13610,45679,True
13611,45679,True
13612,45679,True
13613,45679,True
13614,45679,True
13615,45679,True
13616,45679,True
13617,45679,True
13618,45679,True
13619,45679,True
13620,46588,True
13621,46588,True
13622,46588,True
13623,46588,True
13624,46588,True
13625,46588,True
13626,46588,True
13627,46588,True
13628,46588,True
13629,46588,True
13630,46588,True
13631,46588,True
13632,53779,True
13633,53779,True
13634,53779,True
13635,53779,True
13636,53779,True
13637,53779,True
13638,53779,True
13639,53779,True
13640,53779,True
13641,53779,True
13642,53779,True
13643,53779,True
13644,52100,True
13645,52100,True
13646,52100,True
13647,52100,True
13648,52100,True
13649,52100,True
13650,52100,True
13651,52100,True
13652,52100,True
13653,52100,True
13654,52100,True
13655,52100,True
13656,48027,True
13657,48027,True
13658,48027,True
13659,48027,True
13660,48027,True
13661,48027,True
13662,48027,True
13663,48027,True
13664,48027,True
13665,48027,True
13666,48027,True
13667,48027,True
13668,46154,True
13669,46154,True
13670,46154,True
13671,46154,True
13672,46154,True
13673,46154,True
13674,46154,True
13675,46154,True
13676,46154,True
13677,46154,True
13678,46154,True
13679,46154,True
13680,58066,True
13681,58066,True
13682,58066,True
13683,58066,True
13684,58066,True
13685,58066,True
13686,58066,True
13687,58066,True
13688,58066,True
13689,58066,True
13690,58066,True
13691,58066,True
13692,52092,True
13693,52092,True
13694,52092,True
13695,52092,True
13696,52092,True
13697,52092,True
13698,52092,True
13699,52092,True
13700,52092,True
13701,52092,True
13702,52092,True
13703,52092,True
13704,58801,True
13705,58801,True
13706,58801,True
13707,58801,True
13708,58801,True
13709,58801,True
13710,58801,True
13711,58801,True
13712,58801,True
13713,58801,True
13714,58801,True
13715,58801,True
13716,57152,True
13717,57152,True
13718,57152,True
13719,57152,True
13720,57152,True
13721,57152,True
13722,57152,True
13723,57152,True
13724,57152,True
13725,57152,True
13726,57152,True
13727,57152,True
13728,56504,True
13729,56504,True
13730,56504,True
13731,56504,True
13732,56504,True
13733,56504,True
13734,56504,True
13735,56504,True
13736,56504,True
13737,56504,True
13738,56504,True
13739,56504,True
13740,52307,True
13741,52307,True
13742,52307,True
13743,52307,True
13744,52307,True
13745,52307,True
13746,52307,True
13747,52307,True
13748,52307,True
13749,52307,True
13750,52307,True
13751,52307,True
13752,51134,True
13753,51134,True
13754,51134,True
13755,51134,True
13756,51134,True
13757,51134,True
13758,51134,True
13759,51134,True
13760,51134,True
13761,51134,True
13762,51134,True
13763,51134,True
13764,57992,True
13765,57992,True
13766,57992,True
13767,57992,True
13768,57992,True
13769,57992,True
13770,57992,True
13771,57992,True
13772,57992,True
13773,57992,True
13774,57992,True
13775,57992,True
13776,52868,True
13777,52868,True
13778,52868,True
13779,52868,True
13780,52868,True
13781,52868,True
13782,52868,True
13783,52868,True
13784,52868,True
13785,52868,True
13786,52868,True
13787,52868,True
13788,56135,True
13789,56135,True
13790,56135,True
13791,56135,True
13792,56135,True
13793,56135,True
13794,56135,True
13795,56135,True
13796,56135,True
13797,56135,True
13798,56135,True
13799,56135,True
13800,56525,True
13801,56525,True
13802,56525,True
13803,56525,True
13804,56525,True
13805,56525,True
13806,56525,True
13807,56525,True
13808,56525,True
13809,56525,True
13810,56525,True
13811,56525,True
13812,48484,True
13813,48484,True
13814,48484,True
13815,48484,True
13816,48484,True
13817,48484,True
13818,48484,True
13819,48484,True
13820,48484,True
13821,48484,True
13822,48484,True
13823,48484,True
13824,57775,True
13825,57775,True
13826,57775,True
13827,57775,True
13828,57775,True
13829,57775,True
13830,57775,True
13831,57775,True
13832,57775,True
13833,57775,True
13834,57775,True
13835,57775,True
13836,54810,True
13837,54810,True
13838,54810,True
13839,54810,True
13840,54810,True
13841,54810,True
13842,54810,True
13843,54810,True
13844,54810,True
13845,54810,True
13846,54810,True
13847,54810,True
13848,55926,True
13849,55926,True
13850,55926,True
13851,55926,True
13852,55926,True
13853,55926,True
13854,55926,True
13855,55926,True
13856,55926,True
13857,55926,True
13858,55926,True
13859,55926,True
13860,46344,True
13861,46344,True
13862,46344,True
13863,46344,True
13864,46344,True
13865,46344,True
13866,46344,True
13867,46344,True
13868,46344,True
13869,46344,True
13870,46344,True
13871,46344,True
13872,55604,True
13873,55604,True
13874,55604,True
13875,55604,True
13876,55604,True
13877,55604,True
13878,55604,True
13879,55604,True
13880,55604,True
13881,55604,True
13882,55604,True
13883,55604,True
13884,55398,True
13885,55398,True
13886,55398,True
13887,55398,True
13888,55398,True
13889,55398,True
13890,55398,True
13891,55398,True
13892,55398,True
13893,55398,True
13894,55398,True
13895,55398,True
13896,55581,True
13897,55581,True
13898,55581,True
13899,55581,True
13900,55581,True
13901,55581,True
13902,55581,True
13903,55581,True
13904,55581,True
13905,55581,True
13906,55581,True
13907,55581,True
13908,55452,True
13909,55452,True
13910,55452,True
13911,55452,True
13912,55452,True
13913,55452,True
13914,55452,True
13915,55452,True
13916,55452,True
13917,55452,True
13918,55452,True
13919,55452,True
13920,46068,True
13921,46068,True
13922,46068,True
13923,46068,True
13924,46068,True
13925,46068,True
13926,46068,True
13927,46068,True
13928,46068,True
13929,46068,True
13930,46068,True
13931,46068,True
13932,56128,True
13933,56128,True
13934,56128,True
13935,56128,True
13936,56128,True
13937,56128,True
13938,56128,True
13939,56128,True
13940,56128,True
13941,56128,True
13942,56128,True
13943,56128,True
13944,64429,True
13945,64429,True
13946,64429,True
13947,64429,True
13948,64429,True
13949,64429,True
13950,64429,True
13951,64429,True
13952,64429,True
13953,64429,True
13954,64429,True
13955,64429,True
13956,55637,True
13957,55637,True
13958,55637,True
13959,55637,True
13960,55637,True
13961,55637,True
13962,55637,True
13963,55637,True
13964,55637,True
13965,55637,True
13966,55637,True
13967,55637,True
13968,48127,True
13969,48127,True
13970,48127,True
13971,48127,True
13972,48127,True
13973,48127,True
13974,48127,True
13975,48127,True
13976,48127,True
13977,48127,True
13978,48127,True
13979,48127,True
13980,64366,True
13981,64366,True
13982,64366,True
13983,64366,True
13984,64366,True
13985,64366,True
13986,64366,True
13987,64366,True
13988,64366,True
13989,64366,True
13990,64366,True
13991,64366,True
13992,58511,True
13993,58511,True
13994,58511,True
13995,58511,True
13996,58511,True
13997,58511,True
13998,58511,True
13999,58511,True
14000,58511,True
14001,58511,True
14002,58511,True
14003,58511,True
14004,57257,True
14005,57257,True
14006,57257,True
14007,57257,True
14008,57257,True
14009,57257,True
14010,57257,True
14011,57257,True
14012,57257,True
14013,57257,True
14014,57257,True
14015,57257,True
14016,46028,True
14017,46028,True
14018,46028,True
14019,46028,True
14020,46028,True
14021,46028,True
14022,46028,True
14023,46028,True
14024,46028,True
14025,46028,True
14026,46028,True
14027,46028,True
14028,64771,True
14029,64771,True
14030,64771,True
14031,64771,True
14032,64771,True
14033,64771,True
14034,64771,True
14035,64771,True
14036,64771,True
14037,64771,True
14038,64771,True
14039,64771,True
14040,56292,True
14041,56292,True
14042,56292,True
14043,56292,True
14044,56292,True
14045,56292,True
14046,56292,True
14047,56292,True
14048,56292,True
14049,56292,True
14050,56292,True
14051,56292,True
14052,50167,True
14053,50167,True
14054,50167,True
14055,50167,True
14056,50167,True
14057,50167,True
14058,50167,True
14059,50167,True
14060,50167,True
14061,50167,True
14062,50167,True
14063,50167,True
14064,57233,True
14065,57233,True
14066,57233,True
14067,57233,True
14068,57233,True
14069,57233,True
14070,57233,True
14071,57233,True
14072,57233,True
14073,57233,True
14074,57233,True
14075,57233,True
14076,49146,True
14077,49146,True
14078,49146,True
14079,49146,True
14080,49146,True
14081,49146,True
14082,49146,True
14083,49146,True
14084,49146,True
14085,49146,True
14086,49146,True
14087,49146,True
14088,57225,True
14089,57225,True
14090,57225,True
14091,57225,True
14092,57225,True
14093,57225,True
14094,57225,True
14095,57225,True
14096,57225,True
14097,57225,True
14098,57225,True
14099,57225,True
14100,57053,True
14101,57053,True
14102,57053,True
14103,57053,True
14104,57053,True
14105,57053,True
14106,57053,True
14107,57053,True
14108,57053,True
14109,57053,True
14110,57053,True
14111,57053,True
14112,57373,True
14113,57373,True
14114,57373,True
14115,57373,True
14116,57373,True
14117,57373,True
14118,57373,True
14119,57373,True
14120,57373,True
14121,57373,True
14122,57373,True
14123,57373,True
14124,57928,True
14125,57928,True
14126,57928,True
14127,57928,True
14128,57928,True
14129,57928,True
14130,57928,True
14131,57928,True
14132,57928,True
14133,57928,True
14134,57928,True
14135,57928,True
14136,51732,True
14137,51732,True
14138,51732,True
14139,51732,True
14140,51732,True
14141,51732,True
14142,51732,True
14143,51732,True
14144,51732,True
14145,51732,True
14146,51732,True
14147,51732,True
14148,48377,True
14149,48377,True
14150,48377,True
14151,48377,True
14152,48377,True
14153,48377,True
14154,48377,True
14155,48377,True
14156,48377,True
14157,48377,True
14158,48377,True
14159,48377,True
14160,49455,True
14161,49455,True
14162,49455,True
14163,49455,True
14164,49455,True
14165,49455,True
14166,49455,True
14167,49455,True
14168,49455,True
14169,49455,True
14170,49455,True
14171,49455,True
14172,55499,True
14173,55499,True
14174,55499,True
14175,55499,True
14176,55499,True
14177,55499,True
14178,55499,True
14179,55499,True
14180,55499,True
14181,55499,True
14182,55499,True
14183,55499,True
14184,55350,True
14185,55350,True
14186,55350,True
14187,55350,True
14188,55350,True
14189,55350,True
14190,55350,True
14191,55350,True
14192,55350,True
14193,55350,True
14194,55350,True
14195,55350,True
14196,57081,True
14197,57081,True
14198,57081,True
14199,57081,True
14200,57081,True
14201,57081,True
14202,57081,True
14203,57081,True
14204,57081,True
14205,57081,True
14206,57081,True
14207,57081,True
14208,46685,True
14209,46685,True
14210,46685,True
14211,46685,True
14212,46685,True
14213,46685,True
14214,46685,True
14215,46685,True
14216,46685,True
14217,46685,True
14218,46685,True
14219,46685,True
14220,57525,True
14221,57525,True
14222,57525,True
14223,57525,True
14224,57525,True
14225,57525,True
14226,57525,True
14227,57525,True
14228,57525,True
14229,57525,True
14230,57525,True
14231,57525,True
14232,64913,True
14233,64913,True
14234,64913,True
14235,64913,True
14236,64913,True
14237,64913,True
14238,64913,True
14239,64913,True
14240,64913,True
14241,64913,True
14242,64913,True
14243,64913,True
14244,52287,True
14245,52287,True
14246,52287,True
14247,52287,True
14248,52287,True
14249,52287,True
14250,52287,True
14251,52287,True
14252,52287,True
14253,52287,True
14254,52287,True
14255,52287,True
14256,56391,True
14257,56391,True
14258,56391,True
14259,56391,True
14260,56391,True
14261,56391,True
14262,56391,True
14263,56391,True
14264,56391,True
14265,56391,True
14266,56391,True
14267,56391,True
14268,57377,True
14269,57377,True
14270,57377,True
14271,57377,True
14272,57377,True
14273,57377,True
14274,57377,True
14275,57377,True
14276,57377,True
14277,57377,True
14278,57377,True
14279,57377,True
14280,53719,True
14281,53719,True
14282,53719,True
14283,53719,True
14284,53719,True
14285,53719,True
14286,53719,True
14287,53719,True
14288,53719,True
14289,53719,True
14290,53719,True
14291,53719,True
14292,53037,True
14293,53037,True
14294,53037,True
14295,53037,True
14296,53037,True
14297,53037,True
14298,53037,True
14299,53037,True
14300,53037,True
14301,53037,True
14302,53037,True
14303,53037,True
14304,59716,True
14305,59716,True
14306,59716,True
14307,59716,True
14308,59716,True
14309,59716,True
14310,59716,True
14311,59716,True
14312,59716,True
14313,59716,True
14314,59716,True
14315,59716,True
14316,53413,True
14317,53413,True
14318,53413,True
14319,53413,True
14320,53413,True
14321,53413,True
14322,53413,True
14323,53413,True
14324,53413,True
14325,53413,True
14326,53413,True
14327,53413,True
14328,53416,True
14329,53416,True
14330,53416,True
14331,53416,True
14332,53416,True
14333,53416,True
14334,53416,True
14335,53416,True
14336,53416,True
14337,53416,True
14338,53416,True
14339,53416,True
14340,55629,True
14341,55629,True
14342,55629,True
14343,55629,True
14344,55629,True
14345,55629,True
14346,55629,True
14347,55629,True
14348,55629,True
14349,55629,True
14350,55629,True
14351,55629,True
14352,57231,True
14353,57231,True
14354,57231,True
14355,57231,True
14356,57231,True
14357,57231,True
14358,57231,True
14359,57231,True
14360,57231,True
14361,57231,True
14362,57231,True
14363,57231,True
14364,53075,True
14365,53075,True
14366,53075,True
14367,53075,True
14368,53075,True
14369,53075,True
14370,53075,True
14371,53075,True
14372,53075,True
14373,53075,True
14374,53075,True
14375,53075,True
14376,55774,True
14377,55774,True
14378,55774,True
14379,55774,True
14380,55774,True
14381,55774,True
14382,55774,True
14383,55774,True
14384,55774,True
14385,55774,True
14386,55774,True
14387,55774,True
14388,57450,True
14389,57450,True
14390,57450,True
14391,57450,True
14392,57450,True
14393,57450,True
14394,57450,True
14395,57450,True
14396,57450,True
14397,57450,True
14398,57450,True
14399,57450,True
14400,49417,True
14401,49417,True
14402,49417,True
14403,49417,True
14404,49417,True
14405,49417,True
14406,49417,True
14407,49417,True
14408,49417,True
14409,49417,True
14410,49417,True
14411,49417,True
14412,48437,True
14413,48437,True
14414,48437,True
14415,48437,True
14416,48437,True
14417,48437,True
14418,48437,True
14419,48437,True
14420,48437,True
14421,48437,True
14422,48437,True
14423,48437,True
14424,56462,True
14425,56462,True
14426,56462,True
14427,56462,True
14428,56462,True
14429,56462,True
14430,56462,True
14431,56462,True
14432,56462,True
14433,56462,True
14434,56462,True
14435,56462,True
14436,53408,True
14437,53408,True
14438,53408,True
14439,53408,True
14440,53408,True
14441,53408,True
14442,53408,True
14443,53408,True
14444,53408,True
14445,53408,True
14446,53408,True
14447,53408,True
14448,47836,True
14449,47836,True
14450,47836,True
14451,47836,True
14452,47836,True
14453,47836,True
14454,47836,True
14455,47836,True
14456,47836,True
14457,47836,True
14458,47836,True
14459,47836,True
14460,45764,True
14461,45764,True
14462,45764,True
14463,45764,True
14464,45764,True
14465,45764,True
14466,45764,True
14467,45764,True
14468,45764,True
14469,45764,True
14470,45764,True
14471,45764,True
14472,48276,True
14473,48276,True
14474,48276,True
14475,48276,True
14476,48276,True
14477,48276,True
14478,48276,True
14479,48276,True
14480,48276,True
14481,48276,True
14482,48276,True
14483,48276,True
14484,58749,True
14485,58749,True
14486,58749,True
14487,58749,True
14488,58749,True
14489,58749,True
14490,58749,True
14491,58749,True
14492,58749,True
14493,58749,True
14494,58749,True
14495,58749,True
14496,45555,True
14497,45555,True
14498,45555,True
14499,45555,True
14500,45555,True
14501,45555,True
14502,45555,True
14503,45555,True
14504,45555,True
14505,45555,True
14506,45555,True
14507,45555,True
14508,56886,True
14509,56886,True
14510,56886,True
14511,56886,True
14512,56886,True
14513,56886,True
14514,56886,True
14515,56886,True
14516,56886,True
14517,56886,True
14518,56886,True
14519,56886,True
14520,55575,True
14521,55575,True
14522,55575,True
14523,55575,True
14524,55575,True
14525,55575,True
14526,55575,True
14527,55575,True
14528,55575,True
14529,55575,True
14530,55575,True
14531,55575,True
14532,51805,True
14533,51805,True
14534,51805,True
14535,51805,True
14536,51805,True
14537,51805,True
14538,51805,True
14539,51805,True
14540,51805,True
14541,51805,True
14542,51805,True
14543,51805,True
14544,55486,True
14545,55486,True
14546,55486,True
14547,55486,True
14548,55486,True
14549,55486,True
14550,55486,True
14551,55486,True
14552,55486,True
14553,55486,True
14554,55486,True
14555,55486,True
14556,58608,True
14557,58608,True
14558,58608,True
14559,58608,True
14560,58608,True
14561,58608,True
14562,58608,True
14563,58608,True
14564,58608,True
14565,58608,True
14566,58608,True
14567,58608,True
14568,58120,True
14569,58120,True
14570,58120,True
14571,58120,True
14572,58120,True
14573,58120,True
14574,58120,True
14575,58120,True
14576,58120,True
14577,58120,True
14578,58120,True
14579,58120,True
14580,63878,True
14581,63878,True
14582,63878,True
14583,63878,True
14584,63878,True
14585,63878,True
14586,63878,True
14587,63878,True
14588,63878,True
14589,63878,True
14590,63878,True
14591,63878,True
14592,57509,True
14593,57509,True
14594,57509,True
14595,57509,True
14596,57509,True
14597,57509,True
14598,57509,True
14599,57509,True
14600,57509,True
14601,57509,True
14602,57509,True
14603,57509,True
14604,56317,True
14605,56317,True
14606,56317,True
14607,56317,True
14608,56317,True
14609,56317,True
14610,56317,True
14611,56317,True
14612,56317,True
14613,56317,True
14614,56317,True
14615,56317,True
14616,44772,True
14617,44772,True
14618,44772,True
14619,44772,True
14620,44772,True
14621,44772,True
14622,44772,True
14623,44772,True
14624,44772,True
14625,44772,True
14626,44772,True
14627,44772,True
14628,55780,True
14629,55780,True
14630,55780,True
14631,55780,True
14632,55780,True
14633,55780,True
14634,55780,True
14635,55780,True
14636,55780,True
14637,55780,True
14638,55780,True
14639,55780,True
14640,58187,True
14641,58187,True
14642,58187,True
14643,58187,True
14644,58187,True
14645,58187,True
14646,58187,True
14647,58187,True
14648,58187,True
14649,58187,True
14650,58187,True
14651,58187,True
14652,47767,True
14653,47767,True
14654,47767,True
14655,47767,True
14656,47767,True
14657,47767,True
14658,47767,True
14659,47767,True
14660,47767,True
14661,47767,True
14662,47767,True
14663,47767,True
14664,59544,True
14665,59544,True
14666,59544,True
14667,59544,True
14668,59544,True
14669,59544,True
14670,59544,True
14671,59544,True
14672,59544,True
14673,59544,True
14674,59544,True
14675,59544,True
14676,58610,True
14677,58610,True
14678,58610,True
14679,58610,True
14680,58610,True
14681,58610,True
14682,58610,True
14683,58610,True
14684,58610,True
14685,58610,True
14686,58610,True
14687,58610,True
14688,48554,True
14689,48554,True
14690,48554,True
14691,48554,True
14692,48554,True
14693,48554,True
14694,48554,True
14695,48554,True
14696,48554,True
14697,48554,True
14698,48554,True
14699,48554,True
14700,57653,True
14701,57653,True
14702,57653,True
14703,57653,True
14704,57653,True
14705,57653,True
14706,57653,True
14707,57653,True
14708,57653,True
14709,57653,True
14710,57653,True
14711,57653,True
14712,52125,True
14713,52125,True
14714,52125,True
14715,52125,True
14716,52125,True
14717,52125,True
14718,52125,True
14719,52125,True
14720,52125,True
14721,52125,True
14722,52125,True
14723,52125,True
14724,52484,True
14725,52484,True
14726,52484,True
14727,52484,True
14728,52484,True
14729,52484,True
14730,52484,True
14731,52484,True
14732,52484,True
14733,52484,True
14734,52484,True
14735,52484,True
14736,51722,True
14737,51722,True
14738,51722,True
14739,51722,True
14740,51722,True
14741,51722,True
14742,51722,True
14743,51722,True
14744,51722,True
14745,51722,True
14746,51722,True
14747,51722,True
14748,56817,True
14749,56817,True
14750,56817,True
14751,56817,True
14752,56817,True
14753,56817,True
14754,56817,True
14755,56817,True
14756,56817,True
14757,56817,True
14758,56817,True
14759,56817,True
14760,59380,True
14761,59380,True
14762,59380,True
14763,59380,True
14764,59380,True
14765,59380,True
14766,59380,True
14767,59380,True
14768,59380,True
14769,59380,True
14770,59380,True
14771,59380,True
14772,46713,True
14773,46713,True
14774,46713,True
14775,46713,True
14776,46713,True
14777,46713,True
14778,46713,True
14779,46713,True
14780,46713,True
14781,46713,True
14782,46713,True
14783,46713,True
14784,60993,True
14785,60993,True
14786,60993,True
14787,60993,True
14788,60993,True
14789,60993,True
14790,60993,True
14791,60993,True
14792,60993,True
14793,60993,True
14794,60993,True
14795,60993,True
14796,49408,True
14797,49408,True
14798,49408,True
14799,49408,True
14800,49408,True
14801,49408,True
14802,49408,True
14803,49408,True
14804,49408,True
14805,49408,True
14806,49408,True
14807,49408,True
14808,48301,True
14809,48301,True
14810,48301,True
14811,48301,True
14812,48301,True
14813,48301,True
14814,48301,True
14815,48301,True
14816,48301,True
14817,48301,True
14818,48301,True
14819,48301,True
14820,56523,True
14821,56523,True
14822,56523,True
14823,56523,True
14824,56523,True
14825,56523,True
14826,56523,True
14827,56523,True
14828,56523,True
14829,56523,True
14830,56523,True
14831,56523,True
14832,51985,True
14833,51985,True
14834,51985,True
14835,51985,True
14836,51985,True
14837,51985,True
14838,51985,True
14839,51985,True
14840,51985,True
14841,51985,True
14842,51985,True
14843,51985,True
14844,47407,True
14845,47407,True
14846,47407,True
14847,47407,True
14848,47407,True
14849,47407,True
14850,47407,True
14851,47407,True
14852,47407,True
14853,47407,True
14854,47407,True
14855,47407,True
14856,57156,True
14857,57156,True
14858,57156,True
14859,57156,True
14860,57156,True
14861,57156,True
14862,57156,True
14863,57156,True
14864,57156,True
14865,57156,True
14866,57156,True
14867,57156,True
14868,54184,True
14869,54184,True
14870,54184,True
14871,54184,True
14872,54184,True
14873,54184,True
14874,54184,True
14875,54184,True
14876,54184,True
14877,54184,True
14878,54184,True
14879,54184,True
14880,58352,True
14881,58352,True
14882,58352,True
14883,58352,True
14884,58352,True
14885,58352,True
14886,58352,True
14887,58352,True
14888,58352,True
14889,58352,True
14890,58352,True
14891,58352,True
14892,48563,True
14893,48563,True
14894,48563,True
14895,48563,True
14896,48563,True
14897,48563,True
14898,48563,True
14899,48563,True
14900,48563,True
14901,48563,True
14902,48563,True
14903,48563,True
14904,46082,True
14905,46082,True
14906,46082,True
14907,46082,True
14908,46082,True
14909,46082,True
14910,46082,True
14911,46082,True
14912,46082,True
14913,46082,True
14914,46082,True
14915,46082,True
14916,57463,True
14917,57463,True
14918,57463,True
14919,57463,True
14920,57463,True
14921,57463,True
14922,57463,True
14923,57463,True
14924,57463,True
14925,57463,True
14926,57463,True
14927,57463,True
14928,46120,True
14929,46120,True
14930,46120,True
14931,46120,True
14932,46120,True
14933,46120,True
14934,46120,True
14935,46120,True
14936,46120,True
14937,46120,True
14938,46120,True
14939,46120,True
14940,64350,True
14941,64350,True
14942,64350,True
14943,64350,True
14944,64350,True
14945,64350,True
14946,64350,True
14947,64350,True
14948,64350,True
14949,64350,True
14950,64350,True
14951,64350,True
14952,63090,True
14953,63090,True
14954,63090,True
14955,63090,True
14956,63090,True
14957,63090,True
14958,63090,True
14959,63090,True
14960,63090,True
14961,63090,True
14962,63090,True
14963,63090,True
14964,53190,True
14965,53190,True
14966,53190,True
14967,53190,True
14968,53190,True
14969,53190,True
14970,53190,True
14971,53190,True
14972,53190,True
14973,53190,True
14974,53190,True
14975,53190,True
14976,51770,True
14977,51770,True
14978,51770,True
14979,51770,True
14980,51770,True
14981,51770,True
14982,51770,True
14983,51770,True
14984,51770,True
14985,51770,True
14986,51770,True
14987,51770,True
14988,52493,True
14989,52493,True
14990,52493,True
14991,52493,True
14992,52493,True
14993,52493,True
14994,52493,True
14995,52493,True
14996,52493,True
14997,52493,True
14998,52493,True
14999,52493,True
15000,57500,True
15001,57500,True
15002,57500,True
15003,57500,True
15004,57500,True
15005,57500,True
15006,57500,True
15007,57500,True
15008,57500,True
15009,57500,True
15010,57500,True
15011,57500,True
15012,57372,True
15013,57372,True
15014,57372,True
15015,57372,True
15016,57372,True
15017,57372,True
15018,57372,True
15019,57372,True
15020,57372,True
15021,57372,True
15022,57372,True
15023,57372,True
15024,56388,True
15025,56388,True
15026,56388,True
15027,56388,True
15028,56388,True
15029,56388,True
15030,56388,True
15031,56388,True
15032,56388,True
15033,56388,True
15034,56388,True
15035,56388,True
15036,64850,True
15037,64850,True
15038,64850,True
15039,64850,True
15040,64850,True
15041,64850,True
15042,64850,True
15043,64850,True
15044,64850,True
15045,64850,True
15046,64850,True
15047,64850,True
15048,52367,True
15049,52367,True
15050,52367,True
15051,52367,True
15052,52367,True
15053,52367,True
15054,52367,True
15055,52367,True
15056,52367,True
15057,52367,True
15058,52367,True
15059,52367,True
15060,57945,True
15061,57945,True
15062,57945,True
15063,57945,True
15064,57945,True
15065,57945,True
15066,57945,True
15067,57945,True
15068,57945,True
15069,57945,True
15070,57945,True
15071,57945,True
15072,47772,True
15073,47772,True
15074,47772,True
15075,47772,True
15076,47772,True
15077,47772,True
15078,47772,True
15079,47772,True
15080,47772,True
15081,47772,True
15082,47772,True
15083,47772,True
15084,55617,True
15085,55617,True
15086,55617,True
15087,55617,True
15088,55617,True
15089,55617,True
15090,55617,True
15091,55617,True
15092,55617,True
15093,55617,True
15094,55617,True
15095,55617,True
15096,62275,True
15097,62275,True
15098,62275,True
15099,62275,True
15100,62275,True
15101,62275,True
15102,62275,True
15103,62275,True
15104,62275,True
15105,62275,True
15106,62275,True
15107,62275,True
15108,59157,True
15109,59157,True
15110,59157,True
15111,59157,True
15112,59157,True
15113,59157,True
15114,59157,True
15115,59157,True
15116,59157,True
15117,59157,True
15118,59157,True
15119,59157,True
15120,57251,True
15121,57251,True
15122,57251,True
15123,57251,True
15124,57251,True
15125,57251,True
15126,57251,True
15127,57251,True
15128,57251,True
15129,57251,True
15130,57251,True
15131,57251,True
15132,48151,True
15133,48151,True
15134,48151,True
15135,48151,True
15136,48151,True
15137,48151,True
15138,48151,True
15139,48151,True
15140,48151,True
15141,48151,True
15142,48151,True
15143,48151,True
15144,57512,True
15145,57512,True
15146,57512,True
15147,57512,True
15148,57512,True
15149,57512,True
15150,57512,True
15151,57512,True
15152,57512,True
15153,57512,True
15154,57512,True
15155,57512,True
15156,64608,True
15157,64608,True
15158,64608,True
15159,64608,True
15160,64608,True
15161,64608,True
15162,64608,True
15163,64608,True
15164,64608,True
15165,64608,True
15166,64608,True
15167,64608,True
15168,58227,True
15169,58227,True
15170,58227,True
15171,58227,True
15172,58227,True
15173,58227,True
15174,58227,True
15175,58227,True
15176,58227,True
15177,58227,True
15178,58227,True
15179,58227,True
