norad_id,first_time,last_time,duration_years
44713,2024-03-11 17:25:00,2024-10-03 02:54:00,0.5623412426800517
44714,2024-03-11 15:19:00,2025-08-09 08:44:00,1.4119799984789718
44715,2024-03-11 02:19:00,2025-02-07 10:00:00,0.9125808046239258
44716,2024-03-12 09:01:00,2025-08-09 02:00:00,1.4091927142748497
44717,2024-03-11 17:03:00,2025-08-09 02:00:00,1.4110141455624001
44719,2024-03-11 18:09:00,2025-08-09 02:00:00,1.4108886607346567
44720,2024-03-11 19:45:00,2025-07-16 05:18:00,1.345374172940908
44721,2024-03-11 18:20:00,2025-08-09 10:00:00,1.4117803635257433
44723,2024-03-11 01:15:00,2025-08-08 19:07:00,1.4120313331812304
44724,2024-03-11 17:53:00,2025-08-09 01:44:00,1.4108886607346567
44725,2024-03-11 19:37:00,2025-08-08 19:30:00,1.4099798463761504
44726,2024-03-11 17:48:00,2025-08-09 10:00:00,1.4118412046543463
44729,2024-03-12 05:00:00,2024-03-28 10:01:00,0.04437789946003498
44732,2024-03-11 03:25:00,2025-04-27 16:35:00,1.1294965396608108
44733,2024-03-11 01:47:00,2025-02-07 01:07:00,0.9116282607042361
44734,2024-03-12 03:37:00,2025-08-09 02:00:00,1.4098087307019544
44735,2024-03-11 03:36:00,2025-08-09 10:00:00,1.4134610997033994
44736,2024-03-12 10:12:00,2025-08-09 08:46:00,1.4098296448399117
44737,2024-03-11 02:38:00,2025-03-26 05:09:00,1.0406703931857937
44740,2024-03-11 16:52:00,2025-04-12 18:38:00,1.0871282987299415
44741,2024-03-11 02:48:00,2025-08-09 08:57:00,1.4134325804243668
44743,2024-03-11 19:55:00,2025-02-07 23:00:00,0.9120560498897254
44744,2024-03-11 20:11:00,2025-08-09 03:52:00,1.4108696478819682
44746,2024-03-11 19:50:00,2024-09-08 00:19:00,0.49332458742109664
44747,2024-03-11 20:23:00,2025-08-08 09:23:00,1.4087383070955966
44748,2024-03-12 11:35:00,2025-08-09 08:17:00,1.4096167008898015
44751,2024-03-11 20:01:00,2025-08-09 03:51:00,1.4108867594493877
44752,2024-03-11 18:54:00,2025-08-09 01:49:00,1.4107821887596015
44753,2024-03-11 17:27:00,2025-08-09 07:40:00,1.4116149517073542
44757,2024-03-11 18:08:00,2025-03-16 13:33:00,1.012481937789946
44758,2024-03-11 17:58:00,2025-08-09 00:04:00,1.4106890257814282
44759,2024-03-11 17:32:00,2025-08-09 09:16:00,1.4117879686668187
44760,2024-03-11 01:58:00,2025-01-12 17:17:00,0.8422674728116206
44761,2024-03-11 20:38:00,2025-08-08 20:02:00,1.4099247091033538
44762,2024-03-11 03:09:00,2025-08-09 10:00:00,1.4135124344056582
44763,2024-03-11 20:22:00,2025-04-04 22:08:00,1.0652254924328846
44764,2024-03-11 16:05:00,2024-12-08 12:47:00,0.7443189596167009
44765,2024-03-11 19:26:00,2025-08-09 08:04:00,1.4114343296068141
44766,2024-03-11 17:48:00,2025-02-07 07:11:00,0.9104931933987376
44767,2024-03-11 20:47:00,2025-03-29 23:29:00,1.0489048596851471
44768,2024-03-11 18:09:00,2025-08-09 08:23:00,1.411616852992623
44771,2024-03-11 17:53:00,2025-08-09 08:07:00,1.411616852992623
44772,2024-03-11 03:20:00,2025-08-09 09:29:00,1.4134325804243668
44914,2024-03-12 02:01:00,2025-04-22 22:14:00,1.1138736786067382
44915,2024-03-12 02:44:00,2025-02-07 04:33:00,0.9091737014221614
44917,2024-03-12 01:14:00,2025-08-09 02:00:00,1.4100806144953988
44918,2024-03-11 10:11:00,2024-08-17 02:15:00,0.4344132633660354
44920,2024-03-11 22:35:00,2025-03-17 08:06:00,1.0140904251273861
44921,2024-03-12 03:52:00,2025-04-30 07:51:00,1.133924633051943
44922,2024-03-11 19:13:00,2025-08-09 10:00:00,1.4116795954064947
44923,2024-03-11 09:44:00,2025-05-04 13:52:00,1.1476309985550233
44924,2024-03-12 05:00:00,2024-07-28 00:12:00,0.37727583846680357
44925,2024-03-12 02:17:00,2025-08-09 00:30:00,1.4097897178492662
44926,2024-03-12 05:00:00,2024-09-21 10:09:00,0.5289926990645677
44927,2024-03-12 02:33:00,2025-08-08 21:40:00,1.4094360787892615
44928,2024-03-11 02:08:00,2024-04-03 02:00:00,0.06295535782188759
44930,2024-03-12 01:19:00,2025-08-08 23:37:00,1.4097992242756103
44931,2024-03-12 02:54:00,2024-08-09 05:22:00,0.41095900828960374
44932,2024-03-12 02:39:00,2025-07-20 21:50:00,1.357424518974827
44933,2024-03-12 00:05:00,2025-08-08 19:58:00,1.4095235379116282
44934,2024-03-11 18:01:00,2025-08-09 02:00:00,1.4109038710168074
44937,2024-03-11 11:09:00,2025-08-08 20:23:00,1.4110464674119705
44938,2024-03-11 21:00:00,2024-08-21 14:24:00,0.4455167693360712
44939,2024-03-11 18:28:00,2024-08-28 00:27:00,0.4633793444368393
44940,2024-03-12 02:41:00,2025-08-09 02:14:00,1.4099418206707734
44941,2024-03-12 03:13:00,2025-08-08 20:45:00,1.4092554566887217
44942,2024-03-11 07:27:00,2025-08-09 02:22:00,1.4121511141531675
44943,2024-03-11 21:00:00,2024-08-16 21:32:00,0.43264126549547494
44944,2024-03-11 17:56:00,2024-10-16 18:22:00,0.5996387557989201
44945,2024-03-11 18:38:00,2025-05-29 10:07:00,1.2146341927142748
44946,2024-03-12 05:00:00,2024-04-03 10:00:00,0.06080310289755875
44949,2024-03-12 00:34:00,2025-08-09 03:39:00,1.4103448931477678
44951,2024-03-11 11:04:00,2024-04-03 10:00:00,0.06284888584683246
44952,2024-03-11 17:45:00,2025-06-01 09:35:00,1.2228876720663169
44954,2024-03-12 02:28:00,2025-08-09 10:00:00,1.4108525363145485
44959,2024-03-12 01:56:00,2025-03-22 19:22:00,1.0286827895657464
44961,2024-03-12 02:07:00,2025-08-08 10:05:00,1.4081641189444065
44966,2024-03-11 07:14:00,2025-04-22 00:29:00,1.1135352498288844
44967,2024-03-11 02:24:00,2024-10-12 08:41:00,0.5893547037797551
44968,2024-03-11 10:17:00,2025-08-09 02:06:00,1.411797475093163
44969,2024-03-12 02:01:00,2025-07-20 01:27:00,1.3551714959312495
44970,2024-03-12 01:30:00,2025-08-09 09:19:00,1.410884858164119
44972,2024-03-12 02:23:00,2025-08-08 10:07:00,1.4081375009506427
44973,2024-03-12 01:51:00,2025-08-09 10:00:00,1.4109228838694958
45044,2024-03-10 23:45:00,2025-08-08 23:32:00,1.4127062894516693
45045,2024-03-11 21:00:00,2024-06-24 23:41:00,0.28778043957715416
45047,2024-03-11 08:26:00,2025-08-09 08:31:00,1.4127405125865085
45048,2024-03-11 15:38:00,2025-08-09 00:28:00,1.4110008365655182
45049,2024-03-11 04:01:00,2024-12-15 13:06:00,0.764896570081375
45050,2024-03-12 05:00:00,2024-08-14 16:45:00,0.42570727812000914
45052,2024-03-12 00:02:00,2025-07-29 10:12:00,1.3810365807285725
45053,2024-03-11 17:31:00,2024-09-12 10:37:00,0.5057152635181382
45054,2024-03-11 22:21:00,2025-08-09 01:26:00,1.4103448931477678
45057,2024-03-11 08:23:00,2025-08-09 08:09:00,1.4127043881664005
45058,2024-03-12 00:07:00,2025-04-27 15:26:00,1.1270039546733592
45059,2024-03-11 13:00:00,2024-08-09 03:52:00,0.41237356452962204
45060,2024-03-12 00:34:00,2025-08-09 08:25:00,1.4108886607346567
45061,2024-03-11 08:49:00,2025-08-08 18:16:00,1.4110711841204655
45062,2024-03-11 22:48:00,2025-08-09 08:15:00,1.4110711841204655
45064,2024-03-11 07:11:00,2025-08-09 00:35:00,1.411978097193703
45065,2024-03-11 19:16:00,2024-12-05 07:24:00,0.7351281466271199
45066,2024-03-11 06:39:00,2025-01-25 08:15:00,0.8762947752680812
45067,2024-03-11 07:00:00,2025-08-09 02:00:00,1.4121606205795119
45068,2024-03-12 06:15:00,2025-07-17 12:30:00,1.3477355692448094
45071,2024-03-11 20:32:00,2025-08-08 23:37:00,1.4103448931477678
45072,2024-03-11 23:49:00,2025-08-08 23:42:00,1.4099798463761504
45073,2024-03-11 06:55:00,2025-06-16 20:25:00,1.2664271047227926
45074,2024-03-11 20:54:00,2025-08-08 23:58:00,1.410342991862499
45075,2024-03-11 07:22:00,2025-05-13 21:28:00,1.1734086242299795
45076,2024-03-11 21:00:00,2024-08-17 00:57:00,0.4330310289755875
45078,2024-03-11 23:54:00,2025-02-08 00:00:00,0.9117157198266028
45079,2024-03-11 07:25:00,2024-06-29 14:38:00,0.3019868431059396
45080,2024-03-11 20:22:00,2025-08-09 07:24:00,1.4112518062210053
45081,2024-03-11 20:01:00,2025-08-09 00:41:00,1.4105255152483078
45082,2024-03-12 05:00:00,2024-09-12 13:29:00,0.5047322990341471
45083,2024-03-11 01:13:00,2025-08-08 23:51:00,1.4125751007681193
45084,2024-03-11 05:33:00,2025-08-09 10:00:00,1.413238649326945
45085,2024-03-11 21:23:00,2025-08-09 10:00:00,1.4114324283215454
45087,2024-03-10 22:44:00,2025-08-08 22:31:00,1.4127062894516693
45088,2024-03-12 02:20:00,2025-08-08 23:03:00,1.4096186021750703
45089,2024-03-11 18:33:00,2025-01-11 08:05:00,0.8365883337135904
45090,2024-03-10 22:53:00,2025-08-09 02:00:00,1.4130865465054376
45092,2024-03-11 06:15:00,2025-04-17 09:06:00,1.1009411362080768
45093,2024-03-11 18:54:00,2025-08-08 12:59:00,1.4093181991025934
45094,2024-03-11 19:14:00,2025-08-09 02:00:00,1.4107650771921818
45095,2024-03-10 22:23:00,2025-08-09 02:00:00,1.413143585063503
45096,2024-03-11 19:10:00,2025-08-08 21:54:00,1.4103049661571223
45098,2024-03-11 18:44:00,2025-08-09 05:46:00,1.4112518062210053
45099,2024-03-11 05:11:00,2025-02-07 04:13:00,0.9115940375693969
45100,2024-03-11 18:38:00,2025-08-09 08:52:00,1.411616852992623
45101,2024-03-11 21:00:00,2024-07-30 06:43:00,0.3844075595102289
45103,2024-03-11 19:30:00,2024-08-26 01:40:00,0.45792455700053236
45178,2024-03-12 03:29:00,2025-01-12 00:00:00,0.8373849722412351
45179,2024-03-11 16:41:00,2025-08-07 23:42:00,1.4080557456840825
45181,2024-03-12 03:13:00,2025-08-09 10:00:00,1.4107669784774508
45182,2024-03-12 02:07:00,2025-08-09 10:00:00,1.4108924633051942
45183,2024-03-12 04:06:00,2025-08-09 08:46:00,1.4105255152483078
45184,2024-03-12 03:53:00,2025-03-25 16:26:00,1.036339265343372
45185,2024-03-12 03:56:00,2025-08-08 00:45:00,1.4068921590995513
45186,2024-03-11 05:59:00,2025-08-09 10:00:00,1.413189215909955
45187,2024-03-12 04:22:00,2025-08-08 15:31:00,1.4085272644307552
45188,2024-03-12 02:45:00,2025-08-09 02:00:00,1.4099075975359343
45189,2024-03-11 15:43:00,2025-08-08 23:34:00,1.4108886607346567
45190,2024-03-12 01:43:00,2025-08-08 20:50:00,1.4094360787892615
45191,2024-03-11 06:20:00,2025-02-07 06:23:00,0.9117100159707963
45192,2024-03-12 04:01:00,2025-08-09 02:00:00,1.4097630998555024
45193,2024-03-11 13:00:00,2024-08-10 12:07:00,0.4160525515248308
45194,2024-03-12 03:50:00,2025-08-09 02:00:00,1.4097840139934597
45196,2024-03-11 06:42:00,2025-08-09 02:00:00,1.412194843714351
45197,2024-03-12 03:08:00,2025-08-08 23:50:00,1.4096167008898015
45198,2024-03-12 02:55:00,2025-08-08 15:39:00,1.4087078865312952
45199,2024-03-11 13:00:00,2024-09-07 16:20:00,0.4931933987375466
45201,2024-03-11 14:26:00,2025-08-08 23:53:00,1.4110711841204655
45204,2024-03-12 03:48:00,2025-08-09 10:00:00,1.4107004334930413
45205,2024-03-11 04:26:00,2025-08-09 10:00:00,1.4133660354399573
45206,2024-03-11 13:04:00,2025-08-09 00:06:00,1.4112518062210053
45207,2024-03-12 03:16:00,2025-08-08 19:32:00,1.4091109590082895
45210,2024-03-11 14:37:00,2025-08-09 02:00:00,1.411291733211651
45212,2024-03-12 04:09:00,2025-08-08 15:15:00,1.4085215605749486
45214,2024-03-12 05:00:00,2024-09-08 00:35:00,0.4923093010875352
45215,2024-03-11 13:00:00,2024-06-25 00:02:00,0.28873298349684384
45217,2024-03-12 02:49:00,2025-08-09 07:29:00,1.4105255152483078
45219,2024-03-11 14:02:00,2025-06-27 22:20:00,1.295950262377367
45221,2024-03-12 02:52:00,2025-04-01 17:48:00,1.055776104646741
45222,2024-03-12 01:27:00,2025-08-08 23:45:00,1.4097992242756103
45223,2024-03-12 03:29:00,2025-08-08 14:38:00,1.4085272644307552
45225,2024-03-11 20:03:00,2025-08-08 19:57:00,1.4099817476614191
45226,2024-03-11 20:14:00,2025-08-09 02:00:00,1.4106510000760515
45227,2024-03-12 03:08:00,2025-08-09 03:52:00,1.4100768119248612
45228,2024-03-12 03:13:00,2025-08-08 20:45:00,1.4092554566887217
45229,2024-03-12 03:56:00,2025-08-09 07:00:00,1.410342991862499
45230,2024-03-12 03:50:00,2025-08-09 06:55:00,1.4103448931477678
45232,2024-03-11 20:05:00,2025-04-11 05:34:00,1.082532892235151
45233,2024-03-12 03:36:00,2025-08-09 10:00:00,1.4107232489162673
45234,2024-03-12 05:00:00,2024-09-01 02:25:00,0.47335348695718305
45235,2024-03-12 04:11:00,2025-08-09 08:52:00,1.4105274165335766
45236,2024-03-11 13:25:00,2025-08-09 02:00:00,1.4114286257510076
45237,2024-03-12 02:41:00,2025-08-08 23:24:00,1.4096186021750703
45360,2024-03-11 11:22:00,2025-08-09 01:35:00,1.4116149517073542
45361,2024-03-11 12:40:00,2025-08-09 07:40:00,1.4121606205795119
45362,2024-03-11 13:46:00,2025-08-09 02:00:00,1.411388698760362
45364,2024-03-11 11:55:00,2024-11-29 22:25:00,0.721252566735113
45366,2024-03-11 16:36:00,2025-08-09 00:27:00,1.4108886607346567
45367,2024-03-11 13:57:00,2025-08-09 00:59:00,1.4112518062210053
45368,2024-03-11 00:30:00,2025-08-09 06:39:00,1.4134325804243668
45369,2024-03-11 13:31:00,2025-08-09 01:42:00,1.4113829949045555
45370,2024-03-11 11:23:00,2025-08-09 00:01:00,1.4114343296068141
45371,2024-03-12 05:00:00,2024-08-17 12:14:00,0.4334055821735493
45372,2024-03-12 05:00:00,2024-09-07 22:29:00,0.4920697391436611
45373,2024-03-11 16:47:00,2025-04-20 02:43:00,1.1072248840215986
45374,2024-03-11 13:30:00,2025-08-09 00:33:00,1.4112537075062743
45375,2024-03-11 13:52:00,2025-08-09 00:54:00,1.4112518062210053
45376,2024-03-11 14:18:00,2025-08-09 09:18:00,1.4121606205795119
45377,2024-03-11 13:20:00,2025-08-09 00:22:00,1.4112518062210053
45378,2024-03-11 21:00:00,2024-07-27 03:38:00,0.37584226937409687
45379,2024-03-11 11:34:00,2025-08-09 06:34:00,1.4121606205795119
45380,2024-03-11 13:06:00,2025-02-07 02:11:00,0.9104589702638984
45381,2024-03-11 10:11:00,2025-08-09 02:00:00,1.411797475093163
45383,2024-03-11 13:12:00,2025-08-08 22:39:00,1.4110711841204655
45384,2024-03-11 12:55:00,2025-08-08 15:55:00,1.4103353867214237
45386,2024-03-11 13:01:00,2025-08-08 22:28:00,1.4110711841204655
45387,2024-03-11 11:58:00,2025-08-09 02:55:00,1.4116986082591831
45388,2024-03-11 14:23:00,2025-08-09 07:48:00,1.4119799984789718
45389,2024-03-11 10:43:00,2025-08-09 08:54:00,1.4125237660658605
45390,2024-03-11 10:06:00,2025-08-08 22:44:00,1.4114343296068141
45391,2024-03-11 12:01:00,2024-09-26 21:01:00,0.5458590006844627
45392,2024-03-11 21:00:00,2024-04-03 10:00:00,0.06171571982660278
45393,2024-03-11 12:45:00,2025-02-07 10:00:00,0.9113906000456309
45394,2024-03-11 10:17:00,2025-08-09 02:00:00,1.4117860673815499
45395,2024-03-11 12:35:00,2025-08-09 02:48:00,1.4116149517073542
45396,2024-03-11 12:08:00,2025-04-05 18:00:00,1.068431059396152
45397,2024-03-11 10:48:00,2025-08-09 05:49:00,1.4121625218647806
45398,2024-03-11 15:25:00,2025-08-09 10:00:00,1.4121130884477906
45399,2024-03-11 11:38:00,2025-08-09 08:13:00,1.4123412426800517
45400,2024-03-11 11:05:00,2025-02-27 22:31:00,0.9677656095520571
45401,2024-03-11 11:53:00,2025-06-19 00:56:00,1.2718514715947982
45402,2024-03-11 10:36:00,2024-08-23 16:37:00,0.4524317438588486
45403,2024-03-12 04:05:00,2025-08-09 10:00:00,1.410668111643471
45404,2024-03-12 04:21:00,2025-08-09 07:25:00,1.410342991862499
45405,2024-03-12 04:00:00,2025-08-09 08:40:00,1.4105255152483078
45406,2024-03-11 12:15:00,2025-08-09 02:28:00,1.4116149517073542
45407,2024-03-11 10:59:00,2025-05-06 04:56:00,1.1519450148300252
45408,2024-03-11 11:18:00,2025-08-08 23:56:00,1.4114343296068141
45409,2024-03-11 11:11:00,2025-04-26 20:26:00,1.1263118868355009
45411,2024-03-11 11:32:00,2025-04-05 05:21:00,1.0670564301467793
45412,2024-03-11 12:20:00,2025-08-09 02:34:00,1.411616852992623
45413,2024-03-11 11:27:00,2025-08-09 07:27:00,1.4122746976956422
45414,2024-03-12 04:37:00,2025-08-09 02:55:00,1.4097992242756103
45415,2024-03-11 11:43:00,2025-08-09 01:56:00,1.4116149517073542
45416,2024-03-11 12:31:00,2025-08-09 10:00:00,1.412443912084569
45417,2024-03-11 14:13:00,2025-08-08 23:40:00,1.4110711841204655
45419,2024-03-11 10:56:00,2025-08-08 17:12:00,1.4107080386341166
45540,2024-03-11 09:45:00,2025-08-09 01:34:00,1.411797475093163
45541,2024-03-11 13:01:00,2025-04-06 02:50:00,1.0693379724693892
45542,2024-03-11 12:13:00,2025-08-09 02:27:00,1.411616852992623
45543,2024-03-12 03:26:00,2025-08-09 03:20:00,1.4099817476614191
45544,2024-03-11 19:55:00,2025-08-09 05:22:00,1.4110711841204655
45545,2024-03-11 12:24:00,2025-02-07 10:00:00,0.9114305270362765
45546,2024-03-12 03:00:00,2025-03-13 01:40:00,1.0019012852688418
45547,2024-03-12 05:00:00,2024-09-09 04:22:00,0.49547874363069433
45548,2024-03-11 19:59:00,2025-02-07 10:00:00,0.9105654422389535
45550,2024-03-12 03:20:00,2025-03-21 16:57:00,1.0255095444520497
45551,2024-03-11 18:28:00,2025-08-09 00:36:00,1.410692828351966
45553,2024-03-11 09:10:00,2025-08-08 12:00:00,1.4103163738687352
45554,2024-03-12 00:54:00,2025-08-09 10:00:00,1.4110312571298198
45555,2024-03-11 09:42:00,2025-08-09 01:31:00,1.411797475093163
45556,2024-03-11 09:05:00,2025-06-06 22:49:00,1.2390752148452353
45557,2024-03-11 09:16:00,2025-08-08 23:47:00,1.4116491748421933
45558,2024-03-11 08:28:00,2025-08-09 02:00:00,1.4119933074758537
45559,2024-03-11 09:14:00,2024-09-19 17:39:00,0.5266275001901285
45560,2024-03-11 08:24:00,2025-04-12 13:23:00,1.087495246786828
45562,2024-03-11 19:05:00,2025-01-01 11:03:00,0.8094874134915203
45563,2024-03-11 08:17:00,2025-08-08 19:38:00,1.4112879306411135
45564,2024-03-11 08:12:00,2025-08-09 01:36:00,1.411978097193703
45565,2024-03-11 19:10:00,2025-08-09 01:01:00,1.4106605065023956
45566,2024-03-11 08:23:00,2025-05-13 11:40:00,1.1721746900905012
45567,2024-03-12 02:09:00,2025-08-09 02:03:00,1.4099817476614191
45568,2024-03-11 18:33:00,2025-08-09 02:24:00,1.4108886607346567
45569,2024-03-12 02:15:00,2025-08-09 02:08:00,1.4099798463761504
45570,2024-03-12 02:04:00,2025-08-09 00:22:00,1.4097992242756103
45572,2024-03-12 00:23:00,2025-08-08 16:35:00,1.4091033538672142
45573,2024-03-11 17:46:00,2025-08-09 00:02:00,1.4107080386341166
45574,2024-03-11 21:00:00,2024-07-21 06:04:00,0.3596927523005552
45576,2024-03-11 07:52:00,2025-08-09 01:17:00,1.4119799984789718
45578,2024-03-11 18:50:00,2025-08-09 02:42:00,1.4108905620199255
45579,2024-03-12 02:59:00,2025-05-06 09:19:00,1.1506198189976424
45580,2024-03-11 09:26:00,2025-08-09 01:15:00,1.411797475093163
45581,2024-03-11 07:57:00,2025-08-09 01:22:00,1.4119799984789718
45582,2024-03-11 18:02:00,2025-08-09 01:54:00,1.4108905620199255
45583,2024-03-12 05:00:00,2024-08-07 18:07:00,0.40669822800212946
45586,2024-03-11 17:52:00,2025-08-09 00:02:00,1.4106966309225035
45587,2024-03-11 07:36:00,2025-08-09 02:00:00,1.4120921743098334
45588,2024-03-12 00:35:00,2025-08-09 02:20:00,1.4101927903262605
45589,2024-03-11 08:34:00,2025-08-09 01:59:00,1.4119799984789718
45590,2024-03-11 10:33:00,2025-08-09 02:22:00,1.411797475093163
45658,2024-03-12 05:00:00,2024-08-07 22:25:00,0.4071887596014906
45659,2024-03-12 05:00:00,2024-06-09 15:39:00,0.2448836413415469
45660,2024-03-11 18:09:00,2025-08-09 00:25:00,1.4107080386341166
45661,2024-03-11 07:16:00,2025-04-19 14:47:00,1.1069491976576165
45662,2024-03-11 17:21:00,2024-12-18 15:58:00,0.7719161152939387
45663,2024-03-11 17:27:00,2025-08-09 01:04:00,1.4108620427408929
45665,2024-03-12 03:48:00,2025-08-09 00:30:00,1.4096167008898015
45666,2024-03-11 07:19:00,2025-05-08 07:13:00,1.1580994752452658
45667,2024-03-12 03:57:00,2024-08-17 10:27:00,0.4333219256217203
45668,2024-03-12 03:53:00,2025-08-09 00:36:00,1.4096186021750703
45669,2024-03-11 17:11:00,2025-08-09 00:14:00,1.4107973990417522
45670,2024-03-12 04:08:00,2025-08-09 08:48:00,1.4105255152483078
45671,2024-03-11 17:16:00,2025-08-09 02:43:00,1.4110711841204655
45672,2024-03-12 03:04:00,2024-10-05 05:04:00,0.566963267168606
45673,2024-03-11 08:04:00,2025-08-08 23:53:00,1.411797475093163
45674,2024-03-11 06:39:00,2025-08-09 00:04:00,1.4119799984789718
45675,2024-03-11 17:32:00,2025-08-08 23:48:00,1.4107080386341166
45676,2024-03-12 03:58:00,2025-08-09 00:41:00,1.4096186021750703
45677,2024-03-11 17:05:00,2025-08-09 02:32:00,1.4110711841204655
45678,2024-03-12 04:05:00,2025-03-07 13:00:00,0.9866434709863868
45679,2024-03-12 04:10:00,2025-08-08 16:55:00,1.408709787816564
45680,2024-03-12 04:21:00,2025-04-26 08:44:00,1.123018860749867
45681,2024-03-12 04:00:00,2024-07-06 21:53:00,0.3196307704007909
45682,2024-03-12 04:26:00,2025-05-05 11:27:00,1.1479599209065328
45683,2024-03-12 04:00:00,2025-03-23 17:04:00,1.030922503612442
45684,2024-03-12 03:57:00,2025-02-07 13:42:00,0.91007871321013
45685,2024-03-12 03:19:00,2025-08-09 01:37:00,1.4097992242756103
45686,2024-03-12 03:12:00,2025-08-08 23:54:00,1.4096167008898015
45688,2024-03-11 13:34:00,2025-03-03 01:43:00,0.9760609171800136
45689,2024-03-11 16:30:00,2025-08-09 01:56:00,1.4110692828351965
45690,2024-03-11 07:33:00,2025-04-08 12:21:00,1.0765229295003422
45691,2024-03-12 03:17:00,2024-08-10 13:28:00,0.4145771541562096
45692,2024-03-12 03:06:00,2024-09-23 11:29:00,0.5348372499809871
45693,2024-03-12 03:33:00,2025-08-09 01:51:00,1.4097992242756103
45695,2024-03-12 03:34:00,2025-08-08 14:44:00,1.408529165716024
45696,2024-03-12 03:49:00,2025-08-09 00:31:00,1.4096167008898015
45697,2024-03-12 03:14:00,2025-08-09 01:33:00,1.409801125560879
45698,2024-03-11 21:00:00,2024-07-28 06:20:00,0.37888812837478136
45699,2024-03-12 04:18:00,2025-08-08 23:55:00,1.4094931173473269
45700,2024-03-12 04:13:00,2025-08-08 15:22:00,1.4085272644307552
45701,2024-03-12 03:20:00,2025-08-09 08:00:00,1.4105255152483078
45702,2024-03-11 06:11:00,2025-08-08 23:54:00,1.412014221613811
45703,2024-03-12 04:23:00,2025-08-08 20:11:00,1.409057723020762
45704,2024-03-12 05:00:00,2024-08-02 21:44:00,0.3934215529698076
45706,2024-03-12 03:52:00,2025-08-09 08:42:00,1.4105445281009963
45707,2024-03-12 03:46:00,2025-06-16 04:36:00,1.2622442771313407
45708,2024-03-12 03:09:00,2025-04-12 12:20:00,1.0852365198874439
45709,2024-03-12 05:00:00,2024-08-29 06:44:00,0.46563236748041675
45710,2024-03-11 15:13:00,2025-08-09 08:37:00,1.411978097193703
45711,2024-03-12 03:30:00,2025-08-08 22:37:00,1.4094360787892615
45712,2024-03-12 03:25:00,2025-08-08 16:12:00,1.4087135903871018
45713,2024-03-12 04:20:00,2024-06-23 08:34:00,0.2824815575328922
45714,2024-03-12 05:00:00,2024-08-21 18:13:00,0.4450395467335919
45730,2024-03-11 05:39:00,2024-08-22 15:02:00,0.4500779526960225
45731,2024-03-11 12:23:00,2025-08-08 15:27:00,1.410342991862499
45732,2024-03-11 13:00:00,2024-09-02 13:00:00,0.4791238877481177
45733,2024-03-11 17:59:00,2024-11-24 05:56:00,0.7049908738307096
45734,2024-03-11 18:55:00,2024-12-29 04:24:00,0.8005342611605445
45735,2024-03-11 19:06:00,2025-08-08 19:01:00,1.409983648946688
45738,2024-03-11 18:50:00,2025-08-08 11:23:00,1.40914328085786
45739,2024-03-12 09:30:00,2025-08-09 07:31:00,1.40976690242604
45740,2024-03-11 04:41:00,2025-01-12 14:04:00,0.8415906152559129
45741,2024-03-11 18:18:00,2025-08-09 08:32:00,1.411616852992623
45742,2024-03-11 18:08:00,2025-08-09 06:23:00,1.4113906000456309
45743,2024-03-11 20:39:00,2024-12-22 00:26:00,0.7807190660886759
45744,2024-03-11 21:03:00,2025-08-08 14:31:00,1.4092478515476463
45745,2024-03-11 20:47:00,2025-05-15 19:33:00,1.1771351433569093
45746,2024-03-11 16:22:00,2025-08-08 20:04:00,1.410415240702715
45747,2024-03-11 21:13:00,2025-08-08 21:55:00,1.4100730093543234
45748,2024-03-11 21:00:00,2025-06-16 16:40:00,1.264392729485132
45750,2024-03-11 16:51:00,2025-02-07 10:00:00,0.9109228838694958
45751,2024-03-11 16:45:00,2025-08-09 08:34:00,1.411797475093163
45753,2024-03-11 17:01:00,2025-08-09 10:00:00,1.411930565061982
45754,2024-03-11 20:18:00,2025-08-08 20:11:00,1.4099798463761504
45755,2024-03-11 17:33:00,2025-08-09 07:47:00,1.411616852992623
45756,2024-03-11 17:27:00,2025-08-08 10:52:00,1.4092421476918398
45757,2024-03-11 15:25:00,2025-01-04 13:05:00,0.8183512054148604
45758,2024-03-11 17:37:00,2025-08-09 02:00:00,1.4109495018632596
45759,2024-03-11 20:28:00,2025-08-08 20:22:00,1.4099817476614191
45760,2024-03-11 17:23:00,2025-08-09 07:36:00,1.4116149517073542
45762,2024-03-11 14:00:00,2024-12-19 07:31:00,0.7740721727888052
45764,2024-03-11 19:41:00,2025-08-08 13:12:00,1.4092535554034527
45766,2024-03-11 13:37:00,2024-11-25 02:04:00,0.7077857631759069
45767,2024-03-11 13:00:00,2024-12-29 19:31:00,0.8029336831698228
45769,2024-03-11 21:02:00,2024-11-05 16:59:00,0.6538843258042437
45770,2024-03-11 16:15:00,2024-10-17 17:01:00,0.602414632291429
45771,2024-03-11 16:06:00,2025-03-22 12:17:00,1.0289965016351053
45772,2024-03-11 15:50:00,2025-08-09 01:45:00,1.411124420107993
45773,2024-03-11 18:50:00,2025-08-09 05:53:00,1.4112537075062743
45774,2024-03-11 18:08:00,2025-08-09 10:00:00,1.4118031789489696
45775,2024-03-11 10:49:00,2024-11-12 07:39:00,0.6731500494334169
45776,2024-03-11 01:58:00,2025-06-21 03:19:00,1.2787303216974675
45777,2024-03-11 16:20:00,2025-01-25 05:26:00,0.8748688113164499
45778,2024-03-11 19:27:00,2025-08-09 00:42:00,1.4105920602327173
45779,2024-03-11 10:53:00,2025-01-26 04:42:00,0.8781447258346642
45780,2024-03-11 18:02:00,2025-08-09 08:16:00,1.411616852992623
45781,2024-03-11 18:40:00,2025-08-09 06:43:00,1.4113677846224046
45782,2024-03-11 12:29:00,2024-12-04 17:35:00,0.7343258042436687
45783,2024-03-11 18:34:00,2024-11-03 02:48:00,0.6470720206859837
45784,2024-03-11 17:57:00,2025-08-09 10:00:00,1.4118240930869268
45785,2024-03-12 09:26:00,2024-12-10 21:34:00,0.7488174005627805
45786,2024-03-11 02:49:00,2025-08-09 08:58:00,1.4134325804243668
45787,2024-03-11 18:55:00,2025-06-06 08:22:00,1.2363050422085329
46027,2024-03-11 13:30:00,2025-08-09 02:08:00,1.4114343296068141
46028,2024-03-12 04:11:00,2025-08-09 02:30:00,1.409801125560879
46029,2024-03-12 04:01:00,2025-08-09 02:19:00,1.4097992242756103
46030,2024-03-12 04:27:00,2024-12-24 19:09:00,0.7874401095140315
46031,2024-03-11 10:46:00,2024-12-27 05:49:00,0.7961498973305955
46032,2024-03-11 11:44:00,2025-08-09 06:44:00,1.4121606205795119
46033,2024-03-11 11:18:00,2025-08-09 01:31:00,1.4116149517073542
46034,2024-03-11 11:23:00,2025-08-09 01:36:00,1.4116149517073542
46035,2024-03-11 11:34:00,2025-08-09 08:09:00,1.4123412426800517
46036,2024-03-11 11:12:00,2025-08-09 03:01:00,1.411797475093163
46037,2024-03-12 04:38:00,2025-04-30 03:43:00,1.1333656551829037
46038,2024-03-11 11:28:00,2025-08-09 06:28:00,1.4121606205795119
46039,2024-03-12 03:34:00,2025-08-09 06:39:00,1.4103448931477678
46040,2024-03-12 05:00:00,2024-04-03 02:00:00,0.05989048596851471
46041,2024-03-12 04:33:00,2025-04-01 17:15:00,1.0555213324207164
46042,2024-03-11 13:36:00,2025-03-27 01:07:00,1.041697087230968
46043,2024-03-11 11:50:00,2025-08-09 06:50:00,1.4121606205795119
46044,2024-03-12 05:00:00,2024-04-03 02:00:00,0.05989048596851471
46045,2024-03-11 10:51:00,2025-08-09 02:40:00,1.411797475093163
46047,2024-03-11 11:19:00,2025-08-09 03:08:00,1.411797475093163
46048,2024-03-11 12:49:00,2025-08-09 03:03:00,1.411616852992623
46049,2024-03-11 09:33:00,2024-06-23 04:53:00,0.28420412198646283
46051,2024-03-12 03:57:00,2025-08-09 02:15:00,1.4097992242756103
46052,2024-03-11 10:05:00,2025-08-09 01:54:00,1.411797475093163
46053,2024-03-11 10:10:00,2025-08-09 01:59:00,1.411797475093163
46054,2024-03-11 10:21:00,2025-08-09 02:10:00,1.411797475093163
46055,2024-03-11 09:59:00,2025-08-09 01:48:00,1.411797475093163
46058,2024-03-12 04:11:00,2025-08-09 02:04:00,1.4097516921438893
46059,2024-03-11 10:58:00,2025-08-09 02:47:00,1.411797475093163
46060,2024-03-11 10:52:00,2025-08-09 02:42:00,1.4117993763784318
46061,2024-03-12 04:18:00,2025-08-09 05:47:00,1.4101623697619592
46062,2024-03-11 11:30:00,2025-01-05 15:32:00,0.8218153471746901
46063,2024-03-12 03:20:00,2025-08-09 03:13:00,1.4099798463761504
46064,2024-03-12 04:08:00,2025-08-09 02:26:00,1.4097992242756103
46066,2024-03-11 20:07:00,2025-08-09 05:34:00,1.4110711841204655
46067,2024-03-11 13:00:00,2024-04-03 10:00:00,0.06262833675564682
46068,2024-03-11 13:00:00,2024-08-16 04:48:00,0.4316449920146019
46069,2024-03-12 03:12:00,2025-04-12 09:14:00,1.0848771769716328
46070,2024-03-11 10:01:00,2025-08-09 01:51:00,1.4117993763784318
46071,2024-03-11 20:02:00,2024-12-31 05:57:00,0.8060593961517987
46072,2024-03-12 03:00:00,2024-06-26 05:56:00,0.29054680964331886
46073,2024-03-11 09:51:00,2025-08-09 01:40:00,1.411797475093163
46074,2024-03-11 19:03:00,2025-08-09 02:55:00,1.4108905620199255
46075,2024-03-11 10:07:00,2025-08-09 01:56:00,1.411797475093163
46076,2024-03-11 17:07:00,2025-08-09 02:34:00,1.4110711841204655
46077,2024-03-11 19:51:00,2025-08-09 00:37:00,1.410536922959921
46078,2024-03-11 19:19:00,2025-04-06 13:22:00,1.0698208989276752
46079,2024-03-11 19:09:00,2025-08-09 01:25:00,1.4107080386341166
46080,2024-03-12 02:45:00,2025-08-09 01:18:00,1.409827743554643
46081,2024-03-12 02:56:00,2025-02-07 10:00:00,0.9097726062818465
46082,2024-03-11 19:30:00,2025-08-09 01:46:00,1.4107080386341166
46083,2024-03-12 02:44:00,2025-08-09 02:37:00,1.4099798463761504
46117,2024-03-11 22:46:00,2025-08-09 01:51:00,1.4103448931477678
46118,2024-03-12 02:11:00,2025-06-01 08:04:00,1.2217526047608183
46119,2024-03-12 02:43:00,2025-08-08 20:14:00,1.4092535554034527
46120,2024-03-11 03:16:00,2025-08-08 20:41:00,1.4119799984789718
46121,2024-03-11 08:53:00,2025-01-05 02:11:00,0.820590919461556
46122,2024-03-11 07:31:00,2025-03-01 18:58:00,0.9732432124115903
46123,2024-03-11 07:10:00,2025-08-09 06:56:00,1.4127043881664005
46124,2024-03-11 07:20:00,2025-08-09 00:45:00,1.4119799984789718
46125,2024-03-12 03:36:00,2025-08-09 02:00:00,1.4098106319872235
46126,2024-03-11 03:11:00,2025-04-13 11:27:00,1.0906076507719218
46127,2024-03-11 21:59:00,2025-08-08 18:41:00,1.4096167008898015
46128,2024-03-12 00:14:00,2025-08-09 00:12:00,1.4099893528024945
46129,2024-03-11 07:41:00,2025-08-09 07:28:00,1.4127062894516693
46130,2024-03-12 00:25:00,2025-08-09 08:16:00,1.4108886607346567
46131,2024-03-11 23:08:00,2025-08-09 02:12:00,1.410342991862499
46132,2024-03-12 00:03:00,2025-01-26 05:47:00,0.8767662940147539
46133,2024-03-11 08:08:00,2025-02-07 10:00:00,0.9119172560651
46135,2024-03-12 00:30:00,2025-08-09 09:43:00,1.4110445661267017
46136,2024-03-11 09:50:00,2025-08-09 02:28:00,1.4118906380713363
46137,2024-03-12 02:08:00,2025-08-09 02:00:00,1.4099779450908814
46138,2024-03-11 09:53:00,2025-04-04 13:05:00,1.065389002966005
46140,2024-03-11 13:58:00,2025-01-26 02:00:00,0.8774849798463762
46141,2024-03-12 00:35:00,2025-08-09 07:48:00,1.4108164118944406
46142,2024-03-12 02:37:00,2025-08-09 07:18:00,1.4105274165335766
46144,2024-03-11 22:36:00,2025-08-09 01:40:00,1.410342991862499
46146,2024-03-12 02:53:00,2025-08-09 02:47:00,1.4099817476614191
46147,2024-03-11 10:31:00,2025-01-24 08:40:00,0.8731633584302989
46148,2024-03-11 01:06:00,2025-05-10 15:10:00,1.1651912692980455
46149,2024-03-11 09:23:00,2024-11-05 14:46:00,0.6549604532664081
46150,2024-03-12 02:48:00,2025-08-09 08:34:00,1.4106510000760515
46151,2024-03-11 08:42:00,2025-06-06 06:46:00,1.2372880066925243
46152,2024-03-12 03:30:00,2024-09-05 01:14:00,0.48434101452581946
46153,2024-03-11 23:29:00,2025-08-09 10:00:00,1.4111928663776714
46154,2024-03-11 23:43:00,2025-08-09 09:10:00,1.4110711841204655
46155,2024-03-12 00:19:00,2025-08-08 23:59:00,1.4099551296676553
46156,2024-03-11 22:30:00,2025-08-09 01:35:00,1.4103448931477678
46157,2024-03-11 07:52:00,2025-08-08 10:57:00,1.4103448931477678
46158,2024-03-12 05:00:00,2024-06-25 00:18:00,0.2869381702030573
46159,2024-03-12 00:40:00,2025-08-09 03:45:00,1.4103448931477678
46160,2024-03-12 00:27:00,2025-08-09 08:19:00,1.4108905620199255
46161,2024-03-12 01:31:00,2025-06-15 05:25:00,1.2598562628336756
46162,2024-03-12 01:36:00,2025-02-27 17:36:00,0.9655487109285877
46163,2024-03-11 23:58:00,2025-05-08 18:20:00,1.1574682485360104
46164,2024-03-11 07:57:00,2025-08-08 23:53:00,1.411810784090045
46165,2024-03-11 13:00:00,2024-04-03 10:00:00,0.06262833675564682
46166,2024-03-12 02:36:00,2024-07-04 09:51:00,0.3129420488250057
46167,2024-03-11 17:31:00,2025-08-08 20:35:00,1.410342991862499
46168,2024-03-12 02:33:00,2025-08-09 07:14:00,1.4105274165335766
46169,2024-03-12 03:25:00,2025-08-09 04:56:00,1.4101661723324967
46171,2024-03-11 23:18:00,2025-08-09 08:45:00,1.4110711841204655
46172,2024-03-11 09:20:00,2025-08-09 09:06:00,1.4127043881664005
46173,2024-03-11 10:26:00,2025-08-08 19:53:00,1.4110711841204655
46174,2024-03-11 10:37:00,2025-08-08 20:03:00,1.4110692828351965
46326,2024-03-12 02:45:00,2025-08-09 07:26:00,1.4105274165335766
46327,2024-03-12 03:17:00,2025-07-13 15:45:00,1.337493345501559
46328,2024-03-11 20:26:00,2025-08-08 21:55:00,1.4101623697619592
46329,2024-03-11 19:38:00,2025-08-08 19:32:00,1.4099817476614191
46330,2024-03-12 03:20:00,2025-08-08 18:58:00,1.4090387101680737
46331,2024-03-12 02:35:00,2025-08-09 07:15:00,1.4105255152483078
46332,2024-03-12 03:13:00,2024-10-15 21:03:00,0.5961479960453266
46333,2024-03-11 14:27:00,2025-08-08 23:54:00,1.4110711841204655
46334,2024-03-11 19:17:00,2025-02-06 12:05:00,0.908145106091718
46335,2024-03-12 03:54:00,2025-08-08 21:26:00,1.4092554566887217
46336,2024-03-11 19:43:00,2025-08-08 22:29:00,1.4103087687276599
46337,2024-03-11 20:04:00,2025-08-08 19:58:00,1.4099817476614191
46338,2024-03-12 03:38:00,2025-08-09 00:21:00,1.4096186021750703
46340,2024-03-12 03:44:00,2025-08-09 06:46:00,1.4103391892919614
46341,2024-03-12 03:09:00,2025-02-07 04:27:00,0.9091147615788273
46342,2024-03-12 01:04:00,2025-08-09 07:20:00,1.4107080386341166
46343,2024-03-12 00:56:00,2025-08-08 13:41:00,1.408709787816564
46344,2024-03-12 02:59:00,2025-08-09 06:03:00,1.410342991862499
46345,2024-03-12 03:01:00,2025-08-08 23:47:00,1.4096243060308769
46347,2024-03-11 11:41:00,2025-08-08 20:24:00,1.4109875275686363
46348,2024-03-12 03:04:00,2025-08-08 20:51:00,1.4092839759677542
46349,2024-03-12 02:59:00,2025-08-08 20:50:00,1.4092915811088296
46350,2024-03-11 21:00:00,2024-06-08 04:09:00,0.241746520647958
46351,2024-03-12 02:16:00,2025-08-08 19:47:00,1.4092535554034527
46352,2024-03-11 19:27:00,2025-08-09 06:30:00,1.4112537075062743
46353,2024-03-12 03:22:00,2025-08-09 00:05:00,1.4096186021750703
46354,2024-03-12 03:06:00,2025-08-09 07:47:00,1.4105274165335766
46355,2024-03-11 20:07:00,2025-08-09 07:10:00,1.4112537075062743
46356,2024-03-11 06:09:00,2025-08-08 14:00:00,1.4108886607346567
46357,2024-03-11 20:20:00,2025-08-08 20:14:00,1.4099817476614191
46358,2024-03-12 03:49:00,2024-10-29 21:42:00,0.6344836109209826
46359,2024-03-12 03:20:00,2025-08-09 03:48:00,1.4100463913605596
46360,2024-03-12 03:52:00,2025-08-09 02:00:00,1.4097802114229219
46361,2024-03-12 01:33:00,2025-02-07 10:00:00,0.9099304129591604
46362,2024-03-11 01:09:00,2025-08-08 20:12:00,1.4121663244353182
46363,2024-03-11 18:28:00,2025-05-25 12:34:00,1.2039812913529546
46364,2024-03-11 10:35:00,2025-03-03 05:24:00,0.9768214312875504
46365,2024-03-12 05:00:00,2024-03-27 10:48:00,0.041729409080538446
46366,2024-03-12 03:15:00,2025-08-08 20:47:00,1.4092554566887217
46368,2024-03-12 03:13:00,2024-08-10 21:34:00,0.41550878393794205
46370,2024-03-12 00:46:00,2025-02-06 15:49:00,0.9079454711384897
46371,2024-03-12 02:36:00,2024-08-04 11:27:00,0.3979979466119096
46372,2024-03-12 04:00:00,2025-08-09 10:00:00,1.4106776180698153
46374,2024-03-11 09:13:00,2025-02-07 10:00:00,0.9117936725226253
46375,2024-03-12 03:04:00,2025-08-08 20:18:00,1.4092212335538825
46376,2024-03-12 03:26:00,2025-08-08 20:50:00,1.4092402464065708
46380,2024-03-12 02:37:00,2025-02-07 07:01:00,0.9094684006388318
46382,2024-03-12 00:36:00,2025-08-08 18:07:00,1.4092535554034527
46383,2024-03-11 11:32:00,2025-08-09 07:31:00,1.4122727964103734
46384,2024-03-11 14:49:00,2025-08-09 00:16:00,1.4110711841204655
46532,2024-03-11 18:00:00,2025-02-07 01:41:00,0.9098429538367937
46533,2024-03-11 15:05:00,2025-08-09 00:31:00,1.4110692828351965
46534,2024-03-11 14:38:00,2025-05-06 19:29:00,1.1531884553958476
46535,2024-03-11 17:33:00,2025-08-09 07:47:00,1.411616852992623
46537,2024-03-11 16:35:00,2025-08-09 00:26:00,1.4108886607346567
46538,2024-03-11 11:16:00,2025-08-09 08:01:00,1.4123602555327401
46541,2024-03-11 10:47:00,2025-08-08 17:03:00,1.4107080386341166
46542,2024-03-11 17:12:00,2025-08-08 22:31:00,1.4105996653737927
46543,2024-03-11 16:51:00,2025-08-09 05:41:00,1.4114571450300404
46544,2024-03-11 13:34:00,2025-05-08 16:31:00,1.1584474104494638
46545,2024-03-11 11:22:00,2025-04-29 12:34:00,1.1336071184120466
46546,2024-03-11 17:23:00,2025-04-06 06:06:00,1.0692124876416458
46547,2024-03-11 21:00:00,2024-09-07 20:47:00,0.4927884249752833
46548,2024-03-11 18:21:00,2024-10-19 18:14:00,0.6077895657464446
46549,2024-03-11 09:30:00,2025-08-09 08:34:00,1.4126245341851091
46550,2024-03-11 17:07:00,2025-03-01 02:36:00,0.9702810099627348
46553,2024-03-11 12:03:00,2025-08-09 02:16:00,1.4116149517073542
46554,2024-03-11 13:18:00,2025-02-07 10:00:00,0.911327857631759
46556,2024-03-11 11:32:00,2025-08-09 01:46:00,1.411616852992623
46557,2024-03-11 11:09:00,2025-08-08 23:47:00,1.4114343296068141
46558,2024-03-11 15:57:00,2025-08-09 06:11:00,1.411616852992623
46559,2024-03-11 12:28:00,2025-08-09 02:41:00,1.4116149517073542
46561,2024-03-11 16:43:00,2025-02-06 18:34:00,0.909177503992699
46562,2024-03-11 13:30:00,2025-08-09 06:36:00,1.411943874058864
46563,2024-03-11 13:05:00,2025-08-09 03:02:00,1.4115845311430526
46564,2024-03-11 12:49:00,2025-08-09 03:03:00,1.411616852992623
46565,2024-03-11 13:42:00,2025-08-09 08:42:00,1.4121606205795119
46566,2024-03-11 16:32:00,2025-08-09 08:00:00,1.4117575481025173
46567,2024-03-11 10:52:00,2025-08-09 09:04:00,1.4125256673511293
46570,2024-03-11 09:56:00,2024-10-19 06:12:00,0.6073769868431059
46572,2024-03-11 16:55:00,2025-08-08 18:24:00,1.4101623697619592
46574,2024-03-11 11:16:00,2025-08-09 10:00:00,1.4125865084797322
46575,2024-03-11 11:00:00,2025-08-09 02:20:00,1.4117423378203666
46576,2024-03-11 11:05:00,2025-08-08 17:21:00,1.4107080386341166
46577,2024-03-11 13:23:00,2025-03-02 21:16:00,0.9755741881511902
46578,2024-03-11 12:56:00,2025-08-09 05:00:00,1.4118259943721956
46579,2024-03-11 13:02:00,2025-08-08 16:48:00,1.4104228458437904
46580,2024-03-11 17:17:00,2025-06-13 06:40:00,1.2554623925773822
46581,2024-03-11 13:16:00,2025-08-09 06:52:00,1.412000912616929
46582,2024-03-11 12:55:00,2025-08-08 23:57:00,1.4112518062210053
46583,2024-03-11 14:06:00,2025-01-24 09:18:00,0.8728268309377138
46584,2024-03-11 13:00:00,2025-02-26 20:12:00,0.9645448323066392
46585,2024-03-11 12:39:00,2025-08-09 06:03:00,1.411978097193703
46586,2024-03-11 13:10:00,2025-02-07 11:42:00,0.9115369990113317
46588,2024-03-11 12:44:00,2025-08-09 02:57:00,1.4116149517073542
46589,2024-03-11 10:58:00,2025-03-20 10:39:00,1.023920069967298
46591,2024-03-11 10:42:00,2025-02-07 10:00:00,0.9116244581336984
46671,2024-03-11 19:21:00,2025-03-07 20:38:00,0.9885105331203894
46672,2024-03-10 23:03:00,2025-08-08 22:50:00,1.4127062894516693
46673,2024-03-12 05:00:00,2024-08-23 22:44:00,0.4510304966157122
46674,2024-03-11 18:47:00,2025-08-09 05:49:00,1.4112518062210053
46675,2024-03-11 18:42:00,2025-01-06 11:24:00,0.8232603239790098
46677,2024-03-11 12:14:00,2024-09-14 16:25:00,0.5124553197961822
46679,2024-03-11 04:24:00,2025-08-09 02:12:00,1.4124800365046772
46681,2024-03-11 19:41:00,2025-08-08 16:23:00,1.4096167008898015
46682,2024-03-11 20:18:00,2025-02-07 05:10:00,0.9099779450908815
46684,2024-03-11 18:26:00,2025-02-07 10:00:00,0.9107422617689558
46685,2024-03-11 20:23:00,2025-08-08 15:30:00,1.4094360787892615
46686,2024-03-11 21:00:00,2024-06-09 03:03:00,0.24435888660734656
46687,2024-03-11 20:36:00,2025-08-08 20:29:00,1.4099798463761504
46689,2024-03-10 22:35:00,2025-08-09 06:33:00,1.4136398205186707
46690,2024-03-11 18:00:00,2025-08-09 08:14:00,1.411616852992623
46691,2024-03-11 21:10:00,2025-08-09 05:02:00,1.4108905620199255
46692,2024-03-11 19:14:00,2025-01-25 08:11:00,0.8748516997490303
46693,2024-03-11 21:15:00,2025-08-09 02:00:00,1.4105350216746522
46694,2024-03-11 04:19:00,2025-04-20 14:37:00,1.1100045630846451
46696,2024-03-11 20:41:00,2025-08-08 20:35:00,1.4099817476614191
46698,2024-03-11 12:29:00,2025-08-09 08:50:00,1.4123146246862879
46699,2024-03-11 12:35:00,2025-08-09 09:11:00,1.4123431439653205
46700,2024-03-11 06:19:00,2025-08-09 01:19:00,1.4121606205795119
46701,2024-03-11 21:26:00,2025-08-09 08:29:00,1.4112537075062743
46702,2024-03-11 20:09:00,2025-08-09 08:47:00,1.4114343296068141
46703,2024-03-11 04:59:00,2025-04-25 00:15:00,1.1219788577078105
46704,2024-03-11 21:00:00,2024-06-09 19:24:00,0.2462240474560803
46705,2024-03-11 06:24:00,2025-08-08 23:49:00,1.4119799984789718
46706,2024-03-11 05:47:00,2025-08-08 15:02:00,1.4110483686972393
46707,2024-03-10 21:36:00,2025-04-25 04:00:00,1.1232489162673969
46709,2024-03-12 00:54:00,2025-08-08 23:12:00,1.4097992242756103
46711,2024-03-11 18:20:00,2025-01-12 13:13:00,0.8399364970720207
46712,2024-03-11 19:24:00,2025-08-09 04:51:00,1.4110711841204655
46713,2024-03-11 19:23:00,2025-08-09 04:50:00,1.4110711841204655
46714,2024-03-11 12:46:00,2025-08-08 15:51:00,1.4103448931477678
46715,2024-03-10 22:21:00,2025-08-09 06:05:00,1.4136132025249069
46716,2024-03-11 06:40:00,2025-06-24 18:41:00,1.2881606966309225
46717,2024-03-11 21:05:00,2025-08-08 10:41:00,1.4088067533652748
46718,2024-03-11 12:36:00,2025-08-08 10:35:00,1.4097630998555024
46719,2024-03-11 16:53:00,2025-08-09 10:00:00,1.4119457753441327
46722,2024-03-12 05:00:00,2024-06-01 03:18:00,0.22157198266027836
46723,2024-03-11 20:07:00,2025-08-09 08:45:00,1.4114343296068141
46725,2024-03-11 20:12:00,2025-08-08 10:33:00,1.4088923112023728
46726,2024-03-11 19:12:00,2025-01-25 10:00:00,0.8750627424138718
46727,2024-03-11 03:51:00,2025-08-08 21:15:00,1.411978097193703
46740,2024-03-12 02:47:00,2025-08-09 04:16:00,1.4101623697619592
46741,2024-03-12 03:11:00,2025-02-27 04:26:00,0.9638660734656628
46743,2024-03-11 17:27:00,2025-08-08 17:21:00,1.4099817476614191
46744,2024-03-12 02:29:00,2025-08-08 16:49:00,1.408890409917104
46746,2024-03-12 03:48:00,2025-08-08 11:47:00,1.4081660202296753
46747,2024-03-11 22:35:00,2025-02-06 07:53:00,0.9072895277207392
46748,2024-03-11 22:46:00,2025-01-25 10:00:00,0.8746558673663396
46749,2024-03-12 02:07:00,2025-08-08 10:06:00,1.4081660202296753
46751,2024-03-11 10:07:00,2025-04-30 12:50:00,1.1365179861586432
46752,2024-03-12 03:54:00,2025-02-07 12:29:00,0.9099456232413111
46753,2024-03-11 11:10:00,2025-08-08 17:26:00,1.4107080386341166
46754,2024-03-12 03:16:00,2024-12-02 10:16:00,0.7263289984029204
46755,2024-03-12 00:13:00,2025-07-15 17:15:00,1.343489999239486
46756,2024-03-11 18:33:00,2025-03-25 00:40:00,1.0356053692295992
46757,2024-03-12 02:52:00,2024-11-02 18:59:00,0.6452334778310138
46758,2024-03-11 11:02:00,2025-08-08 20:29:00,1.4110711841204655
46759,2024-03-11 18:53:00,2025-05-18 01:06:00,1.1834607194463458
46760,2024-03-11 23:55:00,2025-01-25 15:57:00,0.8752034375237661
46764,2024-03-12 01:20:00,2025-08-08 20:34:00,1.4094493877861434
46765,2024-03-12 01:04:00,2025-02-07 10:00:00,0.9099855502319568
46766,2024-03-11 12:09:00,2025-04-18 12:48:00,1.1034280173397217
46767,2024-03-12 00:01:00,2025-02-07 10:00:00,0.9101053312038938
46768,2024-03-12 03:17:00,2025-01-05 22:08:00,0.8207677389915583
46770,2024-03-11 17:55:00,2025-03-26 08:20:00,1.0392900600806145
46772,2024-03-11 11:31:00,2025-01-22 20:50:00,0.8689615179861586
46779,2024-03-12 02:35:00,2025-03-08 15:24:00,0.9898262225264278
46780,2024-03-11 10:24:00,2025-08-08 19:51:00,1.4110711841204655
46781,2024-03-11 23:33:00,2025-02-07 10:00:00,0.9101585671914214
46782,2024-03-11 10:08:00,2025-08-08 03:40:00,1.4092554566887217
46783,2024-03-11 21:00:00,2024-04-03 00:55:00,0.06067951935508404
46784,2024-03-11 23:51:00,2025-08-08 17:22:00,1.4092535554034527
46785,2024-03-12 02:09:00,2025-02-07 10:00:00,0.909861966689482
46786,2024-03-11 16:06:00,2025-08-09 01:33:00,1.4110711841204655
46787,2024-03-12 05:00:00,2024-10-15 23:08:00,0.5961822191801658
46788,2024-03-11 01:25:00,2025-01-24 06:15:00,0.8739257738231044
46789,2024-03-11 17:54:00,2025-01-25 10:00:00,0.8752110426648414
46790,2024-03-12 02:34:00,2025-08-08 20:05:00,1.4092535554034527
46791,2024-03-11 11:00:00,2025-02-07 04:41:00,0.9109837249980988
46792,2024-03-11 16:25:00,2025-08-08 19:30:00,1.4103448931477678
46793,2024-03-11 10:44:00,2025-03-20 10:28:00,1.0239257738231045
46794,2024-03-12 02:50:00,2025-08-08 17:10:00,1.408890409917104
46796,2024-03-12 02:14:00,2025-08-08 16:34:00,1.408890409917104
46798,2024-03-12 01:24:00,2025-02-06 18:24:00,0.9081679215149441
47122,2024-03-11 09:59:00,2025-08-09 01:48:00,1.411797475093163
47124,2024-03-11 22:24:00,2025-02-06 15:46:00,0.9082097497908587
47126,2024-03-11 23:20:00,2025-08-09 02:25:00,1.4103448931477678
47128,2024-03-11 23:55:00,2024-12-28 02:36:00,0.797020685983725
47129,2024-03-12 00:36:00,2025-05-08 14:42:00,1.1569815195071869
47133,2024-03-12 00:25:00,2025-08-09 01:54:00,1.4101623697619592
47134,2024-03-11 23:47:00,2024-12-18 07:05:00,0.7701688341318731
47135,2024-03-12 01:50:00,2025-08-09 01:44:00,1.4099817476614191
47136,2024-03-11 09:53:00,2025-02-07 10:00:00,0.9117176211118716
47137,2024-03-11 01:31:00,2025-06-03 16:18:00,1.2309814434557762
47138,2024-03-11 09:25:00,2025-03-19 11:08:00,1.0214141759829645
47139,2024-03-11 02:40:00,2025-02-07 06:02:00,0.9120883717392958
47141,2024-03-11 15:13:00,2025-02-07 02:58:00,0.9103068674423911
47143,2024-03-12 00:20:00,2025-08-09 01:49:00,1.4101623697619592
47144,2024-03-11 20:49:00,2025-02-07 10:00:00,0.9104703779755114
47147,2024-03-11 02:17:00,2025-07-01 07:39:00,1.3065670393185793
47148,2024-03-11 22:23:00,2025-07-25 12:13:00,1.3705034603391892
47149,2024-03-11 02:22:00,2025-06-14 16:04:00,1.2609742185717545
47150,2024-03-11 08:35:00,2025-08-08 21:34:00,1.4114742565974598
47151,2024-03-11 02:12:00,2025-02-05 13:41:00,0.9075385960909574
47152,2024-03-11 22:31:00,2025-07-21 11:07:00,1.3594113620807666
47153,2024-03-12 00:05:00,2025-04-01 03:51:00,1.0545022435166171
47155,2024-03-11 02:00:00,2025-03-12 01:00:00,1.0019393109742185
47157,2024-03-11 09:16:00,2025-08-08 18:43:00,1.4110711841204655
47158,2024-03-12 00:09:00,2025-08-09 08:01:00,1.4108905620199255
47161,2024-03-11 01:04:00,2025-08-08 18:29:00,1.4119799984789718
47162,2024-03-11 08:55:00,2025-06-21 21:10:00,1.27997376226329
47163,2024-03-12 03:12:00,2025-01-12 18:00:00,0.8394706821811545
47164,2024-03-11 15:46:00,2025-04-06 03:44:00,1.0691269298045478
47165,2024-03-11 09:32:00,2025-01-25 10:00:00,0.8761654878698
47167,2024-03-11 23:31:00,2025-01-12 14:59:00,0.8395467335919081
47170,2024-03-11 08:50:00,2025-01-25 08:54:00,0.8761198570233478
47171,2024-03-11 09:18:00,2025-08-09 09:04:00,1.4127043881664005
47173,2024-03-12 02:37:00,2025-06-30 15:16:00,1.301922199406799
47174,2024-03-11 09:22:00,2025-01-05 02:06:00,0.8205262757624154
47175,2024-03-11 14:06:00,2025-02-07 04:27:00,0.9106034679443303
47177,2024-03-11 08:56:00,2025-03-05 13:01:00,0.9833542474712906
47178,2024-03-12 01:59:00,2025-08-09 09:51:00,1.4108905620199255
47179,2024-03-12 03:18:00,2025-08-09 03:11:00,1.4099798463761504
47181,2024-03-11 20:57:00,2024-07-19 05:33:00,0.3541638147387634
47350,2024-03-11 13:00:00,2024-04-03 02:00:00,0.06171571982660278
47351,2024-03-12 02:41:00,2025-08-08 15:25:00,1.4087078865312952
47352,2024-03-11 17:35:00,2025-08-08 23:51:00,1.4107080386341166
47353,2024-03-12 03:40:00,2025-08-09 06:44:00,1.410342991862499
47354,2024-03-12 03:37:00,2025-08-09 00:20:00,1.4096186021750703
47355,2024-03-12 02:54:00,2025-08-09 07:34:00,1.4105255152483078
47356,2024-03-12 04:00:00,2025-08-08 15:10:00,1.408529165716024
47357,2024-03-12 03:35:00,2025-08-09 00:18:00,1.4096186021750703
47358,2024-03-11 05:57:00,2025-08-09 07:19:00,1.4128869115522094
47359,2024-03-11 06:14:00,2025-08-08 19:45:00,1.4115350977260628
47360,2024-03-11 13:00:00,2024-08-13 23:41:00,0.42558559586280326
47361,2024-03-12 02:51:00,2025-08-09 01:09:00,1.4097992242756103
47362,2024-03-12 03:56:00,2025-08-09 00:39:00,1.4096186021750703
47363,2024-03-11 07:20:00,2025-01-06 08:00:00,0.8241691383375161
47366,2024-03-11 17:30:00,2025-08-08 23:46:00,1.4107080386341166
47367,2024-03-12 03:40:00,2025-08-08 18:01:00,1.4088923112023728
47368,2024-03-12 03:30:00,2025-08-09 01:48:00,1.4097992242756103
47369,2024-03-12 05:00:00,2024-07-26 09:58:00,0.3729142900600806
47370,2024-03-12 02:37:00,2025-08-08 21:19:00,1.4093885466575404
47371,2024-03-12 03:51:00,2025-08-09 00:33:00,1.4096167008898015
47372,2024-03-12 03:44:00,2025-01-02 11:03:00,0.8112384972241236
47373,2024-03-11 07:04:00,2025-08-09 02:04:00,1.4121606205795119
47374,2024-03-12 04:12:00,2025-08-09 00:55:00,1.4096186021750703
47375,2024-03-11 17:14:00,2025-08-08 23:30:00,1.4107080386341166
47376,2024-03-11 06:10:00,2025-08-09 02:46:00,1.4123431439653205
47377,2024-03-12 04:07:00,2025-08-09 02:25:00,1.4097992242756103
47378,2024-03-12 03:56:00,2025-08-08 21:28:00,1.4092554566887217
47379,2024-03-12 02:30:00,2025-08-08 15:15:00,1.408709787816564
47380,2024-03-12 03:12:00,2025-08-09 07:53:00,1.4105274165335766
47381,2024-03-12 03:36:00,2025-08-08 16:21:00,1.408709787816564
47382,2024-03-12 03:02:00,2025-08-09 07:42:00,1.4105255152483078
47383,2024-03-12 04:07:00,2025-08-08 15:16:00,1.4085272644307552
47384,2024-03-12 04:16:00,2025-08-08 15:25:00,1.4085272644307552
47385,2024-03-12 04:11:00,2025-08-08 15:20:00,1.4085272644307552
47386,2024-03-11 05:00:00,2025-08-09 07:58:00,1.4130694349380182
47387,2024-03-11 07:51:00,2024-09-27 01:44:00,0.5468723857327553
47388,2024-03-12 03:19:00,2025-08-08 17:39:00,1.408890409917104
47389,2024-03-11 06:06:00,2025-08-08 23:31:00,1.4119799984789718
47390,2024-03-12 04:17:00,2025-08-09 01:00:00,1.4096186021750703
47391,2024-03-11 04:38:00,2025-08-08 15:40:00,1.4112518062210053
47392,2024-03-12 02:57:00,2025-08-08 15:41:00,1.4087078865312952
47393,2024-03-11 13:15:00,2025-08-08 22:41:00,1.4110692828351965
47394,2024-03-12 03:32:00,2024-12-31 08:43:00,0.8055194311354476
47395,2024-03-12 02:26:00,2025-08-08 15:11:00,1.408709787816564
47396,2024-03-12 05:00:00,2024-07-11 07:01:00,0.3315100007605141
47397,2024-03-12 03:24:00,2025-08-09 00:07:00,1.4096186021750703
47398,2024-03-12 04:21:00,2024-12-09 11:54:00,0.7455566963267168
47399,2024-03-11 05:20:00,2025-08-08 16:23:00,1.4112537075062743
47400,2024-03-12 04:17:00,2025-08-08 15:27:00,1.408529165716024
47401,2024-03-12 03:07:00,2025-08-09 07:47:00,1.4105255152483078
47402,2024-03-12 03:34:00,2025-01-12 19:36:00,0.8396113772910487
47403,2024-03-12 03:44:00,2025-03-15 15:37:00,1.0088847060612975
47404,2024-03-12 03:39:00,2025-08-09 08:19:00,1.4105255152483078
47405,2024-03-11 17:41:00,2025-08-08 23:56:00,1.4107061373488479
47406,2024-03-12 03:55:00,2025-08-08 21:26:00,1.4092535554034527
47407,2024-03-12 04:06:00,2025-08-09 08:46:00,1.4105255152483078
47408,2024-03-12 03:23:00,2025-08-08 03:24:00,1.407257205871169
47548,2024-03-12 03:31:00,2025-01-25 10:00:00,0.8741140010647197
47549,2024-03-12 01:50:00,2025-05-20 16:13:00,1.1898680508023425
47550,2024-03-11 19:45:00,2025-04-05 17:33:00,1.0675108373260325
47551,2024-03-11 05:17:00,2025-01-24 23:33:00,0.8754582097497908
47552,2024-03-12 03:42:00,2025-07-30 16:19:00,1.3840539204502245
47554,2024-03-11 05:32:00,2025-03-10 02:15:00,0.996203133318123
47555,2024-03-12 03:14:00,2025-08-09 07:54:00,1.4105255152483078
47556,2024-03-11 05:47:00,2025-08-09 07:53:00,1.4129705681040383
47557,2024-03-12 03:11:00,2025-01-24 14:40:00,0.8719465358582402
47558,2024-03-12 04:19:00,2025-06-10 20:21:00,1.247551144573732
47559,2024-03-12 01:51:00,2025-08-08 22:34:00,1.4096186021750703
47560,2024-03-12 03:15:00,2025-07-06 20:35:00,1.318883565290136
47561,2024-03-12 02:58:00,2025-05-16 07:37:00,1.1778062970568104
47562,2024-03-12 03:19:00,2025-02-07 05:18:00,0.9091927142748498
47563,2024-03-11 03:58:00,2025-08-08 21:22:00,1.411978097193703
47564,2024-03-12 03:52:00,2025-05-31 21:49:00,1.2203912845083276
47565,2024-03-11 13:27:00,2025-08-08 22:54:00,1.4110711841204655
47566,2024-03-12 03:38:00,2025-08-08 21:38:00,1.4093086926762493
47567,2024-03-11 15:46:00,2025-08-09 10:00:00,1.4120731614571451
47568,2024-03-12 03:32:00,2025-08-08 22:39:00,1.4094360787892615
47570,2024-03-12 03:22:00,2024-09-17 19:51:00,0.5193341698988516
47571,2024-03-12 02:01:00,2025-04-25 12:20:00,1.1209578675184424
47572,2024-03-12 03:10:00,2025-08-08 23:52:00,1.4096167008898015
47573,2024-03-12 04:13:00,2025-08-08 23:21:00,1.4094379800745305
47574,2024-03-12 03:00:00,2025-04-29 10:44:00,1.1316145714503003
47575,2024-03-12 04:20:00,2025-02-07 08:00:00,0.9093847440870028
47576,2024-03-12 01:57:00,2025-08-08 18:54:00,1.4091889117043122
47577,2024-03-12 02:56:00,2025-08-08 20:27:00,1.4092535554034527
47578,2024-03-11 20:25:00,2025-03-14 16:09:00,1.00704236063579
47579,2024-03-12 03:58:00,2025-01-24 18:50:00,0.872332496767815
47580,2024-03-12 02:53:00,2025-06-29 06:19:00,1.2981329378659974
47581,2024-03-11 13:39:00,2024-11-10 02:24:00,0.6667522245037646
47582,2024-03-12 03:40:00,2025-08-09 02:00:00,1.4098030268461479
47583,2024-03-12 03:08:00,2025-01-25 10:00:00,0.8741577306259031
47585,2024-03-11 03:53:00,2025-03-31 14:13:00,1.0552513499125409
47586,2024-03-12 03:22:00,2025-03-07 10:41:00,0.986460947600578
47587,2024-03-12 03:15:00,2025-08-08 20:47:00,1.4092554566887217
47588,2024-03-12 03:03:00,2025-08-08 23:46:00,1.4096186021750703
47589,2024-03-12 03:30:00,2025-08-08 21:01:00,1.4092535554034527
47590,2024-03-11 06:34:00,2025-08-08 00:06:00,1.4092554566887217
47591,2024-03-12 03:24:00,2025-01-24 23:07:00,0.872885770781048
47592,2024-03-11 05:52:00,2025-08-08 23:17:00,1.4119799984789718
47593,2024-03-11 05:09:00,2025-01-12 18:00:00,0.841986082591832
47594,2024-03-12 04:15:00,2024-12-17 14:31:00,0.7677694121225949
47595,2024-03-11 05:36:00,2025-02-06 15:27:00,0.9100901209217431
47596,2024-03-12 03:59:00,2025-08-09 08:39:00,1.4105255152483078
47597,2024-03-12 03:48:00,2025-03-30 00:30:00,1.0482203969883641
47598,2024-03-12 04:03:00,2025-03-22 15:35:00,1.0280097345805765
47599,2024-03-11 21:00:00,2024-08-28 11:38:00,0.46436611149136814
47600,2024-03-12 02:50:00,2025-03-15 17:35:00,1.0092117271275383
47601,2024-03-11 13:34:00,2025-02-07 10:00:00,0.9112974370674576
47602,2024-03-12 01:13:00,2025-04-28 00:32:00,1.1279165716024033
47603,2024-03-11 15:57:00,2025-03-02 09:01:00,0.9738839455471899
47604,2024-03-11 20:37:00,2025-08-07 22:13:00,1.4074378279717088
47606,2024-03-12 03:04:00,2025-08-08 23:36:00,1.409597688037113
47607,2024-03-12 03:17:00,2025-03-25 13:17:00,1.0360483686972393
47620,2024-03-11 17:23:00,2025-01-05 18:51:00,0.8215225492432885
47621,2024-03-11 07:39:00,2025-08-09 01:04:00,1.4119799984789718
47622,2024-03-12 04:15:00,2025-08-09 00:57:00,1.4096167008898015
47623,2024-03-11 20:35:00,2025-08-08 23:40:00,1.4103448931477678
47624,2024-03-12 02:49:00,2025-08-09 02:34:00,1.4099646360939995
47625,2024-03-11 07:43:00,2025-08-09 02:43:00,1.4121606205795119
47626,2024-03-11 07:23:00,2025-07-07 01:26:00,1.3217031713438285
47627,2024-03-11 18:48:00,2025-08-08 18:41:00,1.4099798463761504
47628,2024-03-11 17:48:00,2025-08-09 03:15:00,1.4110711841204655
47629,2024-03-12 02:56:00,2025-05-22 22:27:00,1.1959293482394098
47630,2024-03-12 03:31:00,2025-08-09 00:14:00,1.4096186021750703
47632,2024-03-11 17:48:00,2025-08-09 04:50:00,1.4112518062210053
47633,2024-03-11 08:42:00,2025-04-07 10:52:00,1.0734846756407332
47634,2024-03-11 08:06:00,2025-06-16 00:21:00,1.2640029660050194
47635,2024-03-12 03:49:00,2025-01-25 15:02:00,0.8746539660810708
47636,2024-03-12 02:54:00,2025-03-23 13:19:00,1.0306201992546962
47637,2024-03-11 16:38:00,2025-02-06 20:10:00,0.9093695338048521
47638,2024-03-11 11:48:00,2025-08-09 05:13:00,1.4119799984789718
47639,2024-03-12 03:15:00,2025-01-12 16:00:00,0.839236824093087
47640,2024-03-11 17:34:00,2025-02-06 15:50:00,0.9087687276598981
47641,2024-03-12 03:22:00,2025-08-08 11:21:00,1.4081660202296753
47642,2024-03-11 08:09:00,2025-01-04 02:07:00,0.8179291200851776
47643,2024-03-11 06:54:00,2025-08-09 01:50:00,1.4121530154384363
47644,2024-03-12 05:00:00,2024-10-05 05:28:00,0.5667883489238725
47645,2024-03-12 02:50:00,2025-01-12 11:05:00,0.8387234770704997
47646,2024-03-11 05:49:00,2025-01-12 16:07:00,0.8416951859456993
47647,2024-03-12 04:11:00,2025-07-04 05:23:00,1.311567419575633
47648,2024-03-12 03:58:00,2025-08-08 16:42:00,1.4087078865312952
47649,2024-03-12 04:03:00,2025-08-09 02:21:00,1.4097992242756103
47650,2024-03-12 03:42:00,2025-08-08 00:31:00,1.4068921590995513
47651,2024-03-11 17:29:00,2025-03-30 17:47:00,1.051368925393566
47652,2024-03-11 17:59:00,2025-08-09 00:15:00,1.4107080386341166
47653,2024-03-11 16:17:00,2025-01-12 02:28:00,0.8389440261616853
47654,2024-03-11 18:06:00,2025-07-31 03:39:00,1.3864419347478896
47655,2024-03-11 08:22:00,2025-08-09 00:11:00,1.411797475093163
47656,2024-03-12 03:52:00,2025-08-08 16:37:00,1.408709787816564
47657,2024-03-11 07:18:00,2025-08-09 00:43:00,1.4119799984789718
47658,2024-03-11 08:43:00,2025-02-06 17:54:00,0.9100140695109894
47659,2024-03-11 23:40:00,2025-08-05 19:58:00,1.401357517681953
47660,2024-03-11 09:48:00,2025-03-12 15:42:00,1.002726443075519
47661,2024-03-11 06:17:00,2025-01-24 20:26:00,0.874988592288387
47662,2024-03-11 07:25:00,2025-08-09 01:13:00,1.412023728040155
47663,2024-03-11 18:30:00,2025-05-27 08:02:00,1.208936040763556
47664,2024-03-12 04:08:00,2025-01-25 07:25:00,0.8737489542931022
47665,2024-03-11 06:58:00,2025-03-04 09:24:00,0.9804281694425432
47666,2024-03-11 06:52:00,2024-12-24 10:43:00,0.7889402235911476
47667,2024-03-11 17:45:00,2025-08-09 00:00:00,1.4107061373488479
47668,2024-03-11 17:10:00,2025-04-24 05:37:00,1.118463381245722
47670,2024-03-12 03:04:00,2025-03-25 17:09:00,1.0365141835881055
47671,2024-03-11 05:56:00,2025-01-12 16:00:00,0.8416685679519355
47672,2024-03-12 03:43:00,2025-08-09 08:23:00,1.4105255152483078
47673,2024-03-12 03:10:00,2025-02-06 21:12:00,0.9082858012016123
47674,2024-03-12 03:30:00,2025-01-12 16:41:00,0.8392862575100768
47675,2024-03-11 06:38:00,2025-03-18 03:56:00,1.0181724845995894
47676,2024-03-12 01:38:00,2025-08-09 09:30:00,1.4108905620199255
47677,2024-03-11 17:27:00,2025-02-06 20:42:00,0.9093372119552817
47679,2024-03-11 18:10:00,2025-08-09 07:12:00,1.4114799604532664
47722,2024-03-11 19:11:00,2025-08-09 03:03:00,1.4108905620199255
47723,2024-03-11 11:25:00,2025-08-09 08:01:00,1.4123431439653205
47724,2024-03-12 04:13:00,2025-08-09 02:32:00,1.409801125560879
47725,2024-03-12 09:49:00,2025-01-11 04:35:00,0.8344474865008746
47726,2024-03-11 18:00:00,2024-12-31 17:24:00,0.8075975359342916
47727,2024-03-12 03:31:00,2025-01-25 10:00:00,0.8741140010647197
47728,2024-03-11 18:31:00,2025-08-09 08:44:00,1.4116149517073542
47729,2024-03-11 12:51:00,2024-09-20 07:55:00,0.5278424214769184
47730,2024-03-11 20:39:00,2025-08-09 07:41:00,1.4112518062210053
47731,2024-03-11 03:17:00,2025-08-08 20:41:00,1.411978097193703
47732,2024-03-11 10:35:00,2025-08-09 10:00:00,1.4126644611757548
47733,2024-03-11 20:30:00,2025-08-09 07:33:00,1.4112537075062743
47734,2024-03-11 03:27:00,2025-08-09 08:01:00,1.413251958323827
47735,2024-03-11 11:48:00,2025-07-26 10:52:00,1.3742946231652597
47736,2024-03-11 02:41:00,2025-08-09 08:50:00,1.4134325804243668
47737,2024-03-11 12:33:00,2024-07-27 05:59:00,0.37707430222830635
47738,2024-03-11 13:00:00,2024-04-03 10:00:00,0.06262833675564682
47739,2024-03-11 20:06:00,2025-08-09 03:57:00,1.4108886607346567
47740,2024-03-12 09:58:00,2025-01-04 10:38:00,0.8159555859761198
47741,2024-03-11 13:00:00,2024-04-03 02:00:00,0.06171571982660278
47742,2024-03-11 18:42:00,2025-08-09 02:33:00,1.4108886607346567
47743,2024-03-11 19:19:00,2025-01-12 14:39:00,0.8399878317742794
47744,2024-03-11 21:00:00,2024-07-04 07:45:00,0.3133413187314625
47745,2024-03-11 19:28:00,2025-08-09 09:41:00,1.4116149517073542
47746,2024-03-11 19:17:00,2025-08-09 09:31:00,1.411616852992623
47747,2024-03-11 19:13:00,2025-08-09 09:27:00,1.411616852992623
47748,2024-03-11 03:07:00,2025-08-09 09:16:00,1.4134325804243668
47749,2024-03-11 19:24:00,2025-08-09 08:02:00,1.4114343296068141
47750,2024-03-11 18:52:00,2025-08-08 20:21:00,1.4101623697619592
47751,2024-03-11 19:35:00,2024-08-04 03:23:00,0.39787816563997264
47752,2024-03-11 10:51:00,2025-08-09 07:27:00,1.4123431439653205
47753,2024-03-11 16:38:00,2025-08-08 13:21:00,1.4096186021750703
47754,2024-03-11 19:07:00,2025-08-08 20:36:00,1.4101623697619592
47756,2024-03-11 19:01:00,2025-02-05 00:56:00,0.9041657160240323
47757,2024-03-11 17:05:00,2025-02-07 08:00:00,0.910668111643471
47760,2024-03-11 03:31:00,2025-08-09 08:05:00,1.413251958323827
47761,2024-03-11 20:10:00,2025-01-12 14:56:00,0.8399231880751388
47762,2024-03-11 20:48:00,2025-08-09 07:51:00,1.4112537075062743
47763,2024-03-11 19:35:00,2025-01-06 02:51:00,0.8221841965168454
47764,2024-03-11 17:16:00,2025-01-25 08:15:00,0.8750836565518291
47766,2024-03-11 17:41:00,2025-07-23 17:31:00,1.36616852992623
47767,2024-03-11 19:55:00,2025-08-09 08:32:00,1.4114324283215454
47768,2024-03-11 20:54:00,2024-12-30 13:04:00,0.8040345273404822
47769,2024-03-11 17:55:00,2025-01-12 10:09:00,0.8396341927142749
47770,2024-03-11 19:42:00,2025-08-09 08:20:00,1.4114343296068141
47771,2024-03-11 19:58:00,2025-08-09 08:36:00,1.4114343296068141
47772,2024-03-11 19:43:00,2025-08-09 08:21:00,1.4114343296068141
47773,2024-03-11 18:02:00,2025-08-09 08:15:00,1.4116149517073542
47774,2024-03-11 17:56:00,2025-02-07 04:19:00,0.9101509620503461
47775,2024-03-11 03:52:00,2025-01-12 16:02:00,0.8419081298958095
47776,2024-03-11 02:55:00,2025-08-09 07:29:00,1.413251958323827
47777,2024-03-11 03:01:00,2025-07-10 08:50:00,1.331259031105027
47778,2024-03-11 03:49:00,2025-08-09 08:22:00,1.413250057038558
47780,2024-03-11 17:10:00,2025-08-09 07:24:00,1.411616852992623
47781,2024-03-11 19:33:00,2025-01-25 10:00:00,0.8750228154232261
47787,2024-03-11 20:00:00,2025-08-08 15:07:00,1.4094360787892615
47788,2024-03-11 20:16:00,2025-08-08 10:37:00,1.4088923112023728
47789,2024-03-11 21:27:00,2025-08-09 08:30:00,1.4112537075062743
47790,2024-03-11 20:52:00,2025-08-09 07:54:00,1.4112518062210053
47791,2024-03-10 23:02:00,2025-08-08 14:51:00,1.411797475093163
47792,2024-03-10 21:45:00,2025-08-09 08:40:00,1.4139763480112557
47793,2024-03-11 20:24:00,2025-08-08 13:55:00,1.4092535554034527
47794,2024-03-11 13:00:00,2024-04-02 20:24:00,0.06107688797627196
47795,2024-03-11 18:38:00,2025-01-06 10:25:00,0.8231557532892235
47796,2024-03-11 04:39:00,2025-08-09 04:26:00,1.4127062894516693
47797,2024-03-11 19:51:00,2025-08-08 16:34:00,1.4096186021750703
47798,2024-03-11 04:55:00,2025-08-08 14:22:00,1.4110711841204655
47799,2024-03-11 04:50:00,2025-08-09 07:47:00,1.4130675336527492
47800,2024-03-11 18:06:00,2025-08-09 08:19:00,1.4116149517073542
47801,2024-03-11 13:00:00,2024-08-27 19:40:00,0.4634572971328618
47802,2024-03-11 20:02:00,2025-08-08 23:07:00,1.4103448931477678
47803,2024-03-11 18:22:00,2025-04-25 05:37:00,1.1210643394934976
47804,2024-03-11 18:43:00,2025-08-09 04:10:00,1.4110711841204655
47805,2024-03-11 17:55:00,2025-08-09 08:09:00,1.411616852992623
47806,2024-03-11 21:12:00,2025-08-08 14:44:00,1.4092554566887217
47807,2024-03-13 03:12:00,2025-08-09 07:59:00,1.4078009734580577
47808,2024-03-11 05:43:00,2025-08-08 15:10:00,1.4110711841204655
47810,2024-03-11 23:57:00,2025-08-08 15:53:00,1.4090729333029128
47811,2024-03-10 21:50:00,2025-01-06 11:41:00,0.82567305498517
47812,2024-03-11 06:42:00,2025-08-09 00:07:00,1.4119799984789718
47813,2024-03-11 20:40:00,2024-06-24 10:22:00,0.2862993383527264
47814,2024-03-11 19:39:00,2025-08-08 11:35:00,1.4090729333029128
47815,2024-03-11 06:05:00,2025-08-08 15:31:00,1.4110692828351965
47816,2024-03-11 19:01:00,2025-08-09 06:04:00,1.4112537075062743
47817,2024-03-10 22:46:00,2025-08-08 16:11:00,1.4119799984789718
47818,2024-03-11 06:51:00,2025-08-08 16:18:00,1.4110711841204655
47819,2024-03-11 19:32:00,2025-08-09 06:34:00,1.4112518062210053
47820,2024-03-11 06:21:00,2025-04-16 08:59:00,1.0981785687124497
47821,2024-03-11 05:51:00,2025-08-09 05:37:00,1.4127043881664005
47822,2024-03-10 23:42:00,2025-08-09 05:51:00,1.4134325804243668
47823,2024-03-11 06:26:00,2025-08-09 06:13:00,1.4127062894516693
47824,2024-03-11 12:34:00,2025-08-09 05:59:00,1.4119799984789718
47825,2024-03-11 06:38:00,2025-08-08 16:05:00,1.4110711841204655
47826,2024-03-11 12:55:00,2025-08-09 06:20:00,1.4119799984789718
47827,2024-03-11 18:52:00,2025-08-09 05:55:00,1.4112537075062743
47828,2024-03-11 14:08:00,2025-08-09 05:57:00,1.411797475093163
47829,2024-03-11 06:37:00,2025-07-17 15:46:00,1.35080424366872
47830,2024-03-11 06:32:00,2025-08-08 23:56:00,1.411978097193703
47831,2024-03-11 20:52:00,2025-08-09 04:44:00,1.4108905620199255
47832,2024-03-11 19:49:00,2025-08-08 22:54:00,1.4103448931477678
47833,2024-03-11 12:29:00,2025-08-08 23:31:00,1.4112518062210053
47834,2024-03-11 19:07:00,2025-08-08 11:03:00,1.4090729333029128
47835,2024-03-10 23:04:00,2024-08-31 11:49:00,0.47510266940451745
47836,2024-03-10 22:51:00,2025-08-08 11:29:00,1.4114343296068141
47837,2024-03-11 21:22:00,2025-08-09 08:25:00,1.4112537075062743
47838,2024-03-11 20:05:00,2025-08-08 23:10:00,1.4103448931477678
47839,2024-03-10 20:53:00,2025-08-09 07:49:00,1.4139782492965245
47840,2024-03-11 05:05:00,2025-08-08 14:32:00,1.4110711841204655
47841,2024-03-11 05:00:00,2025-08-09 07:58:00,1.4130694349380182
47842,2024-03-11 06:16:00,2025-01-12 11:58:00,0.8411704312114989
47843,2024-03-11 19:57:00,2025-08-08 23:01:00,1.410342991862499
47844,2024-03-11 19:55:00,2025-08-08 16:37:00,1.4096167008898015
47845,2024-03-11 06:01:00,2025-08-08 10:41:00,1.4105255152483078
47846,2024-03-12 05:00:00,2024-07-28 01:59:00,0.37747927599056963
47860,2024-03-11 07:38:00,2025-01-25 09:18:00,0.8763023804091566
47861,2024-03-11 20:48:00,2025-08-08 15:55:00,1.4094360787892615
47862,2024-03-10 23:38:00,2025-08-08 17:02:00,1.411978097193703
47863,2024-03-12 00:07:00,2025-04-27 16:53:00,1.1271693664917484
47864,2024-03-10 23:43:00,2025-01-25 10:00:00,0.8772853448931478
47865,2024-03-11 07:33:00,2025-03-04 01:00:00,0.9794033766826374
47866,2024-03-11 20:24:00,2025-02-07 08:00:00,0.9102897558749715
47867,2024-03-10 23:32:00,2025-02-07 08:00:00,0.9126701650315613
47868,2024-03-11 20:05:00,2025-05-10 13:33:00,1.162841280705757
47869,2024-03-10 23:27:00,2024-12-29 16:02:00,0.8040820594722032
47870,2024-03-11 07:51:00,2025-08-08 01:22:00,1.4092535554034527
47871,2024-03-11 20:04:00,2025-01-25 06:48:00,0.8745988288082744
47873,2024-03-11 19:37:00,2025-08-09 00:18:00,1.4105274165335766
47874,2024-03-11 19:51:00,2025-08-09 08:29:00,1.4114343296068141
47875,2024-03-12 00:12:00,2025-01-24 14:25:00,0.8722583466423303
47876,2024-03-11 23:56:00,2025-02-07 02:00:00,0.909202220701194
47877,2024-03-12 00:17:00,2025-02-27 03:38:00,0.9641056354095369
47878,2024-03-11 00:40:00,2025-02-07 08:00:00,0.9125408776332801
47879,2024-03-11 08:33:00,2025-08-09 08:20:00,1.4127062894516693
47880,2024-03-11 23:49:00,2025-02-07 08:00:00,0.909899992394859
47881,2024-03-11 14:53:00,2025-01-12 11:40:00,0.8401532435926686
47882,2024-03-11 23:51:00,2025-08-08 10:05:00,1.408422693740969
47883,2024-03-11 07:15:00,2025-08-09 07:02:00,1.4127062894516693
47884,2024-03-12 00:21:00,2025-08-08 19:28:00,1.4094360787892615
47885,2024-03-12 00:13:00,2025-03-04 02:50:00,0.9777112327933684
47887,2024-03-11 00:55:00,2025-08-09 07:04:00,1.4134325804243668
47888,2024-03-11 20:34:00,2025-04-23 10:45:00,1.1159232641265495
47889,2024-03-12 00:01:00,2025-01-12 15:26:00,0.8395410297361016
47891,2024-03-11 08:15:00,2024-12-31 01:52:00,0.8069377899460035
47892,2024-03-11 04:47:00,2025-03-11 19:33:00,1.0010000760514108
47894,2024-03-11 07:13:00,2025-08-09 00:37:00,1.411978097193703
47895,2024-03-11 07:29:00,2025-08-09 00:53:00,1.411978097193703
47896,2024-03-11 00:57:00,2025-08-09 08:41:00,1.4136132025249069
47897,2024-03-11 13:00:00,2024-09-04 08:10:00,0.4840482165944178
47898,2024-03-11 07:18:00,2025-08-09 00:43:00,1.4119799984789718
47900,2024-03-11 21:00:00,2024-08-01 21:18:00,0.3915468856947296
47901,2024-03-11 19:43:00,2025-08-08 11:39:00,1.4090729333029128
47902,2024-03-12 00:05:00,2025-01-12 14:45:00,0.8394554718990037
47903,2024-03-11 19:52:00,2025-08-09 06:54:00,1.4112518062210053
47904,2024-03-11 19:48:00,2025-08-09 08:26:00,1.4114343296068141
47905,2024-03-11 19:41:00,2025-01-25 10:00:00,0.8750076051410753
47907,2024-03-11 00:49:00,2025-08-09 00:36:00,1.4127062894516693
47908,2024-03-11 01:00:00,2025-08-09 00:47:00,1.4127062894516693
47909,2024-03-11 07:45:00,2025-01-25 16:38:00,0.8771256369305651
47910,2024-03-11 07:24:00,2025-08-09 00:48:00,1.411978097193703
47911,2024-03-11 15:22:00,2025-08-09 00:49:00,1.4110711841204655
47912,2024-03-12 00:21:00,2025-03-07 02:06:00,0.9858259183207848
47913,2024-03-12 00:32:00,2025-01-25 08:51:00,0.8743231424442923
47914,2024-03-11 07:27:00,2025-01-12 16:00:00,0.8414955509924709
47915,2024-03-11 19:51:00,2024-04-03 01:54:00,0.06092288386949578
47916,2024-03-11 06:48:00,2025-08-09 00:12:00,1.411978097193703
47917,2024-03-12 00:28:00,2025-03-14 22:27:00,1.0072990341470833
47918,2024-03-11 13:30:00,2025-02-07 04:01:00,0.9106224807970188
47919,2024-03-11 08:21:00,2025-08-09 08:07:00,1.4127043881664005
47977,2024-03-12 00:29:00,2025-03-03 22:27:00,0.9771807742033615
47978,2024-03-12 00:59:00,2025-08-08 21:42:00,1.4096186021750703
47979,2024-03-11 07:34:00,2025-02-07 08:00:00,0.9117537455319796
47980,2024-03-11 12:50:00,2025-02-07 08:00:00,0.9111529393870257
47981,2024-03-11 18:21:00,2025-08-08 21:26:00,1.4103448931477678
47982,2024-03-11 06:44:00,2025-01-24 08:41:00,0.8735968514715948
47985,2024-03-11 06:52:00,2025-02-07 04:21:00,0.9114172180393947
47989,2024-03-10 22:33:00,2025-02-07 04:31:00,0.912384972241235
47990,2024-03-11 05:22:00,2025-01-25 09:40:00,0.8766027834816336
47991,2024-03-11 19:59:00,2025-01-22 16:06:00,0.867455700053236
47992,2024-03-11 12:31:00,2025-02-07 08:00:00,0.9111890638071336
47993,2024-03-11 09:30:00,2025-08-09 09:17:00,1.4127062894516693
47994,2024-03-11 09:36:00,2025-01-24 17:40:00,0.8742946231652597
47995,2024-03-12 00:09:00,2025-08-08 05:24:00,1.4078542094455853
47996,2024-03-11 18:47:00,2025-03-07 09:55:00,0.9873526503916648
47997,2024-03-11 23:29:00,2025-08-09 02:34:00,1.4103448931477678
47998,2024-03-11 01:23:00,2025-01-24 17:59:00,0.8752680812229067
47999,2024-03-12 05:00:00,2024-08-27 15:11:00,0.4611206175374553
48000,2024-03-11 04:54:00,2025-08-08 15:56:00,1.4112518062210053
48002,2024-03-11 07:09:00,2025-02-07 08:00:00,0.9118012776637007
48003,2024-03-12 03:33:00,2025-05-31 15:30:00,1.2197068218115446
48005,2024-03-12 05:00:00,2024-08-23 00:09:00,0.44845425507643166
48008,2024-03-11 21:09:00,2025-05-12 08:00:00,1.1675621720282912
48009,2024-03-12 03:20:00,2025-08-08 19:16:00,1.4090729333029128
48010,2024-03-11 11:43:00,2025-08-08 21:10:00,1.4110711841204655
48011,2024-03-12 02:59:00,2024-06-23 03:07:00,0.28201384135675717
48013,2024-03-11 22:22:00,2025-02-07 08:16:00,0.9100958247775496
48014,2024-03-11 06:50:00,2025-04-28 06:19:00,1.1306734352422236
48016,2024-03-11 05:56:00,2025-06-16 06:14:00,1.26492128678987
48018,2024-03-12 02:23:00,2025-08-09 02:00:00,1.4099494258118488
48019,2024-03-11 02:53:00,2025-08-09 09:02:00,1.4134325804243668
48020,2024-03-11 07:06:00,2025-01-25 10:00:00,0.8764430755190509
48021,2024-03-11 07:22:00,2025-08-08 16:24:00,1.4110236519887445
48022,2024-03-12 03:10:00,2025-08-08 20:41:00,1.4092535554034527
48023,2024-03-12 01:18:00,2025-08-08 20:25:00,1.4094360787892615
48026,2024-03-11 12:04:00,2024-12-21 22:17:00,0.7814529622024489
48027,2024-03-12 05:00:00,2024-04-03 10:00:00,0.06080310289755875
48028,2024-03-11 20:17:00,2025-05-02 14:10:00,1.1409860065404214
48029,2024-03-12 00:46:00,2025-08-09 03:51:00,1.4103448931477678
48030,2024-03-11 23:50:00,2025-01-12 07:46:00,0.8386873526503916
48031,2024-03-11 19:59:00,2025-02-07 08:00:00,0.9103372880066926
48033,2024-03-11 18:08:00,2025-04-14 18:06:00,1.0923986614951708
48034,2024-03-11 23:22:00,2025-04-22 23:37:00,1.1143337896417977
48036,2024-03-11 10:48:00,2025-04-10 07:02:00,1.0810213704464218
48092,2024-03-11 09:20:00,2025-01-25 10:00:00,0.8761883032930261
48093,2024-03-11 13:13:00,2025-08-09 06:37:00,1.411978097193703
48094,2024-03-11 16:49:00,2025-08-09 07:02:00,1.4116149517073542
48095,2024-03-11 13:48:00,2025-08-09 00:51:00,1.4112537075062743
48096,2024-03-11 14:47:00,2025-08-09 00:14:00,1.4110711841204655
48097,2024-03-11 12:42:00,2025-08-09 07:42:00,1.4121606205795119
48098,2024-03-11 13:44:00,2025-08-09 00:47:00,1.4112537075062743
48099,2024-03-11 16:38:00,2025-08-08 18:07:00,1.4101623697619592
48100,2024-03-11 12:31:00,2025-08-09 09:07:00,1.4123431439653205
48101,2024-03-11 14:11:00,2025-08-08 17:16:00,1.4103448931477678
48102,2024-03-11 11:33:00,2025-08-09 10:00:00,1.412554186630162
48103,2024-03-11 10:25:00,2024-07-18 00:31:00,0.3520533880903491
48104,2024-03-11 13:37:00,2025-08-09 08:37:00,1.4121606205795119
48105,2024-03-11 12:59:00,2025-08-09 03:13:00,1.411616852992623
48106,2024-03-11 15:48:00,2025-08-09 06:01:00,1.4116149517073542
48107,2024-03-11 12:58:00,2025-08-09 00:00:00,1.4112518062210053
48108,2024-03-12 05:00:00,2024-06-24 07:18:00,0.2849988592288387
48109,2024-03-12 05:00:00,2024-03-27 11:15:00,0.04178074378279717
48110,2024-03-11 13:39:00,2025-03-30 09:16:00,1.0508346642330215
48111,2024-03-11 10:17:00,2025-08-09 00:31:00,1.411616852992623
48112,2024-03-11 18:05:00,2025-08-09 08:19:00,1.411616852992623
48113,2024-03-11 16:33:00,2025-08-08 18:02:00,1.4101623697619592
48115,2024-03-11 16:18:00,2025-08-09 06:32:00,1.411616852992623
48116,2024-03-11 00:32:00,2025-08-08 17:57:00,1.4119799984789718
48117,2024-03-11 12:35:00,2025-08-09 04:24:00,1.411797475093163
48118,2024-03-11 16:04:00,2024-10-23 09:52:00,0.6180469997718457
48119,2024-03-11 11:10:00,2025-08-09 02:59:00,1.411797475093163
48120,2024-03-11 14:31:00,2025-08-08 23:58:00,1.4110711841204655
48121,2024-03-11 13:50:00,2025-08-08 23:17:00,1.4110711841204655
48122,2024-03-11 13:48:00,2025-01-11 05:50:00,0.8368735265039167
48123,2024-03-11 12:26:00,2025-08-09 09:02:00,1.4123431439653205
48124,2024-03-11 17:11:00,2025-08-08 17:05:00,1.4099817476614191
48125,2024-03-11 14:20:00,2025-08-08 17:25:00,1.4103448931477678
48126,2024-03-11 13:14:00,2025-08-08 22:41:00,1.4110711841204655
48127,2024-03-11 14:36:00,2025-08-09 00:03:00,1.4110711841204655
48128,2024-03-11 09:22:00,2025-08-09 02:46:00,1.411978097193703
48129,2024-03-11 14:25:00,2025-08-09 07:50:00,1.4119799984789718
48130,2024-03-11 17:21:00,2025-08-09 00:53:00,1.4108525363145485
48131,2024-03-11 13:03:00,2025-08-09 00:06:00,1.4112537075062743
48132,2024-03-11 14:10:00,2025-08-09 07:34:00,1.411978097193703
48133,2024-03-11 10:53:00,2025-08-09 07:29:00,1.4123431439653205
48134,2024-03-11 13:43:00,2025-08-08 18:23:00,1.4105255152483078
48135,2024-03-11 16:56:00,2025-08-09 07:10:00,1.411616852992623
48136,2024-03-11 13:54:00,2025-08-09 00:56:00,1.4112518062210053
48137,2024-03-11 13:19:00,2025-08-09 08:19:00,1.4121606205795119
48138,2024-03-11 17:10:00,2025-08-09 07:23:00,1.4116149517073542
48139,2024-03-11 10:35:00,2025-08-08 23:13:00,1.4114343296068141
48140,2024-03-11 14:15:00,2025-08-09 09:15:00,1.4121606205795119
48141,2024-03-11 00:48:00,2025-02-07 08:00:00,0.9125256673511294
48142,2024-03-11 10:29:00,2025-08-08 23:07:00,1.4114343296068141
48143,2024-03-12 03:48:00,2025-08-09 02:06:00,1.4097992242756103
48144,2024-03-11 15:27:00,2025-08-09 08:51:00,1.411978097193703
48145,2024-03-11 12:21:00,2025-08-09 02:34:00,1.4116149517073542
48146,2024-03-11 13:00:00,2024-06-08 14:28:00,0.2438360331584151
48147,2024-03-11 13:00:00,2024-08-12 16:37:00,0.42204160012168224
48148,2024-03-11 14:41:00,2025-08-09 00:08:00,1.4110711841204655
48149,2024-03-11 15:00:00,2025-08-08 22:51:00,1.4108886607346567
48150,2024-03-11 13:30:00,2025-08-08 22:57:00,1.4110711841204655
48151,2024-03-11 10:24:00,2025-08-08 23:02:00,1.4114343296068141
48276,2024-03-12 03:18:00,2025-08-09 00:01:00,1.4096186021750703
48277,2024-03-11 14:36:00,2025-08-08 20:52:00,1.4107080386341166
48278,2024-03-12 02:39:00,2025-08-09 07:19:00,1.4105255152483078
48279,2024-03-12 04:04:00,2025-04-17 18:09:00,1.099484751692144
48280,2024-03-12 02:19:00,2025-08-09 02:12:00,1.4099798463761504
48281,2024-03-11 20:15:00,2025-01-12 04:01:00,0.8386683397977033
48282,2024-03-11 08:05:00,2025-08-09 01:29:00,1.411978097193703
48283,2024-03-11 19:08:00,2025-08-09 01:24:00,1.4107080386341166
48284,2024-03-11 19:03:00,2025-08-09 04:30:00,1.4110711841204655
48285,2024-03-12 05:00:00,2024-04-03 06:05:00,0.06035630085938094
48286,2024-03-11 08:21:00,2025-08-09 01:45:00,1.411978097193703
48287,2024-03-11 09:14:00,2025-08-09 01:03:00,1.411797475093163
48288,2024-03-11 18:52:00,2025-08-09 02:00:00,1.4108069054680965
48289,2024-03-11 09:03:00,2025-08-09 04:03:00,1.4121606205795119
48290,2024-03-11 08:58:00,2025-08-09 00:47:00,1.411797475093163
48291,2024-03-11 08:52:00,2025-08-09 02:17:00,1.4119799984789718
48292,2024-03-11 18:42:00,2025-08-09 00:57:00,1.4107061373488479
48293,2024-03-11 18:15:00,2025-08-09 02:06:00,1.4108886607346567
48294,2024-03-11 18:10:00,2025-08-09 02:01:00,1.4108886607346567
48295,2024-03-11 18:04:00,2025-08-09 01:56:00,1.4108905620199255
48296,2024-03-11 08:26:00,2025-01-05 17:35:00,0.8223990417522246
48297,2024-03-12 05:00:00,2024-04-03 06:39:00,0.06042094455852156
48298,2024-03-11 08:15:00,2025-08-09 01:40:00,1.4119799984789718
48299,2024-03-11 08:10:00,2025-08-09 01:35:00,1.4119799984789718
48300,2024-03-11 09:34:00,2025-08-09 01:23:00,1.411797475093163
48301,2024-03-11 19:01:00,2025-08-09 02:53:00,1.4108905620199255
48302,2024-03-11 09:23:00,2024-12-21 08:21:00,0.7801695946459807
48303,2024-03-11 18:49:00,2025-08-09 02:21:00,1.4108525363145485
48304,2024-03-12 02:43:00,2025-08-09 02:37:00,1.4099817476614191
48305,2024-03-11 08:49:00,2025-08-09 02:16:00,1.4119838010495094
48306,2024-03-12 02:33:00,2025-08-09 02:26:00,1.4099798463761504
48307,2024-03-12 02:27:00,2024-07-22 03:18:00,0.3614932694501483
48308,2024-03-12 05:00:00,2024-04-02 15:49:00,0.058728800669252415
48309,2024-03-11 11:57:00,2025-08-09 05:21:00,1.411978097193703
48310,2024-03-11 19:49:00,2025-08-09 02:05:00,1.4107080386341166
48311,2024-03-11 08:35:00,2025-08-09 02:00:00,1.4119799984789718
48312,2024-03-11 19:39:00,2025-08-09 01:54:00,1.4107061373488479
48313,2024-03-11 19:33:00,2025-01-06 03:32:00,0.8222659517834056
48314,2024-03-11 09:55:00,2025-08-09 01:44:00,1.411797475093163
48315,2024-03-11 19:23:00,2025-08-09 01:38:00,1.4107061373488479
48316,2024-03-11 19:17:00,2025-08-09 01:33:00,1.4107080386341166
48317,2024-03-11 09:39:00,2025-08-09 01:28:00,1.411797475093163
48318,2024-03-11 09:27:00,2025-08-09 02:51:00,1.411978097193703
48319,2024-03-11 09:20:00,2025-08-09 02:45:00,1.4119799984789718
48320,2024-03-12 02:47:00,2025-08-09 02:41:00,1.4099817476614191
48321,2024-03-11 09:11:00,2025-08-09 02:36:00,1.4119799984789718
48322,2024-03-12 02:37:00,2025-01-06 13:07:00,0.8225530458590007
48323,2024-03-11 10:36:00,2025-08-09 02:25:00,1.411797475093163
48324,2024-03-11 21:00:00,2024-04-03 02:00:00,0.06080310289755875
48325,2024-03-11 19:59:00,2025-08-09 05:25:00,1.4110692828351965
48326,2024-03-11 10:20:00,2025-08-09 02:09:00,1.411797475093163
48327,2024-03-11 19:48:00,2025-08-09 02:04:00,1.4107080386341166
48328,2024-03-11 11:45:00,2025-08-09 01:58:00,1.4116149517073542
48329,2024-03-11 10:04:00,2025-08-09 03:29:00,1.4119799984789718
48330,2024-03-11 09:59:00,2025-08-09 01:48:00,1.411797475093163
48331,2024-03-11 19:27:00,2025-08-09 01:42:00,1.4107061373488479
48332,2024-03-12 03:23:00,2025-08-09 01:41:00,1.4097992242756103
48333,2024-03-12 03:14:00,2025-08-09 04:43:00,1.4101623697619592
48334,2024-03-12 03:08:00,2025-08-09 03:02:00,1.4099817476614191
48335,2024-03-12 03:03:00,2025-01-06 01:57:00,0.8212297513118868
48353,2024-03-12 01:36:00,2025-08-08 22:18:00,1.4096167008898015
48354,2024-03-11 20:44:00,2025-08-08 22:13:00,1.4101623697619592
48355,2024-03-11 03:07:00,2025-08-09 06:05:00,1.4130694349380182
48356,2024-03-11 20:33:00,2025-08-09 06:00:00,1.4110711841204655
48357,2024-03-12 02:54:00,2025-08-08 22:55:00,1.409538748193779
48358,2024-03-12 02:45:00,2025-08-08 20:16:00,1.4092535554034527
48359,2024-03-12 01:04:00,2025-08-09 02:33:00,1.4101623697619592
48360,2024-03-11 20:12:00,2025-08-08 20:05:00,1.4099798463761504
48361,2024-03-11 20:06:00,2025-08-08 13:38:00,1.4092554566887217
48362,2024-03-12 03:16:00,2025-08-08 12:50:00,1.4083466423302151
48363,2024-03-12 01:55:00,2025-08-09 03:02:00,1.4101205414860445
48364,2024-03-11 19:49:00,2025-08-08 19:42:00,1.4099798463761504
48365,2024-03-12 01:18:00,2025-08-08 12:27:00,1.4085272644307552
48366,2024-03-12 04:11:00,2025-08-08 23:09:00,1.409418967221842
48367,2024-03-12 04:05:00,2025-08-09 05:35:00,1.410164271047228
48368,2024-03-11 19:36:00,2025-08-09 05:03:00,1.4110711841204655
48369,2024-03-12 02:25:00,2025-04-07 18:46:00,1.0723648186173853
48370,2024-03-11 19:57:00,2025-08-08 19:51:00,1.4099817476614191
48371,2024-03-12 02:14:00,2025-08-08 21:21:00,1.4094360787892615
48372,2024-03-11 13:00:00,2024-08-29 17:29:00,0.46868393033690775
48373,2024-03-12 02:03:00,2025-08-08 13:13:00,1.408529165716024
48374,2024-03-11 18:48:00,2025-08-09 05:51:00,1.4112537075062743
48375,2024-03-11 22:42:00,2025-08-08 13:02:00,1.408890409917104
48376,2024-03-12 01:48:00,2025-08-08 22:30:00,1.4096167008898015
48377,2024-03-11 19:15:00,2025-08-08 18:47:00,1.4099399193855047
48378,2024-03-12 01:37:00,2025-08-08 22:19:00,1.4096167008898015
48379,2024-03-12 03:07:00,2025-08-09 06:12:00,1.4103448931477678
48380,2024-03-11 19:20:00,2025-08-08 22:25:00,1.4103448931477678
48381,2024-03-12 03:02:00,2025-08-09 06:07:00,1.4103448931477678
48382,2024-03-11 18:59:00,2025-08-08 18:52:00,1.4099798463761504
48383,2024-03-11 21:00:00,2024-08-07 11:52:00,0.40689786295535785
48384,2024-03-11 21:00:00,2024-04-02 17:00:00,0.059776408852384215
48385,2024-03-11 20:18:00,2025-08-09 00:59:00,1.4105274165335766
48386,2024-03-12 03:58:00,2025-08-09 05:27:00,1.4101623697619592
48387,2024-03-12 01:30:00,2024-12-07 21:11:00,0.7414651304281694
48388,2024-03-12 01:24:00,2025-08-08 18:56:00,1.4092554566887217
48389,2024-03-12 01:05:00,2024-08-29 18:20:00,0.4674024640657084
48390,2024-03-11 12:17:00,2025-08-08 21:44:00,1.4110711841204655
48391,2024-03-11 12:11:00,2025-08-08 18:27:00,1.4107080386341166
48392,2024-03-11 12:06:00,2025-08-08 21:33:00,1.4110711841204655
48393,2024-03-11 12:01:00,2025-01-25 10:00:00,0.8758821963647425
48394,2024-03-12 03:51:00,2025-01-05 23:57:00,0.8209103353867214
48395,2024-03-12 00:08:00,2025-08-08 19:15:00,1.4094360787892615
48396,2024-03-12 03:46:00,2025-08-08 18:06:00,1.408890409917104
48397,2024-03-12 03:40:00,2025-08-09 05:09:00,1.4101623697619592
48398,2024-03-11 11:40:00,2025-08-08 21:06:00,1.4110692828351965
48399,2024-03-11 11:34:00,2025-08-08 11:28:00,1.4099817476614191
48400,2024-03-12 01:49:00,2025-08-08 22:31:00,1.4096167008898015
48401,2024-03-12 01:06:00,2025-08-08 21:49:00,1.4096186021750703
48402,2024-03-11 21:00:00,2024-08-30 14:00:00,0.4701117955738079
48403,2024-03-12 00:03:00,2025-03-24 19:08:00,1.034346718381626
48404,2024-03-12 01:33:00,2025-08-08 22:15:00,1.4096167008898015
48405,2024-03-11 23:52:00,2025-08-08 18:59:00,1.4094360787892615
48406,2024-03-12 01:22:00,2025-08-08 18:54:00,1.4092554566887217
48407,2024-03-12 03:36:00,2025-08-08 10:33:00,1.408048140543007
48408,2024-03-12 01:12:00,2025-08-08 21:54:00,1.4096167008898015
48409,2024-03-12 01:46:00,2024-08-26 05:18:00,0.4576241539280554
48410,2024-03-11 01:59:00,2025-08-09 01:46:00,1.4127062894516693
48411,2024-03-11 08:46:00,2025-08-09 08:32:00,1.4127043881664005
48412,2024-03-11 09:12:00,2025-08-09 08:59:00,1.4127062894516693
48428,2024-03-11 18:57:00,2025-08-09 07:35:00,1.4114343296068141
48429,2024-03-11 16:37:00,2025-01-05 14:53:00,0.8211575024716709
48430,2024-03-12 05:00:00,2024-04-03 10:00:00,0.06080310289755875
48431,2024-03-11 12:57:00,2025-08-08 23:59:00,1.4112518062210053
48432,2024-03-11 12:29:00,2025-08-09 09:05:00,1.4123431439653205
48433,2024-03-11 12:47:00,2025-08-09 03:01:00,1.411616852992623
48434,2024-03-11 16:43:00,2025-08-08 22:59:00,1.4107080386341166
48435,2024-03-11 13:41:00,2025-08-09 00:43:00,1.4112518062210053
48436,2024-03-11 18:12:00,2025-08-09 08:26:00,1.411616852992623
48437,2024-03-11 17:50:00,2025-08-09 01:41:00,1.4108886607346567
48438,2024-03-11 18:28:00,2025-08-09 01:00:00,1.4107384591984182
48439,2024-03-11 11:40:00,2025-08-09 01:53:00,1.4116149517073542
48440,2024-03-11 17:56:00,2025-08-09 08:10:00,1.411616852992623
48441,2024-03-11 11:29:00,2025-08-09 01:42:00,1.4116149517073542
48442,2024-03-11 17:46:00,2025-08-09 01:37:00,1.4108886607346567
48443,2024-03-11 01:45:00,2025-08-09 01:32:00,1.4127062894516693
48444,2024-03-11 17:35:00,2025-08-08 19:04:00,1.4101623697619592
48445,2024-03-11 17:30:00,2025-08-09 07:43:00,1.4116149517073542
48446,2024-03-11 01:29:00,2024-09-14 10:22:00,0.5129914822419956
48447,2024-03-12 05:00:00,2024-04-03 10:00:00,0.06080310289755875
48448,2024-03-11 13:00:00,2024-08-13 18:01:00,0.42493915887139705
48449,2024-03-11 17:14:00,2025-08-09 01:05:00,1.4108886607346567
48450,2024-03-11 17:13:00,2025-08-09 01:04:00,1.4108886607346567
48451,2024-03-11 13:00:00,2024-08-17 15:56:00,0.43565290136132023
48452,2024-03-11 18:39:00,2025-08-09 00:55:00,1.4107080386341166
48453,2024-03-11 01:03:00,2025-08-09 00:49:00,1.4127043881664005
48454,2024-03-11 18:28:00,2025-08-09 08:42:00,1.411616852992623
48455,2024-03-12 07:07:00,2025-08-09 08:36:00,1.4101623697619592
48456,2024-03-11 21:00:00,2024-08-13 17:03:00,0.4239162673967602
48458,2024-03-11 18:36:00,2025-08-09 00:51:00,1.4107061373488479
48459,2024-03-11 18:25:00,2025-08-09 02:16:00,1.4108886607346567
48460,2024-03-11 01:21:00,2025-08-08 09:22:00,1.4109076735873451
48461,2024-03-11 17:37:00,2025-03-28 00:20:00,1.0438873678606737
48462,2024-03-12 07:33:00,2025-08-09 09:02:00,1.4101623697619592
48463,2024-03-11 15:46:00,2025-01-05 17:25:00,0.8215434633812457
48464,2024-03-11 18:27:00,2025-08-09 08:40:00,1.4116149517073542
48465,2024-03-11 18:43:00,2025-08-09 08:56:00,1.4116149517073542
48466,2024-03-11 02:26:00,2025-08-09 08:35:00,1.4134325804243668
48467,2024-03-11 15:48:00,2025-08-09 07:37:00,1.411797475093163
48468,2024-03-11 18:32:00,2025-08-09 08:46:00,1.411616852992623
48469,2024-03-11 18:54:00,2025-08-09 07:31:00,1.4114324283215454
48470,2024-03-11 18:47:00,2025-08-09 08:14:00,1.4115274925849874
48471,2024-03-11 15:26:00,2025-08-09 00:53:00,1.4110711841204655
48472,2024-03-11 15:00:00,2025-08-09 08:25:00,1.4119799984789718
48473,2024-03-11 01:33:00,2025-08-09 07:42:00,1.4134325804243668
48474,2024-03-11 15:05:00,2025-08-09 08:30:00,1.4119799984789718
48475,2024-03-11 17:34:00,2025-08-09 05:48:00,1.411388698760362
48476,2024-03-11 18:06:00,2024-12-26 00:48:00,0.7920031941592517
48478,2024-03-11 17:44:00,2025-08-09 01:36:00,1.4108905620199255
48479,2024-03-11 19:15:00,2025-08-09 07:53:00,1.4114343296068141
48480,2024-03-11 13:00:00,2024-08-17 03:42:00,0.4342573579739904
48481,2024-03-11 18:57:00,2025-08-09 02:49:00,1.4108905620199255
48482,2024-03-11 02:14:00,2025-08-09 08:23:00,1.4134325804243668
48483,2024-03-11 19:40:00,2025-08-09 08:18:00,1.4114343296068141
48484,2024-03-11 19:56:00,2025-08-09 10:00:00,1.4115978401399345
48485,2024-03-11 19:51:00,2025-08-08 19:44:00,1.4099798463761504
48486,2024-03-12 05:00:00,2024-08-02 02:52:00,0.3912692980454787
48487,2024-03-11 20:01:00,2025-08-09 02:17:00,1.4107080386341166
48553,2024-03-12 05:00:00,2025-08-09 01:44:00,1.4096205034603393
48554,2024-03-11 12:11:00,2025-08-09 07:24:00,1.4121853372880067
48555,2024-03-11 12:22:00,2025-08-09 05:47:00,1.4119799984789718
48556,2024-03-11 12:06:00,2025-08-09 02:20:00,1.411616852992623
48557,2024-03-12 04:08:00,2025-08-09 02:26:00,1.4097992242756103
48558,2024-03-11 12:07:00,2025-08-09 02:21:00,1.411616852992623
48559,2024-03-11 13:00:00,2024-04-03 02:00:00,0.06171571982660278
48561,2024-03-11 09:21:00,2024-06-26 06:56:00,0.2926743478591528
48562,2024-03-11 10:00:00,2025-08-09 01:49:00,1.411797475093163
48563,2024-03-11 12:02:00,2025-08-09 07:02:00,1.4121606205795119
48564,2024-03-12 03:47:00,2025-08-09 08:27:00,1.4105255152483078
48565,2024-03-11 11:13:00,2025-07-31 01:07:00,1.3869381702030572
48566,2024-03-11 12:17:00,2025-08-09 02:30:00,1.4116149517073542
48567,2024-03-11 21:00:00,2024-04-03 02:00:00,0.06080310289755875
48568,2024-03-11 11:20:00,2025-08-09 01:33:00,1.4116149517073542
48569,2024-03-11 11:57:00,2025-08-09 02:10:00,1.4116149517073542
48570,2024-03-11 11:40:00,2025-08-09 01:53:00,1.4116149517073542
48571,2024-03-11 15:01:00,2025-08-09 05:15:00,1.411616852992623
48572,2024-03-11 11:45:00,2025-08-09 01:58:00,1.4116149517073542
48573,2024-03-11 11:14:00,2025-08-09 03:03:00,1.411797475093163
48574,2024-03-12 02:26:00,2025-08-09 02:20:00,1.4099817476614191
48575,2024-03-12 01:13:00,2025-08-09 02:42:00,1.4101623697619592
48576,2024-03-11 10:54:00,2025-08-09 02:43:00,1.411797475093163
48577,2024-03-11 21:00:00,2025-08-09 08:17:00,1.4112803255000381
48578,2024-03-12 03:42:00,2025-08-09 02:00:00,1.4097992242756103
48579,2024-03-11 13:00:00,2024-04-03 02:00:00,0.06171571982660278
48580,2024-03-11 10:01:00,2025-08-09 01:50:00,1.411797475093163
48581,2024-03-12 02:35:00,2025-08-09 02:28:00,1.4099798463761504
48582,2024-03-12 02:08:00,2025-08-09 02:02:00,1.4099817476614191
48583,2024-03-11 11:56:00,2025-08-09 02:09:00,1.4116149517073542
48584,2024-03-11 09:43:00,2025-08-08 22:21:00,1.4114343296068141
48585,2024-03-11 11:34:00,2025-01-02 04:26:00,0.8123279336831698
48586,2024-03-11 11:24:00,2025-08-08 22:26:00,1.4112518062210053
48587,2024-03-11 11:29:00,2025-01-04 12:06:00,0.8186877329074455
48588,2024-03-11 11:04:00,2025-01-05 13:00:00,0.821575785230816
48589,2024-03-12 04:24:00,2025-08-09 07:29:00,1.4103448931477678
48591,2024-03-12 05:00:00,2024-04-03 02:00:00,0.05989048596851471
48592,2024-03-11 16:00:00,2025-08-09 06:13:00,1.4116149517073542
48593,2024-03-11 12:27:00,2025-08-09 07:27:00,1.4121606205795119
48594,2024-03-11 09:57:00,2025-08-09 01:46:00,1.411797475093163
48595,2024-03-11 12:01:00,2025-08-09 03:50:00,1.411797475093163
48596,2024-03-11 12:33:00,2025-08-09 07:33:00,1.4121606205795119
48597,2024-03-12 04:39:00,2025-08-09 07:43:00,1.410342991862499
48598,2024-03-11 08:25:00,2024-04-02 16:00:00,0.061097802114229216
48599,2024-03-11 21:00:00,2024-04-03 02:00:00,0.06080310289755875
48600,2024-03-12 04:40:00,2025-05-27 11:08:00,1.2081298958095672
48602,2024-03-12 04:34:00,2025-08-09 01:17:00,1.4096186021750703
48603,2024-03-11 10:33:00,2025-08-09 02:22:00,1.411797475093163
48604,2024-03-11 15:22:00,2025-08-09 02:25:00,1.4112537075062743
48638,2024-03-12 05:00:00,2024-04-03 02:00:00,0.05989048596851471
48639,2024-03-12 04:13:00,2025-08-09 02:31:00,1.4097992242756103
48640,2024-03-12 04:02:00,2025-08-09 02:20:00,1.4097992242756103
48641,2024-03-12 04:20:00,2025-08-09 02:38:00,1.4097992242756103
48642,2024-03-11 11:10:00,2025-08-09 06:11:00,1.4121625218647806
48643,2024-03-12 04:13:00,2025-08-09 04:07:00,1.4099817476614191
48644,2024-03-12 04:09:00,2025-08-09 02:28:00,1.409801125560879
48645,2024-03-12 04:04:00,2025-03-29 16:03:00,1.0472260247927598
48646,2024-03-11 10:28:00,2025-08-09 02:17:00,1.411797475093163
48647,2024-03-11 10:23:00,2025-01-25 08:38:00,0.875912616929044
48648,2024-03-12 04:15:00,2025-08-09 02:33:00,1.4097992242756103
48649,2024-03-12 03:48:00,2025-08-09 06:53:00,1.4103448931477678
48650,2024-03-11 10:12:00,2025-08-09 03:37:00,1.4119799984789718
48651,2024-03-11 13:18:00,2025-08-09 01:56:00,1.4114343296068141
48652,2024-03-11 10:01:00,2025-08-09 01:50:00,1.411797475093163
48653,2024-03-12 03:27:00,2025-08-09 03:21:00,1.4099817476614191
48654,2024-03-12 03:22:00,2025-08-09 04:51:00,1.4101623697619592
48655,2024-03-11 11:21:00,2025-08-09 06:21:00,1.4121606205795119
48656,2024-03-11 11:16:00,2025-08-09 01:29:00,1.4116149517073542
48657,2024-03-11 13:32:00,2025-08-09 02:10:00,1.4114343296068141
48658,2024-03-11 11:05:00,2025-08-09 02:54:00,1.411797475093163
48659,2024-03-11 11:00:00,2025-08-09 02:49:00,1.411797475093163
48660,2024-03-12 04:25:00,2025-01-06 04:49:00,0.8214008669860826
48661,2024-03-11 10:56:00,2024-07-22 04:00:00,0.3633432200167313
48662,2024-03-11 10:51:00,2025-08-09 02:40:00,1.411797475093163
48663,2024-03-11 10:45:00,2025-08-09 02:34:00,1.411797475093163
48664,2024-03-12 04:11:00,2025-03-27 23:26:00,1.0425792835957106
48665,2024-03-12 05:00:00,2024-04-03 08:46:00,0.06066240778766446
48666,2024-03-11 11:17:00,2025-08-09 03:06:00,1.411797475093163
48667,2024-03-11 10:35:00,2025-08-09 02:24:00,1.411797475093163
48668,2024-03-12 04:00:00,2025-08-09 02:18:00,1.4097992242756103
48669,2024-03-11 10:24:00,2025-08-09 02:13:00,1.411797475093163
48670,2024-03-11 10:19:00,2025-08-09 02:08:00,1.411797475093163
48671,2024-03-12 03:43:00,2025-08-09 04:20:00,1.4100635029279793
48672,2024-03-11 13:19:00,2025-08-09 03:33:00,1.411616852992623
48673,2024-03-12 03:34:00,2025-08-09 01:52:00,1.4097992242756103
48674,2024-03-12 03:44:00,2025-08-09 03:38:00,1.4099817476614191
48675,2024-03-11 09:52:00,2025-01-25 08:00:00,0.8758993079321622
48676,2024-03-11 12:58:00,2025-08-09 03:11:00,1.4116149517073542
48677,2024-03-12 03:11:00,2024-08-22 06:07:00,0.44660430450984867
48678,2024-03-12 03:07:00,2025-08-09 06:12:00,1.4103448931477678
48679,2024-03-11 11:06:00,2025-08-09 06:07:00,1.4121625218647806
48680,2024-03-11 11:01:00,2025-04-18 01:04:00,1.1022187999087383
48681,2024-03-11 18:58:00,2025-08-09 01:13:00,1.4107061373488479
48682,2024-03-11 17:18:00,2025-08-09 04:20:00,1.4112518062210053
48683,2024-03-11 17:50:00,2025-08-09 00:06:00,1.4107080386341166
48684,2024-03-12 02:20:00,2025-08-09 02:14:00,1.4099817476614191
48685,2024-03-12 04:16:00,2025-08-09 00:59:00,1.4096186021750703
48686,2024-03-11 18:34:00,2025-08-09 00:50:00,1.4107080386341166
48687,2024-03-11 06:50:00,2025-08-09 00:14:00,1.411978097193703
48688,2024-03-11 06:55:00,2025-08-09 03:31:00,1.4123431439653205
48689,2024-03-11 18:11:00,2025-01-12 09:57:00,0.8395809567267473
48690,2024-03-11 18:20:00,2025-08-09 02:12:00,1.4108905620199255
48691,2024-03-11 17:41:00,2025-08-09 01:33:00,1.4108905620199255
48692,2024-03-12 04:29:00,2025-08-09 04:22:00,1.4099798463761504
48693,2024-03-11 19:07:00,2025-08-09 01:23:00,1.4107080386341166
48694,2024-03-11 18:21:00,2025-08-09 02:12:00,1.4108886607346567
48695,2024-03-11 09:21:00,2025-08-09 01:10:00,1.411797475093163
48696,2024-03-12 02:38:00,2025-08-09 02:32:00,1.4099817476614191
48697,2024-03-11 09:18:00,2024-08-11 11:53:00,0.41918586964788196
48879,2024-03-11 12:56:00,2024-08-30 11:35:00,0.47075633127994526
48880,2024-03-11 06:29:00,2025-08-09 07:13:00,1.4128146627119933
48881,2024-03-11 06:19:00,2025-08-09 02:16:00,1.4122689938398356
49131,2024-03-11 23:12:00,2025-08-09 11:53:00,1.4114400334626207
49132,2024-03-12 01:44:00,2025-08-09 15:24:00,1.4115522092934825
49133,2024-03-12 01:31:00,2025-08-09 14:12:00,1.4114400334626207
49134,2024-03-11 09:24:00,2025-08-09 10:53:00,1.4129002205490913
49135,2024-03-11 19:54:00,2025-08-09 11:47:00,1.4118050802342383
49136,2024-03-12 00:37:00,2025-08-09 18:00:00,1.411976195908434
49137,2024-03-12 00:31:00,2025-08-09 10:27:00,1.4111263213932619
49138,2024-03-12 01:19:00,2025-08-09 10:47:00,1.4110730854057343
49139,2024-03-11 19:42:00,2025-08-09 11:35:00,1.4118050802342383
49140,2024-03-12 00:18:00,2024-10-08 03:12:00,0.5752794889345197
49141,2024-03-12 02:49:00,2025-08-09 10:41:00,1.4108905620199255
49142,2024-03-11 19:24:00,2025-05-21 14:35:00,1.193153471746901
49143,2024-03-11 08:23:00,2025-08-09 10:21:00,1.4129553578218876
49144,2024-03-11 15:24:00,2025-08-09 15:18:00,1.4127195984485512
49145,2024-03-11 23:48:00,2025-08-09 09:17:00,1.411074986691003
49146,2024-03-12 01:55:00,2025-08-09 08:38:00,1.4107593733363755
49147,2024-03-11 12:54:00,2025-08-09 09:35:00,1.4123526503916648
49148,2024-03-12 00:07:00,2025-08-09 13:15:00,1.4114913681648795
49149,2024-03-12 02:31:00,2025-04-11 08:28:00,1.0821298197581566
49150,2024-03-12 02:25:00,2025-04-19 17:29:00,1.1050726290972697
49151,2024-03-11 07:35:00,2025-08-09 12:17:00,1.4132671686059777
49152,2024-03-11 13:24:00,2025-04-15 17:34:00,1.0956156361700509
49153,2024-03-11 07:23:00,2025-08-09 12:05:00,1.4132671686059777
49154,2024-03-11 20:49:00,2025-08-09 13:09:00,1.4118564149364972
49155,2024-03-11 23:18:00,2025-08-09 10:23:00,1.4112575100768119
49156,2024-03-11 22:48:00,2025-08-09 11:29:00,1.4114400334626207
49157,2024-03-11 07:53:00,2025-08-09 09:23:00,1.41290212183436
49158,2024-03-12 00:15:00,2025-08-09 09:19:00,1.411027454559282
49159,2024-03-12 02:19:00,2025-08-09 11:48:00,1.411074986691003
49160,2024-03-11 10:00:00,2025-08-09 14:42:00,1.4132671686059777
49161,2024-03-12 02:07:00,2025-08-09 14:48:00,1.4114400334626207
49162,2024-03-11 16:25:00,2024-11-07 05:13:00,0.6585443759981747
49163,2024-03-12 01:19:00,2025-08-09 09:39:00,1.410943798007453
49164,2024-03-12 01:07:00,2025-08-09 13:47:00,1.411438132177352
49165,2024-03-12 01:55:00,2025-08-09 11:23:00,1.4110730854057343
49166,2024-03-11 14:00:00,2025-08-09 15:57:00,1.4129534565366189
49167,2024-03-12 01:43:00,2025-08-09 11:11:00,1.4110730854057343
49168,2024-03-12 00:49:00,2025-04-14 08:03:00,1.0904897710852537
49169,2024-03-12 01:01:00,2025-08-09 13:41:00,1.411438132177352
49170,2024-03-12 01:07:00,2024-12-18 02:47:00,0.7695261997110047
49171,2024-03-11 09:36:00,2025-08-09 14:06:00,1.4132443531827514
49172,2024-03-12 00:13:00,2025-05-27 16:33:00,1.2092554566887215
49173,2024-03-12 00:43:00,2025-08-09 10:11:00,1.4110730854057343
49174,2024-03-12 01:03:00,2025-08-09 12:00:00,1.4112422997946612
49175,2024-03-11 07:47:00,2025-08-09 13:28:00,1.4133793444368392
49176,2024-03-11 20:18:00,2025-08-09 12:11:00,1.4118050802342383
49177,2024-03-12 00:00:00,2025-08-09 09:29:00,1.411074986691003
49178,2024-03-12 02:13:00,2025-08-09 14:54:00,1.4114400334626207
49179,2024-03-11 12:30:00,2025-08-09 09:11:00,1.4123526503916648
49180,2024-03-12 00:55:00,2025-08-09 16:48:00,1.4118050802342383
49181,2024-03-12 01:49:00,2025-08-09 14:30:00,1.4114400334626207
49408,2024-03-12 11:40:00,2025-08-09 10:47:00,1.4098923872537836
49409,2024-03-11 20:08:00,2025-08-09 11:07:00,1.411702410829721
49410,2024-03-12 11:52:00,2025-08-09 10:58:00,1.4098904859685146
49411,2024-03-11 19:48:00,2025-08-09 09:12:00,1.4115217887291809
49412,2024-03-12 10:21:00,2024-12-20 12:47:00,0.7750893604076355
49413,2024-03-11 19:44:00,2025-08-09 10:43:00,1.411702410829721
49414,2024-03-12 11:46:00,2025-08-09 14:02:00,1.4102517301695947
49415,2024-03-11 19:37:00,2025-08-09 10:37:00,1.4117043121149897
49416,2024-03-11 18:06:00,2025-08-09 10:40:00,1.411883032930261
49417,2024-03-11 17:09:00,2025-08-09 12:54:00,1.4122461784166096
49418,2024-03-12 11:30:00,2025-08-09 10:35:00,1.4098885846832458
49419,2024-03-11 19:20:00,2025-08-09 10:19:00,1.411702410829721
49420,2024-03-11 05:12:00,2025-08-09 08:55:00,1.413154992775116
49421,2024-03-11 20:18:00,2025-08-09 11:18:00,1.4117043121149897
49422,2024-03-11 18:00:00,2025-08-09 11:08:00,1.4119476766294015
49423,2024-03-11 05:07:00,2025-08-09 13:35:00,1.4136968590767358
49424,2024-03-11 20:50:00,2025-08-09 13:25:00,1.4118849342155297
49425,2024-03-11 20:30:00,2025-08-09 11:30:00,1.4117043121149897
49426,2024-03-11 20:40:00,2025-08-09 10:03:00,1.411519887443912
49427,2024-03-11 20:25:00,2025-08-09 11:24:00,1.411702410829721
49428,2024-03-10 21:42:00,2025-08-09 10:56:00,1.4142406266636247
49430,2024-03-11 19:21:00,2025-08-09 10:21:00,1.4117043121149897
49431,2024-03-13 03:41:00,2025-08-09 13:57:00,1.4084264963115065
49432,2024-03-11 17:53:00,2025-08-09 10:27:00,1.411883032930261
49433,2024-03-11 19:28:00,2025-08-09 12:03:00,1.4118849342155297
49434,2024-03-11 17:24:00,2025-08-09 11:34:00,1.4120655563160696
49435,2024-03-11 19:35:00,2025-08-09 08:59:00,1.4115217887291809
49436,2024-03-11 19:33:00,2025-08-09 08:57:00,1.4115217887291809
49437,2024-03-11 19:23:00,2025-08-09 11:57:00,1.411883032930261
49438,2024-03-11 19:08:00,2025-08-09 08:32:00,1.4115217887291809
49439,2024-03-11 22:29:00,2024-04-02 20:06:00,0.05996083352346186
49440,2024-03-11 11:15:00,2025-08-09 08:36:00,1.4124287018024184
49441,2024-03-11 18:46:00,2025-08-09 12:56:00,1.4120655563160696
49442,2024-03-11 19:07:00,2025-08-09 08:31:00,1.4115217887291809
49443,2024-03-11 17:05:00,2025-08-09 09:40:00,1.4118849342155297
49444,2024-03-11 19:03:00,2025-08-09 10:02:00,1.411702410829721
49445,2024-03-11 17:05:00,2025-08-09 09:40:00,1.4118849342155297
49446,2024-03-11 18:56:00,2025-08-09 09:55:00,1.411702410829721
49447,2024-03-12 11:05:00,2025-08-09 13:21:00,1.4102517301695947
49448,2024-03-11 13:00:00,2024-04-02 21:59:00,0.061257510076811926
49449,2024-03-11 17:30:00,2025-08-09 09:56:00,1.41186782264811
49450,2024-03-11 19:21:00,2025-08-09 13:31:00,1.4120655563160696
49451,2024-03-11 20:36:00,2025-08-09 09:59:00,1.411519887443912
49452,2024-03-11 17:10:00,2025-08-09 09:45:00,1.4118849342155297
49453,2024-03-11 20:37:00,2025-08-09 13:12:00,1.4118849342155297
49454,2024-03-11 17:20:00,2025-08-09 09:54:00,1.411883032930261
49455,2024-03-11 20:09:00,2025-08-09 09:33:00,1.4115217887291809
49456,2024-03-11 20:26:00,2025-08-09 13:01:00,1.4118849342155297
49457,2024-03-11 16:54:00,2025-08-09 09:29:00,1.4118849342155297
49458,2024-03-11 20:14:00,2025-08-09 09:38:00,1.4115217887291809
49459,2024-03-11 19:58:00,2025-08-09 09:22:00,1.4115217887291809
49460,2024-03-11 19:53:00,2025-08-09 10:52:00,1.411702410829721
49724,2024-03-11 10:25:00,2025-08-09 06:10:00,1.4122461784166096
49725,2024-03-11 12:32:00,2025-08-09 06:42:00,1.4120655563160696
49726,2024-03-11 13:15:00,2024-09-14 10:16:00,0.5116377671305803
49727,2024-03-11 13:02:00,2025-08-09 16:45:00,1.413154992775116
49728,2024-03-11 13:08:00,2025-08-09 07:18:00,1.4120655563160696
49729,2024-03-11 12:57:00,2025-08-09 08:43:00,1.4122480797018784
49730,2024-03-11 17:01:00,2025-08-09 06:25:00,1.4115217887291809
49731,2024-03-11 16:58:00,2024-04-03 10:00:00,0.062175830861662486
49732,2024-03-11 15:36:00,2025-08-09 16:08:00,1.4127918472887673
49733,2024-03-11 16:40:00,2025-08-09 09:14:00,1.411883032930261
49734,2024-03-11 12:21:00,2025-08-09 16:04:00,1.413154992775116
49735,2024-03-11 13:18:00,2025-08-09 09:04:00,1.4122480797018784
49736,2024-03-11 12:16:00,2025-08-09 08:02:00,1.4122480797018784
49737,2024-03-11 12:27:00,2025-08-09 16:09:00,1.4131530914898471
49738,2024-03-11 12:37:00,2025-08-09 08:51:00,1.412301315689406
49739,2024-03-11 13:45:00,2025-08-09 06:20:00,1.4118849342155297
49740,2024-03-11 12:49:00,2025-08-09 03:49:00,1.4117043121149897
49741,2024-03-11 12:44:00,2025-08-09 05:19:00,1.4118849342155297
49742,2024-03-11 13:04:00,2025-08-09 08:49:00,1.4122461784166096
49743,2024-03-11 15:49:00,2025-08-09 08:24:00,1.4118849342155297
49744,2024-03-11 13:00:00,2025-08-09 05:35:00,1.4118849342155297
49745,2024-03-11 16:05:00,2025-08-09 08:40:00,1.4118849342155297
49746,2024-03-11 15:00:00,2025-08-09 15:32:00,1.4127918472887673
49747,2024-03-11 13:09:00,2025-08-09 05:44:00,1.4118849342155297
49748,2024-03-11 13:02:00,2025-08-09 16:20:00,1.4131074606433949
49749,2024-03-11 12:18:00,2025-08-09 08:03:00,1.4122461784166096
49750,2024-03-11 15:23:00,2025-08-09 07:58:00,1.4118849342155297
49751,2024-03-11 13:20:00,2025-08-09 09:05:00,1.4122461784166096
49752,2024-03-11 12:35:00,2025-08-09 05:09:00,1.411883032930261
49753,2024-03-11 10:30:00,2025-08-09 09:26:00,1.4126093239029585
49754,2024-03-11 12:39:00,2025-08-09 14:46:00,1.412972469389307
49755,2024-03-11 12:23:00,2025-08-09 16:05:00,1.4131530914898471
49756,2024-03-11 14:25:00,2025-08-09 03:48:00,1.411519887443912
49757,2024-03-11 15:51:00,2025-08-09 05:15:00,1.4115217887291809
49758,2024-03-11 14:35:00,2025-08-09 05:34:00,1.411702410829721
49759,2024-03-11 14:19:00,2025-08-09 05:19:00,1.4117043121149897
49760,2024-03-11 11:35:00,2025-08-09 15:17:00,1.4131530914898471
49761,2024-03-11 14:30:00,2025-08-09 03:54:00,1.4115217887291809
49762,2024-03-11 11:46:00,2025-08-09 15:28:00,1.4131530914898471
49763,2024-03-11 14:41:00,2025-08-09 05:40:00,1.411702410829721
49764,2024-03-11 11:56:00,2024-08-10 10:36:00,0.4160012168225721
49765,2024-03-11 11:42:00,2025-08-09 07:27:00,1.4122461784166096
49766,2024-03-11 12:03:00,2025-08-09 07:48:00,1.4122461784166096
49767,2024-03-11 15:02:00,2025-08-09 07:36:00,1.411883032930261
49768,2024-03-11 12:12:00,2025-08-09 04:47:00,1.4118849342155297
49769,2024-03-12 04:07:00,2025-08-09 15:56:00,1.411341166628641
49770,2024-03-12 04:18:00,2025-08-09 04:59:00,1.4100711080690547
49771,2024-03-11 12:23:00,2025-08-09 04:57:00,1.411883032930261
50156,2024-03-11 06:25:00,2025-08-09 10:07:00,1.4131530914898471
50157,2024-03-11 07:00:00,2025-08-09 18:00:00,1.4139858544375998
50158,2024-03-11 06:45:00,2025-08-09 16:49:00,1.4138793824625446
50159,2024-03-11 19:23:00,2025-08-09 15:08:00,1.4122461784166096
50160,2024-03-11 19:32:00,2024-12-21 15:47:00,0.7798596851471595
50161,2024-03-11 06:54:00,2025-08-09 15:23:00,1.4136987603620048
50163,2024-03-11 04:55:00,2025-08-09 10:13:00,1.413335614875656
50165,2024-03-10 22:36:00,2025-08-09 15:01:00,1.4146037721499733
50166,2024-03-11 21:15:00,2025-08-09 15:25:00,1.4120655563160696
50167,2024-03-11 23:53:00,2025-08-09 13:17:00,1.4115217887291809
50168,2024-03-11 19:56:00,2025-08-09 15:41:00,1.4122461784166096
50169,2024-03-11 19:02:00,2025-08-09 10:01:00,1.411702410829721
50170,2024-03-10 22:53:00,2025-08-09 15:19:00,1.4146056734352421
50171,2024-03-10 23:14:00,2025-08-09 15:40:00,1.4146056734352421
50172,2024-03-10 22:43:00,2025-08-09 11:57:00,1.4142406266636247
50173,2024-03-11 12:15:00,2025-08-09 11:11:00,1.4126093239029585
50174,2024-03-11 19:07:00,2025-08-09 09:34:00,1.411641569701118
50175,2024-03-11 19:39:00,2025-08-09 09:02:00,1.411519887443912
50176,2024-03-11 19:12:00,2025-08-09 14:58:00,1.4122480797018784
50177,2024-03-10 22:48:00,2025-08-09 15:13:00,1.4146037721499733
50178,2024-03-11 19:45:00,2025-08-09 15:31:00,1.4122480797018784
50179,2024-03-11 19:17:00,2025-08-09 15:03:00,1.4122480797018784
50180,2024-03-11 18:58:00,2025-08-09 09:57:00,1.411702410829721
50181,2024-03-11 12:25:00,2025-08-09 14:32:00,1.412972469389307
50182,2024-03-11 19:49:00,2025-08-09 12:24:00,1.4118849342155297
50183,2024-03-11 18:40:00,2025-08-09 16:01:00,1.4124287018024184
50185,2024-03-11 12:35:00,2025-08-09 09:55:00,1.4124268005171496
50186,2024-03-11 12:49:00,2025-08-09 16:32:00,1.413154992775116
50187,2024-03-11 05:32:00,2025-08-09 09:14:00,1.4131530914898471
50188,2024-03-11 19:51:00,2025-08-09 08:24:00,1.41142482318047
50189,2024-03-12 03:58:00,2025-08-09 17:22:00,1.4115217887291809
50190,2024-03-11 05:16:00,2025-08-09 08:58:00,1.4131530914898471
50191,2024-03-11 19:48:00,2025-08-09 15:33:00,1.4122461784166096
50192,2024-03-11 21:05:00,2025-08-09 13:39:00,1.411883032930261
50193,2024-03-11 18:10:00,2025-08-09 13:55:00,1.4122461784166096
50194,2024-03-11 21:01:00,2025-08-09 09:15:00,1.411388698760362
50195,2024-03-11 21:15:00,2025-08-09 09:04:00,1.411341166628641
50196,2024-03-11 18:12:00,2024-04-03 02:00:00,0.06112251882272416
50197,2024-03-11 20:54:00,2025-08-09 10:18:00,1.4115217887291809
50198,2024-03-11 18:58:00,2025-08-09 14:43:00,1.4122461784166096
50199,2024-03-11 18:31:00,2025-08-09 11:06:00,1.4118849342155297
50200,2024-03-11 12:41:00,2025-08-09 10:02:00,1.4124287018024184
50201,2024-03-11 18:54:00,2025-08-09 09:51:00,1.4116986082591831
50202,2024-03-11 05:43:00,2025-08-09 11:00:00,1.4133337135903872
50203,2024-03-11 12:53:00,2025-08-09 11:49:00,1.4126093239029585
50204,2024-03-11 12:16:00,2025-08-09 11:12:00,1.4126093239029585
50205,2024-03-11 17:12:00,2025-08-09 09:46:00,1.411883032930261
50206,2024-03-11 05:44:00,2025-08-09 11:02:00,1.413335614875656
50207,2024-03-11 18:47:00,2025-08-09 14:32:00,1.4122461784166096
50803,2024-03-11 16:49:00,2025-01-23 05:12:00,0.8693113544756256
50804,2024-03-11 11:17:00,2025-08-09 16:34:00,1.4133337135903872
50805,2024-03-11 12:47:00,2025-08-09 06:57:00,1.4120655563160696
50806,2024-03-11 15:52:00,2025-08-09 06:51:00,1.411702410829721
50807,2024-03-11 21:00:00,2024-04-02 17:21:00,0.05981633584302989
50808,2024-03-11 10:55:00,2025-08-09 16:13:00,1.413335614875656
50809,2024-03-11 11:01:00,2025-08-09 16:18:00,1.4133337135903872
50810,2024-03-11 21:00:00,2024-07-25 13:26:00,0.3714845235379116
50811,2024-03-11 10:45:00,2024-12-26 19:49:00,0.7950110274545593
50812,2024-03-11 13:13:00,2025-08-09 16:55:00,1.4131530914898471
50813,2024-03-11 13:40:00,2025-08-09 16:14:00,1.413023804091566
50814,2024-03-11 00:34:00,2025-08-09 07:27:00,1.413516236976196
50815,2024-03-11 13:33:00,2025-08-09 17:15:00,1.4131530914898471
50816,2024-03-11 14:26:00,2025-08-09 10:11:00,1.4122461784166096
50817,2024-03-11 16:38:00,2025-08-09 07:38:00,1.4117043121149897
50818,2024-03-11 11:26:00,2025-08-09 16:43:00,1.4133337135903872
50819,2024-03-11 11:36:00,2025-08-09 16:54:00,1.413335614875656
50820,2024-03-11 17:31:00,2025-08-09 06:55:00,1.4115217887291809
50821,2024-03-11 16:54:00,2025-08-09 07:54:00,1.4117043121149897
50822,2024-03-11 17:21:00,2025-08-09 06:45:00,1.4115217887291809
50823,2024-03-11 00:39:00,2025-08-09 17:05:00,1.4146056734352421
50824,2024-03-11 14:05:00,2024-09-23 14:43:00,0.5366910031181078
50825,2024-03-11 17:26:00,2025-08-09 06:50:00,1.4115217887291809
50826,2024-03-11 13:30:00,2024-09-05 11:09:00,0.48706935888660735
50827,2024-03-11 11:20:00,2025-08-09 05:30:00,1.4120655563160696
50828,2024-03-11 17:22:00,2025-08-09 06:46:00,1.4115217887291809
50829,2024-03-11 16:17:00,2025-08-09 16:49:00,1.4127918472887673
50830,2024-03-11 15:07:00,2025-08-09 07:42:00,1.4118849342155297
50831,2024-03-11 13:49:00,2025-08-09 07:59:00,1.4120655563160696
50832,2024-03-11 00:50:00,2025-08-09 07:43:00,1.413516236976196
50833,2024-03-11 15:53:00,2024-09-30 01:26:00,0.5541352954597307
50834,2024-03-11 17:57:00,2025-08-09 07:20:00,1.411519887443912
50835,2024-03-11 18:02:00,2025-08-09 07:26:00,1.4115217887291809
50836,2024-03-11 17:31:00,2025-08-09 08:31:00,1.4117043121149897
50837,2024-03-11 13:54:00,2025-08-09 08:04:00,1.4120655563160696
50838,2024-03-11 18:07:00,2025-08-09 10:00:00,1.4118050802342383
50839,2024-03-11 14:19:00,2025-08-09 10:05:00,1.4122480797018784
50840,2024-03-11 17:25:00,2025-08-09 08:24:00,1.411702410829721
50841,2024-03-11 11:19:00,2025-08-09 10:15:00,1.4126093239029585
50842,2024-03-11 14:09:00,2025-08-09 08:19:00,1.4120655563160696
50843,2024-03-11 17:51:00,2025-08-09 07:15:00,1.4115217887291809
50844,2024-03-11 17:04:00,2025-08-09 08:03:00,1.411702410829721
50845,2024-03-11 14:56:00,2025-08-09 07:31:00,1.4118849342155297
50846,2024-03-11 01:20:00,2025-08-09 09:49:00,1.4136987603620048
50847,2024-03-11 01:43:00,2024-12-19 10:11:00,0.7757776256749562
50848,2024-03-11 15:18:00,2025-08-09 07:52:00,1.411883032930261
50849,2024-03-11 17:09:00,2025-08-09 08:08:00,1.411702410829721
50850,2024-03-11 12:28:00,2025-08-09 05:03:00,1.4118849342155297
50851,2024-03-11 18:12:00,2025-08-09 10:47:00,1.4118849342155297
51104,2024-03-11 01:22:00,2025-08-09 08:15:00,1.413516236976196
51105,2024-03-11 08:42:00,2025-08-09 09:13:00,1.4127899460034983
51106,2024-03-11 16:07:00,2025-08-09 15:03:00,1.4126093239029585
51107,2024-03-11 01:47:00,2024-12-25 19:34:00,0.7932675488630314
51108,2024-03-11 22:55:00,2025-08-09 15:29:00,1.411883032930261
51109,2024-03-11 09:09:00,2025-08-09 01:37:00,1.4118716252186478
51110,2024-03-12 00:14:00,2025-08-09 15:13:00,1.411702410829721
51111,2024-03-11 01:27:00,2025-08-09 14:42:00,1.4142425279488935
51112,2024-03-11 16:13:00,2025-08-09 15:09:00,1.4126093239029585
51113,2024-03-11 16:01:00,2025-08-09 14:58:00,1.4126112251882272
51114,2024-03-11 08:31:00,2025-08-09 15:24:00,1.413516236976196
51115,2024-03-10 22:22:00,2025-08-09 14:47:00,1.4146037721499733
51116,2024-03-12 00:05:00,2025-08-09 15:04:00,1.411702410829721
51117,2024-03-11 08:52:00,2025-08-08 19:05:00,1.4111586432428322
51118,2024-03-11 07:59:00,2025-08-09 14:52:00,1.413516236976196
51119,2024-03-10 23:59:00,2024-07-27 06:41:00,0.37858772530230433
51120,2024-03-11 15:15:00,2025-08-08 19:07:00,1.4104342535554035
51121,2024-03-11 01:18:00,2025-08-09 01:49:00,1.4127899460034983
51122,2024-03-11 07:59:00,2024-07-04 13:38:00,0.315497376226329
51123,2024-03-12 00:41:00,2025-08-09 17:15:00,1.411883032930261
51124,2024-03-11 22:32:00,2025-08-09 02:24:00,1.4104342535554035
51125,2024-03-11 01:38:00,2025-08-09 11:41:00,1.4138774811772759
51126,2024-03-12 01:39:00,2025-08-09 15:03:00,1.4115217887291809
51127,2024-03-11 09:40:00,2025-08-09 14:58:00,1.413335614875656
51128,2024-03-11 23:30:00,2025-08-09 08:08:00,1.4109780211422922
51129,2024-03-12 01:44:00,2025-08-09 15:08:00,1.4115217887291809
51130,2024-03-11 09:28:00,2025-08-09 08:24:00,1.4126093239029585
51131,2024-03-11 23:36:00,2025-08-09 16:10:00,1.411883032930261
51132,2024-03-11 15:44:00,2025-08-09 01:57:00,1.4111586432428322
51133,2024-03-11 15:28:00,2025-08-09 09:38:00,1.4120655563160696
51134,2024-03-11 08:22:00,2025-08-09 15:15:00,1.413516236976196
51135,2024-03-11 08:57:00,2025-08-09 09:18:00,1.41277093315081
51136,2024-03-12 02:04:00,2025-08-09 09:06:00,1.4107954977564834
51137,2024-03-11 16:42:00,2025-08-09 09:17:00,1.4118849342155297
51138,2024-03-11 23:15:00,2025-08-08 19:09:00,1.4095254391968972
51139,2024-03-11 21:00:00,2025-08-09 02:46:00,1.4106510000760515
51140,2024-03-12 02:21:00,2025-08-09 09:24:00,1.4107973990417522
51141,2024-03-11 16:21:00,2025-08-09 15:17:00,1.4126093239029585
51142,2024-03-12 00:20:00,2025-08-09 07:22:00,1.4107954977564834
51143,2024-03-11 09:37:00,2025-08-09 16:30:00,1.413516236976196
51144,2024-03-12 01:59:00,2025-08-09 15:24:00,1.4115236900144497
51145,2024-03-12 03:01:00,2024-12-23 13:35:00,0.7842307399802266
51146,2024-03-12 02:11:00,2025-08-09 15:35:00,1.4115217887291809
51147,2024-03-12 01:36:00,2025-08-09 16:17:00,1.4116681876948818
51148,2024-03-11 01:58:00,2025-08-09 16:48:00,1.4144231500494333
51149,2024-03-12 02:25:00,2025-08-09 03:06:00,1.4100711080690547
51150,2024-03-11 23:20:00,2025-08-09 01:36:00,1.4102517301695947
51151,2024-03-12 01:57:00,2025-08-09 15:02:00,1.411485664309073
51152,2024-03-11 09:58:00,2025-08-09 08:54:00,1.4126093239029585
51460,2024-03-11 14:22:00,2024-12-24 18:30:00,0.7889725454407179
51461,2024-03-12 00:21:00,2025-08-09 07:23:00,1.4107954977564834
51462,2024-03-12 00:17:00,2025-08-09 13:41:00,1.4115217887291809
51463,2024-03-11 07:45:00,2025-08-09 14:38:00,1.413516236976196
51464,2024-03-12 00:05:00,2025-08-09 00:46:00,1.4100711080690547
51465,2024-03-11 08:06:00,2025-08-09 16:34:00,1.4136968590767358
51467,2024-03-11 07:39:00,2025-08-09 14:32:00,1.413516236976196
51468,2024-03-11 07:50:00,2025-08-09 16:18:00,1.4136968590767358
51469,2024-03-12 00:10:00,2025-08-09 16:45:00,1.4118849342155297
51472,2024-03-11 07:41:00,2025-08-09 08:12:00,1.4127899460034983
51714,2024-03-12 02:58:00,2025-08-09 03:35:00,1.4100635029279793
51715,2024-03-11 10:50:00,2025-08-09 17:43:00,1.413516236976196
51716,2024-03-11 10:59:00,2025-08-09 03:34:00,1.4118849342155297
51717,2024-03-12 03:00:00,2025-08-09 17:59:00,1.411702410829721
51718,2024-03-12 23:07:00,2025-08-09 17:26:00,1.4093448170963572
51719,2024-03-12 02:48:00,2025-08-08 21:07:00,1.4093448170963572
51720,2024-03-12 03:53:00,2025-08-09 17:17:00,1.4115217887291809
51721,2024-03-11 23:23:00,2025-08-09 17:33:00,1.4120655563160696
51722,2024-03-12 03:46:00,2025-08-09 17:10:00,1.4115217887291809
51723,2024-03-11 13:00:00,2024-06-09 04:01:00,0.24538177808198341
51724,2024-03-12 03:36:00,2025-08-09 04:16:00,1.4100692067837859
51725,2024-03-11 18:19:00,2025-08-09 17:15:00,1.4126093239029585
51726,2024-03-12 03:00:00,2025-08-09 10:02:00,1.4107954977564834
51727,2024-03-12 00:30:00,2025-08-09 10:43:00,1.4111586432428322
51728,2024-03-11 10:55:00,2025-04-16 21:13:00,1.0990531599361169
51729,2024-03-11 23:54:00,2025-08-09 16:29:00,1.4118849342155297
51730,2024-03-11 10:45:00,2024-12-28 06:33:00,0.7989733059548254
51731,2024-03-11 23:44:00,2025-08-09 09:57:00,1.4111586432428322
51732,2024-03-11 10:39:00,2025-08-09 09:36:00,1.4126112251882272
51733,2024-03-12 02:45:00,2025-08-09 03:26:00,1.4100711080690547
51734,2024-03-11 10:24:00,2025-08-09 17:17:00,1.413516236976196
51735,2024-03-12 02:28:00,2025-08-09 17:27:00,1.411702410829721
51736,2024-03-11 16:46:00,2025-08-09 17:18:00,1.4127918472887673
51737,2024-03-12 00:47:00,2025-08-09 09:25:00,1.4109780211422922
51738,2024-03-12 03:32:00,2025-08-09 16:55:00,1.411519887443912
51739,2024-03-11 16:40:00,2025-08-09 17:11:00,1.4127899460034983
51740,2024-03-12 03:21:00,2025-08-09 16:45:00,1.4115217887291809
51741,2024-03-11 22:52:00,2025-08-09 10:41:00,1.411341166628641
51742,2024-03-12 03:42:00,2025-08-09 17:06:00,1.4115217887291809
51743,2024-03-12 02:08:00,2025-08-09 09:10:00,1.4107954977564834
51744,2024-03-12 00:00:00,2025-08-09 16:34:00,1.411883032930261
51745,2024-03-12 03:26:00,2025-08-09 16:50:00,1.4115217887291809
51746,2024-03-11 23:04:00,2025-08-09 09:17:00,1.4111586432428322
51747,2024-03-12 00:06:00,2025-08-09 03:58:00,1.4104342535554035
51748,2024-03-11 10:09:00,2025-08-08 17:11:00,1.4107954977564834
51749,2024-03-12 02:44:00,2025-08-09 03:25:00,1.4100711080690547
51750,2024-03-12 01:54:00,2025-08-09 16:53:00,1.411702410829721
51751,2024-03-11 10:16:00,2025-08-09 02:50:00,1.411883032930261
51752,2024-03-12 01:38:00,2025-08-09 16:37:00,1.411702410829721
51753,2024-03-12 01:59:00,2025-08-09 09:01:00,1.4107954977564834
51754,2024-03-11 23:29:00,2025-08-09 16:04:00,1.4118849342155297
51755,2024-03-12 01:42:00,2025-08-09 16:41:00,1.411702410829721
51756,2024-03-12 02:35:00,2025-08-09 15:58:00,1.411519887443912
51757,2024-03-12 02:31:00,2025-08-09 15:55:00,1.4115217887291809
51758,2024-03-11 23:08:00,2025-08-09 15:43:00,1.4118849342155297
51759,2024-03-12 02:24:00,2025-08-09 15:48:00,1.4115217887291809
51768,2024-03-11 19:11:00,2025-08-09 05:24:00,1.4111586432428322
51769,2024-03-11 04:42:00,2025-08-09 17:56:00,1.4142406266636247
51770,2024-03-12 01:27:00,2025-08-09 05:19:00,1.4104342535554035
51771,2024-03-11 18:55:00,2025-08-09 05:08:00,1.4111586432428322
51772,2024-03-12 01:06:00,2025-08-09 04:57:00,1.4104323522701345
51773,2024-03-11 18:51:00,2025-08-09 05:04:00,1.4111586432428322
51774,2024-03-11 20:09:00,2025-08-08 22:25:00,1.4102517301695947
51775,2024-03-12 01:11:00,2025-08-09 17:46:00,1.4118849342155297
51776,2024-03-12 04:01:00,2025-08-08 20:45:00,1.4091641949958171
51777,2024-03-11 20:10:00,2025-08-08 22:27:00,1.4102536314548635
51778,2024-03-11 23:26:00,2025-08-08 20:56:00,1.4097079625827058
51779,2024-03-11 18:30:00,2025-08-08 20:46:00,1.4102517301695947
51780,2024-03-11 18:07:00,2025-08-09 10:42:00,1.4118849342155297
51781,2024-03-12 03:45:00,2025-08-09 04:26:00,1.4100711080690547
51782,2024-03-11 23:50:00,2025-08-09 05:17:00,1.4106148756559433
51783,2024-03-12 03:52:00,2025-08-09 04:32:00,1.4100692067837859
51784,2024-03-12 02:35:00,2025-08-08 22:29:00,1.4095254391968972
51785,2024-03-11 18:03:00,2025-08-09 12:13:00,1.4120655563160696
51786,2024-03-11 20:02:00,2025-08-08 19:08:00,1.4098904859685146
51787,2024-03-12 02:45:00,2025-08-09 05:01:00,1.4102517301695947
51788,2024-03-12 02:08:00,2025-08-09 12:21:00,1.4111586432428322
51789,2024-03-12 04:05:00,2025-08-08 19:13:00,1.4089816716100083
51790,2024-03-11 19:41:00,2025-08-09 05:54:00,1.4111586432428322
51791,2024-03-11 23:08:00,2025-08-09 12:32:00,1.4115217887291809
51792,2024-03-12 01:52:00,2025-08-09 12:05:00,1.4111586432428322
51793,2024-03-12 00:39:00,2025-08-08 22:09:00,1.4097079625827058
51794,2024-03-12 00:06:00,2025-08-09 05:33:00,1.4106148756559433
51795,2024-03-11 11:55:00,2025-08-09 06:05:00,1.4120655563160696
51796,2024-03-11 12:28:00,2024-08-29 18:17:00,0.4688360331584151
51797,2024-03-12 01:47:00,2024-07-23 05:19:00,0.3645372271655639
51798,2024-03-12 02:56:00,2025-08-08 21:15:00,1.4093448170963572
51799,2024-03-11 12:53:00,2025-08-08 21:31:00,1.4109780211422922
51801,2024-03-11 19:09:00,2025-08-09 05:23:00,1.411160544528101
51802,2024-03-12 01:58:00,2025-08-09 10:28:00,1.4109628108601415
51803,2024-03-12 02:51:00,2025-08-09 05:07:00,1.4102517301695947
51804,2024-03-11 11:15:00,2025-08-09 03:50:00,1.4118849342155297
51805,2024-03-11 11:21:00,2025-08-09 10:17:00,1.4126093239029585
51806,2024-03-12 05:00:00,2024-04-02 22:35:00,0.05950072248840216
51807,2024-03-12 03:34:00,2025-08-09 10:37:00,1.4107973990417522
51808,2024-03-12 03:13:00,2025-08-08 18:21:00,1.4089816716100083
51809,2024-03-12 00:13:00,2025-08-08 12:11:00,1.4086204274089285
51810,2024-03-11 18:46:00,2025-08-07 18:00:00,1.4071678454635332
51811,2024-03-12 03:18:00,2025-08-09 11:56:00,1.4109780211422922
51812,2024-03-12 03:30:00,2025-08-09 10:33:00,1.4107973990417522
51813,2024-03-12 03:04:00,2025-08-09 03:45:00,1.4100711080690547
51814,2024-03-11 17:47:00,2025-08-09 04:00:00,1.4111586432428322
51815,2024-03-12 03:25:00,2025-08-08 20:09:00,1.4091641949958171
51816,2024-03-12 00:37:00,2025-08-09 17:11:00,1.411883032930261
51852,2024-03-11 04:05:00,2025-08-09 07:47:00,1.4131530914898471
51853,2024-03-12 03:08:00,2025-06-26 09:36:00,1.2902654194235303
51854,2024-03-12 07:01:00,2025-08-09 07:42:00,1.4100711080690547
51855,2024-03-12 03:29:00,2025-08-09 07:20:00,1.4104323522701345
51856,2024-03-12 03:46:00,2025-08-09 07:38:00,1.4104342535554035
51857,2024-03-12 03:30:00,2025-08-09 07:22:00,1.4104342535554035
51858,2024-03-11 05:19:00,2025-08-09 07:26:00,1.412972469389307
51859,2024-03-11 13:40:00,2025-08-09 06:14:00,1.411883032930261
51860,2024-03-12 04:07:00,2025-08-09 09:34:00,1.4106148756559433
51861,2024-03-12 02:11:00,2025-08-08 23:41:00,1.4097079625827058
51862,2024-03-12 04:02:00,2025-08-09 06:18:00,1.4102517301695947
51863,2024-03-11 13:17:00,2025-08-08 23:30:00,1.4111586432428322
51864,2024-03-12 13:13:00,2025-08-08 23:35:00,1.4084379040231196
51865,2024-03-12 12:57:00,2025-08-09 07:16:00,1.4093448170963572
51866,2024-03-12 03:21:00,2025-08-09 07:13:00,1.4104342535554035
51867,2024-03-12 03:20:00,2025-08-09 07:11:00,1.4104323522701345
51868,2024-03-11 13:12:00,2025-08-09 13:43:00,1.4127899460034983
51869,2024-03-12 03:04:00,2025-08-09 06:55:00,1.4104323522701345
51870,2024-03-12 06:25:00,2025-08-09 07:06:00,1.4100711080690547
51871,2024-03-11 20:37:00,2025-08-07 21:27:00,1.407350368849342
51872,2024-03-12 03:09:00,2025-08-09 07:01:00,1.4104342535554035
51873,2024-03-12 02:44:00,2025-08-09 06:35:00,1.4104323522701345
51874,2024-03-11 20:32:00,2025-08-09 06:45:00,1.4111586432428322
51875,2024-03-11 13:38:00,2025-08-09 06:13:00,1.4118849342155297
51876,2024-03-11 14:05:00,2025-08-09 06:39:00,1.411883032930261
51877,2024-03-11 13:40:00,2025-08-09 06:14:00,1.411883032930261
51878,2024-03-12 04:13:00,2025-08-09 12:50:00,1.4109761198570234
51879,2024-03-12 02:12:00,2025-08-08 22:07:00,1.409527340482166
51880,2024-03-11 06:02:00,2025-08-09 06:34:00,1.4127918472887673
51881,2024-03-12 03:37:00,2025-08-09 05:53:00,1.4102517301695947
51882,2024-03-12 02:19:00,2025-08-09 06:10:00,1.4104323522701345
51883,2024-03-12 02:17:00,2025-08-09 06:09:00,1.4104342535554035
51884,2024-03-11 19:45:00,2025-08-09 05:58:00,1.4111586432428322
51885,2024-03-11 13:03:00,2025-08-09 05:37:00,1.411883032930261
51886,2024-03-11 13:13:00,2025-08-09 05:48:00,1.4118849342155297
51887,2024-03-12 03:16:00,2025-08-09 15:04:00,1.411339265343372
51888,2024-03-11 13:08:00,2025-08-09 12:04:00,1.4126093239029585
51889,2024-03-11 20:38:00,2025-08-08 19:44:00,1.4098904859685146
51890,2024-03-11 12:54:00,2025-05-13 06:41:00,1.1710909574872614
51891,2024-03-11 12:36:00,2025-08-08 19:38:00,1.4107954977564834
51892,2024-03-11 19:08:00,2025-08-08 19:49:00,1.4100711080690547
51893,2024-03-12 02:44:00,2025-08-09 06:35:00,1.4104323522701345
51894,2024-03-12 01:14:00,2025-08-09 06:41:00,1.4106148756559433
51895,2024-03-11 05:59:00,2025-08-08 22:33:00,1.411883032930261
51896,2024-03-11 19:13:00,2025-08-08 19:54:00,1.4100711080690547
51897,2024-03-12 00:58:00,2025-08-09 06:25:00,1.4106148756559433
51898,2024-03-11 20:06:00,2025-08-09 06:20:00,1.411160544528101
51956,2024-03-12 02:59:00,2025-08-09 07:37:00,1.4105217126777703
51957,2024-03-11 06:03:00,2025-08-09 15:51:00,1.4138489618982433
51958,2024-03-12 02:53:00,2025-08-09 07:31:00,1.4105217126777703
51959,2024-03-12 02:58:00,2025-08-09 06:23:00,1.4103829188531447
51960,2024-03-11 06:03:00,2025-08-09 01:26:00,1.4122043501406951
51961,2024-03-12 02:50:00,2025-01-11 18:44:00,0.8368583162217659
51962,2024-03-11 05:39:00,2025-08-08 21:28:00,1.411797475093163
51963,2024-03-12 04:19:00,2025-08-09 07:16:00,1.410329682865617
51964,2024-03-11 05:09:00,2025-08-09 08:07:00,1.4130694349380182
51965,2024-03-11 05:59:00,2025-08-09 01:20:00,1.4122005475701573
51966,2024-03-11 05:41:00,2025-08-09 08:39:00,1.4130694349380182
51968,2024-03-11 04:42:00,2025-08-09 07:40:00,1.4130694349380182
51969,2024-03-12 04:13:00,2025-08-08 21:30:00,1.4092269374096889
51970,2024-03-11 05:36:00,2025-08-09 08:34:00,1.4130694349380182
51971,2024-03-11 05:07:00,2025-08-09 07:45:00,1.4130314092326413
51972,2024-03-11 05:20:00,2025-08-09 08:18:00,1.4130694349380182
51973,2024-03-12 03:48:00,2025-08-09 14:51:00,1.4112537075062743
51974,2024-03-11 05:15:00,2025-08-09 00:15:00,1.4121606205795119
51975,2024-03-12 03:58:00,2025-08-09 07:49:00,1.4104323522701345
51976,2024-03-12 04:15:00,2025-08-09 06:01:00,1.4101946916115293
51977,2024-03-11 20:42:00,2025-08-09 06:55:00,1.4111586432428322
51978,2024-03-12 02:51:00,2025-01-04 07:18:00,0.816387177732147
51979,2024-03-11 16:03:00,2025-08-09 18:00:00,1.4129534565366189
51980,2024-03-11 05:59:00,2025-08-09 16:02:00,1.4138774811772759
51981,2024-03-12 03:00:00,2025-08-09 08:27:00,1.4106148756559433
51982,2024-03-12 02:33:00,2025-01-01 04:26:00,0.807880827439349
51983,2024-03-11 06:14:00,2025-08-08 16:28:00,1.411160544528101
51984,2024-03-11 05:21:00,2025-08-09 01:19:00,1.4122708951251046
51985,2024-03-12 02:45:00,2025-08-09 08:12:00,1.4106148756559433
51986,2024-03-12 03:05:00,2025-08-09 08:32:00,1.4106148756559433
51987,2024-03-12 03:47:00,2025-08-09 15:36:00,1.411341166628641
51988,2024-03-12 03:21:00,2025-08-09 08:48:00,1.4106148756559433
51989,2024-03-11 05:27:00,2025-08-09 15:31:00,1.4138793824625446
51990,2024-03-11 14:14:00,2025-08-09 00:27:00,1.4111586432428322
51991,2024-03-12 03:32:00,2025-08-09 08:58:00,1.4106129743706746
51992,2024-03-12 02:41:00,2025-08-09 14:30:00,1.411341166628641
51993,2024-03-11 06:36:00,2025-08-09 08:43:00,1.412972469389307
51994,2024-03-11 13:53:00,2025-08-09 08:03:00,1.4120655563160696
51995,2024-03-12 02:52:00,2025-08-09 00:22:00,1.4097079625827058
51996,2024-03-11 04:15:00,2025-08-09 07:58:00,1.413154992775116
51997,2024-03-12 02:47:00,2025-08-09 00:17:00,1.4097079625827058
51998,2024-03-11 14:41:00,2025-08-09 07:15:00,1.411883032930261
51999,2024-03-12 04:01:00,2025-08-08 23:55:00,1.4095254391968972
52000,2024-03-11 20:41:00,2025-08-09 06:54:00,1.4111586432428322
52001,2024-03-12 03:20:00,2025-08-09 07:11:00,1.4104323522701345
52002,2024-03-11 05:03:00,2025-08-09 07:10:00,1.412972469389307
52003,2024-03-12 03:14:00,2025-02-06 15:12:00,0.9075937333637539
52088,2024-03-11 12:17:00,2025-08-08 19:03:00,1.4107650771921818
52089,2024-03-11 19:17:00,2025-08-09 11:51:00,1.411883032930261
52090,2024-03-11 19:02:00,2025-08-09 11:36:00,1.411883032930261
52091,2024-03-11 09:40:00,2025-01-24 05:14:00,0.8728686592136284
52092,2024-03-11 09:35:00,2025-08-09 11:41:00,1.4129705681040383
52093,2024-03-11 09:20:00,2025-08-09 01:55:00,1.4118849342155297
52094,2024-03-11 18:56:00,2025-08-09 17:52:00,1.4126093239029585
52095,2024-03-11 18:40:00,2025-08-09 01:43:00,1.4107973990417522
52096,2024-03-11 18:10:00,2025-08-08 23:37:00,1.4106148756559433
52098,2024-03-12 02:43:00,2025-08-09 04:59:00,1.4102517301695947
52100,2024-03-12 02:32:00,2025-08-09 01:37:00,1.4098885846832458
52101,2024-03-11 18:51:00,2025-08-09 05:04:00,1.4111586432428322
52102,2024-03-11 09:05:00,2025-08-09 17:34:00,1.4136987603620048
52103,2024-03-11 08:27:00,2025-08-09 04:12:00,1.4122461784166096
52105,2024-03-11 08:18:00,2025-08-09 12:00:00,1.4131530914898471
52106,2024-03-11 08:47:00,2025-08-09 01:21:00,1.411883032930261
52107,2024-03-11 08:11:00,2025-08-09 00:46:00,1.4118849342155297
52108,2024-03-11 17:54:00,2025-08-09 00:56:00,1.4107954977564834
52110,2024-03-11 08:16:00,2025-08-09 04:02:00,1.4122480797018784
52111,2024-03-11 07:55:00,2025-08-09 02:05:00,1.4120655563160696
52112,2024-03-11 08:06:00,2025-08-09 03:51:00,1.4122461784166096
52113,2024-03-11 07:45:00,2025-08-09 01:55:00,1.4120655563160696
52114,2024-03-12 07:51:00,2025-08-09 02:10:00,1.4093448170963572
52115,2024-03-12 01:03:00,2025-08-09 03:19:00,1.4102517301695947
52116,2024-03-11 18:58:00,2025-08-09 03:35:00,1.4109761198570234
52117,2024-03-11 18:31:00,2025-08-09 17:27:00,1.4126093239029585
52118,2024-03-11 18:47:00,2025-08-09 03:25:00,1.4109780211422922
52119,2024-03-12 00:42:00,2025-08-09 01:23:00,1.4100711080690547
52120,2024-03-12 00:58:00,2025-08-09 11:11:00,1.4111586432428322
52121,2024-03-11 17:55:00,2025-08-09 10:30:00,1.4118849342155297
52122,2024-03-12 00:47:00,2025-08-09 11:00:00,1.4111586432428322
52123,2024-03-11 08:03:00,2025-08-09 03:33:00,1.412217659137577
52124,2024-03-11 08:43:00,2025-01-05 01:01:00,0.8204768423454255
52125,2024-03-11 08:07:00,2025-08-09 10:14:00,1.412972469389307
52126,2024-03-11 17:50:00,2025-08-09 10:25:00,1.4118849342155297
52127,2024-03-11 08:02:00,2025-08-09 10:09:00,1.412972469389307
52129,2024-03-11 17:23:00,2025-08-09 03:37:00,1.411160544528101
52131,2024-03-11 17:18:00,2025-08-09 00:20:00,1.4107954977564834
52132,2024-03-11 17:29:00,2025-08-09 03:42:00,1.4111586432428322
52133,2024-03-11 17:08:00,2025-08-09 11:18:00,1.4120655563160696
52134,2024-03-12 01:10:00,2025-08-09 03:26:00,1.4102517301695947
52135,2024-03-12 04:01:00,2025-08-09 01:31:00,1.4097079625827058
52136,2024-03-12 04:10:00,2025-08-09 00:05:00,1.409527340482166
52137,2024-03-12 03:54:00,2025-08-09 01:24:00,1.4097079625827058
52138,2024-03-12 04:05:00,2025-08-09 17:29:00,1.4115217887291809
52139,2024-03-11 08:32:00,2025-08-09 05:53:00,1.4124287018024184
52140,2024-03-12 03:49:00,2025-08-09 02:54:00,1.4098885846832458
52261,2024-03-12 03:45:00,2024-12-28 05:24:00,0.7969028062970568
52262,2024-03-11 19:47:00,2025-08-09 02:49:00,1.4107954977564834
52263,2024-03-12 03:49:00,2025-08-09 02:54:00,1.4098885846832458
52264,2024-03-12 03:38:00,2025-08-09 02:44:00,1.4098904859685146
52265,2024-03-12 03:33:00,2025-08-09 13:46:00,1.4111586432428322
52266,2024-03-12 03:28:00,2025-08-09 13:41:00,1.4111586432428322
52267,2024-03-12 03:22:00,2025-08-09 04:03:00,1.4100711080690547
52268,2024-03-11 11:02:00,2025-08-09 13:09:00,1.412972469389307
52269,2024-03-11 12:59:00,2025-08-09 05:33:00,1.411883032930261
52270,2024-03-12 03:06:00,2025-08-09 13:19:00,1.4111586432428322
52271,2024-03-12 03:12:00,2025-08-09 13:25:00,1.4111586432428322
52272,2024-03-12 03:02:00,2025-08-09 03:43:00,1.4100711080690547
52273,2024-03-11 12:03:00,2025-08-09 03:02:00,1.411702410829721
52274,2024-03-11 10:57:00,2025-08-09 03:31:00,1.411883032930261
52275,2024-03-12 03:01:00,2025-08-09 13:14:00,1.4111586432428322
52276,2024-03-11 10:51:00,2025-08-09 12:58:00,1.412972469389307
52278,2024-03-11 12:21:00,2025-08-09 12:53:00,1.4127918472887673
52279,2024-03-12 05:00:00,2024-03-31 01:42:00,0.05164271047227926
52280,2024-03-12 03:59:00,2025-08-09 06:16:00,1.4102536314548635
52281,2024-03-11 10:53:00,2025-08-09 06:38:00,1.4122461784166096
52282,2024-03-12 02:15:00,2025-08-09 02:56:00,1.4100711080690547
52283,2024-03-11 10:41:00,2025-08-09 12:48:00,1.412972469389307
52284,2024-03-11 10:10:00,2025-08-09 12:17:00,1.412972469389307
52285,2024-03-11 20:08:00,2025-08-09 08:00:00,1.4113468704844474
52286,2024-03-11 10:00:00,2025-08-09 02:34:00,1.411883032930261
52287,2024-03-11 08:49:00,2025-08-09 06:10:00,1.4124287018024184
52288,2024-03-12 03:24:00,2025-08-09 05:40:00,1.4102517301695947
52289,2024-03-12 02:09:00,2025-08-09 12:23:00,1.411160544528101
52290,2024-03-12 03:09:00,2025-08-09 02:14:00,1.4098885846832458
52291,2024-03-11 11:40:00,2025-08-09 18:00:00,1.413453494562324
52292,2024-03-12 03:02:00,2025-08-09 02:08:00,1.4098904859685146
52293,2024-03-11 09:50:00,2025-08-09 02:25:00,1.4118849342155297
52294,2024-03-12 02:57:00,2025-08-09 13:10:00,1.4111586432428322
52295,2024-03-11 09:44:00,2025-08-09 02:18:00,1.411883032930261
52296,2024-03-12 02:41:00,2025-08-09 04:57:00,1.4102517301695947
52297,2024-03-11 19:11:00,2025-08-09 02:13:00,1.4107954977564834
52298,2024-03-11 09:49:00,2025-08-09 02:24:00,1.4118849342155297
52299,2024-03-11 09:17:00,2025-01-12 06:09:00,0.8401627500190129
52300,2024-03-11 10:31:00,2025-08-09 12:38:00,1.412972469389307
52301,2024-03-11 09:23:00,2025-08-09 13:05:00,1.4131530914898471
52302,2024-03-11 11:52:00,2025-08-09 04:27:00,1.4118849342155297
52303,2024-03-11 09:01:00,2025-08-09 04:47:00,1.4122480797018784
52304,2024-03-12 02:05:00,2025-08-09 02:46:00,1.4100711080690547
52305,2024-03-12 02:36:00,2025-08-09 03:17:00,1.4100711080690547
52306,2024-03-11 08:31:00,2025-08-09 02:41:00,1.4120655563160696
52307,2024-03-11 10:26:00,2025-08-09 04:36:00,1.4120655563160696
52308,2024-03-11 09:23:00,2024-11-07 08:00:00,0.6596642330215226
52309,2024-03-11 19:33:00,2025-08-09 12:08:00,1.4118849342155297
52310,2024-03-11 19:28:00,2025-08-09 12:03:00,1.4118849342155297
52311,2024-03-11 19:23:00,2025-08-09 04:00:00,1.4109761198570234
52312,2024-03-11 08:52:00,2025-08-09 01:27:00,1.4118849342155297
52313,2024-03-11 18:30:00,2025-08-09 01:32:00,1.4107954977564834
52331,2024-03-11 19:49:00,2025-08-09 09:13:00,1.4115217887291809
52332,2024-03-11 16:56:00,2025-08-09 09:30:00,1.411883032930261
52333,2024-03-11 20:00:00,2025-08-09 09:24:00,1.4115217887291809
52334,2024-03-11 19:44:00,2025-08-09 09:08:00,1.4115217887291809
52335,2024-03-11 19:39:00,2025-08-09 12:13:00,1.411883032930261
52336,2024-03-11 19:02:00,2025-08-09 08:25:00,1.411519887443912
52337,2024-03-11 19:55:00,2025-08-09 12:29:00,1.411883032930261
52338,2024-03-11 18:59:00,2025-03-19 16:35:00,1.0209445585215606
52339,2024-03-11 16:54:00,2025-08-09 09:29:00,1.4118849342155297
52340,2024-03-11 02:32:00,2025-08-09 09:25:00,1.413516236976196
52341,2024-03-12 15:57:00,2025-08-09 08:41:00,1.4091641949958171
52342,2024-03-11 02:37:00,2025-08-09 09:30:00,1.413516236976196
52343,2024-03-13 02:23:00,2025-08-09 09:34:00,1.4080747585367708
52344,2024-03-11 18:15:00,2025-08-09 09:14:00,1.411702410829721
52345,2024-03-11 18:54:00,2025-08-09 09:53:00,1.411702410829721
52346,2024-03-11 16:31:00,2025-08-09 09:05:00,1.411883032930261
52347,2024-03-11 02:28:00,2025-08-09 09:21:00,1.413516236976196
52348,2024-03-12 09:48:00,2025-08-09 08:53:00,1.4098885846832458
52349,2024-03-11 19:45:00,2025-08-09 09:09:00,1.4115217887291809
52350,2024-03-11 19:24:00,2025-08-09 08:48:00,1.4115217887291809
52352,2024-03-12 09:27:00,2025-08-09 08:32:00,1.4098885846832458
52353,2024-03-12 09:37:00,2025-08-09 08:43:00,1.4098904859685146
52354,2024-03-11 02:58:00,2025-08-04 11:52:00,1.4000570385580653
52355,2024-03-11 16:03:00,2025-08-09 08:37:00,1.411883032930261
52356,2024-03-11 18:58:00,2025-08-09 09:57:00,1.411702410829721
52357,2024-03-11 19:03:00,2025-08-09 10:02:00,1.411702410829721
52358,2024-03-11 15:26:00,2025-08-09 09:36:00,1.4120655563160696
52359,2024-03-11 18:59:00,2025-08-09 09:58:00,1.411702410829721
52360,2024-03-11 02:33:00,2025-08-07 19:12:00,1.409154688569473
52361,2024-03-13 02:35:00,2025-08-09 09:46:00,1.4080747585367708
52362,2024-03-11 18:22:00,2025-08-09 09:21:00,1.411702410829721
52363,2024-03-11 18:42:00,2025-08-09 12:52:00,1.4120655563160696
52364,2024-03-11 18:01:00,2025-08-09 07:24:00,1.411519887443912
52365,2024-03-12 08:51:00,2025-08-09 07:56:00,1.4098885846832458
52366,2024-03-11 14:55:00,2025-08-09 10:41:00,1.4122480797018784
52367,2024-03-11 02:23:00,2025-08-09 09:16:00,1.413516236976196
52368,2024-03-12 08:08:00,2025-08-09 08:49:00,1.4100711080690547
52369,2024-03-11 15:00:00,2025-08-09 09:10:00,1.4120655563160696
52370,2024-03-11 18:02:00,2025-08-09 10:37:00,1.4118849342155297
52371,2024-03-11 02:03:00,2025-08-09 08:56:00,1.413516236976196
52372,2024-03-11 17:45:00,2025-08-09 08:44:00,1.411702410829721
52373,2024-03-11 17:29:00,2025-08-09 11:39:00,1.4120655563160696
52374,2024-03-11 19:09:00,2025-08-09 08:33:00,1.4115217887291809
52375,2024-03-12 05:00:00,2025-08-09 08:39:00,1.4104095368469085
52376,2024-03-12 09:17:00,2025-08-09 08:23:00,1.4098904859685146
52377,2024-03-11 17:55:00,2025-08-09 12:05:00,1.4120655563160696
52378,2024-03-11 18:48:00,2025-08-09 08:12:00,1.4115217887291809
52379,2024-03-11 18:54:00,2025-08-09 11:28:00,1.411883032930261
52380,2024-03-13 00:35:00,2025-08-09 07:47:00,1.4080766598220398
52381,2024-03-11 18:43:00,2024-12-29 21:09:00,0.8024678682789566
52382,2024-03-11 18:38:00,2025-08-09 08:02:00,1.4115217887291809
52383,2024-03-11 17:35:00,2025-08-09 10:10:00,1.4118849342155297
52451,2024-03-12 03:44:00,2025-08-09 10:46:00,1.4107954977564834
52452,2024-03-12 03:59:00,2025-08-09 17:23:00,1.4115217887291809
52453,2024-03-11 08:28:00,2025-08-09 10:35:00,1.412972469389307
52454,2024-03-12 00:27:00,2025-08-09 10:41:00,1.411160544528101
52455,2024-03-11 17:57:00,2025-08-09 10:31:00,1.411883032930261
52456,2024-03-11 13:05:00,2025-08-09 10:26:00,1.4124287018024184
52457,2024-03-11 17:45:00,2025-08-09 10:19:00,1.411883032930261
52458,2024-03-11 17:41:00,2025-08-09 10:15:00,1.411883032930261
52459,2024-03-11 17:20:00,2025-08-09 01:57:00,1.4109761198570234
52460,2024-03-11 07:37:00,2025-01-01 10:33:00,0.8107384591984181
52461,2024-03-12 04:23:00,2025-08-09 16:12:00,1.411341166628641
52462,2024-03-11 17:10:00,2025-08-09 17:42:00,1.4127918472887673
52463,2024-03-11 06:03:00,2025-08-09 16:06:00,1.4138774811772759
52464,2024-03-12 04:22:00,2025-08-09 09:49:00,1.4106148756559433
52465,2024-03-11 05:57:00,2025-08-09 09:40:00,1.413154992775116
52466,2024-03-11 07:49:00,2025-05-17 04:42:00,1.1823959996957945
52467,2024-03-12 04:11:00,2025-08-09 09:38:00,1.4106148756559433
52468,2024-03-11 07:10:00,2025-08-09 17:14:00,1.4138793824625446
52469,2024-03-11 16:53:00,2025-08-09 04:41:00,1.411339265343372
52470,2024-03-11 07:00:00,2025-08-09 17:03:00,1.4138774811772759
52471,2024-03-11 07:17:00,2025-08-09 17:21:00,1.4138793824625446
52472,2024-03-11 06:54:00,2025-08-09 16:58:00,1.4138793824625446
52473,2024-03-11 16:37:00,2025-08-08 23:39:00,1.4107954977564834
52474,2024-03-12 04:03:00,2025-08-09 01:33:00,1.4097079625827058
52475,2024-03-12 04:06:00,2025-08-09 00:01:00,1.409527340482166
52476,2024-03-11 06:15:00,2025-08-09 16:18:00,1.4138774811772759
52477,2024-03-12 04:07:00,2025-08-09 00:02:00,1.409527340482166
52478,2024-03-11 06:44:00,2025-08-09 10:26:00,1.4131530914898471
52479,2024-03-11 16:38:00,2025-08-09 01:16:00,1.4109780211422922
52480,2024-03-12 03:18:00,2025-08-09 10:21:00,1.4107973990417522
52481,2024-03-12 03:29:00,2024-12-17 05:27:00,0.7668225720587117
52482,2024-03-11 06:56:00,2025-08-08 17:09:00,1.4111586432428322
52483,2024-03-11 07:11:00,2025-08-09 01:21:00,1.4120655563160696
52484,2024-03-12 03:13:00,2025-08-09 00:43:00,1.4097079625827058
52485,2024-03-12 03:41:00,2025-08-09 09:08:00,1.4106148756559433
52486,2024-03-12 03:02:00,2025-08-09 10:05:00,1.4107973990417522
52487,2024-03-11 07:17:00,2025-08-09 15:45:00,1.4136968590767358
52488,2024-03-11 17:25:00,2025-08-09 09:59:00,1.411883032930261
52489,2024-03-12 03:08:00,2025-08-09 10:10:00,1.4107954977564834
52490,2024-03-11 06:40:00,2025-08-08 23:14:00,1.411883032930261
52491,2024-03-11 06:50:00,2025-08-08 17:03:00,1.4111586432428322
52492,2024-03-12 03:09:00,2025-08-08 16:42:00,1.4088010495094685
52493,2024-03-11 06:45:00,2025-08-09 16:49:00,1.4138793824625446
52494,2024-03-12 02:53:00,2025-08-09 16:17:00,1.4115217887291809
52495,2024-03-12 03:14:00,2025-03-28 01:42:00,1.0429462316525973
52496,2024-03-12 03:44:00,2025-08-09 15:33:00,1.411341166628641
52497,2024-03-12 03:04:00,2025-08-08 16:37:00,1.4088010495094685
52498,2024-03-12 04:03:00,2025-08-09 01:33:00,1.4097079625827058
52499,2024-03-12 02:58:00,2025-08-09 16:22:00,1.4115217887291809
52500,2024-03-11 05:43:00,2025-08-09 15:47:00,1.4138793824625446
52501,2024-03-12 04:02:00,2025-08-09 01:32:00,1.4097079625827058
52502,2024-03-12 03:53:00,2025-08-09 09:20:00,1.4106148756559433
52503,2024-03-11 04:09:00,2025-08-09 09:04:00,1.4132918853144725
52533,2024-03-11 10:28:00,2025-01-11 13:48:00,0.8381625979161913
52534,2024-03-11 11:52:00,2025-08-09 07:38:00,1.4122480797018784
52535,2024-03-11 11:47:00,2025-08-09 04:22:00,1.4118849342155297
52536,2024-03-11 11:42:00,2025-08-09 04:16:00,1.411883032930261
52537,2024-03-12 04:39:00,2025-08-09 14:52:00,1.4111586432428322
52538,2024-03-11 11:26:00,2025-08-09 15:08:00,1.4131530914898471
52539,2024-03-11 11:31:00,2025-08-09 04:06:00,1.4118849342155297
52540,2024-03-11 14:26:00,2025-08-09 07:01:00,1.4118849342155297
52541,2024-03-11 15:10:00,2025-08-09 07:45:00,1.4118849342155297
52542,2024-03-11 11:05:00,2025-08-09 05:15:00,1.4120655563160696
52543,2024-03-11 11:21:00,2025-08-09 15:03:00,1.4131530914898471
52544,2024-03-11 19:46:00,2025-08-09 04:24:00,1.4109780211422922
52545,2024-03-12 05:00:00,2024-04-03 01:55:00,0.05988097954217051
52546,2024-03-11 15:10:00,2025-08-09 14:06:00,1.4126093239029585
52547,2024-03-12 03:48:00,2025-04-23 10:25:00,1.1150600806144955
52548,2024-03-12 04:02:00,2025-08-09 04:43:00,1.4100711080690547
52549,2024-03-12 04:29:00,2025-08-09 06:45:00,1.4102517301695947
52550,2024-03-11 10:43:00,2025-08-09 06:29:00,1.4122480797018784
52551,2024-03-11 10:54:00,2025-08-09 14:36:00,1.4131530914898471
52552,2024-03-11 13:40:00,2025-08-09 14:31:00,1.4128279717088752
52553,2024-03-12 03:30:00,2025-08-09 07:22:00,1.4104342535554035
52554,2024-03-11 11:44:00,2025-08-09 15:26:00,1.4131530914898471
52555,2024-03-11 10:49:00,2025-08-09 10:00:00,1.412637843181991
52556,2024-03-12 04:28:00,2025-08-09 00:37:00,1.4095539584759298
52557,2024-03-12 03:51:00,2025-08-09 04:32:00,1.4100711080690547
52558,2024-03-12 03:53:00,2025-05-31 18:22:00,1.2199958171724086
52559,2024-03-11 10:39:00,2025-08-09 04:49:00,1.4120655563160696
52560,2024-03-12 03:47:00,2025-08-09 14:01:00,1.411160544528101
52561,2024-03-11 11:28:00,2025-08-09 07:13:00,1.4122461784166096
52562,2024-03-11 10:08:00,2025-08-09 07:28:00,1.4124268005171496
52563,2024-03-11 14:44:00,2025-08-09 07:18:00,1.411883032930261
52564,2024-03-11 14:35:00,2025-08-09 15:06:00,1.4127899460034983
52565,2024-03-11 10:13:00,2025-08-09 05:58:00,1.4122461784166096
52566,2024-03-11 10:51:00,2025-08-09 05:01:00,1.4120655563160696
52567,2024-03-12 03:32:00,2025-08-09 04:12:00,1.4100692067837859
52568,2024-03-11 12:57:00,2025-08-09 07:07:00,1.4120655563160696
52569,2024-03-12 03:26:00,2025-08-09 04:07:00,1.4100711080690547
52570,2024-03-11 11:17:00,2024-12-28 03:50:00,0.7986025553274013
52574,2024-03-11 13:03:00,2025-08-09 13:34:00,1.4127899460034983
52575,2024-03-11 11:11:00,2025-08-09 18:00:00,1.4135086318351204
52576,2024-03-11 11:02:00,2025-08-09 06:47:00,1.4122461784166096
52577,2024-03-11 13:51:00,2025-08-09 04:50:00,1.411702410829721
52578,2024-03-11 12:21:00,2025-08-09 14:28:00,1.412972469389307
52579,2024-03-12 03:59:00,2025-08-09 04:39:00,1.4100692067837859
52580,2024-03-11 12:12:00,2025-08-09 07:57:00,1.4122461784166096
52581,2024-03-11 10:55:00,2025-08-09 03:30:00,1.4118849342155297
52582,2024-03-11 11:06:00,2025-01-06 05:39:00,0.8234713666438512
52583,2024-03-12 04:19:00,2025-08-09 14:32:00,1.4111586432428322
52584,2024-03-12 04:30:00,2025-08-09 03:35:00,1.4098885846832458
52585,2024-03-11 10:34:00,2025-08-09 14:16:00,1.4131530914898471
52586,2024-03-11 10:45:00,2025-08-09 14:27:00,1.4131530914898471
52587,2024-03-11 10:14:00,2025-08-09 06:00:00,1.4122480797018784
52588,2024-03-12 03:58:00,2025-08-09 03:03:00,1.4098885846832458
52598,2024-03-12 00:07:00,2025-08-09 15:06:00,1.411702410829721
52599,2024-03-11 07:55:00,2025-08-09 14:48:00,1.413516236976196
52600,2024-03-11 15:20:00,2025-08-08 17:36:00,1.4102517301695947
52601,2024-03-11 13:56:00,2025-08-09 08:06:00,1.4120655563160696
52602,2024-03-11 07:29:00,2025-08-08 17:42:00,1.4111586432428322
52603,2024-03-11 00:47:00,2025-08-09 14:02:00,1.4142425279488935
52604,2024-03-11 07:18:00,2025-08-09 01:28:00,1.4120655563160696
52605,2024-03-11 07:37:00,2025-08-09 14:30:00,1.413516236976196
52606,2024-03-11 00:51:00,2025-08-09 14:06:00,1.4142425279488935
52607,2024-03-11 07:59:00,2025-08-09 14:52:00,1.413516236976196
52608,2024-03-12 00:31:00,2025-08-09 07:34:00,1.4107973990417522
52609,2024-03-12 00:15:00,2025-08-09 00:56:00,1.4100711080690547
52610,2024-03-11 23:56:00,2025-08-09 08:34:00,1.4109780211422922
52611,2024-03-11 07:52:00,2025-08-09 08:23:00,1.4127899460034983
52612,2024-03-12 00:26:00,2025-08-09 13:50:00,1.4115217887291809
52613,2024-03-12 06:22:00,2024-09-18 23:05:00,0.5220986386797475
52614,2024-03-12 00:06:00,2025-08-09 10:19:00,1.4111586432428322
52615,2024-03-11 01:25:00,2025-08-09 08:18:00,1.413516236976196
52616,2024-03-11 20:45:00,2025-08-09 16:30:00,1.4122461784166096
52617,2024-03-11 07:51:00,2025-08-09 16:20:00,1.4136987603620048
52618,2024-03-11 14:18:00,2025-08-09 16:25:00,1.412972469389307
52619,2024-03-11 07:46:00,2025-08-09 00:20:00,1.411883032930261
52620,2024-03-11 07:41:00,2025-08-09 08:13:00,1.4127918472887673
52621,2024-03-11 20:18:00,2025-08-09 00:10:00,1.4104342535554035
52622,2024-03-11 08:24:00,2025-08-09 00:58:00,1.411883032930261
52623,2024-03-11 13:52:00,2025-08-09 00:05:00,1.4111586432428322
52624,2024-03-11 07:42:00,2025-01-05 12:12:00,0.8218685831622177
52625,2024-03-11 20:08:00,2025-08-09 15:53:00,1.4122461784166096
52626,2024-03-11 14:02:00,2025-08-09 16:09:00,1.412972469389307
52627,2024-03-11 07:09:00,2025-08-09 07:40:00,1.4127899460034983
52628,2024-03-12 00:12:00,2025-08-09 16:47:00,1.4118849342155297
52629,2024-03-12 00:27:00,2025-08-09 13:51:00,1.4115217887291809
52630,2024-03-11 07:19:00,2025-08-09 15:48:00,1.4136987603620048
52631,2024-03-12 00:29:00,2025-08-09 13:53:00,1.4115217887291809
52632,2024-03-11 07:14:00,2025-08-08 23:49:00,1.4118849342155297
52633,2024-03-12 00:12:00,2025-08-09 16:46:00,1.411883032930261
52634,2024-03-11 13:25:00,2025-08-09 13:57:00,1.4127918472887673
52635,2024-03-11 14:14:00,2025-08-09 09:59:00,1.4122461784166096
52636,2024-03-11 06:53:00,2025-08-09 13:46:00,1.413516236976196
52637,2024-03-11 20:30:00,2025-08-09 09:54:00,1.4115217887291809
52638,2024-03-11 06:48:00,2025-08-09 16:51:00,1.4138774811772759
52639,2024-03-11 13:53:00,2025-08-09 12:49:00,1.4126093239029585
52640,2024-03-11 23:52:00,2025-08-09 16:26:00,1.411883032930261
52641,2024-03-11 23:48:00,2025-08-09 13:12:00,1.4115217887291809
52642,2024-03-11 14:03:00,2025-08-09 13:00:00,1.4126112251882272
52643,2024-03-11 13:28:00,2025-08-09 15:35:00,1.412972469389307
52644,2024-03-11 13:58:00,2025-08-09 16:05:00,1.412972469389307
52645,2024-03-11 20:04:00,2025-08-08 23:55:00,1.4104323522701345
52646,2024-03-10 23:29:00,2025-08-09 15:54:00,1.4146037721499733
52647,2024-03-10 23:13:00,2025-08-09 15:39:00,1.4146056734352421
52648,2024-03-11 19:58:00,2025-08-09 12:33:00,1.4118849342155297
52649,2024-03-11 19:21:00,2025-08-09 13:31:00,1.4120655563160696
52650,2024-03-11 05:52:00,2025-08-09 12:45:00,1.413516236976196
52656,2024-03-11 16:07:00,2025-08-09 16:39:00,1.4127918472887673
52657,2024-03-11 10:39:00,2025-08-09 15:57:00,1.413335614875656
52658,2024-03-11 16:11:00,2025-08-09 16:43:00,1.4127918472887673
52659,2024-03-11 12:55:00,2025-08-09 16:38:00,1.413154992775116
52660,2024-03-11 12:50:00,2025-08-09 16:32:00,1.4131530914898471
52661,2024-03-11 12:45:00,2025-08-09 08:30:00,1.4122461784166096
52662,2024-03-11 12:34:00,2025-08-09 08:19:00,1.4122461784166096
52663,2024-03-11 12:29:00,2025-08-09 16:11:00,1.4131530914898471
52664,2024-03-11 12:39:00,2025-08-09 16:22:00,1.413154992775116
52665,2024-03-11 10:37:00,2025-08-09 15:55:00,1.413335614875656
52666,2024-03-11 13:06:00,2025-08-09 16:48:00,1.4131530914898471
52667,2024-03-11 10:32:00,2025-08-09 06:18:00,1.4122480797018784
52668,2024-03-11 10:43:00,2025-08-09 16:00:00,1.4133337135903872
52669,2024-03-11 13:27:00,2025-08-09 09:12:00,1.4122461784166096
52670,2024-03-11 10:48:00,2025-08-09 16:06:00,1.413335614875656
52671,2024-03-11 10:11:00,2025-08-09 09:07:00,1.4126093239029585
52672,2024-03-11 13:38:00,2025-08-09 06:12:00,1.411883032930261
52673,2024-03-11 13:11:00,2025-08-09 08:56:00,1.4122461784166096
52674,2024-03-11 13:32:00,2025-08-09 09:18:00,1.4122480797018784
52675,2024-03-11 14:43:00,2025-08-09 05:42:00,1.411702410829721
52676,2024-03-11 13:16:00,2025-08-09 09:02:00,1.4122480797018784
52677,2024-03-11 11:21:00,2025-08-09 08:14:00,1.4123754658148908
52678,2024-03-11 14:58:00,2025-08-09 15:30:00,1.4127918472887673
52679,2024-03-11 12:41:00,2025-08-09 08:26:00,1.4122461784166096
52680,2024-03-11 11:28:00,2025-08-09 16:12:00,1.4132709711765152
52681,2024-03-11 12:35:00,2025-08-09 08:21:00,1.4122480797018784
52682,2024-03-11 12:51:00,2025-08-09 03:50:00,1.411702410829721
52683,2024-03-11 12:25:00,2024-12-16 11:15:00,0.7664651304281694
52684,2024-03-11 12:46:00,2025-08-09 05:21:00,1.4118849342155297
52685,2024-03-11 15:25:00,2025-08-09 15:56:00,1.4127899460034983
52686,2024-03-11 12:30:00,2025-08-09 05:43:00,1.4119571830557456
52687,2024-03-11 12:09:00,2025-08-09 15:51:00,1.4131530914898471
52688,2024-03-11 12:04:00,2025-08-09 07:49:00,1.4122461784166096
52689,2024-03-11 11:53:00,2025-08-09 04:40:00,1.4119077496387558
52690,2024-03-11 10:44:00,2025-08-09 06:29:00,1.4122461784166096
52691,2024-03-11 12:21:00,2024-12-26 06:16:00,0.7932827591451821
52692,2024-03-11 11:26:00,2025-08-09 15:09:00,1.413154992775116
52693,2024-03-11 10:02:00,2025-08-09 15:19:00,1.4133337135903872
52694,2024-03-11 11:58:00,2025-08-09 15:41:00,1.413154992775116
52695,2024-03-11 12:53:00,2025-08-09 03:52:00,1.411702410829721
52696,2024-03-11 14:53:00,2024-12-16 14:27:00,0.7665487869799985
52697,2024-03-11 10:21:00,2025-08-09 06:06:00,1.4122461784166096
52698,2024-03-11 12:11:00,2025-08-09 15:53:00,1.4131530914898471
52699,2024-03-11 11:40:00,2025-08-09 07:26:00,1.4122480797018784
52700,2024-03-11 12:48:00,2025-08-09 16:30:00,1.4131530914898471
52701,2024-03-11 11:12:00,2025-01-05 13:05:00,0.8215700813750095
52702,2024-03-11 15:06:00,2025-08-09 15:37:00,1.4127899460034983
52703,2024-03-12 04:25:00,2025-08-09 14:38:00,1.4111586432428322
52704,2024-03-11 11:17:00,2025-08-09 14:59:00,1.4131530914898471
52705,2024-03-11 14:12:00,2025-08-09 14:44:00,1.4127918472887673
52706,2024-03-11 11:07:00,2025-08-09 14:49:00,1.4131530914898471
52707,2024-03-12 04:04:00,2025-08-09 04:45:00,1.4100711080690547
52708,2024-03-11 11:38:00,2025-08-09 07:24:00,1.4122480797018784
52830,2024-03-11 05:35:00,2025-08-09 01:21:00,1.4122480797018784
52831,2024-03-12 03:40:00,2025-08-09 01:10:00,1.4097079625827058
52832,2024-03-11 05:19:00,2025-08-09 09:02:00,1.413154992775116
52833,2024-03-12 03:30:00,2025-08-09 07:21:00,1.4104323522701345
52834,2024-03-12 03:19:00,2025-08-09 08:46:00,1.4106148756559433
52835,2024-03-12 03:14:00,2025-08-09 16:38:00,1.4115217887291809
52836,2024-03-12 03:08:00,2025-08-09 04:33:00,1.4101547646208836
52837,2024-03-11 04:42:00,2025-08-09 00:28:00,1.4122480797018784
52838,2024-03-12 03:03:00,2025-08-09 08:30:00,1.4106148756559433
52839,2024-03-11 06:07:00,2025-08-09 08:14:00,1.412972469389307
52840,2024-03-11 06:14:00,2025-08-09 08:35:00,1.412999087383071
52841,2024-03-12 04:07:00,2025-08-09 07:58:00,1.4104323522701345
52842,2024-03-12 02:52:00,2025-08-09 08:19:00,1.4106148756559433
52843,2024-03-12 03:56:00,2025-08-09 15:45:00,1.411341166628641
52844,2024-03-12 04:17:00,2025-08-09 08:09:00,1.4104342535554035
52845,2024-03-12 04:01:00,2025-08-09 07:53:00,1.4104342535554035
52846,2024-03-12 04:03:00,2025-08-09 15:51:00,1.411339265343372
52847,2024-03-12 03:45:00,2025-08-09 15:34:00,1.411341166628641
52848,2024-03-12 04:12:00,2025-08-09 08:04:00,1.4104342535554035
52849,2024-03-11 05:21:00,2025-08-09 07:28:00,1.412972469389307
52850,2024-03-12 03:05:00,2025-08-09 08:31:00,1.4106129743706746
52851,2024-03-11 05:16:00,2025-08-09 07:22:00,1.4129705681040383
52852,2024-03-12 03:42:00,2025-08-09 01:11:00,1.409706061297437
52853,2024-03-12 08:03:00,2025-08-09 15:05:00,1.4107954977564834
52854,2024-03-11 05:10:00,2025-08-09 07:17:00,1.412972469389307
52855,2024-03-12 03:10:00,2025-08-08 21:29:00,1.4093448170963572
52856,2024-03-11 05:06:00,2025-08-09 07:13:00,1.412972469389307
52857,2024-03-12 02:59:00,2025-08-08 21:18:00,1.4093448170963572
52858,2024-03-11 14:32:00,2025-08-08 15:13:00,1.4100711080690547
52859,2024-03-12 02:54:00,2025-08-09 00:24:00,1.4097079625827058
52860,2024-03-11 03:14:00,2025-08-08 21:24:00,1.4120655563160696
52861,2024-03-11 15:21:00,2025-08-09 07:56:00,1.4118849342155297
52862,2024-03-11 04:33:00,2025-08-09 08:15:00,1.4131530914898471
52863,2024-03-12 04:13:00,2025-08-09 08:05:00,1.4104342535554035
52864,2024-03-12 04:19:00,2025-08-09 08:10:00,1.4104323522701345
52865,2024-03-12 03:57:00,2025-08-09 07:49:00,1.4104342535554035
52866,2024-03-12 04:08:00,2025-08-09 08:00:00,1.4104342535554035
52867,2024-03-12 03:47:00,2025-08-09 07:38:00,1.4104323522701345
52868,2024-03-12 04:03:00,2025-08-09 07:54:00,1.4104323522701345
52869,2024-03-11 03:47:00,2025-08-09 07:29:00,1.4131530914898471
52870,2024-03-12 03:52:00,2025-08-09 07:44:00,1.4104342535554035
52871,2024-03-11 03:31:00,2025-08-09 07:13:00,1.4131530914898471
52872,2024-03-12 03:28:00,2025-08-09 07:20:00,1.4104342535554035
52873,2024-03-12 03:11:00,2025-08-09 07:03:00,1.4104342535554035
52874,2024-03-12 03:27:00,2025-08-09 10:00:00,1.410740360483687
52875,2024-03-12 03:06:00,2025-08-09 06:57:00,1.4104323522701345
52876,2024-03-12 03:16:00,2025-08-09 07:08:00,1.4104342535554035
52877,2024-03-11 04:13:00,2025-08-08 20:48:00,1.4118849342155297
52878,2024-03-11 04:45:00,2025-08-09 06:52:00,1.412972469389307
52879,2024-03-12 03:48:00,2025-08-09 07:40:00,1.4104342535554035
52880,2024-03-11 13:35:00,2025-08-08 23:48:00,1.4111586432428322
52881,2024-03-12 03:18:00,2024-09-03 03:02:00,0.47909346718381624
52882,2024-03-12 03:50:00,2025-08-09 06:36:00,1.4103087687276599
52986,2024-03-11 08:38:00,2025-08-09 04:24:00,1.4122480797018784
52987,2024-03-11 09:35:00,2025-08-09 13:17:00,1.4131530914898471
52988,2024-03-12 02:02:00,2025-08-09 02:43:00,1.4100711080690547
52989,2024-03-11 09:30:00,2025-08-09 03:40:00,1.4120655563160696
52990,2024-03-11 09:25:00,2025-08-09 03:35:00,1.4120655563160696
52991,2024-03-11 09:19:00,2025-08-09 05:05:00,1.4122480797018784
52992,2024-03-12 02:45:00,2025-08-09 05:01:00,1.4102517301695947
52993,2024-03-11 19:35:00,2025-08-09 12:10:00,1.4118849342155297
52994,2024-03-11 19:30:00,2025-08-09 12:05:00,1.4118849342155297
52995,2024-03-11 09:47:00,2025-08-09 11:54:00,1.412972469389307
52996,2024-03-11 09:52:00,2025-08-09 04:41:00,1.4121397064415544
52997,2024-03-11 16:43:00,2025-01-22 20:00:00,0.8682732527188379
52998,2024-03-11 19:03:00,2025-08-09 05:17:00,1.411160544528101
52999,2024-03-11 18:53:00,2025-08-09 01:55:00,1.4107954977564834
53000,2024-03-11 19:14:00,2025-08-09 11:49:00,1.4118849342155297
53001,2024-03-11 18:48:00,2025-08-09 12:58:00,1.4120655563160696
53002,2024-03-11 09:37:00,2025-08-09 00:36:00,1.411702410829721
53003,2024-03-11 09:05:00,2025-08-09 12:47:00,1.4131530914898471
53004,2024-03-11 09:26:00,2025-08-09 05:11:00,1.4122461784166096
53005,2024-03-11 08:59:00,2025-08-09 12:42:00,1.413154992775116
53006,2024-03-11 09:10:00,2025-08-09 01:45:00,1.4118849342155297
53007,2024-03-11 08:49:00,2025-08-09 04:34:00,1.4122461784166096
53008,2024-03-12 02:23:00,2025-08-09 03:04:00,1.4100711080690547
53009,2024-03-11 08:29:00,2025-08-09 12:11:00,1.4131530914898471
53010,2024-03-11 08:08:00,2025-08-09 02:27:00,1.4120826678834892
53011,2024-03-11 08:24:00,2025-08-09 04:09:00,1.4122461784166096
53012,2024-03-11 19:51:00,2025-08-09 12:26:00,1.4118849342155297
53013,2024-03-11 19:21:00,2025-08-09 11:55:00,1.411883032930261
53014,2024-03-11 08:34:00,2025-08-09 12:17:00,1.413154992775116
53015,2024-03-11 08:02:00,2025-08-09 11:45:00,1.413154992775116
53016,2024-03-11 08:18:00,2025-08-09 12:01:00,1.413154992775116
53017,2024-03-11 09:33:00,2025-08-09 11:39:00,1.4129705681040383
53018,2024-03-11 18:22:00,2025-08-09 04:36:00,1.411160544528101
53019,2024-03-11 18:54:00,2025-08-09 00:21:00,1.4106148756559433
53020,2024-03-11 08:08:00,2025-08-09 03:53:00,1.4122461784166096
53021,2024-03-11 18:44:00,2024-12-18 12:48:00,0.7713970644155449
53022,2024-03-11 19:00:00,2025-08-09 17:56:00,1.4126093239029585
53023,2024-03-11 18:33:00,2025-08-09 01:35:00,1.4107954977564834
53024,2024-03-11 12:17:00,2025-08-09 17:34:00,1.4133337135903872
53025,2024-03-11 08:55:00,2025-08-09 01:30:00,1.4118849342155297
53026,2024-03-12 00:56:00,2025-08-09 01:37:00,1.4100711080690547
53027,2024-03-11 11:50:00,2025-08-09 01:14:00,1.4115217887291809
53029,2024-03-11 17:52:00,2025-08-09 02:30:00,1.4109780211422922
53030,2024-03-12 01:11:00,2025-08-09 17:45:00,1.411883032930261
53031,2024-03-11 06:28:00,2025-08-09 00:38:00,1.4120655563160696
53032,2024-03-12 02:14:00,2025-08-09 04:30:00,1.4102517301695947
53033,2024-03-11 17:41:00,2025-08-09 05:30:00,1.411341166628641
53034,2024-03-11 06:46:00,2025-08-09 10:28:00,1.4131530914898471
53035,2024-03-11 07:58:00,2025-08-09 00:33:00,1.4118849342155297
53036,2024-03-11 07:53:00,2025-08-09 17:57:00,1.4138793824625446
53037,2024-03-11 07:48:00,2025-08-09 17:52:00,1.4138793824625446
53038,2024-03-12 04:23:00,2025-08-09 17:46:00,1.411519887443912
53043,2024-03-12 00:34:00,2025-08-09 10:56:00,1.4111757548102517
53044,2024-03-12 00:29:00,2025-08-08 17:14:00,1.409166096281086
53045,2024-03-12 00:37:00,2025-08-09 06:10:00,1.4106262833675565
53046,2024-03-11 10:10:00,2025-08-09 06:07:00,1.4122689938398356
53047,2024-03-12 00:05:00,2025-08-09 05:38:00,1.4106262833675565
53048,2024-03-12 00:24:00,2025-08-09 10:45:00,1.411173853524983
53049,2024-03-11 09:49:00,2025-08-09 10:33:00,1.4128146627119933
53050,2024-03-11 17:57:00,2025-08-09 05:54:00,1.4113563769107917
53051,2024-03-11 09:52:00,2025-08-09 05:56:00,1.4122823028367175
53052,2024-03-12 00:18:00,2025-08-09 05:51:00,1.4106262833675565
53053,2024-03-11 17:43:00,2025-08-09 10:28:00,1.4119039470682182
53054,2024-03-12 00:15:00,2025-08-09 10:36:00,1.411173853524983
53055,2024-03-11 17:41:00,2025-08-09 10:25:00,1.4119020457829492
53056,2024-03-11 17:46:00,2025-08-09 10:31:00,1.4119039470682182
53057,2024-03-11 23:59:00,2025-08-08 23:08:00,1.4098961898243212
53058,2024-03-11 09:59:00,2025-08-09 05:59:00,1.4122746976956422
53059,2024-03-11 11:06:00,2025-08-08 23:03:00,1.4113563769107917
53060,2024-03-11 11:14:00,2025-08-09 10:23:00,1.4126340406114533
53061,2024-03-11 23:51:00,2025-08-08 18:12:00,1.4093486196668947
53062,2024-03-11 17:33:00,2025-08-09 10:18:00,1.4119039470682182
53063,2024-03-11 10:02:00,2025-08-09 05:59:00,1.4122689938398356
53064,2024-03-12 11:06:00,2025-08-08 23:03:00,1.4086185261236597
53065,2024-03-12 10:58:00,2025-08-09 06:55:00,1.4095311430527036
53066,2024-03-12 01:20:00,2025-08-09 12:00:00,1.4112099779450908
53067,2024-03-11 10:53:00,2025-06-06 01:34:00,1.2364457373184272
53068,2024-03-12 11:00:00,2025-08-09 06:58:00,1.4095330443379726
53069,2024-03-11 17:11:00,2025-08-09 06:44:00,1.4115389002966006
53070,2024-03-12 10:55:00,2025-08-09 06:52:00,1.4095311430527036
53071,2024-03-12 10:44:00,2025-08-09 06:42:00,1.4095330443379726
53072,2024-03-11 10:39:00,2025-08-09 11:25:00,1.412818465282531
53073,2024-03-11 17:09:00,2025-08-09 06:28:00,1.4115122823028368
53074,2024-03-11 17:14:00,2025-08-09 06:47:00,1.4115389002966006
53075,2024-03-11 17:06:00,2025-08-09 00:15:00,1.4108088067533653
53076,2024-03-12 10:39:00,2025-08-09 06:37:00,1.4095330443379726
53077,2024-03-12 00:55:00,2025-08-09 10:42:00,1.4111092098258422
53078,2024-03-11 10:37:00,2025-08-09 11:22:00,1.412816563997262
53079,2024-03-12 10:28:00,2025-08-09 00:02:00,1.4088029507947373
53080,2024-03-12 10:34:00,2025-08-09 11:19:00,1.41007871321013
53081,2024-03-12 10:34:00,2025-08-09 06:31:00,1.4095311430527036
53082,2024-03-12 00:50:00,2025-08-09 06:23:00,1.4106262833675565
53083,2024-03-12 10:07:00,2025-08-09 06:04:00,1.4095311430527036
53084,2024-03-12 10:23:00,2025-08-09 06:20:00,1.4095311430527036
53085,2024-03-12 10:15:00,2025-08-09 18:00:00,1.4108772530230436
53086,2024-03-11 16:45:00,2025-08-09 06:18:00,1.4115389002966006
53087,2024-03-12 10:18:00,2025-08-09 18:00:00,1.410871549167237
53088,2024-03-11 10:15:00,2025-08-09 06:12:00,1.4122689938398356
53132,2024-03-12 10:36:00,2025-08-09 08:06:00,1.4097079625827058
53133,2024-03-12 11:13:00,2024-12-29 21:30:00,0.8006255228534489
53134,2024-03-11 18:53:00,2025-08-09 08:17:00,1.4115217887291809
53135,2024-03-11 14:17:00,2025-08-09 08:27:00,1.4120655563160696
53136,2024-03-11 14:12:00,2025-08-09 08:22:00,1.4120655563160696
53137,2024-03-12 10:41:00,2025-08-09 09:47:00,1.4098904859685146
53138,2024-03-12 10:40:00,2025-08-09 09:45:00,1.4098885846832458
53139,2024-03-11 16:56:00,2025-08-09 07:56:00,1.4117043121149897
53140,2024-03-12 07:20:00,2025-08-09 08:01:00,1.4100711080690547
53141,2024-03-11 16:35:00,2025-08-09 10:45:00,1.4120655563160696
53142,2024-03-11 16:51:00,2025-08-09 07:46:00,1.4116948056886456
53143,2024-03-11 18:05:00,2025-08-09 07:29:00,1.4115217887291809
53144,2024-03-11 16:46:00,2025-08-09 07:45:00,1.411702410829721
53145,2024-03-12 11:24:00,2025-08-09 07:18:00,1.4095254391968972
53146,2024-03-11 16:40:00,2025-06-05 09:33:00,1.2339588561867822
53147,2024-03-12 11:19:00,2025-08-09 07:13:00,1.4095254391968972
53148,2024-03-12 03:49:00,2024-06-24 14:24:00,0.28594379800745306
53149,2024-03-12 10:23:00,2025-08-09 06:18:00,1.409527340482166
53150,2024-03-11 14:13:00,2025-08-09 09:59:00,1.4122480797018784
53151,2024-03-12 10:37:00,2025-08-09 06:32:00,1.409527340482166
53152,2024-03-12 10:48:00,2025-08-09 09:53:00,1.4098885846832458
53153,2024-03-12 10:32:00,2025-08-09 06:27:00,1.409527340482166
53154,2024-03-12 10:43:00,2025-08-09 09:48:00,1.4098885846832458
53155,2024-03-11 16:52:00,2025-08-09 06:16:00,1.4115217887291809
53156,2024-03-11 16:36:00,2025-08-09 09:11:00,1.4118849342155297
53157,2024-03-11 16:42:00,2025-08-07 23:06:00,1.4079853981291353
53158,2024-03-11 13:47:00,2025-08-09 06:22:00,1.4118849342155297
53159,2024-03-12 10:00:00,2025-08-09 09:06:00,1.4098904859685146
53160,2024-03-12 10:16:00,2025-08-09 07:46:00,1.4097079625827058
53161,2024-03-12 12:55:00,2025-08-09 07:14:00,1.4093448170963572
53162,2024-03-12 10:07:00,2025-08-09 07:37:00,1.4097079625827058
53163,2024-03-12 11:31:00,2025-08-09 09:01:00,1.4097079625827058
53164,2024-03-12 11:25:00,2025-08-09 16:52:00,1.4106148756559433
53165,2024-03-12 11:04:00,2025-08-09 16:31:00,1.4106148756559433
53166,2024-03-12 12:50:00,2025-08-09 06:55:00,1.4093181991025934
53167,2024-03-12 11:30:00,2025-08-09 15:21:00,1.4104323522701345
53168,2024-03-12 12:45:00,2025-08-09 16:36:00,1.4104323522701345
53169,2024-03-12 12:33:00,2025-08-09 16:25:00,1.4104342535554035
53170,2024-03-12 10:14:00,2025-08-09 09:20:00,1.4098904859685146
53171,2024-03-12 11:13:00,2025-08-09 15:05:00,1.4104342535554035
53172,2024-03-12 10:04:00,2025-08-09 09:09:00,1.4098885846832458
53173,2024-03-12 10:33:00,2025-08-09 04:52:00,1.4093448170963572
53174,2024-03-12 11:04:00,2025-08-09 10:09:00,1.4098885846832458
53175,2024-03-12 11:08:00,2025-08-09 07:03:00,1.409527340482166
53176,2024-03-12 12:49:00,2025-08-09 08:44:00,1.409527340482166
53177,2024-03-12 10:22:00,2025-08-09 04:41:00,1.4093448170963572
53178,2024-03-11 14:19:00,2025-08-09 06:53:00,1.411883032930261
53179,2024-03-12 09:13:00,2025-08-09 14:40:00,1.4106148756559433
53180,2024-03-12 11:25:00,2025-08-09 04:09:00,1.4091641949958171
53181,2024-03-12 03:18:00,2025-05-17 13:02:00,1.1811240398509393
53182,2024-03-12 11:52:00,2025-08-09 04:36:00,1.4091641949958171
53183,2024-03-12 10:29:00,2025-08-09 14:20:00,1.4104323522701345
53184,2024-03-12 04:21:00,2025-08-09 06:37:00,1.4102517301695947
53189,2024-03-11 08:50:00,2025-08-09 09:34:00,1.4128146627119933
53190,2024-03-12 03:05:00,2025-08-09 10:14:00,1.4108088067533653
53191,2024-03-12 03:45:00,2025-08-09 15:42:00,1.4113563769107917
53192,2024-03-12 02:06:00,2025-08-09 09:15:00,1.4108088067533653
53193,2024-03-12 02:14:00,2025-08-09 15:47:00,1.4115389002966006
53194,2024-03-12 03:48:00,2025-08-09 15:45:00,1.4113563769107917
53195,2024-03-12 03:29:00,2025-08-09 18:00:00,1.4116491748421933
53196,2024-03-12 09:56:00,2025-08-09 18:00:00,1.4109133774431515
53197,2024-03-11 01:59:00,2025-08-09 15:31:00,1.4142748497984639
53198,2024-03-11 02:04:00,2025-08-09 06:01:00,1.4131816107688797
53199,2024-03-12 03:37:00,2025-08-09 05:58:00,1.4102612365959388
53200,2024-03-12 01:56:00,2025-08-09 15:29:00,1.4115389002966006
53201,2024-03-12 03:19:00,2025-08-09 15:15:00,1.411354475625523
53202,2024-03-12 03:26:00,2025-08-09 05:47:00,1.4102612365959388
53203,2024-03-12 09:45:00,2025-08-09 07:18:00,1.4097136664385124
53204,2024-03-12 03:27:00,2025-08-09 10:36:00,1.4108088067533653
53205,2024-03-12 03:16:00,2025-08-09 05:37:00,1.4102612365959388
53206,2024-03-11 09:24:00,2025-08-09 10:09:00,1.412816563997262
53207,2024-03-11 14:25:00,2025-08-09 10:22:00,1.4122689938398356
53208,2024-03-12 03:24:00,2025-08-09 10:33:00,1.4108088067533653
53209,2024-03-11 09:35:00,2025-08-09 15:08:00,1.4133641341546885
53210,2024-03-12 03:18:00,2025-08-09 05:39:00,1.4102612365959388
53211,2024-03-12 09:27:00,2025-06-04 06:53:00,1.2290022054909118
53212,2024-03-12 03:10:00,2025-08-08 15:08:00,1.4086204274089285
53213,2024-03-12 09:21:00,2025-08-09 10:06:00,1.41007871321013
53214,2024-03-12 09:32:00,2025-08-09 05:29:00,1.4095311430527036
53215,2024-03-12 09:18:00,2025-08-09 05:15:00,1.4095311430527036
53216,2024-03-11 09:27:00,2025-08-09 10:11:00,1.4128146627119933
53217,2024-03-12 02:38:00,2025-06-02 03:47:00,1.2239504905315994
53218,2024-03-12 02:41:00,2025-08-09 06:38:00,1.4104437599817476
53219,2024-03-12 02:44:00,2025-08-09 09:53:00,1.4108088067533653
53220,2024-03-11 09:16:00,2025-08-09 10:01:00,1.412816563997262
53221,2024-03-12 09:05:00,2025-08-09 06:38:00,1.4097136664385124
53222,2024-03-12 09:13:00,2025-04-12 02:23:00,1.083409384744087
53223,2024-03-12 02:49:00,2025-03-10 14:16:00,0.995146018708647
53224,2024-03-12 02:46:00,2025-08-09 09:55:00,1.4108088067533653
53225,2024-03-11 20:09:00,2025-08-09 09:42:00,1.4115389002966006
53226,2024-03-12 02:30:00,2025-08-09 09:39:00,1.4108088067533653
53227,2024-03-12 08:41:00,2025-08-09 06:14:00,1.4097136664385124
53228,2024-03-11 20:12:00,2025-08-09 14:33:00,1.412086470454027
53229,2024-03-11 13:40:00,2025-08-09 09:37:00,1.4122689938398356
53230,2024-03-12 02:33:00,2025-08-09 09:47:00,1.4108183131797094
53231,2024-03-12 02:22:00,2025-08-09 06:19:00,1.4104437599817476
53232,2024-03-12 02:25:00,2025-08-09 06:22:00,1.4104437599817476
53233,2024-03-11 18:17:00,2025-08-09 06:14:00,1.4113563769107917
53234,2024-03-11 18:20:00,2025-08-09 06:17:00,1.4113563769107917
53242,2024-03-11 16:24:00,2025-08-09 08:58:00,1.411883032930261
53243,2024-03-12 09:13:00,2025-08-09 09:53:00,1.4100692067837859
53244,2024-03-12 09:50:00,2025-08-09 12:06:00,1.4102517301695947
53245,2024-03-12 13:00:00,2024-04-03 10:00:00,0.05989048596851471
53246,2024-03-11 19:26:00,2025-08-09 12:01:00,1.4118849342155297
53247,2024-03-12 08:39:00,2025-08-09 09:20:00,1.4100711080690547
53248,2024-03-11 18:05:00,2025-08-09 07:28:00,1.411519887443912
53249,2024-03-11 18:09:00,2025-08-09 09:08:00,1.411702410829721
53250,2024-03-11 02:19:00,2025-08-09 09:12:00,1.413516236976196
53251,2024-03-11 17:57:00,2025-08-09 12:07:00,1.4120655563160696
53252,2024-03-12 08:21:00,2025-08-09 07:26:00,1.4098885846832458
53253,2024-03-11 19:27:00,2025-08-09 08:51:00,1.4115217887291809
53254,2024-03-11 18:04:00,2025-08-09 07:28:00,1.4115217887291809
53255,2024-03-12 08:00:00,2025-08-09 08:41:00,1.4100711080690547
53256,2024-03-12 08:05:00,2025-08-09 08:46:00,1.4100711080690547
53257,2024-03-11 19:01:00,2025-08-09 08:25:00,1.4115217887291809
53258,2024-03-11 01:42:00,2025-08-09 08:35:00,1.413516236976196
53259,2024-03-11 18:08:00,2025-08-09 09:07:00,1.411702410829721
53260,2024-03-11 19:06:00,2025-06-04 10:54:00,1.2310974218571755
53261,2024-03-11 18:45:00,2025-08-09 08:09:00,1.4115217887291809
53262,2024-03-12 09:14:00,2025-08-09 08:19:00,1.4098885846832458
53263,2024-03-11 18:40:00,2025-08-09 09:39:00,1.411702410829721
53264,2024-03-11 18:50:00,2025-08-09 08:14:00,1.4115217887291809
53265,2024-03-12 08:48:00,2025-08-09 09:28:00,1.4100692067837859
53266,2024-03-12 08:53:00,2025-08-09 09:34:00,1.4100711080690547
53267,2024-03-12 08:37:00,2025-08-09 10:53:00,1.4102517301695947
53268,2024-03-12 08:42:00,2025-08-09 09:23:00,1.4100711080690547
53269,2024-03-11 14:58:00,2025-08-09 10:44:00,1.4122480797018784
53271,2024-03-12 13:00:00,2024-06-27 15:59:00,0.2932903642862575
53272,2024-03-12 08:33:00,2025-08-09 07:38:00,1.4098885846832458
53273,2024-03-12 11:17:00,2025-08-09 08:47:00,1.4097079625827058
53274,2024-03-12 11:33:00,2025-08-09 07:28:00,1.409527340482166
53275,2024-03-11 17:43:00,2025-08-09 10:17:00,1.411883032930261
53276,2024-03-12 11:23:00,2025-08-09 10:28:00,1.4098885846832458
53277,2024-03-12 07:51:00,2025-08-09 10:07:00,1.4102517301695947
53278,2024-03-12 07:56:00,2025-08-09 08:37:00,1.4100711080690547
53280,2024-03-11 12:33:00,2025-08-09 05:08:00,1.4118849342155297
53281,2024-03-11 17:16:00,2024-12-26 22:53:00,0.7946174614039091
53282,2024-03-11 17:27:00,2025-08-09 08:26:00,1.411702410829721
53283,2024-03-11 18:46:00,2025-08-09 08:10:00,1.4115217887291809
53284,2024-03-11 17:21:00,2024-12-29 08:58:00,0.8012339341394783
53285,2024-03-11 18:30:00,2025-08-09 07:54:00,1.4115217887291809
53286,2024-03-12 11:28:00,2025-08-09 07:22:00,1.4095254391968972
53287,2024-03-12 08:38:00,2025-08-09 07:44:00,1.4098904859685146
53288,2024-03-11 18:36:00,2025-08-09 08:00:00,1.4115217887291809
53289,2024-03-11 17:46:00,2025-08-09 08:45:00,1.411702410829721
53290,2024-03-11 18:25:00,2025-08-09 07:49:00,1.4115217887291809
53291,2024-03-12 07:17:00,2025-08-09 07:58:00,1.4100711080690547
53292,2024-03-12 08:59:00,2025-08-09 08:05:00,1.4098904859685146
53293,2024-03-12 11:03:00,2025-08-09 06:57:00,1.4095254391968972
53294,2024-03-12 11:29:00,2025-08-09 10:35:00,1.4098904859685146
53388,2024-03-12 04:00:00,2025-08-09 04:41:00,1.4100711080690547
53389,2024-03-12 10:11:00,2025-08-09 04:30:00,1.4093448170963572
53390,2024-03-12 03:55:00,2025-08-09 04:36:00,1.4100711080690547
53391,2024-03-11 13:26:00,2025-08-09 07:36:00,1.4120655563160696
53392,2024-03-12 09:55:00,2025-08-09 07:25:00,1.4097079625827058
53393,2024-03-12 10:00:00,2025-08-09 13:52:00,1.4104342535554035
53394,2024-03-12 10:18:00,2025-08-09 06:12:00,1.4095254391968972
53395,2024-03-12 11:27:00,2025-08-09 07:21:00,1.4095254391968972
53396,2024-03-11 11:13:00,2025-08-09 03:48:00,1.4118849342155297
53397,2024-03-12 09:45:00,2025-08-09 04:04:00,1.4093448170963572
53398,2024-03-12 10:53:00,2025-08-09 03:37:00,1.4091641949958171
53399,2024-03-12 11:09:00,2025-08-09 07:04:00,1.409527340482166
53400,2024-03-12 04:16:00,2025-08-09 04:57:00,1.4100711080690547
53401,2024-03-12 04:37:00,2025-08-09 06:53:00,1.4102517301695947
53402,2024-03-12 10:32:00,2025-08-09 14:24:00,1.4104342535554035
53403,2024-03-12 03:40:00,2025-08-09 04:21:00,1.4100711080690547
53404,2024-03-11 13:28:00,2025-08-09 04:28:00,1.4117043121149897
53405,2024-03-12 10:27:00,2025-08-09 04:46:00,1.4093448170963572
53406,2024-03-12 09:51:00,2025-08-09 13:43:00,1.4104342535554035
53407,2024-03-12 11:38:00,2025-08-09 02:51:00,1.4089911780363527
53408,2024-03-11 13:27:00,2025-08-09 04:26:00,1.411702410829721
53409,2024-03-12 11:33:00,2025-08-09 02:42:00,1.4089835728952773
53410,2024-03-11 10:11:00,2025-08-09 04:21:00,1.4120655563160696
53411,2024-03-11 10:22:00,2025-08-09 14:04:00,1.4131530914898471
53412,2024-03-11 09:55:00,2025-08-09 13:37:00,1.4131530914898471
53413,2024-03-12 09:56:00,2025-08-09 13:48:00,1.4104342535554035
53414,2024-03-12 09:41:00,2025-08-09 13:32:00,1.4104323522701345
53415,2024-03-12 11:11:00,2025-08-09 03:54:00,1.4091622937105484
53416,2024-03-11 10:59:00,2025-08-09 06:44:00,1.4122461784166096
53417,2024-03-12 11:05:00,2025-08-09 13:21:00,1.4102517301695947
53418,2024-03-12 11:44:00,2025-08-09 12:24:00,1.4100692067837859
53419,2024-03-12 03:03:00,2025-08-09 03:44:00,1.4100711080690547
53420,2024-03-12 10:44:00,2025-08-09 06:39:00,1.409527340482166
53421,2024-03-12 02:58:00,2025-08-09 03:39:00,1.4100711080690547
53422,2024-03-12 10:34:00,2025-08-09 06:28:00,1.4095254391968972
53423,2024-03-11 11:00:00,2025-08-09 06:45:00,1.4122461784166096
53424,2024-03-11 10:32:00,2025-08-09 03:07:00,1.4118849342155297
53425,2024-03-12 04:17:00,2025-08-09 03:23:00,1.4098904859685146
53426,2024-03-12 03:31:00,2025-08-09 02:36:00,1.4098885846832458
53427,2024-03-11 20:10:00,2025-03-14 06:34:00,1.0059776408852383
53428,2024-03-12 08:06:00,2024-12-29 04:24:00,0.7990303445128907
53429,2024-03-12 09:47:00,2025-08-09 05:42:00,1.409527340482166
53430,2024-03-12 03:15:00,2025-08-09 02:20:00,1.4098885846832458
53431,2024-03-12 11:49:00,2025-08-09 12:30:00,1.4100711080690547
53432,2024-03-12 02:38:00,2025-08-09 12:51:00,1.4111586432428322
53433,2024-03-12 09:31:00,2025-08-09 05:26:00,1.409527340482166
53434,2024-03-12 12:05:00,2025-08-09 12:46:00,1.4100711080690547
53435,2024-03-11 10:49:00,2025-08-09 12:56:00,1.412972469389307
53436,2024-03-12 02:27:00,2025-08-09 12:40:00,1.4111586432428322
53438,2024-03-12 11:54:00,2025-08-09 12:35:00,1.4100711080690547
53439,2024-03-12 09:01:00,2025-08-09 03:20:00,1.4093448170963572
53465,2024-03-12 04:12:00,2025-08-09 09:45:00,1.4106262833675565
53466,2024-03-12 05:48:00,2025-08-09 09:45:00,1.4104437599817476
53467,2024-03-12 07:19:00,2025-08-09 09:40:00,1.4102612365959388
53468,2024-03-12 04:07:00,2025-08-09 09:40:00,1.4106262833675565
53469,2024-03-12 07:13:00,2025-08-09 14:22:00,1.4108088067533653
53470,2024-03-11 13:40:00,2025-08-09 09:37:00,1.4122689938398356
53471,2024-03-12 07:08:00,2025-08-09 14:17:00,1.4108088067533653
53472,2024-03-12 03:59:00,2025-08-09 09:32:00,1.4106262833675565
53473,2024-03-11 13:27:00,2025-08-09 09:24:00,1.4122689938398356
53474,2024-03-12 06:52:00,2025-08-09 14:01:00,1.4108088067533653
53475,2024-03-11 13:24:00,2025-08-09 14:09:00,1.412816563997262
53476,2024-03-12 07:05:00,2025-08-09 14:14:00,1.4108088067533653
53477,2024-03-12 07:03:00,2025-08-09 09:42:00,1.410295459730778
53478,2024-03-11 13:19:00,2025-08-09 09:16:00,1.4122689938398356
53479,2024-03-11 13:16:00,2025-08-09 14:01:00,1.412816563997262
53480,2024-03-11 18:10:00,2025-08-09 14:06:00,1.4122670925545668
53481,2024-03-11 13:14:00,2025-08-09 13:58:00,1.4128146627119933
53482,2024-03-11 20:57:00,2025-08-09 13:42:00,1.4119039470682182
53483,2024-03-11 17:43:00,2025-08-09 10:00:00,1.4118507110806906
53484,2024-03-12 06:47:00,2025-08-09 17:08:00,1.411173853524983
53485,2024-03-12 06:39:00,2025-08-09 07:24:00,1.41007871321013
53486,2024-03-12 06:44:00,2025-08-09 07:29:00,1.41007871321013
53487,2024-03-12 06:44:00,2025-08-09 07:29:00,1.41007871321013
53488,2024-03-12 06:41:00,2025-08-09 13:50:00,1.4108088067533653
53489,2024-03-12 06:42:00,2025-08-09 13:51:00,1.4108088067533653
53490,2024-03-11 13:00:00,2025-08-09 13:43:00,1.4128127614267245
53491,2024-03-12 12:44:00,2025-08-09 10:00:00,1.4096813445889422
53492,2024-03-11 12:52:00,2025-08-09 08:49:00,1.4122689938398356
53493,2024-03-11 17:37:00,2025-08-09 13:45:00,1.412289907977793
53494,2024-03-12 12:55:00,2025-08-09 13:40:00,1.41007871321013
53495,2024-03-11 17:30:00,2025-08-09 08:38:00,1.4117195223971404
53496,2024-03-12 12:47:00,2025-08-09 18:00:00,1.4105882576621795
53497,2024-03-12 06:12:00,2025-08-09 13:21:00,1.4108088067533653
53498,2024-03-12 06:12:00,2025-08-09 13:21:00,1.4108088067533653
53499,2024-03-11 17:32:00,2025-08-09 10:00:00,1.4118716252186478
53500,2024-03-11 12:39:00,2025-08-09 10:12:00,1.4124515172256444
53501,2024-03-12 06:01:00,2025-08-09 13:10:00,1.4108088067533653
53502,2024-03-12 04:33:00,2025-08-09 13:18:00,1.410991330139174
53503,2024-03-12 06:10:00,2025-08-09 18:00:00,1.4113430679139098
53504,2024-03-12 04:31:00,2025-08-09 10:04:00,1.4106262833675565
53505,2024-03-12 04:20:00,2025-08-09 13:05:00,1.410991330139174
53506,2024-03-12 04:28:00,2025-08-09 13:13:00,1.410991330139174
53507,2024-03-12 04:17:00,2025-05-23 08:46:00,1.1969522397140466
53508,2024-03-12 04:23:00,2025-08-09 13:08:00,1.410991330139174
53509,2024-03-12 04:15:00,2025-08-09 09:48:00,1.4106262833675565
53510,2024-03-12 04:09:00,2025-04-13 20:18:00,1.088769107916952
53527,2024-03-12 08:26:00,2025-08-09 16:05:00,1.4108658453114304
53528,2024-03-11 18:13:00,2025-08-09 01:15:00,1.4107954977564834
53529,2024-03-12 00:24:00,2025-08-09 01:05:00,1.4100711080690547
53530,2024-03-11 08:51:00,2025-08-09 01:26:00,1.4118849342155297
53531,2024-03-12 09:51:00,2025-08-09 16:53:00,1.4107954977564834
53532,2024-03-12 07:28:00,2025-08-09 01:47:00,1.4093448170963572
53533,2024-03-12 04:12:00,2025-08-09 01:42:00,1.4097079625827058
53534,2024-03-11 17:47:00,2025-01-12 08:27:00,0.8394554718990037
53535,2024-03-11 18:34:00,2025-08-09 17:31:00,1.4126112251882272
53536,2024-03-12 03:31:00,2025-08-09 10:33:00,1.4107954977564834
53537,2024-03-12 04:08:00,2025-08-09 03:13:00,1.4098885846832458
53538,2024-03-12 03:36:00,2025-08-09 10:39:00,1.4107973990417522
53539,2024-03-11 18:29:00,2025-08-09 01:31:00,1.4107954977564834
53540,2024-03-12 12:17:00,2025-08-09 03:25:00,1.4089816716100083
53541,2024-03-12 00:40:00,2025-08-09 01:21:00,1.4100711080690547
53542,2024-03-11 17:48:00,2025-08-09 16:44:00,1.4126093239029585
53543,2024-03-12 06:52:00,2025-08-09 10:44:00,1.4104342535554035
53544,2024-03-11 17:37:00,2025-08-09 10:12:00,1.4118849342155297
53545,2024-03-12 09:47:00,2025-08-09 16:49:00,1.4107954977564834
53546,2024-03-12 03:32:00,2025-08-09 16:56:00,1.4115217887291809
53547,2024-03-12 06:26:00,2025-08-09 10:17:00,1.4104323522701345
53548,2024-03-12 09:15:00,2025-08-09 09:56:00,1.4100711080690547
53549,2024-03-12 09:26:00,2024-08-28 04:03:00,0.46208266788348923
53550,2024-03-12 04:24:00,2025-08-09 16:12:00,1.411339265343372
53551,2024-03-12 09:21:00,2025-08-09 10:01:00,1.4100692067837859
53552,2024-03-12 07:24:00,2025-08-09 01:43:00,1.4093448170963572
53553,2024-03-12 07:13:00,2025-08-09 17:27:00,1.411160544528101
53554,2024-03-12 04:04:00,2025-08-08 23:59:00,1.409527340482166
53555,2024-03-12 04:19:00,2025-08-09 00:13:00,1.4095254391968972
53556,2024-03-12 03:52:00,2025-08-09 02:57:00,1.4098885846832458
53557,2024-03-12 04:08:00,2025-08-09 17:32:00,1.4115217887291809
53558,2024-03-12 08:42:00,2025-08-09 03:01:00,1.4093448170963572
53559,2024-03-12 03:57:00,2025-08-09 17:21:00,1.4115217887291809
53560,2024-03-12 03:22:00,2025-08-09 16:46:00,1.4115217887291809
53561,2024-03-12 03:47:00,2025-08-09 02:52:00,1.4098885846832458
53562,2024-03-12 03:16:00,2025-08-09 16:40:00,1.4115217887291809
53563,2024-03-12 03:27:00,2025-08-09 16:51:00,1.4115217887291809
53564,2024-03-12 03:06:00,2025-08-09 10:08:00,1.4107954977564834
53565,2024-03-12 03:18:00,2025-08-09 16:42:00,1.4115217887291809
53566,2024-03-12 02:55:00,2025-08-09 02:01:00,1.4098904859685146
53567,2024-03-12 03:11:00,2025-08-09 16:35:00,1.4115217887291809
53568,2024-03-11 17:07:00,2025-08-09 16:03:00,1.4126093239029585
53569,2024-03-12 03:00:00,2025-08-09 00:30:00,1.4097079625827058
53570,2024-03-12 04:20:00,2025-08-09 09:47:00,1.4106148756559433
53571,2024-03-12 04:25:00,2025-08-09 09:52:00,1.4106148756559433
53572,2024-03-12 03:48:00,2025-08-09 17:12:00,1.4115217887291809
53573,2024-03-12 08:55:00,2025-08-09 15:58:00,1.4107973990417522
53574,2024-03-12 08:40:00,2025-08-09 09:20:00,1.4100692067837859
53575,2024-03-12 04:04:00,2025-08-09 01:34:00,1.4097079625827058
53576,2024-03-12 05:41:00,2025-08-08 04:55:00,1.4071678454635332
53577,2024-03-12 08:45:00,2025-08-09 01:29:00,1.4091641949958171
53578,2024-03-12 08:29:00,2025-08-09 09:10:00,1.4100711080690547
53579,2024-03-12 03:37:00,2025-08-09 02:43:00,1.4098904859685146
53588,2024-03-12 11:31:00,2025-08-09 12:11:00,1.4100692067837859
53589,2024-03-12 12:39:00,2025-08-09 10:09:00,1.4097079625827058
53590,2024-03-11 21:07:00,2025-08-09 10:31:00,1.4115217887291809
53591,2024-03-11 21:01:00,2025-08-09 08:50:00,1.411341166628641
53592,2024-03-11 22:33:00,2025-08-09 10:21:00,1.411339265343372
53593,2024-03-10 22:35:00,2025-07-09 17:32:00,1.3300193931097422
53594,2024-03-11 19:00:00,2025-08-09 14:45:00,1.4122461784166096
53595,2024-03-12 10:59:00,2025-08-09 14:50:00,1.4104323522701345
53596,2024-03-11 18:43:00,2025-06-14 04:12:00,1.2577553426116055
53597,2024-03-12 12:23:00,2024-11-10 14:38:00,0.6655544147843943
53598,2024-03-12 11:57:00,2025-08-09 14:13:00,1.4102517301695947
53600,2024-03-12 11:53:00,2025-08-09 12:34:00,1.4100711080690547
53601,2024-03-11 18:44:00,2025-08-09 09:43:00,1.411702410829721
53602,2024-03-11 12:31:00,2025-08-09 11:27:00,1.4126093239029585
53603,2024-03-11 20:59:00,2025-08-09 15:09:00,1.4120655563160696
53604,2024-03-12 12:11:00,2025-08-09 11:16:00,1.4098885846832458
53605,2024-03-12 12:02:00,2025-08-09 14:18:00,1.4102517301695947
53606,2024-03-13 04:40:00,2025-08-09 10:16:00,1.407894136436231
53607,2024-03-11 12:47:00,2025-08-09 10:07:00,1.4124268005171496
53608,2024-03-11 17:52:00,2025-08-09 08:51:00,1.411702410829721
53609,2024-03-11 18:20:00,2025-08-09 14:06:00,1.4122480797018784
53610,2024-03-11 20:54:00,2025-08-09 11:53:00,1.411702410829721
53611,2024-03-11 04:51:00,2025-08-09 10:44:00,1.4134021598600655
53612,2024-03-12 11:05:00,2025-08-09 11:46:00,1.4100711080690547
53613,2024-03-11 17:47:00,2025-08-09 13:32:00,1.4122461784166096
53616,2024-03-11 17:32:00,2025-08-09 13:17:00,1.4122461784166096
53617,2024-03-11 20:42:00,2025-01-03 17:28:00,0.8155106852232109
53618,2024-03-11 20:26:00,2025-04-14 08:35:00,1.091050650239562
53619,2024-03-11 20:36:00,2025-08-09 14:46:00,1.4120655563160696
53620,2024-03-12 10:33:00,2025-08-09 11:14:00,1.4100711080690547
53621,2024-03-11 04:37:00,2025-08-09 09:55:00,1.413335614875656
53622,2024-03-12 11:37:00,2025-08-09 10:42:00,1.4098885846832458
53623,2024-03-11 12:23:00,2025-08-09 11:20:00,1.4126112251882272
53624,2024-03-12 11:58:00,2025-08-09 11:04:00,1.4098904859685146
53625,2024-03-11 18:34:00,2024-12-31 13:12:00,0.8070537683474028
53626,2024-03-11 21:24:00,2025-08-09 10:48:00,1.4115217887291809
53627,2024-03-11 18:24:00,2025-08-09 14:09:00,1.4122461784166096
53628,2024-03-12 11:32:00,2025-08-09 09:02:00,1.4097079625827058
53629,2024-03-11 21:29:00,2025-08-09 10:53:00,1.4115217887291809
53630,2024-03-11 04:50:00,2025-08-09 08:33:00,1.413154992775116
53631,2024-03-12 11:26:00,2025-08-09 08:56:00,1.4097079625827058
53632,2024-03-11 17:22:00,2025-08-09 09:56:00,1.411883032930261
53633,2024-03-11 20:38:00,2025-08-09 10:01:00,1.411519887443912
53634,2024-03-12 10:40:00,2025-08-09 12:56:00,1.4102517301695947
53635,2024-03-12 10:45:00,2025-08-09 09:51:00,1.4098904859685146
53636,2024-03-11 20:11:00,2025-08-09 11:10:00,1.411702410829721
53637,2024-03-11 17:49:00,2025-08-09 10:24:00,1.4118849342155297
53638,2024-03-12 10:03:00,2025-08-09 10:44:00,1.4100711080690547
53639,2024-03-12 10:24:00,2025-08-09 11:05:00,1.4100711080690547
53640,2024-03-11 20:00:00,2025-08-09 11:00:00,1.4117043121149897
53641,2024-03-12 10:35:00,2025-08-09 09:40:00,1.4098885846832458
53700,2024-03-11 18:22:00,2025-08-09 15:43:00,1.4124287018024184
53701,2024-03-12 11:46:00,2025-08-09 12:27:00,1.4100711080690547
53702,2024-03-11 20:29:00,2025-08-09 13:04:00,1.4118849342155297
53703,2024-03-12 12:08:00,2025-08-09 09:38:00,1.4097079625827058
53704,2024-03-12 11:41:00,2025-08-09 12:22:00,1.4100711080690547
53705,2024-03-11 21:17:00,2025-08-09 05:55:00,1.4109780211422922
53706,2024-03-11 22:32:00,2025-08-09 10:20:00,1.411339265343372
53707,2024-03-12 11:03:00,2025-08-09 10:09:00,1.4098904859685146
53708,2024-03-12 10:42:00,2025-08-09 11:23:00,1.4100711080690547
53709,2024-03-12 11:59:00,2025-08-09 15:50:00,1.4104323522701345
53711,2024-03-12 12:15:00,2025-08-09 14:31:00,1.4102517301695947
53712,2024-03-11 21:19:00,2025-08-09 15:29:00,1.4120655563160696
53713,2024-03-12 11:50:00,2025-08-09 18:00:00,1.4106966309225035
53714,2024-03-11 20:13:00,2025-01-01 22:32:00,0.810668111643471
53715,2024-03-12 12:06:00,2025-08-09 12:47:00,1.4100711080690547
53716,2024-03-11 20:07:00,2025-08-09 12:42:00,1.4118849342155297
53718,2024-03-11 19:53:00,2025-08-08 23:44:00,1.4104323522701345
53719,2024-03-11 19:55:00,2025-08-09 09:19:00,1.4115217887291809
53720,2024-03-11 12:21:00,2025-08-09 16:03:00,1.4131530914898471
53721,2024-03-12 12:22:00,2025-08-09 14:38:00,1.4102517301695947
53722,2024-03-11 19:04:00,2025-08-09 10:03:00,1.411702410829721
53723,2024-03-12 11:56:00,2025-08-09 09:26:00,1.4097079625827058
53724,2024-03-11 06:04:00,2025-08-09 12:58:00,1.4135181382614648
53726,2024-03-12 12:27:00,2025-08-09 14:44:00,1.4102536314548635
53727,2024-03-11 12:53:00,2025-08-09 10:13:00,1.4124268005171496
53728,2024-03-12 06:16:00,2025-08-09 10:08:00,1.4104342535554035
53729,2024-03-10 19:39:00,2025-08-09 05:43:00,1.4138793824625446
53730,2024-03-11 19:19:00,2025-08-09 15:05:00,1.4122480797018784
53731,2024-03-11 19:35:00,2025-08-09 15:21:00,1.4122480797018784
53732,2024-03-11 06:43:00,2025-08-09 12:01:00,1.413335614875656
53733,2024-03-11 19:46:00,2025-08-09 12:21:00,1.4118849342155297
53734,2024-03-11 19:25:00,2025-08-09 15:10:00,1.4122461784166096
53735,2024-03-11 20:27:00,2025-08-09 09:51:00,1.4115217887291809
53736,2024-03-11 19:41:00,2025-08-08 23:32:00,1.4104323522701345
53737,2024-03-12 12:26:00,2025-08-09 18:00:00,1.4106281846528252
53738,2024-03-11 20:22:00,2025-08-09 16:07:00,1.4122461784166096
53740,2024-03-11 23:48:00,2025-08-09 16:23:00,1.4118849342155297
53741,2024-03-12 12:00:00,2025-08-03 01:59:00,1.3924233782036657
53742,2024-03-12 06:15:00,2025-08-09 16:28:00,1.4111586432428322
53743,2024-03-11 06:46:00,2025-08-09 13:39:00,1.413516236976196
53744,2024-03-11 20:00:00,2025-08-09 15:46:00,1.4122480797018784
53745,2024-03-12 06:42:00,2025-08-09 15:19:00,1.4109761198570234
53746,2024-03-12 00:10:00,2025-08-09 13:33:00,1.411519887443912
53748,2024-03-11 06:53:00,2025-02-07 07:19:00,0.9117537455319796
53749,2024-03-12 06:45:00,2025-04-23 05:29:00,1.1141607726823333
53750,2024-03-11 13:28:00,2025-08-08 15:39:00,1.4102422237432504
53773,2024-03-12 07:27:00,2025-08-09 14:29:00,1.4107954977564834
53774,2024-03-11 01:09:00,2025-08-09 14:24:00,1.4142425279488935
53775,2024-03-12 00:08:00,2025-08-09 16:43:00,1.4118849342155297
53776,2024-03-11 20:50:00,2025-07-24 22:48:00,1.3691497452277739
53777,2024-03-11 08:04:00,2025-08-09 07:00:00,1.4126093239029585
53778,2024-03-12 00:37:00,2025-08-09 17:11:00,1.411883032930261
53779,2024-03-11 20:42:00,2025-08-09 16:27:00,1.4122461784166096
53780,2024-03-11 20:52:00,2025-08-08 19:58:00,1.4098904859685146
53781,2024-03-12 10:44:00,2025-08-09 16:11:00,1.4106148756559433
53782,2024-03-11 23:47:00,2025-08-09 00:28:00,1.4100711080690547
53783,2024-03-11 07:32:00,2025-08-09 14:25:00,1.413516236976196
53784,2024-03-11 20:31:00,2025-08-09 16:16:00,1.4122461784166096
53786,2024-03-12 06:43:00,2025-08-09 06:00:00,1.4099114001064719
53787,2024-03-12 07:12:00,2025-08-09 07:53:00,1.4100711080690547
53789,2024-03-11 15:02:00,2025-08-09 13:59:00,1.4126112251882272
53790,2024-03-11 07:27:00,2025-08-09 07:58:00,1.4127899460034983
53792,2024-03-12 07:07:00,2025-08-09 17:00:00,1.4111206175374553
53793,2024-03-11 15:09:00,2025-08-08 17:29:00,1.41025933531067
53794,2024-03-12 07:13:00,2025-08-08 23:57:00,1.4091641949958171
53795,2024-03-11 14:57:00,2025-08-09 17:04:00,1.412972469389307
53796,2024-03-11 19:51:00,2025-08-09 18:00:00,1.412519963495323
53797,2024-03-11 14:41:00,2025-08-09 13:37:00,1.4126093239029585
53798,2024-03-11 14:46:00,2025-08-09 16:53:00,1.412972469389307
53799,2024-03-11 20:34:00,2025-08-09 16:19:00,1.4122461784166096
53800,2024-03-11 13:55:00,2025-08-09 00:08:00,1.4111586432428322
53801,2024-03-12 06:54:00,2025-08-09 15:35:00,1.4109837249980988
53802,2024-03-11 20:06:00,2025-08-09 15:51:00,1.4122461784166096
53803,2024-03-12 12:20:00,2025-08-09 09:50:00,1.4097079625827058
53804,2024-03-11 07:11:00,2025-08-09 15:40:00,1.4136987603620048
53805,2024-03-11 19:03:00,2025-08-09 14:48:00,1.4122461784166096
53806,2024-03-12 11:54:00,2025-08-09 12:34:00,1.4100692067837859
53818,2024-03-11 01:04:00,2025-03-08 14:53:00,0.9926781504296904
53819,2024-03-11 22:29:00,2025-08-09 02:20:00,1.4104323522701345
53820,2024-03-12 02:27:00,2025-08-09 03:08:00,1.4100711080690547
53821,2024-03-12 12:22:00,2025-08-09 16:04:00,1.410415240702715
53823,2024-03-11 06:44:00,2025-08-09 15:12:00,1.4136968590767358
53824,2024-03-11 02:21:00,2025-08-09 09:14:00,1.413516236976196
53825,2024-03-12 08:38:00,2025-08-09 09:19:00,1.4100711080690547
53826,2024-03-11 22:39:00,2025-08-09 02:31:00,1.4104342535554035
53827,2024-03-12 02:06:00,2025-08-09 02:47:00,1.4100711080690547
53828,2024-03-12 01:45:00,2025-08-09 08:47:00,1.4107954977564834
53829,2024-03-12 02:01:00,2025-08-09 02:42:00,1.4100711080690547
53830,2024-03-11 09:40:00,2025-08-09 08:37:00,1.4126112251882272
53831,2024-03-11 10:02:00,2025-08-09 15:19:00,1.4133337135903872
53832,2024-03-12 09:21:00,2025-08-09 02:04:00,1.4091622937105484
53833,2024-03-11 22:30:00,2025-08-09 08:43:00,1.4111586432428322
53834,2024-03-12 09:10:00,2025-08-09 16:12:00,1.4107954977564834
53835,2024-03-11 09:35:00,2025-08-08 19:48:00,1.4111586432428322
53836,2024-03-11 23:13:00,2025-08-09 01:29:00,1.4102517301695947
53837,2024-03-12 09:15:00,2025-08-09 16:18:00,1.4107973990417522
53838,2024-03-12 08:40:00,2025-08-09 15:42:00,1.4107954977564834
53839,2024-03-11 23:18:00,2025-08-09 01:34:00,1.4102517301695947
53840,2024-03-12 00:28:00,2025-08-09 09:06:00,1.4109780211422922
53841,2024-03-12 00:37:00,2025-08-09 09:15:00,1.4109780211422922
53842,2024-03-11 16:19:00,2025-08-09 08:54:00,1.4118849342155297
53843,2024-03-12 00:32:00,2025-08-09 07:34:00,1.4107954977564834
53844,2024-03-11 16:09:00,2025-08-09 15:05:00,1.4126093239029585
53845,2024-03-12 08:18:00,2025-08-09 08:59:00,1.4100711080690547
53846,2024-03-12 01:30:00,2025-08-09 14:54:00,1.4115217887291809
53847,2024-03-12 08:08:00,2025-08-08 18:30:00,1.4084379040231196
53848,2024-03-11 09:26:00,2025-08-09 08:22:00,1.4126093239029585
53849,2024-03-12 07:57:00,2025-08-09 14:59:00,1.4107954977564834
53850,2024-03-11 09:10:00,2025-08-08 17:48:00,1.4109780211422922
53851,2024-03-11 15:53:00,2025-08-09 08:27:00,1.411883032930261
53852,2024-03-12 00:09:00,2025-08-09 15:08:00,1.411702410829721
53853,2024-03-11 09:21:00,2025-08-09 08:17:00,1.4126093239029585
53854,2024-03-11 00:59:00,2025-08-09 17:24:00,1.4146037721499733
53855,2024-03-11 09:27:00,2025-08-09 08:23:00,1.4126093239029585
53856,2024-03-11 08:34:00,2025-08-09 17:03:00,1.4136987603620048
53857,2024-03-12 08:55:00,2025-08-09 01:39:00,1.4091641949958171
53858,2024-03-11 08:50:00,2025-08-09 07:46:00,1.4126093239029585
53859,2024-03-11 01:16:00,2025-08-09 01:48:00,1.4127918472887673
53860,2024-03-12 00:33:00,2025-08-09 17:08:00,1.4118849342155297
53861,2024-03-12 00:39:00,2025-08-09 17:13:00,1.411883032930261
53862,2024-03-12 07:59:00,2024-12-30 03:02:00,0.8016255989048597
53863,2024-03-12 00:23:00,2025-08-09 16:57:00,1.411883032930261
53864,2024-03-12 07:16:00,2025-08-09 07:57:00,1.4100711080690547
53865,2024-03-11 15:54:00,2024-12-30 08:53:00,0.8041276903186554
53866,2024-03-12 07:03:00,2025-08-08 23:47:00,1.4091641949958171
53867,2024-03-12 06:46:00,2025-08-09 01:05:00,1.4093448170963572
53868,2024-03-11 20:48:00,2025-08-09 16:34:00,1.4122480797018784
53869,2024-03-11 20:20:00,2025-08-09 14:30:00,1.4120655563160696
53870,2024-03-12 06:26:00,2025-08-09 16:39:00,1.4111586432428322
53871,2024-03-11 07:28:00,2025-08-09 15:56:00,1.4136968590767358
53886,2024-03-12 09:55:00,2025-08-09 04:14:00,1.4093448170963572
53887,2024-03-12 03:18:00,2025-08-09 03:58:00,1.4100692067837859
53888,2024-03-11 00:27:00,2025-08-09 16:52:00,1.4146037721499733
53889,2024-03-12 03:23:00,2025-08-09 16:47:00,1.4115217887291809
53890,2024-03-11 15:19:00,2025-08-09 01:32:00,1.4111586432428322
53891,2024-03-11 11:19:00,2025-08-09 03:53:00,1.411883032930261
53892,2024-03-11 10:52:00,2025-08-09 09:48:00,1.4126093239029585
53893,2024-03-12 03:39:00,2025-08-09 03:44:00,1.4100026617993764
53894,2024-03-11 11:13:00,2025-08-09 03:48:00,1.4118849342155297
53895,2024-03-12 02:51:00,2025-08-09 03:32:00,1.4100711080690547
53896,2024-03-12 02:41:00,2025-08-09 17:40:00,1.411702410829721
53897,2024-03-12 10:59:00,2025-08-09 03:43:00,1.4091641949958171
53898,2024-03-12 02:25:00,2025-08-09 11:02:00,1.4109761198570234
53899,2024-03-12 02:30:00,2025-08-09 17:29:00,1.411702410829721
53900,2024-03-12 10:11:00,2025-08-09 17:13:00,1.4107954977564834
53901,2024-03-12 10:32:00,2025-08-09 10:00:00,1.4099323142444293
53902,2024-03-11 13:32:00,2025-08-09 14:04:00,1.4127918472887673
53903,2024-03-12 02:37:00,2025-08-09 03:17:00,1.4100692067837859
53904,2024-03-11 18:12:00,2025-08-09 10:46:00,1.411883032930261
53905,2024-03-11 10:00:00,2025-08-09 10:32:00,1.4127918472887673
53906,2024-03-11 17:35:00,2025-08-09 03:01:00,1.4110692828351965
53907,2024-03-11 22:54:00,2025-02-27 10:18:00,0.9650239561943874
53908,2024-03-12 00:08:00,2025-08-09 16:43:00,1.4118849342155297
53909,2024-03-12 09:56:00,2025-08-09 02:40:00,1.4091641949958171
53910,2024-03-12 09:30:00,2025-08-09 12:20:00,1.4103163738687352
53911,2024-03-11 17:52:00,2025-08-09 10:27:00,1.4118849342155297
53912,2024-03-12 02:10:00,2025-08-09 09:12:00,1.4107954977564834
53913,2024-03-12 02:58:00,2025-08-09 03:39:00,1.4100711080690547
53914,2024-03-12 09:14:00,2025-08-09 16:16:00,1.4107954977564834
53915,2024-03-12 09:35:00,2025-08-09 16:38:00,1.4107973990417522
53916,2024-03-11 08:33:00,2025-08-09 09:04:00,1.4127899460034983
53917,2024-03-12 09:25:00,2025-08-09 16:27:00,1.4107954977564834
53918,2024-03-12 02:47:00,2025-08-09 03:28:00,1.4100711080690547
53919,2024-03-12 02:42:00,2025-08-09 16:06:00,1.4115217887291809
53920,2024-03-12 03:10:00,2025-08-09 16:34:00,1.4115217887291809
53922,2024-03-12 02:26:00,2025-08-09 11:04:00,1.4109780211422922
53923,2024-03-12 02:37:00,2025-08-09 16:00:00,1.411519887443912
53924,2024-03-12 09:07:00,2025-08-09 16:09:00,1.4107954977564834
53925,2024-03-12 02:05:00,2025-08-09 17:04:00,1.411702410829721
53926,2024-03-11 02:38:00,2025-08-09 03:10:00,1.4127918472887673
53927,2024-03-12 02:56:00,2025-08-09 10:08:00,1.4108145106091718
53928,2024-03-12 02:43:00,2025-08-09 16:07:00,1.4115217887291809
53929,2024-03-12 10:18:00,2025-08-09 09:19:00,1.4098809795421705
53930,2024-03-11 23:11:00,2025-08-09 15:46:00,1.4118849342155297
53931,2024-03-11 22:59:00,2025-08-09 09:12:00,1.4111586432428322
53932,2024-03-11 09:38:00,2025-08-09 08:35:00,1.4126112251882272
53933,2024-03-11 09:09:00,2025-08-09 16:02:00,1.413516236976196
53934,2024-03-12 09:24:00,2025-08-09 11:40:00,1.4102517301695947
53935,2024-03-11 09:08:00,2025-08-09 08:04:00,1.4126093239029585
53936,2024-03-11 16:48:00,2025-08-08 19:04:00,1.4102517301695947
53937,2024-03-11 15:37:00,2025-01-12 00:58:00,0.8388489618982432
53964,2024-03-11 19:50:00,2025-08-09 14:00:00,1.4120655563160696
53965,2024-03-11 19:46:00,2025-08-09 10:45:00,1.411702410829721
53966,2024-03-12 09:58:00,2025-08-09 10:39:00,1.4100711080690547
53967,2024-03-11 21:09:00,2025-08-09 08:58:00,1.411341166628641
53968,2024-03-11 20:53:00,2025-08-09 10:17:00,1.4115217887291809
53969,2024-03-12 09:47:00,2025-08-09 13:39:00,1.4104342535554035
53970,2024-03-11 21:07:00,2025-08-09 08:56:00,1.411341166628641
53971,2024-03-11 20:59:00,2025-08-09 09:59:00,1.4114761578827286
53972,2024-03-11 20:02:00,2024-04-03 06:41:00,0.0614476386036961
53973,2024-03-12 11:07:00,2025-08-09 08:37:00,1.4097079625827058
53974,2024-03-11 16:52:00,2025-08-09 09:27:00,1.4118849342155297
53975,2024-03-11 16:53:00,2025-08-09 09:28:00,1.4118849342155297
53976,2024-03-11 19:37:00,2025-08-09 09:00:00,1.411519887443912
53977,2024-03-11 19:43:00,2025-08-09 10:42:00,1.411702410829721
53978,2024-03-12 09:35:00,2025-08-09 13:26:00,1.4104323522701345
53979,2024-03-13 03:14:00,2025-08-09 13:37:00,1.4084398053083884
53980,2024-03-11 20:25:00,2025-08-09 13:00:00,1.4118849342155297
53981,2024-03-11 18:49:00,2025-08-09 12:59:00,1.4120655563160696
53982,2024-03-12 16:10:00,2025-08-09 13:40:00,1.4097079625827058
53983,2024-03-12 09:18:00,2025-08-09 11:34:00,1.4102517301695947
53984,2024-03-11 19:46:00,2025-08-09 12:21:00,1.4118849342155297
53985,2024-03-12 10:15:00,2025-08-09 09:20:00,1.4098885846832458
53986,2024-03-12 08:57:00,2025-08-09 09:38:00,1.4100711080690547
53987,2024-03-12 10:10:00,2025-02-26 21:02:00,0.9622252642786524
53988,2024-03-11 19:41:00,2025-08-09 07:29:00,1.411339265343372
53989,2024-03-12 09:54:00,2024-12-29 09:52:00,0.7994486272720359
53990,2024-03-12 09:50:00,2024-08-22 13:34:00,0.4466955662027531
53991,2024-03-11 19:21:00,2025-08-09 08:45:00,1.4115217887291809
53992,2024-03-12 09:43:00,2025-08-09 11:59:00,1.4102517301695947
53993,2024-03-12 09:09:00,2025-08-09 13:01:00,1.4104342535554035
53994,2024-03-11 19:09:00,2025-08-09 08:33:00,1.4115217887291809
53995,2024-03-12 09:38:00,2025-08-09 13:29:00,1.4104323522701345
53996,2024-03-12 10:57:00,2025-08-09 10:03:00,1.4098904859685146
53997,2024-03-12 08:36:00,2025-08-09 09:16:00,1.4100692067837859
53998,2024-03-12 10:47:00,2025-08-09 09:52:00,1.4098885846832458
53999,2024-03-11 19:14:00,2025-08-09 08:38:00,1.4115217887291809
54000,2024-03-12 10:06:00,2025-08-09 12:22:00,1.4102517301695947
54001,2024-03-12 05:00:00,2024-04-03 07:47:00,0.0605502319568028
54002,2024-03-12 09:02:00,2025-08-09 09:43:00,1.4100711080690547
54003,2024-03-11 20:34:00,2025-08-09 09:57:00,1.411519887443912
54004,2024-03-12 10:36:00,2025-08-09 09:41:00,1.4098885846832458
54005,2024-03-12 09:06:00,2025-08-09 09:47:00,1.4100711080690547
54006,2024-03-12 10:20:00,2025-08-09 09:26:00,1.4098904859685146
54007,2024-03-11 20:12:00,2025-08-09 09:36:00,1.4115217887291809
54008,2024-03-11 18:33:00,2025-08-09 09:32:00,1.411702410829721
54009,2024-03-11 20:07:00,2025-08-09 09:31:00,1.4115217887291809
54010,2024-03-12 10:16:00,2025-08-09 09:22:00,1.4098904859685146
54011,2024-03-11 19:42:00,2025-08-09 09:06:00,1.4115217887291809
54012,2024-03-11 03:11:00,2025-08-09 11:39:00,1.4136968590767358
54013,2024-03-11 16:05:00,2025-08-09 08:39:00,1.411883032930261
54014,2024-03-11 13:00:00,2024-04-03 07:06:00,0.06229751311886836
54015,2024-03-11 19:10:00,2025-08-09 11:45:00,1.4118849342155297
54051,2024-03-12 03:42:00,2025-08-08 18:50:00,1.4089816716100083
54052,2024-03-12 10:30:00,2025-08-09 15:56:00,1.4106129743706746
54053,2024-03-12 03:36:00,2025-08-08 21:55:00,1.4093448170963572
54054,2024-03-12 01:50:00,2025-08-09 12:03:00,1.4111586432428322
54055,2024-03-11 02:05:00,2025-08-08 21:50:00,1.4122461784166096
54056,2024-03-12 01:46:00,2025-08-08 22:06:00,1.409574872613887
54058,2024-03-12 01:34:00,2025-08-09 05:26:00,1.4104342535554035
54059,2024-03-12 11:12:00,2025-08-09 05:31:00,1.4093448170963572
54060,2024-03-12 10:12:00,2025-08-09 02:56:00,1.4091641949958171
54061,2024-03-11 10:19:00,2025-08-09 09:16:00,1.4126112251882272
54062,2024-03-12 01:29:00,2025-08-09 05:21:00,1.4104342535554035
54063,2024-03-12 01:24:00,2025-08-09 05:15:00,1.4104323522701345
54064,2024-03-12 01:48:00,2025-08-09 15:12:00,1.4115217887291809
54065,2024-03-12 01:13:00,2025-08-09 11:26:00,1.4111586432428322
54066,2024-03-11 23:43:00,2025-08-09 05:10:00,1.4106148756559433
54067,2024-03-12 02:38:00,2025-08-09 04:54:00,1.4102517301695947
54068,2024-03-12 01:08:00,2025-08-09 04:59:00,1.4104323522701345
54069,2024-03-12 03:57:00,2024-08-28 21:28:00,0.4646950338428778
54070,2024-03-12 12:00:00,2025-08-08 22:22:00,1.4084379040231196
54071,2024-03-11 18:53:00,2025-08-09 04:38:00,1.4111054072553046
54072,2024-03-12 02:33:00,2025-01-06 01:37:00,0.8212487641645753
54073,2024-03-12 11:52:00,2025-08-09 04:36:00,1.4091641949958171
54074,2024-03-12 03:52:00,2025-08-09 04:33:00,1.4100711080690547
54075,2024-03-12 11:47:00,2025-08-09 04:31:00,1.4091641949958171
54076,2024-03-12 03:47:00,2025-08-08 21:57:00,1.4093277055289375
54077,2024-03-12 03:55:00,2025-08-09 09:37:00,1.4106433949349761
54078,2024-03-12 02:56:00,2025-08-09 03:37:00,1.4100711080690547
54079,2024-03-12 03:38:00,2025-08-09 04:18:00,1.4100692067837859
54080,2024-03-12 03:29:00,2025-08-08 21:48:00,1.4093448170963572
54081,2024-03-11 11:07:00,2025-08-09 02:04:00,1.4116986082591831
54082,2024-03-12 01:57:00,2025-08-09 10:35:00,1.4109780211422922
54083,2024-03-12 03:16:00,2025-08-08 21:36:00,1.409346718381626
54084,2024-03-11 11:33:00,2025-08-09 10:29:00,1.4126093239029585
54085,2024-03-12 03:12:00,2025-08-09 03:53:00,1.4100711080690547
54086,2024-03-12 03:16:00,2025-08-09 03:56:00,1.4100692067837859
54087,2024-03-12 03:55:00,2025-08-09 04:34:00,1.4100673054985169
54088,2024-03-12 01:46:00,2025-08-09 04:02:00,1.4102517301695947
54089,2024-03-11 18:53:00,2025-08-09 17:49:00,1.4126093239029585
54090,2024-03-12 04:31:00,2025-08-09 17:54:00,1.411519887443912
54091,2024-03-11 11:54:00,2025-08-09 17:12:00,1.413335614875656
54092,2024-03-12 04:07:00,2025-08-09 09:42:00,1.4106300859380942
54093,2024-03-12 10:31:00,2025-08-09 17:33:00,1.4107954977564834
54094,2024-03-12 01:09:00,2025-08-09 17:44:00,1.4118849342155297
54095,2024-03-12 00:48:00,2025-08-09 11:01:00,1.4111586432428322
54096,2024-03-12 04:15:00,2025-08-09 17:38:00,1.411519887443912
54097,2024-03-11 23:40:00,2025-08-09 16:14:00,1.411883032930261
54098,2024-03-12 03:53:00,2025-08-09 10:57:00,1.4107993003270212
54099,2024-03-11 18:10:00,2025-08-09 10:45:00,1.4118849342155297
54100,2024-03-12 04:04:00,2025-08-09 17:28:00,1.4115217887291809
54101,2024-03-12 02:29:00,2025-08-09 17:29:00,1.4117043121149897
54102,2024-03-12 05:00:00,2025-08-09 03:52:00,1.4098638679747508
54103,2024-03-11 10:37:00,2025-08-09 15:55:00,1.413335614875656
54104,2024-03-11 16:35:00,2025-08-09 15:23:00,1.4125941136208076
54157,2024-03-12 05:55:00,2025-08-08 20:49:00,1.4089550536162445
54158,2024-03-11 20:34:00,2025-08-09 06:47:00,1.4111586432428322
54159,2024-03-12 02:50:00,2025-08-09 06:41:00,1.4104323522701345
54160,2024-03-12 00:46:00,2025-08-09 17:21:00,1.4118849342155297
54161,2024-03-12 02:51:00,2025-08-09 06:43:00,1.4104342535554035
54162,2024-03-12 02:39:00,2025-08-09 06:31:00,1.4104342535554035
54163,2024-03-11 20:35:00,2025-08-07 23:00:00,1.407530990949882
54164,2024-03-11 20:40:00,2025-08-09 06:53:00,1.4111586432428322
54165,2024-03-12 13:42:00,2025-08-08 20:53:00,1.4080747585367708
54166,2024-03-11 20:30:00,2025-08-09 06:43:00,1.4111586432428322
54167,2024-03-12 02:07:00,2025-08-09 07:34:00,1.4106148756559433
54168,2024-03-12 02:46:00,2025-08-08 13:08:00,1.4084379040231196
54169,2024-03-12 06:18:00,2025-08-09 06:59:00,1.4100711080690547
54170,2024-03-12 05:51:00,2025-08-09 06:32:00,1.4100711080690547
54171,2024-03-12 05:27:00,2025-05-16 07:01:00,1.1774545592820747
54172,2024-03-11 04:15:00,2025-08-09 06:21:00,1.4129705681040383
54173,2024-03-12 12:45:00,2025-08-08 19:56:00,1.4080747585367708
54174,2024-03-12 11:19:00,2025-08-09 16:46:00,1.4106148756559433
54175,2024-03-11 20:14:00,2025-08-09 06:27:00,1.4111586432428322
54176,2024-03-12 03:49:00,2025-08-09 06:06:00,1.4102536314548635
54177,2024-03-11 13:42:00,2025-08-09 06:16:00,1.411883032930261
54178,2024-03-11 19:31:00,2025-08-09 13:41:00,1.4120655563160696
54179,2024-03-12 03:55:00,2025-08-09 06:11:00,1.4102517301695947
54180,2024-03-12 03:23:00,2025-08-08 20:07:00,1.4091641949958171
54181,2024-03-12 03:39:00,2025-08-09 05:55:00,1.4102517301695947
54182,2024-03-12 03:06:00,2025-08-08 21:25:00,1.4093448170963572
54183,2024-03-12 03:36:00,2025-08-08 20:01:00,1.4091280705757092
54184,2024-03-12 01:42:00,2025-08-09 13:37:00,1.411352574340254
54185,2024-03-12 03:34:00,2025-08-09 10:36:00,1.4107954977564834
54186,2024-03-12 02:58:00,2025-08-09 05:14:00,1.4102517301695947
54187,2024-03-12 03:44:00,2025-08-09 06:00:00,1.4102517301695947
54188,2024-03-12 02:53:00,2025-08-08 19:36:00,1.4091622937105484
54189,2024-03-11 18:44:00,2024-06-24 14:11:00,0.28695528177047686
54190,2024-03-12 01:12:00,2025-08-09 13:00:00,1.411339265343372
54191,2024-03-12 07:49:00,2025-08-08 19:47:00,1.4086204274089285
54192,2024-03-11 19:33:00,2025-08-09 05:46:00,1.4111586432428322
54193,2024-03-12 12:09:00,2025-08-08 22:31:00,1.4084379040231196
54194,2024-03-11 20:04:00,2025-08-09 06:18:00,1.411160544528101
54195,2024-03-11 20:20:00,2025-08-08 22:37:00,1.4102536314548635
54196,2024-03-11 05:35:00,2025-08-09 06:07:00,1.4127918472887673
54197,2024-03-12 03:39:00,2024-04-03 10:00:00,0.06095710700433493
54198,2024-03-12 02:10:00,2025-08-09 06:02:00,1.4104342535554035
54199,2024-03-12 11:53:00,2025-08-08 22:15:00,1.4084379040231196
54200,2024-03-12 01:59:00,2025-08-09 05:51:00,1.4104342535554035
54201,2024-03-11 12:13:00,2025-08-09 06:23:00,1.4120655563160696
54202,2024-03-12 01:49:00,2025-08-09 05:40:00,1.4104323522701345
54203,2024-03-12 02:05:00,2025-08-09 05:56:00,1.4104323522701345
54204,2024-03-12 03:08:00,2025-08-09 05:24:00,1.4102517301695947
54205,2024-03-11 13:00:00,2025-08-09 05:35:00,1.4118849342155297
54206,2024-03-12 09:58:00,2025-08-08 20:21:00,1.4084398053083884
54207,2024-03-12 04:49:00,2025-08-09 05:30:00,1.4100711080690547
54208,2024-03-12 00:57:00,2025-08-08 20:51:00,1.4095254391968972
54209,2024-03-11 19:23:00,2025-08-09 05:36:00,1.4111586432428322
54758,2024-03-12 04:19:00,2025-08-09 08:11:00,1.4104342535554035
54759,2024-03-12 04:25:00,2025-08-09 08:16:00,1.4104323522701345
54760,2024-03-12 07:32:00,2025-08-09 01:51:00,1.4093448170963572
54761,2024-03-12 02:51:00,2025-08-09 16:15:00,1.4115217887291809
54762,2024-03-12 04:05:00,2025-08-09 15:54:00,1.411341166628641
54763,2024-03-12 05:51:00,2025-08-09 16:04:00,1.4111586432428322
54764,2024-03-12 03:46:00,2025-08-09 01:16:00,1.4097079625827058
54765,2024-03-11 05:55:00,2025-01-04 02:00:00,0.8181705833143205
54766,2024-03-12 08:41:00,2025-08-09 09:22:00,1.4100711080690547
54767,2024-03-12 05:25:00,2025-08-08 23:44:00,1.4093448170963572
54768,2024-03-12 04:43:00,2025-08-09 08:35:00,1.4104342535554035
54769,2024-03-12 08:46:00,2025-01-04 04:49:00,0.8154289299566507
54770,2024-03-12 04:15:00,2025-08-09 08:07:00,1.4104342535554035
54771,2024-03-12 08:12:00,2025-08-08 15:24:00,1.4080766598220398
54772,2024-03-12 04:10:00,2025-08-09 08:02:00,1.4104342535554035
54773,2024-03-12 03:39:00,2025-08-09 01:09:00,1.4097079625827058
54774,2024-03-12 07:53:00,2025-08-09 08:33:00,1.4100692067837859
54775,2024-03-11 16:26:00,2025-08-09 09:00:00,1.411883032930261
54776,2024-03-12 07:48:00,2025-08-09 08:29:00,1.4100711080690547
54777,2024-03-12 03:28:00,2025-08-09 02:34:00,1.4098904859685146
54778,2024-03-12 03:59:00,2025-08-09 07:51:00,1.4104342535554035
54779,2024-03-12 02:29:00,2025-08-09 07:56:00,1.4106148756559433
54780,2024-03-12 03:38:00,2025-08-09 07:30:00,1.4104342535554035
54781,2024-03-12 03:54:00,2025-08-09 07:46:00,1.4104342535554035
54782,2024-03-12 03:55:00,2024-12-12 07:33:00,0.7533234466499353
54783,2024-03-12 03:49:00,2025-08-09 07:40:00,1.4104323522701345
54784,2024-03-12 03:23:00,2025-08-09 08:50:00,1.4106148756559433
54785,2024-03-12 01:47:00,2025-08-09 05:38:00,1.4104323522701345
54786,2024-03-11 15:21:00,2024-08-18 21:23:00,0.43874439120845693
54787,2024-03-12 08:04:00,2025-08-09 08:45:00,1.4100711080690547
54788,2024-03-12 03:33:00,2025-08-09 15:21:00,1.411339265343372
54789,2024-03-12 06:43:00,2025-08-09 13:45:00,1.4107954977564834
54790,2024-03-12 06:33:00,2025-08-09 15:11:00,1.4109780211422922
54791,2024-03-12 06:54:00,2025-08-09 07:35:00,1.4100711080690547
54792,2024-03-12 07:53:00,2025-08-09 08:34:00,1.4100711080690547
54793,2024-03-12 03:45:00,2025-08-09 07:36:00,1.4104323522701345
54794,2024-03-12 03:58:00,2025-04-18 15:24:00,1.1019202981215301
54795,2024-03-12 03:28:00,2025-08-09 15:16:00,1.411339265343372
54796,2024-03-12 04:52:00,2025-08-09 15:05:00,1.4111586432428322
54797,2024-03-12 03:35:00,2025-08-09 09:02:00,1.4106148756559433
54798,2024-03-12 06:24:00,2025-08-09 07:05:00,1.4100711080690547
54799,2024-03-12 03:40:00,2025-08-09 07:31:00,1.4104323522701345
54800,2024-03-12 08:10:00,2025-08-09 08:51:00,1.4100711080690547
54801,2024-03-12 02:56:00,2025-08-09 02:02:00,1.4098904859685146
54802,2024-03-12 04:15:00,2025-08-09 12:53:00,1.4109780211422922
54803,2024-03-12 07:58:00,2025-08-09 08:39:00,1.4100711080690547
54804,2024-03-12 07:31:00,2025-08-09 08:12:00,1.4100711080690547
54805,2024-03-12 07:58:00,2025-08-09 08:39:00,1.4100711080690547
54806,2024-03-12 07:42:00,2025-08-09 00:26:00,1.4091641949958171
54807,2024-03-12 03:01:00,2025-08-09 08:28:00,1.4106148756559433
54808,2024-03-12 02:23:00,2025-08-09 14:12:00,1.411341166628641
54809,2024-03-12 07:37:00,2025-08-09 14:39:00,1.4107954977564834
54810,2024-03-12 06:31:00,2025-08-09 07:12:00,1.4100711080690547
54811,2024-03-12 02:23:00,2025-08-09 14:12:00,1.411341166628641
55269,2024-03-12 03:54:00,2025-08-09 11:46:00,1.4108905620199255
55270,2024-03-11 16:59:00,2025-02-19 14:27:00,0.944269526199711
55271,2024-03-12 04:00:00,2025-08-09 11:52:00,1.4108905620199255
55272,2024-03-11 16:53:00,2025-08-09 17:53:00,1.4128450832762949
55273,2024-03-12 03:43:00,2025-08-09 06:04:00,1.4102612365959388
55274,2024-03-12 03:42:00,2025-08-09 03:33:00,1.4099760438056126
55275,2024-03-12 08:24:00,2025-08-09 09:46:00,1.4101490607650773
55276,2024-03-12 08:18:00,2025-08-08 20:57:00,1.4086983801049509
55277,2024-03-12 03:42:00,2025-08-09 05:10:00,1.4101604684766902
55278,2024-03-12 09:43:00,2025-08-08 22:21:00,1.408696478819682
55279,2024-03-12 08:25:00,2025-07-11 13:45:00,1.3312038938322306
55280,2024-03-12 09:31:00,2025-08-09 12:04:00,1.4102840520191648
55281,2024-03-12 03:30:00,2025-08-09 04:58:00,1.4101604684766902
55282,2024-03-11 17:23:00,2025-08-08 18:45:00,1.4101490607650773
55283,2024-03-12 09:49:00,2025-08-09 04:52:00,1.4094284736481861
55284,2024-03-12 09:19:00,2025-08-09 12:23:00,1.410342991862499
55285,2024-03-12 03:48:00,2025-08-09 16:34:00,1.411449539888965
55286,2024-03-12 08:06:00,2025-08-09 17:34:00,1.4110730854057343
55287,2024-03-12 03:42:00,2025-08-09 09:45:00,1.4106833219256216
55288,2024-03-12 07:49:00,2025-08-09 10:52:00,1.4103410905772302
55289,2024-03-12 08:12:00,2025-08-09 17:40:00,1.4110730854057343
55290,2024-03-12 08:00:00,2025-08-09 17:28:00,1.4110730854057343
55291,2024-03-12 08:01:00,2025-08-08 21:03:00,1.4087421096661343
55292,2024-03-11 15:41:00,2025-08-09 04:21:00,1.411438132177352
55293,2024-03-12 07:48:00,2025-08-09 10:52:00,1.410342991862499
55294,2024-03-12 03:06:00,2025-08-08 22:09:00,1.4094284736481861
55295,2024-03-12 08:55:00,2025-08-09 05:34:00,1.409610997033995
55296,2024-03-12 07:24:00,2025-08-09 16:52:00,1.4110730854057343
55297,2024-03-12 04:24:00,2025-08-09 17:04:00,1.411438132177352
55298,2024-03-12 04:00:00,2024-09-23 11:45:00,0.5347650011407712
55299,2024-03-12 04:06:00,2025-08-09 03:57:00,1.4099760438056126
55300,2024-03-12 04:00:00,2025-08-09 03:51:00,1.4099760438056126
55302,2024-03-12 07:30:00,2025-08-09 16:58:00,1.4110730854057343
55303,2024-03-12 04:24:00,2025-08-09 12:16:00,1.4108905620199255
55304,2024-03-12 08:42:00,2025-08-09 03:45:00,1.4094284736481861
55305,2024-03-12 03:48:00,2025-08-09 03:39:00,1.4099760438056126
55306,2024-03-12 03:06:00,2025-08-09 15:46:00,1.411438132177352
55307,2024-03-12 06:24:00,2025-08-09 09:27:00,1.4103410905772302
55308,2024-03-11 20:17:00,2025-04-16 23:47:00,1.0982774355464293
55309,2024-03-11 20:41:00,2025-08-09 16:16:00,1.4122271655639211
55310,2024-03-12 07:42:00,2025-08-09 10:46:00,1.410342991862499
55311,2024-03-12 06:12:00,2025-08-09 10:52:00,1.4105255152483078
55312,2024-03-12 03:54:00,2025-08-09 10:10:00,1.4107080386341166
55313,2024-03-12 04:18:00,2025-08-09 15:22:00,1.411255608791543
55314,2024-03-12 04:24:00,2025-08-09 15:28:00,1.411255608791543
55315,2024-03-12 03:06:00,2025-08-09 17:22:00,1.4116206555631607
55316,2024-03-12 03:42:00,2025-08-09 16:22:00,1.411438132177352
55317,2024-03-12 04:12:00,2025-08-09 15:16:00,1.411255608791543
55318,2024-03-11 20:05:00,2025-08-09 15:10:00,1.412170127005856
55319,2024-03-12 04:00:00,2025-08-09 10:16:00,1.4107080386341166
55331,2024-03-11 20:11:00,2025-08-09 07:41:00,1.411305042208533
55332,2024-03-11 19:46:00,2025-08-09 05:39:00,1.4111206175374553
55333,2024-03-12 00:50:00,2025-08-09 15:32:00,1.4116700889801506
55334,2024-03-11 00:27:00,2025-08-09 06:01:00,1.4133660354399573
55335,2024-03-11 21:34:00,2025-08-09 05:53:00,1.4109418967221843
55336,2024-03-11 19:32:00,2025-08-09 05:53:00,1.411173853524983
55337,2024-03-11 06:44:00,2025-08-09 14:59:00,1.413672142368241
55338,2024-03-11 18:20:00,2025-08-09 15:24:00,1.412396379952848
55339,2024-03-12 06:57:00,2025-08-09 05:42:00,1.4098505589778692
55340,2024-03-11 21:20:00,2025-08-09 14:58:00,1.4120047151874666
55341,2024-03-11 07:05:00,2025-08-09 07:20:00,1.412759525439197
55342,2024-03-12 06:53:00,2025-08-09 05:37:00,1.4098486576926001
55343,2024-03-12 11:32:00,2025-08-08 23:06:00,1.4085747965624762
55344,2024-03-12 06:48:00,2024-11-28 17:41:00,0.7158205947220321
55345,2024-03-10 22:50:00,2025-08-09 15:03:00,1.4145809567267473
55346,2024-03-12 06:40:00,2025-08-09 08:37:00,1.4102156057494866
55347,2024-03-12 06:24:00,2025-08-09 14:42:00,1.4109399954369153
55348,2024-03-12 09:48:00,2025-08-09 06:56:00,1.4096661343067913
55349,2024-03-11 20:57:00,2025-08-09 06:52:00,1.411124420107993
55350,2024-03-11 06:31:00,2025-08-09 14:46:00,1.413672142368241
55351,2024-03-11 22:12:00,2025-08-09 04:55:00,1.4107593733363755
55352,2024-03-11 20:45:00,2025-08-09 14:38:00,1.4120332344664994
55353,2024-03-11 07:30:00,2025-08-09 07:46:00,1.4127614267244657
55354,2024-03-12 06:16:00,2025-08-09 05:00:00,1.4098486576926001
55355,2024-03-11 20:32:00,2025-08-09 04:46:00,1.41093239029584
55357,2024-03-11 20:29:00,2025-08-09 07:59:00,1.411305042208533
55358,2024-03-12 06:08:00,2025-08-09 09:38:00,1.4103924252794888
55359,2024-03-11 20:24:00,2025-08-09 06:18:00,1.411122518822724
55360,2024-03-12 07:10:00,2025-08-09 05:54:00,1.4098486576926001
55361,2024-03-11 22:29:00,2025-08-09 14:33:00,1.4118259943721956
55362,2024-03-11 19:22:00,2025-08-09 14:49:00,1.4122119552817705
55363,2024-03-12 00:18:00,2025-04-03 14:50:00,1.0612061753745532
55364,2024-03-11 20:21:00,2025-08-08 23:52:00,1.4103943265647578
55365,2024-03-12 00:09:00,2025-08-09 06:51:00,1.4107574720511065
55366,2024-03-11 19:25:00,2025-08-08 22:57:00,1.4103962278500266
55367,2024-03-11 23:02:00,2025-08-09 08:55:00,1.4111206175374553
55368,2024-03-11 19:13:00,2025-08-09 05:00:00,1.4111092098258422
55369,2024-03-12 00:07:00,2025-08-09 16:24:00,1.4118507110806906
55370,2024-03-11 14:39:00,2025-08-09 16:30:00,1.4129420488250057
55371,2024-03-11 15:54:00,2025-08-09 16:10:00,1.4127614267244657
55372,2024-03-12 08:01:00,2025-08-09 06:45:00,1.4098486576926001
55373,2024-03-11 18:10:00,2025-08-09 05:40:00,1.411305042208533
55374,2024-03-11 19:10:00,2025-08-09 16:14:00,1.412396379952848
55375,2024-03-11 18:56:00,2025-08-09 16:00:00,1.412396379952848
55376,2024-03-11 19:54:00,2025-08-09 04:13:00,1.4109418967221843
55377,2024-03-12 07:22:00,2025-08-09 06:07:00,1.4098505589778692
55378,2024-03-12 01:24:00,2025-08-09 16:05:00,1.4116681876948818
55379,2024-03-12 07:32:00,2025-08-09 15:51:00,1.4109418967221843
55380,2024-03-12 06:11:00,2025-08-09 14:30:00,1.4109418967221843
55381,2024-03-12 07:27:00,2025-08-09 06:11:00,1.4098486576926001
55382,2024-03-12 07:37:00,2025-08-09 15:55:00,1.4109399954369153
55383,2024-03-12 06:07:00,2025-08-09 04:51:00,1.4098486576926001
55384,2024-03-11 18:48:00,2025-08-09 15:52:00,1.412396379952848
55385,2024-03-11 15:16:00,2025-08-09 15:31:00,1.412759525439197
55386,2024-03-11 18:32:00,2025-08-09 06:02:00,1.411305042208533
55391,2024-03-12 04:08:00,2025-05-02 11:25:00,1.139776789109438
55392,2024-03-12 09:07:00,2025-08-09 12:10:00,1.4103410905772302
55393,2024-03-12 11:01:00,2025-08-09 06:16:00,1.4094512890714124
55394,2024-03-12 10:55:00,2024-08-14 07:39:00,0.4239942200927827
55395,2024-03-11 11:11:00,2025-08-08 23:40:00,1.4114172180393947
55396,2024-03-12 03:07:00,2025-08-09 06:10:00,1.4103410905772302
55397,2024-03-12 03:48:00,2025-08-08 18:03:00,1.4088809034907597
55398,2024-03-11 17:54:00,2025-08-09 06:34:00,1.411438132177352
55399,2024-03-12 03:19:00,2025-08-09 06:22:00,1.4103410905772302
55400,2024-03-11 18:06:00,2025-08-09 06:46:00,1.411438132177352
55401,2024-03-12 03:25:00,2025-08-09 00:04:00,1.409610997033995
55402,2024-03-12 03:55:00,2025-08-09 06:58:00,1.4103410905772302
55403,2024-03-12 03:37:00,2025-08-09 00:16:00,1.409610997033995
55404,2024-03-12 04:07:00,2025-08-09 13:35:00,1.4110730854057343
55405,2024-03-12 03:49:00,2025-08-09 06:52:00,1.4103410905772302
55406,2024-03-12 04:13:00,2025-08-09 07:16:00,1.4103410905772302
55407,2024-03-12 04:01:00,2025-08-09 07:04:00,1.4103410905772302
55408,2024-03-12 04:19:00,2025-08-09 07:22:00,1.4103410905772302
55409,2024-03-12 04:13:00,2025-04-12 00:32:00,1.0837687276598982
55410,2024-03-12 03:31:00,2025-08-09 14:35:00,1.411255608791543
55411,2024-03-12 10:49:00,2025-08-08 23:28:00,1.4086983801049509
55412,2024-03-12 03:43:00,2025-03-22 23:53:00,1.0289946003498365
55413,2024-03-12 03:25:00,2025-08-09 14:29:00,1.411255608791543
55414,2024-03-12 10:13:00,2025-08-09 08:29:00,1.4097954217050725
55415,2024-03-12 03:25:00,2025-03-16 12:37:00,1.011316449920146
55416,2024-03-12 12:02:00,2025-08-09 08:41:00,1.409610997033995
55417,2024-03-12 03:43:00,2025-04-23 11:10:00,1.1151551448779375
55418,2024-03-12 10:38:00,2025-08-09 00:52:00,1.408879002205491
55419,2024-03-12 03:55:00,2025-08-09 08:35:00,1.4105255152483078
55420,2024-03-12 09:37:00,2025-08-08 22:15:00,1.408696478819682
55421,2024-03-12 10:32:00,2025-08-09 00:46:00,1.408879002205491
55422,2024-03-12 03:37:00,2025-08-09 14:41:00,1.411255608791543
55423,2024-03-12 10:56:00,2025-08-09 07:35:00,1.409610997033995
55425,2024-03-12 04:19:00,2025-08-09 13:47:00,1.4110730854057343
55426,2024-03-12 03:07:00,2025-08-09 14:11:00,1.411255608791543
55427,2024-03-12 10:50:00,2025-08-09 07:29:00,1.409610997033995
55428,2024-03-12 03:19:00,2025-08-09 07:59:00,1.4105255152483078
55429,2024-03-12 11:02:00,2025-08-09 14:05:00,1.4103410905772302
55430,2024-03-12 10:50:00,2025-08-09 15:30:00,1.4105255152483078
55431,2024-03-12 03:13:00,2025-08-09 07:53:00,1.4105255152483078
55432,2024-03-12 10:56:00,2025-08-09 02:53:00,1.4090748345881816
55433,2024-03-12 04:19:00,2025-08-09 08:59:00,1.4105255152483078
55434,2024-03-12 03:13:00,2025-08-09 01:28:00,1.4097935204198038
55435,2024-03-12 11:02:00,2025-08-09 01:16:00,1.408879002205491
55436,2024-03-12 11:20:00,2025-08-09 09:35:00,1.4097935204198038
55437,2024-03-11 20:14:00,2024-10-23 11:09:00,0.6177180774203361
55438,2024-03-12 10:55:00,2025-08-08 23:34:00,1.4086983801049509
55439,2024-03-12 11:26:00,2025-08-09 09:41:00,1.4097935204198038
55449,2024-03-12 08:16:00,2025-08-09 16:35:00,1.4109418967221843
55450,2024-03-11 18:00:00,2025-08-09 08:41:00,1.4116681876948818
55451,2024-03-11 08:16:00,2025-08-09 16:30:00,1.413670241082972
55452,2024-03-12 03:18:00,2025-08-09 16:24:00,1.4114875655943417
55453,2024-03-12 08:00:00,2025-08-09 06:45:00,1.4098505589778692
55454,2024-03-11 23:52:00,2025-08-09 06:35:00,1.4107593733363755
55455,2024-03-12 08:10:00,2025-08-09 16:29:00,1.4109418967221843
55456,2024-03-12 07:52:00,2025-08-09 08:12:00,1.410031181078409
55457,2024-03-12 07:56:00,2025-08-09 09:51:00,1.410211803178949
55458,2024-03-12 01:14:00,2025-08-09 01:33:00,1.4100292797931402
55459,2024-03-11 18:57:00,2025-08-09 06:27:00,1.411305042208533
55460,2024-03-11 23:39:00,2025-08-09 01:35:00,1.4102137044642178
55461,2024-03-12 07:48:00,2025-08-09 06:32:00,1.4098486576926001
55462,2024-03-11 21:48:00,2025-08-09 09:18:00,1.411305042208533
55463,2024-03-11 20:20:00,2025-08-09 09:26:00,1.4114875655943417
55464,2024-03-12 00:46:00,2025-08-09 09:08:00,1.4109476005779906
55465,2024-03-12 08:53:00,2025-08-09 07:37:00,1.4098486576926001
55466,2024-03-12 08:34:00,2025-08-09 16:48:00,1.41093239029584
55467,2024-03-11 17:05:00,2025-08-09 07:47:00,1.4116700889801506
55468,2024-03-11 18:22:00,2025-08-09 09:05:00,1.4116719902654193
55469,2024-03-11 21:40:00,2025-08-09 09:10:00,1.411305042208533
55470,2024-03-12 08:39:00,2025-08-09 16:57:00,1.4109399954369153
55471,2024-03-11 16:38:00,2025-08-09 16:54:00,1.4127614267244657
55472,2024-03-12 06:59:00,2025-08-09 05:43:00,1.4098486576926001
55473,2024-03-11 08:16:00,2025-08-09 16:44:00,1.4136968590767358
55474,2024-03-11 17:31:00,2025-08-09 08:12:00,1.4116681876948818
55475,2024-03-11 08:28:00,2025-08-09 16:43:00,1.413672142368241
55477,2024-03-12 06:51:00,2025-08-09 00:48:00,1.4093029888204427
55478,2024-03-11 16:28:00,2025-08-09 00:46:00,1.4109399954369153
55479,2024-03-11 21:29:00,2025-08-09 07:23:00,1.411122518822724
55480,2024-03-11 18:40:00,2025-08-09 09:28:00,1.4116814966917637
55481,2024-03-12 09:21:00,2025-08-09 11:17:00,1.4102137044642178
55482,2024-03-11 23:15:00,2025-01-21 14:20:00,0.8641436611149137
55483,2024-03-12 02:44:00,2025-08-09 09:27:00,1.4107593733363755
55484,2024-03-12 02:31:00,2025-08-09 09:14:00,1.4107593733363755
55485,2024-03-11 09:21:00,2025-08-09 08:01:00,1.4125789033386569
55486,2024-03-12 02:35:00,2025-08-09 09:17:00,1.4107574720511065
55487,2024-03-12 09:18:00,2025-08-09 08:02:00,1.4098486576926001
55488,2024-03-11 16:46:00,2025-08-09 09:03:00,1.4118507110806906
55489,2024-03-12 02:39:00,2025-08-09 09:22:00,1.4107593733363755
55490,2024-03-12 00:48:00,2025-08-09 17:18:00,1.4118754277891854
55491,2024-03-12 00:42:00,2025-08-09 05:49:00,1.4105768499505666
55492,2024-03-12 08:48:00,2025-08-09 07:32:00,1.4098486576926001
55493,2024-03-12 08:53:00,2025-08-09 09:12:00,1.4100292797931402
55494,2024-03-12 02:07:00,2025-08-09 00:51:00,1.4098486576926001
55495,2024-03-11 16:23:00,2025-08-09 16:38:00,1.412759525439197
55497,2024-03-12 00:30:00,2025-08-09 10:24:00,1.411122518822724
55498,2024-03-12 00:17:00,2025-08-09 00:37:00,1.410031181078409
55499,2024-03-12 09:42:00,2025-08-09 08:26:00,1.4098486576926001
55500,2024-03-13 00:21:00,2025-08-09 02:21:00,1.407483458818161
55501,2024-03-11 22:35:00,2025-08-09 08:29:00,1.411122518822724
55569,2024-03-12 04:06:00,2025-08-09 09:13:00,1.4105768499505666
55570,2024-03-12 10:32:00,2025-08-09 09:17:00,1.4098505589778692
55571,2024-03-11 23:14:00,2025-08-09 09:09:00,1.411124420107993
55572,2024-03-12 10:18:00,2025-08-09 04:15:00,1.4093029888204427
55573,2024-03-11 18:22:00,2025-08-09 04:17:00,1.411124420107993
55574,2024-03-11 19:44:00,2025-08-09 04:02:00,1.4109399954369153
55575,2024-03-12 02:15:00,2025-08-09 12:09:00,1.411122518822724
55576,2024-03-11 09:40:00,2025-08-09 08:20:00,1.4125789033386569
55577,2024-03-12 02:35:00,2025-08-09 12:04:00,1.411074986691003
55578,2024-03-11 13:00:00,2025-04-08 11:40:00,1.0758232565214085
55579,2024-03-11 11:20:00,2025-08-08 19:38:00,1.4109399954369153
55580,2024-03-12 09:32:00,2025-08-09 08:17:00,1.4098505589778692
55581,2024-03-12 02:02:00,2025-08-09 02:22:00,1.410031181078409
55582,2024-03-12 02:50:00,2025-08-09 02:38:00,1.409970339949806
55583,2024-03-12 03:28:00,2025-08-09 03:48:00,1.410031181078409
55584,2024-03-11 11:27:00,2025-08-09 03:45:00,1.4118526123659594
55585,2024-03-12 02:34:00,2025-08-09 09:17:00,1.4107593733363755
55586,2024-03-12 03:14:00,2025-08-09 09:56:00,1.4107574720511065
55587,2024-03-12 04:05:00,2025-08-09 11:40:00,1.410858240170355
55588,2024-03-11 17:30:00,2025-08-09 12:58:00,1.4122138565670392
55589,2024-03-12 03:12:00,2025-08-09 03:32:00,1.410031181078409
55590,2024-03-12 02:54:00,2025-08-09 03:14:00,1.410031181078409
55591,2024-03-11 19:10:00,2025-08-09 09:52:00,1.4116700889801506
55592,2024-03-12 02:48:00,2025-08-09 09:31:00,1.4107593733363755
55593,2024-03-12 02:59:00,2025-08-09 12:53:00,1.411122518822724
55594,2024-03-12 02:43:00,2025-08-09 09:26:00,1.4107593733363755
55595,2024-03-12 02:53:00,2025-07-25 16:29:00,1.3704768423454254
55596,2024-03-12 02:40:00,2025-08-09 10:59:00,1.4109418967221843
55597,2024-03-12 02:29:00,2025-08-09 09:12:00,1.4107593733363755
55598,2024-03-11 18:45:00,2025-08-09 03:04:00,1.4109418967221843
55599,2024-03-12 02:39:00,2025-08-09 09:22:00,1.4107593733363755
55600,2024-03-12 02:21:00,2025-08-09 09:04:00,1.4107593733363755
55601,2024-03-11 10:38:00,2025-08-09 09:18:00,1.4125789033386569
55602,2024-03-11 18:37:00,2025-08-09 09:19:00,1.4116700889801506
55603,2024-03-12 02:26:00,2025-08-09 09:09:00,1.4107593733363755
55604,2024-03-11 17:43:00,2025-08-09 08:25:00,1.4116700889801506
55605,2024-03-12 10:18:00,2025-08-09 02:40:00,1.4091223667199027
55607,2024-03-11 18:12:00,2025-08-09 08:53:00,1.4116681876948818
55608,2024-03-11 18:08:00,2025-08-09 10:25:00,1.4118507110806906
55609,2024-03-12 02:15:00,2025-08-09 08:58:00,1.4107593733363755
55610,2024-03-12 03:32:00,2025-08-09 08:39:00,1.4105768499505666
55611,2024-03-12 09:51:00,2025-08-09 08:35:00,1.4098486576926001
55612,2024-03-12 09:50:00,2025-08-09 08:34:00,1.4098486576926001
55613,2024-03-12 02:02:00,2025-08-09 03:58:00,1.4102137044642178
55614,2024-03-12 00:22:00,2025-08-09 02:18:00,1.4102137044642178
55615,2024-03-12 09:45:00,2025-08-09 08:29:00,1.4098486576926001
55616,2024-03-12 01:33:00,2025-08-09 08:16:00,1.4107593733363755
55617,2024-03-11 17:43:00,2025-08-09 08:24:00,1.4116681876948818
55618,2024-03-12 03:08:00,2025-08-09 08:15:00,1.4105768499505666
55619,2024-03-11 22:16:00,2025-08-09 08:10:00,1.411122518822724
55620,2024-03-12 01:22:00,2025-08-09 09:41:00,1.4109418967221843
55621,2024-03-12 09:37:00,2025-08-09 08:21:00,1.4098486576926001
55622,2024-03-12 02:55:00,2025-08-09 03:15:00,1.410031181078409
55623,2024-03-12 02:48:00,2025-08-09 11:07:00,1.4109418967221843
55628,2024-03-12 11:34:00,2025-08-09 08:13:00,1.409610997033995
55629,2024-03-12 11:40:00,2025-08-09 16:19:00,1.410523613963039
55630,2024-03-12 11:28:00,2025-08-09 16:07:00,1.410523613963039
55631,2024-03-11 17:14:00,2025-08-09 09:07:00,1.4118050802342383
55632,2024-03-12 11:16:00,2025-08-09 15:55:00,1.410523613963039
55633,2024-03-12 11:10:00,2025-08-09 15:49:00,1.410523613963039
55634,2024-03-12 11:16:00,2025-08-09 15:56:00,1.4105255152483078
55635,2024-03-12 10:45:00,2025-08-09 07:24:00,1.409610997033995
55636,2024-03-12 10:58:00,2025-08-09 15:37:00,1.410523613963039
55637,2024-03-12 11:09:00,2025-08-09 07:48:00,1.409610997033995
55638,2024-03-12 11:04:00,2025-08-09 15:43:00,1.410523613963039
55639,2024-03-12 10:39:00,2025-08-09 07:19:00,1.4096128983192637
55640,2024-03-12 10:33:00,2025-08-09 15:13:00,1.4105255152483078
55641,2024-03-12 10:45:00,2025-08-09 07:54:00,1.4096680355920603
55642,2024-03-11 19:26:00,2024-06-26 09:42:00,0.2918396836261313
55643,2024-03-12 10:27:00,2025-08-09 08:06:00,1.4097250741501255
55644,2024-03-12 10:57:00,2025-08-09 07:36:00,1.409610997033995
55645,2024-03-12 11:33:00,2024-08-21 18:07:00,0.44428093391132406
55646,2024-03-12 11:15:00,2025-04-21 00:15:00,1.1075747205110655
55647,2024-03-12 10:09:00,2025-08-09 06:48:00,1.409610997033995
55648,2024-03-11 12:25:00,2025-08-09 07:30:00,1.412170127005856
55649,2024-03-11 11:55:00,2025-08-09 07:00:00,1.412170127005856
55650,2024-03-12 10:39:00,2025-08-09 07:18:00,1.409610997033995
55651,2024-03-11 19:02:00,2025-08-09 07:42:00,1.411438132177352
55652,2024-03-12 10:27:00,2025-08-09 07:06:00,1.409610997033995
55653,2024-03-12 11:39:00,2025-08-09 06:42:00,1.4094284736481861
55654,2024-03-12 11:21:00,2025-08-09 06:24:00,1.4094284736481861
55655,2024-03-12 10:39:00,2025-08-09 05:42:00,1.4094284736481861
55656,2024-03-12 11:39:00,2025-08-09 06:36:00,1.4094170659365732
55657,2024-03-12 09:15:00,2025-08-09 05:54:00,1.409610997033995
55658,2024-03-12 10:15:00,2025-08-09 06:54:00,1.409610997033995
55659,2024-03-12 10:45:00,2025-08-09 05:48:00,1.4094284736481861
55660,2024-03-11 17:20:00,2025-08-09 06:12:00,1.411460947600578
55661,2024-03-12 10:21:00,2025-08-09 07:00:00,1.409610997033995
55662,2024-03-12 10:57:00,2025-08-09 05:19:00,1.4093505209521637
55663,2024-03-11 18:07:00,2025-08-09 06:48:00,1.4114400334626207
55664,2024-03-11 16:55:00,2025-08-09 05:36:00,1.4114400334626207
55665,2024-03-12 10:03:00,2025-08-09 06:42:00,1.409610997033995
55667,2024-03-12 11:33:00,2025-08-09 06:24:00,1.4094056582249601
55668,2024-03-12 10:27:00,2025-08-09 13:30:00,1.4103410905772302
55669,2024-03-12 10:15:00,2025-08-09 05:18:00,1.4094284736481861
55670,2024-03-12 11:33:00,2025-08-09 06:37:00,1.409430374933455
55671,2024-03-12 11:03:00,2025-08-09 06:06:00,1.4094284736481861
55672,2024-03-12 10:20:00,2024-08-21 19:54:00,0.44462316525971557
55673,2024-03-12 11:27:00,2025-08-09 06:30:00,1.4094284736481861
55674,2024-03-12 11:15:00,2025-08-09 10:00:00,1.4098505589778692
55675,2024-03-12 11:03:00,2025-08-09 06:06:00,1.4094284736481861
55676,2024-03-12 10:02:00,2025-08-09 04:54:00,1.409407559510229
55677,2024-03-12 12:45:00,2025-08-09 02:59:00,1.408879002205491
55678,2024-03-12 11:21:00,2025-03-28 04:08:00,1.0422978933759222
55695,2024-03-12 13:00:00,2024-07-27 07:12:00,0.37442391056354096
55697,2024-03-12 07:07:00,2024-08-23 13:48:00,0.44976994448247015
55699,2024-03-12 09:52:00,2024-07-27 13:18:00,0.3754772226024793
55700,2024-03-12 06:49:00,2024-08-16 03:35:00,0.4294737242375846
55701,2024-03-11 12:32:00,2024-07-25 13:09:00,0.3724180546049129
55704,2024-03-12 10:41:00,2024-06-17 09:41:00,0.2654574492356833
55705,2024-03-12 06:31:00,2024-07-24 12:09:00,0.3675146398965701
55707,2024-03-12 06:50:00,2024-07-25 04:17:00,0.3693189596167009
55709,2024-03-12 11:05:00,2024-08-29 16:49:00,0.4660886759449388
55710,2024-03-12 10:40:00,2024-08-08 07:54:00,0.40762415392805534
55712,2024-03-12 06:05:00,2024-07-24 04:18:00,0.36666856795193553
55713,2024-03-12 11:00:00,2024-07-24 12:28:00,0.3670393185793597
55741,2024-03-12 06:34:00,2025-08-09 09:37:00,1.4103410905772302
55742,2024-03-11 22:39:00,2025-08-09 09:43:00,1.411255608791543
55743,2024-03-11 22:45:00,2025-08-09 11:26:00,1.4114400334626207
55744,2024-03-12 06:40:00,2025-08-09 11:20:00,1.4105255152483078
55745,2024-03-11 22:51:00,2025-03-01 03:22:00,0.96971442695262
55746,2024-03-12 12:22:00,2025-08-09 07:25:00,1.4094284736481861
55747,2024-03-11 19:09:00,2025-08-09 11:02:00,1.4118050802342383
55748,2024-03-12 06:16:00,2025-08-09 09:19:00,1.4103410905772302
55749,2024-03-12 12:17:00,2025-07-08 09:38:00,1.322079625827059
55750,2024-03-11 18:57:00,2025-08-09 09:13:00,1.4116206555631607
55751,2024-03-11 22:27:00,2025-08-09 09:31:00,1.411255608791543
55752,2024-03-11 23:09:00,2025-08-09 11:50:00,1.4114400334626207
55753,2024-03-11 18:51:00,2025-08-09 07:26:00,1.4114286257510076
55754,2024-03-11 05:44:00,2025-08-09 08:49:00,1.4130827439349
55755,2024-03-11 23:03:00,2025-08-09 11:42:00,1.4114362308920831
55756,2024-03-11 22:57:00,2025-08-09 10:01:00,1.411255608791543
55757,2024-03-11 18:39:00,2025-08-09 08:55:00,1.4116206555631607
55758,2024-03-11 23:15:00,2025-08-09 08:43:00,1.4110730854057343
55759,2024-03-12 10:28:00,2025-03-15 09:27:00,1.0074131112632139
55760,2024-03-11 22:57:00,2025-08-09 09:55:00,1.41124420107993
55761,2024-03-11 17:33:00,2025-08-09 09:25:00,1.4118031789489696
55762,2024-03-12 10:52:00,2025-08-09 10:43:00,1.4099760438056126
55763,2024-03-11 23:03:00,2025-08-09 11:44:00,1.4114400334626207
55764,2024-03-12 10:58:00,2025-08-09 09:13:00,1.4097935204198038
55765,2024-03-12 11:04:00,2025-08-09 09:19:00,1.4097935204198038
55766,2024-03-12 10:34:00,2025-08-09 16:44:00,1.4106966309225035
55767,2024-03-10 22:19:00,2025-08-09 09:25:00,1.413997262149213
55768,2024-03-11 04:19:00,2025-05-28 16:02:00,1.2142045022435166
55769,2024-03-13 04:17:00,2025-08-09 10:31:00,1.4079663852764468
55770,2024-03-12 10:34:00,2025-08-09 16:50:00,1.4107080386341166
55771,2024-03-12 10:22:00,2025-08-09 10:13:00,1.4099760438056126
55772,2024-03-12 11:40:00,2025-08-09 09:49:00,1.4097821127081906
55773,2024-03-11 19:57:00,2025-08-09 10:37:00,1.411666286409613
55774,2024-03-11 21:27:00,2025-08-09 10:07:00,1.411438132177352
55775,2024-03-11 21:21:00,2025-08-09 10:01:00,1.411438132177352
55776,2024-03-11 17:38:00,2025-08-09 09:31:00,1.4118050802342383
55777,2024-03-11 17:56:00,2025-08-09 09:49:00,1.4118050802342383
55778,2024-03-12 11:28:00,2025-08-09 09:43:00,1.4097935204198038
55779,2024-03-12 10:46:00,2025-08-09 07:25:00,1.409610997033995
55780,2024-03-11 20:57:00,2025-08-09 09:37:00,1.411438132177352
55781,2024-03-12 11:04:00,2025-08-09 09:55:00,1.409861966689482
55782,2024-03-12 10:40:00,2025-08-09 08:55:00,1.4097935204198038
55783,2024-03-12 10:40:00,2025-08-09 08:55:00,1.4097935204198038
55784,2024-03-11 19:51:00,2025-08-09 08:31:00,1.411438132177352
55785,2024-03-12 10:34:00,2025-08-09 08:49:00,1.4097935204198038
55786,2024-03-11 19:50:00,2025-08-09 08:31:00,1.4114400334626207
55787,2024-03-12 10:27:00,2025-08-09 08:43:00,1.4097954217050725
55788,2024-03-12 10:22:00,2025-08-09 16:37:00,1.4107061373488479
55789,2024-03-12 11:22:00,2025-08-09 16:01:00,1.410523613963039
55790,2024-03-12 11:28:00,2025-08-09 08:07:00,1.409610997033995
55791,2024-03-11 19:44:00,2025-08-09 08:25:00,1.4114400334626207
55914,2024-03-11 10:21:00,2025-08-09 10:15:00,1.4127195984485512
55915,2024-03-12 03:35:00,2025-08-09 18:00:00,1.4116377671305802
55916,2024-03-12 10:17:00,2025-08-09 11:45:00,1.4101604684766902
55917,2024-03-11 09:55:00,2025-08-09 18:00:00,1.4136531295155526
55918,2024-03-12 02:10:00,2025-08-09 10:03:00,1.4108924633051942
55919,2024-03-12 03:29:00,2025-08-09 16:15:00,1.411449539888965
55920,2024-03-12 00:28:00,2025-08-09 09:56:00,1.4110730854057343
55921,2024-03-12 03:11:00,2025-08-09 09:26:00,1.4107061373488479
55922,2024-03-12 03:17:00,2025-08-09 09:32:00,1.4107061373488479
55923,2024-03-12 09:47:00,2025-08-09 16:03:00,1.4107080386341166
55924,2024-03-12 01:58:00,2025-08-09 09:50:00,1.4108905620199255
55925,2024-03-12 03:05:00,2025-08-09 15:45:00,1.411438132177352
55926,2024-03-12 01:46:00,2025-08-09 08:02:00,1.4107080386341166
55927,2024-03-12 02:59:00,2025-08-09 15:33:00,1.4114267244657388
55928,2024-03-12 02:47:00,2025-08-09 15:27:00,1.411438132177352
55929,2024-03-11 10:51:00,2025-03-12 04:36:00,1.0013404061145335
55930,2024-03-12 01:04:00,2025-08-09 08:56:00,1.4108905620199255
55931,2024-03-12 02:40:00,2025-08-09 15:21:00,1.4114400334626207
55932,2024-03-11 20:51:00,2025-08-09 09:32:00,1.4114400334626207
55933,2024-03-12 08:05:00,2025-08-09 11:08:00,1.4103410905772302
55934,2024-03-12 01:04:00,2025-08-09 13:44:00,1.411438132177352
55935,2024-03-11 09:33:00,2025-08-09 11:02:00,1.4129002205490913
55936,2024-03-12 00:10:00,2025-08-09 09:38:00,1.4110730854057343
55937,2024-03-12 01:28:00,2025-08-09 10:56:00,1.4110730854057343
55938,2024-03-12 01:22:00,2025-08-09 14:03:00,1.4114400334626207
55939,2024-03-12 09:11:00,2025-08-09 10:38:00,1.4101585671914214
55940,2024-03-11 09:15:00,2025-08-09 13:57:00,1.4132671686059777
55941,2024-03-12 01:52:00,2025-08-09 14:33:00,1.4114400334626207
55942,2024-03-11 08:39:00,2025-08-09 10:08:00,1.4129002205490913
55943,2024-03-11 20:04:00,2025-08-09 13:32:00,1.4119857023347784
55944,2024-03-11 15:09:00,2025-08-09 07:02:00,1.4118050802342383
55945,2024-03-12 00:58:00,2025-08-09 10:26:00,1.4110730854057343
55946,2024-03-11 02:32:00,2025-08-09 10:26:00,1.4136322153775953
55947,2024-03-12 02:10:00,2025-08-08 14:48:00,1.408696478819682
55948,2024-03-12 07:40:00,2025-08-09 12:20:00,1.4105255152483078
55949,2024-03-11 20:39:00,2025-08-09 09:20:00,1.4114400334626207
55950,2024-03-11 13:57:00,2025-08-09 09:02:00,1.412170127005856
55951,2024-03-12 08:35:00,2025-08-08 14:49:00,1.4079663852764468
55952,2024-03-12 07:41:00,2025-08-09 12:20:00,1.410523613963039
55953,2024-03-12 07:58:00,2025-05-31 18:02:00,1.2194919765761656
55954,2024-03-12 06:58:00,2025-08-09 10:02:00,1.410342991862499
55955,2024-03-11 20:09:00,2025-08-09 13:38:00,1.4119876036200472
55956,2024-03-12 00:22:00,2025-08-09 13:02:00,1.411438132177352
55957,2024-03-12 07:28:00,2025-08-09 12:10:00,1.4105293178188456
55958,2024-03-12 07:16:00,2025-08-09 08:44:00,1.4101604684766902
55959,2024-03-12 07:10:00,2025-08-09 08:38:00,1.4101604684766902
55960,2024-03-11 20:19:00,2025-08-09 10:32:00,1.4116149517073542
55961,2024-03-12 00:28:00,2025-08-09 13:08:00,1.411438132177352
55962,2024-03-12 07:46:00,2025-08-09 12:26:00,1.4105255152483078
55963,2024-03-12 07:04:00,2025-08-09 10:08:00,1.410342991862499
55964,2024-03-12 00:29:00,2025-08-09 09:19:00,1.4110008365655182
55965,2024-03-12 00:16:00,2025-08-09 09:44:00,1.4110730854057343
56093,2024-03-12 05:15:00,2024-12-19 00:36:00,0.7715434633812457
56094,2024-03-12 03:26:00,2025-08-08 19:48:00,1.4091223667199027
56095,2024-03-12 08:23:00,2025-08-09 13:30:00,1.4105768499505666
56096,2024-03-11 11:26:00,2025-08-08 21:20:00,1.411122518822724
56097,2024-03-12 09:46:00,2025-08-09 16:29:00,1.4107593733363755
56098,2024-03-12 03:31:00,2025-08-09 05:27:00,1.4102137044642178
56099,2024-03-12 11:14:00,2025-06-25 15:19:00,1.287255684842954
56100,2024-03-12 09:32:00,2025-08-08 21:06:00,1.4085747965624762
56101,2024-03-12 09:30:00,2025-08-08 21:04:00,1.4085747965624762
56102,2024-03-11 11:21:00,2025-08-08 22:32:00,1.411268917788425
56103,2024-03-12 04:38:00,2025-08-09 06:34:00,1.4102137044642178
56104,2024-03-12 11:03:00,2025-08-09 06:35:00,1.4094836109209825
56105,2024-03-12 04:21:00,2025-08-09 06:16:00,1.410211803178949
56106,2024-03-12 10:53:00,2025-01-11 15:40:00,0.8355901589474485
56107,2024-03-12 12:11:00,2025-08-09 14:07:00,1.4102137044642178
56108,2024-03-12 09:21:00,2025-08-09 06:29:00,1.4096661343067913
56109,2024-03-12 04:17:00,2025-08-09 14:12:00,1.411124420107993
56110,2024-03-11 10:52:00,2025-08-09 06:21:00,1.4122157578523082
56111,2024-03-12 08:44:00,2025-08-09 05:52:00,1.4096661343067913
56112,2024-03-12 04:05:00,2025-08-09 06:00:00,1.410211803178949
56113,2024-03-12 08:39:00,2025-08-09 05:46:00,1.4096642330215226
56114,2024-03-12 10:32:00,2025-01-22 10:51:00,0.865196973153852
56115,2024-03-12 03:44:00,2025-08-09 05:39:00,1.410211803178949
56116,2024-03-12 10:23:00,2025-08-09 05:55:00,1.4094836109209825
56117,2024-03-12 06:38:00,2025-08-08 22:59:00,1.4091204654346339
56118,2024-03-11 11:51:00,2025-08-09 04:17:00,1.41186782264811
56119,2024-03-11 11:44:00,2025-08-09 05:37:00,1.4120332344664994
56120,2024-03-12 11:51:00,2025-08-09 05:48:00,1.4093029888204427
56121,2024-03-12 03:46:00,2025-08-09 05:42:00,1.4102137044642178
56122,2024-03-12 11:41:00,2025-08-09 05:47:00,1.4093201003878622
56123,2024-03-12 03:28:00,2025-08-09 05:24:00,1.4102137044642178
56124,2024-03-12 10:10:00,2025-08-09 05:43:00,1.4094855122062515
56125,2024-03-12 09:56:00,2025-08-09 05:29:00,1.4094855122062515
56126,2024-03-12 09:47:00,2025-08-09 05:19:00,1.4094836109209825
56127,2024-03-12 03:12:00,2025-08-09 05:08:00,1.4102137044642178
56128,2024-03-12 11:35:00,2025-08-09 05:32:00,1.4093029888204427
56129,2024-03-12 09:42:00,2025-08-09 02:03:00,1.4091204654346339
56130,2024-03-12 06:30:00,2025-08-09 05:14:00,1.4098486576926001
56131,2024-03-12 04:34:00,2025-08-09 00:06:00,1.4094836109209825
56132,2024-03-12 03:14:00,2025-08-09 05:10:00,1.4102137044642178
56133,2024-03-12 04:35:00,2025-08-09 04:39:00,1.4100007605141076
56134,2024-03-12 11:08:00,2025-08-09 05:05:00,1.4093029888204427
56135,2024-03-12 07:49:00,2024-04-03 04:12:00,0.05982013841356757
56136,2024-03-12 06:14:00,2025-08-09 04:58:00,1.4098486576926001
56137,2024-03-12 04:07:00,2025-08-08 20:28:00,1.4091204654346339
56138,2024-03-11 10:56:00,2025-08-09 12:47:00,1.4129420488250057
56139,2024-03-12 05:00:00,2024-04-03 10:00:00,0.06080310289755875
56140,2024-03-11 10:53:00,2025-08-08 19:11:00,1.4109399954369153
56141,2024-03-12 12:04:00,2025-08-08 23:38:00,1.4085747965624762
56142,2024-03-12 04:21:00,2025-08-08 22:18:00,1.4093029888204427
56143,2024-03-11 19:58:00,2025-08-08 20:18:00,1.410031181078409
56144,2024-03-12 10:34:00,2025-08-09 04:36:00,1.4093124952467868
56145,2024-03-12 05:00:00,2024-04-02 12:23:00,0.05833713590387102
56146,2024-03-12 04:00:00,2025-08-08 21:57:00,1.4093029888204427
56147,2024-03-11 17:51:00,2025-08-08 20:56:00,1.4103448931477678
56148,2024-03-12 09:54:00,2025-08-08 21:01:00,1.4085234618602176
56287,2024-03-12 10:59:00,2025-08-09 09:44:00,1.4098505589778692
56288,2024-03-12 10:12:00,2025-08-09 00:57:00,1.408937942048825
56289,2024-03-12 12:31:00,2025-08-09 14:27:00,1.4102137044642178
56290,2024-03-12 10:07:00,2025-08-09 08:51:00,1.4098486576926001
56291,2024-03-12 08:41:00,2025-08-09 09:00:00,1.4100292797931402
56292,2024-03-11 16:29:00,2025-08-09 16:45:00,1.4127614267244657
56293,2024-03-12 11:28:00,2025-08-09 16:35:00,1.4105768499505666
56294,2024-03-12 11:23:00,2025-08-09 00:33:00,1.408757319948285
56295,2024-03-12 12:50:00,2025-08-09 00:24:00,1.4085747965624762
56296,2024-03-12 04:52:00,2025-08-09 14:46:00,1.411122518822724
56297,2024-03-12 10:55:00,2025-08-09 17:37:00,1.4107574720511065
56298,2024-03-11 15:56:00,2025-08-09 09:48:00,1.4120313331812304
56299,2024-03-12 11:53:00,2025-08-09 09:01:00,1.4096661343067913
56300,2024-03-12 08:21:00,2025-08-08 18:20:00,1.4083941744619364
56301,2024-03-12 10:40:00,2025-08-09 17:23:00,1.4107593733363755
56302,2024-03-12 08:55:00,2025-08-09 09:15:00,1.410031181078409
56303,2024-03-12 12:20:00,2024-07-23 11:14:00,0.3640086698608259
56304,2024-03-12 10:26:00,2025-08-09 17:09:00,1.4107593733363755
56305,2024-03-12 08:45:00,2025-08-09 09:05:00,1.410031181078409
56306,2024-03-12 09:00:00,2025-08-09 09:20:00,1.410031181078409
56317,2024-03-12 09:23:00,2025-08-09 10:08:00,1.41007871321013
56318,2024-03-12 10:54:00,2025-08-09 10:03:00,1.4098961898243212
56319,2024-03-11 22:03:00,2025-08-09 10:00:00,1.4113563769107917
56320,2024-03-12 10:59:00,2025-08-09 10:09:00,1.4098980911095902
56321,2024-03-12 10:43:00,2025-08-09 09:52:00,1.4098961898243212
56322,2024-03-12 10:56:00,2025-08-09 10:06:00,1.4098980911095902
56323,2024-03-11 17:10:00,2025-08-09 09:55:00,1.4119039470682182
56324,2024-03-11 10:49:00,2025-08-09 09:58:00,1.4126340406114533
56325,2024-03-11 23:23:00,2025-08-09 11:20:00,1.4113563769107917
56326,2024-03-12 10:49:00,2025-08-09 09:58:00,1.4098961898243212
56327,2024-03-12 13:00:00,2025-08-09 11:09:00,1.4097821127081906
56328,2024-03-11 20:14:00,2025-08-09 17:47:00,1.4124515172256444
56329,2024-03-11 21:45:00,2025-08-09 09:42:00,1.4113563769107917
56330,2024-03-12 10:38:00,2025-04-30 13:38:00,1.1338124572210815
56331,2024-03-12 10:24:00,2025-08-09 09:34:00,1.4098980911095902
56332,2024-03-11 10:41:00,2025-08-09 09:50:00,1.4126340406114533
56333,2024-03-11 23:10:00,2025-08-09 09:31:00,1.411173853524983
56334,2024-03-12 10:27:00,2025-08-09 09:36:00,1.4098961898243212
56335,2024-03-12 03:50:00,2025-08-09 09:23:00,1.4106262833675565
56336,2024-03-12 10:30:00,2025-08-09 09:39:00,1.4098961898243212
56337,2024-03-12 10:17:00,2025-08-09 09:26:00,1.4098961898243212
56338,2024-03-11 10:19:00,2025-08-09 09:28:00,1.4126340406114533
56339,2024-03-12 10:08:00,2025-08-09 10:53:00,1.41007871321013
56340,2024-03-12 10:16:00,2025-08-09 09:26:00,1.4098980911095902
56341,2024-03-12 03:50:00,2025-08-09 10:59:00,1.4108088067533653
56342,2024-03-12 10:11:00,2025-08-09 10:56:00,1.41007871321013
56343,2024-03-11 16:25:00,2025-08-09 10:46:00,1.412086470454027
56344,2024-03-11 16:30:00,2025-08-09 06:03:00,1.4115389002966006
56345,2024-03-11 16:22:00,2025-08-09 10:43:00,1.412086470454027
56346,2024-03-11 10:03:00,2025-08-09 06:00:00,1.4122689938398356
56347,2024-03-11 22:43:00,2025-08-09 10:40:00,1.4113563769107917
56348,2024-03-12 10:06:00,2025-08-09 10:51:00,1.41007871321013
56349,2024-03-12 11:23:00,2025-08-09 05:44:00,1.4093486196668947
56350,2024-03-11 16:14:00,2025-08-09 10:35:00,1.412086470454027
56351,2024-03-11 16:09:00,2025-08-09 02:30:00,1.411173853524983
56352,2024-03-12 11:28:00,2025-08-09 09:02:00,1.4097155677237814
56353,2024-03-12 11:02:00,2025-08-09 10:11:00,1.4098961898243212
56354,2024-03-11 22:44:00,2025-08-09 10:41:00,1.4113563769107917
56355,2024-03-12 11:12:00,2025-08-09 13:33:00,1.4102612365959388
56356,2024-03-12 11:15:00,2025-08-09 13:36:00,1.4102612365959388
56357,2024-03-12 11:13:00,2025-08-09 11:56:00,1.4100749106395924
56358,2024-03-11 11:18:00,2025-08-09 10:27:00,1.4126340406114533
56359,2024-03-12 11:07:00,2025-08-09 10:19:00,1.4099018936801277
56360,2024-03-12 11:10:00,2025-08-09 10:19:00,1.4098961898243212
56361,2024-03-12 11:02:00,2025-08-09 10:16:00,1.4099056962506655
56362,2024-03-11 11:05:00,2025-08-09 10:14:00,1.4126340406114533
56374,2024-03-12 07:45:00,2025-08-09 08:05:00,1.410031181078409
56375,2024-03-12 10:49:00,2025-08-09 07:57:00,1.4096661343067913
56376,2024-03-11 18:56:00,2025-08-09 09:02:00,1.4116016427104723
56377,2024-03-11 13:59:00,2025-08-08 23:54:00,1.411124420107993
56378,2024-03-12 07:18:00,2025-08-09 07:59:00,1.4100711080690547
56379,2024-03-12 10:28:00,2025-08-09 02:49:00,1.4091204654346339
56380,2024-03-12 10:33:00,2025-07-28 04:18:00,1.3764259639516312
56381,2024-03-12 10:38:00,2025-08-09 01:23:00,1.408937942048825
56382,2024-03-12 11:56:00,2025-08-09 09:04:00,1.4096661343067913
56383,2024-03-12 10:23:00,2025-08-09 02:44:00,1.4091204654346339
56384,2024-03-12 06:57:00,2025-08-09 15:16:00,1.4109418967221843
56385,2024-03-12 10:15:00,2025-08-08 17:00:00,1.408025325119781
56386,2024-03-12 08:23:00,2025-08-09 08:43:00,1.410031181078409
56387,2024-03-12 10:10:00,2025-08-09 08:29:00,1.409801125560879
56388,2024-03-12 09:46:00,2025-08-09 03:04:00,1.4092288386949579
56389,2024-03-11 00:34:00,2025-08-08 23:14:00,1.4125789033386569
56390,2024-03-12 06:43:00,2025-03-08 15:46:00,0.9893965320556697
56391,2024-03-11 16:21:00,2025-08-09 08:39:00,1.4118526123659594
56392,2024-03-11 18:01:00,2025-08-09 07:07:00,1.4114875655943417
56393,2024-03-12 08:14:00,2025-08-09 08:34:00,1.410031181078409
56394,2024-03-12 12:54:00,2025-08-09 14:49:00,1.410211803178949
56395,2024-03-12 06:35:00,2025-08-09 02:08:00,1.4094855122062515
56396,2024-03-11 12:50:00,2025-08-09 16:17:00,1.4131245722108146
56397,2024-03-11 14:41:00,2025-08-09 02:11:00,1.411305042208533
56398,2024-03-12 12:41:00,2025-08-09 16:12:00,1.4103943265647578
56399,2024-03-12 12:49:00,2025-08-09 01:59:00,1.408757319948285
56400,2024-03-11 12:37:00,2025-08-09 00:07:00,1.411305042208533
56401,2024-03-12 09:33:00,2025-08-09 06:41:00,1.4096661343067913
56403,2024-03-12 12:36:00,2025-08-09 08:09:00,1.4094855122062515
56404,2024-03-12 12:20:00,2025-08-09 07:53:00,1.4094855122062515
56405,2024-03-12 12:28:00,2025-08-09 08:01:00,1.4094855122062515
56406,2024-03-12 10:32:00,2025-08-09 07:40:00,1.4096661343067913
56407,2024-03-12 12:23:00,2025-08-09 07:56:00,1.4094855122062515
56408,2024-03-12 12:04:00,2025-08-09 15:27:00,1.4103791162826071
56409,2024-03-11 13:55:00,2025-08-09 15:47:00,1.4129439501102745
56410,2024-03-12 10:19:00,2025-08-09 07:27:00,1.4096661343067913
56411,2024-03-12 10:36:00,2025-08-09 07:45:00,1.4096680355920603
56412,2024-03-11 13:26:00,2025-08-09 07:19:00,1.4120332344664994
56413,2024-03-11 13:39:00,2025-08-09 07:32:00,1.4120332344664994
56414,2024-03-12 06:53:00,2025-08-09 07:13:00,1.410031181078409
56415,2024-03-12 10:16:00,2025-08-09 18:00:00,1.4108753517377748
56416,2024-03-12 11:18:00,2025-08-09 06:49:00,1.4094817096357137
56417,2024-03-11 13:21:00,2025-08-09 15:13:00,1.4129439501102745
56418,2024-03-11 12:37:00,2025-08-09 14:29:00,1.4129439501102745
56419,2024-03-12 06:50:00,2025-08-09 07:10:00,1.410031181078409
56420,2024-03-12 12:28:00,2025-08-09 06:25:00,1.4093029888204427
56421,2024-03-12 09:46:00,2025-08-09 06:54:00,1.4096661343067913
56422,2024-03-12 12:20:00,2025-08-09 06:16:00,1.4093010875351737
56423,2024-03-12 12:24:00,2025-08-09 06:21:00,1.4093029888204427
56424,2024-03-12 12:11:00,2025-08-09 01:19:00,1.4087535173777475
56425,2024-03-12 12:16:00,2025-08-09 01:24:00,1.4087535173777475
56426,2024-03-12 05:10:00,2025-08-09 07:13:00,1.4102270134610997
56427,2024-03-12 06:39:00,2025-08-09 06:59:00,1.410031181078409
56428,2024-03-12 08:48:00,2025-08-09 01:09:00,1.4091204654346339
56429,2024-03-12 11:55:00,2025-08-08 21:53:00,1.4083922731766674
56448,2024-03-12 11:51:00,2025-08-09 05:18:00,1.4092459502623773
56449,2024-03-12 12:21:00,2025-08-09 04:11:00,1.4090615255912997
56450,2024-03-12 10:09:00,2025-08-09 05:12:00,1.4094284736481861
56451,2024-03-11 12:13:00,2025-08-09 04:05:00,1.4118031789489696
56452,2024-03-12 10:33:00,2025-08-09 12:00:00,1.4101585671914214
56453,2024-03-12 12:03:00,2025-08-09 05:29:00,1.4092440489771085
56454,2024-03-11 13:07:00,2025-08-09 04:59:00,1.4118031789489696
56455,2024-03-12 09:50:00,2025-08-09 04:53:00,1.4094284736481861
56456,2024-03-12 10:08:00,2025-08-09 05:11:00,1.4094284736481861
56457,2024-03-12 09:57:00,2025-08-09 05:05:00,1.4094379800745305
56458,2024-03-12 11:51:00,2025-08-09 05:17:00,1.4092440489771085
56459,2024-03-12 12:39:00,2025-08-09 04:30:00,1.4090634268765685
56460,2024-03-12 12:57:00,2025-08-09 03:11:00,1.408879002205491
56461,2024-03-12 12:33:00,2025-08-09 04:23:00,1.4090615255912997
56462,2024-03-12 03:31:00,2025-08-09 16:06:00,1.4114286257510076
56463,2024-03-11 16:43:00,2025-08-09 03:47:00,1.411255608791543
56464,2024-03-12 12:51:00,2025-08-09 03:05:00,1.408879002205491
56465,2024-03-12 03:37:00,2025-08-09 16:18:00,1.4114400334626207
56466,2024-03-12 12:39:00,2025-08-09 04:29:00,1.4090615255912997
56467,2024-03-12 09:56:00,2025-08-09 03:23:00,1.4092459502623773
56468,2024-03-12 12:27:00,2025-08-09 04:17:00,1.4090615255912997
56469,2024-03-12 10:14:00,2025-08-09 10:06:00,1.4099779450908814
56470,2024-03-11 11:36:00,2025-08-09 03:29:00,1.4118050802342383
56471,2024-03-12 11:26:00,2025-08-09 03:17:00,1.4090634268765685
56472,2024-03-12 11:27:00,2025-08-09 17:30:00,1.4106833219256216
56473,2024-03-12 11:08:00,2025-04-08 17:49:00,1.0739999239485893
56474,2024-03-12 11:44:00,2025-08-09 03:35:00,1.4090634268765685
56475,2024-03-12 10:50:00,2025-08-09 02:59:00,1.4090976500114076
56476,2024-03-12 11:20:00,2025-08-09 03:11:00,1.4090634268765685
56477,2024-03-12 04:20:00,2025-08-09 04:11:00,1.4099760438056126
56478,2024-03-12 11:02:00,2025-08-09 02:53:00,1.4090634268765685
56479,2024-03-12 10:26:00,2025-08-09 10:18:00,1.4099779450908814
56480,2024-03-12 11:14:00,2025-08-09 01:57:00,1.4089341394782873
56481,2024-03-12 10:38:00,2025-08-09 10:30:00,1.4099779450908814
56482,2024-03-12 10:56:00,2025-08-09 02:47:00,1.4090634268765685
56483,2024-03-12 10:50:00,2025-08-09 17:06:00,1.4107080386341166
56484,2024-03-12 10:44:00,2025-08-09 18:00:00,1.4108221157502472
56485,2024-03-11 11:54:00,2025-08-09 10:12:00,1.4125370750627424
56486,2024-03-12 04:08:00,2025-08-09 10:24:00,1.4107080386341166
56487,2024-03-12 04:26:00,2025-08-09 09:47:00,1.4106034679443304
56488,2024-03-12 11:14:00,2025-08-09 02:47:00,1.4090292037417294
56489,2024-03-12 10:38:00,2025-08-09 15:18:00,1.4105255152483078
56490,2024-03-12 11:08:00,2025-08-09 01:22:00,1.408879002205491
56491,2024-03-12 04:07:00,2025-08-09 08:47:00,1.4105255152483078
56492,2024-03-12 04:01:00,2025-08-09 13:30:00,1.411074986691003
56493,2024-03-12 04:25:00,2025-08-09 14:47:00,1.4111757548102517
56494,2024-03-12 10:26:00,2025-08-09 15:06:00,1.4105255152483078
56495,2024-03-12 10:14:00,2025-08-09 02:05:00,1.4090634268765685
56496,2024-03-12 10:08:00,2025-08-09 01:58:00,1.4090615255912997
56497,2024-03-12 10:02:00,2025-08-09 09:53:00,1.4099760438056126
56498,2024-03-12 10:20:00,2025-08-09 02:11:00,1.4090634268765685
56503,2024-03-12 11:14:00,2025-08-09 09:58:00,1.4098486576926001
56504,2024-03-12 09:33:00,2025-08-09 00:19:00,1.4089398433340938
56505,2024-03-12 07:54:00,2025-08-09 03:27:00,1.4094855122062515
56506,2024-03-12 09:42:00,2025-08-09 08:26:00,1.4098486576926001
56507,2024-03-12 11:13:00,2025-08-09 06:46:00,1.4094855122062515
56508,2024-03-12 11:01:00,2025-08-09 09:45:00,1.4098486576926001
56509,2024-03-11 17:17:00,2025-08-09 17:31:00,1.4127576241539281
56510,2024-03-12 10:58:00,2025-08-09 00:08:00,1.408757319948285
56511,2024-03-12 09:13:00,2025-08-08 23:53:00,1.4089284356224807
56512,2024-03-12 10:53:00,2025-08-09 09:37:00,1.4098486576926001
56513,2024-03-11 12:22:00,2025-08-09 17:25:00,1.4133070955966234
56515,2024-03-12 09:01:00,2025-08-09 17:20:00,1.4109418967221843
56516,2024-03-12 10:45:00,2025-08-09 17:28:00,1.4107593733363755
56517,2024-03-12 08:49:00,2025-08-09 17:07:00,1.4109399954369153
56518,2024-03-11 16:59:00,2025-08-09 09:16:00,1.4118507110806906
56519,2024-03-12 08:42:00,2025-08-09 09:02:00,1.410031181078409
56520,2024-03-12 10:28:00,2025-08-09 15:35:00,1.4105768499505666
56521,2024-03-12 08:23:00,2025-08-09 02:06:00,1.409276370826679
56522,2024-03-12 08:44:00,2025-08-09 01:05:00,1.4091204654346339
56523,2024-03-12 11:27:00,2025-08-09 16:34:00,1.4105768499505666
56524,2024-03-12 10:04:00,2025-08-09 08:48:00,1.4098486576926001
56525,2024-03-11 11:21:00,2025-08-09 02:02:00,1.4116681876948818
56526,2024-03-12 11:30:00,2025-08-09 16:37:00,1.4105768499505666
56527,2024-03-12 11:19:00,2025-08-09 00:28:00,1.4087554186630162
56528,2024-03-12 11:22:00,2025-08-09 02:07:00,1.408937942048825
56529,2024-03-12 07:55:00,2025-08-09 08:15:00,1.410031181078409
56530,2024-03-12 12:25:00,2025-08-09 07:57:00,1.4094836109209825
56531,2024-03-11 17:28:00,2025-08-09 08:10:00,1.4116700889801506
56532,2024-03-12 09:40:00,2025-08-09 08:24:00,1.4098486576926001
56533,2024-03-11 14:07:00,2025-08-09 08:00:00,1.4120332344664994
56534,2024-03-12 09:35:00,2025-08-09 08:19:00,1.4098486576926001
56535,2024-03-11 10:55:00,2025-08-09 04:48:00,1.4120332344664994
56536,2024-03-12 10:53:00,2025-08-09 03:03:00,1.4090995512966766
56537,2024-03-12 10:46:00,2025-08-09 17:29:00,1.4107593733363755
56538,2024-03-12 06:49:00,2025-08-09 07:55:00,1.4101186402007757
56539,2024-03-11 15:33:00,2025-08-09 17:15:00,1.412924937257586
56540,2024-03-12 10:58:00,2025-08-09 17:10:00,1.4107004334930413
56541,2024-03-12 08:53:00,2025-08-09 04:26:00,1.4094855122062515
56542,2024-03-12 09:01:00,2025-08-09 04:34:00,1.4094855122062515
56543,2024-03-12 08:43:00,2025-05-02 18:20:00,1.140042969047076
56544,2024-03-12 08:56:00,2025-08-09 09:48:00,1.410092022207012
56545,2024-03-12 08:37:00,2025-08-09 10:33:00,1.4102137044642178
56546,2024-03-11 10:28:00,2025-08-09 17:07:00,1.4134896189824322
56547,2024-03-11 18:06:00,2025-08-09 09:45:00,1.4117784622404745
56548,2024-03-11 18:20:00,2025-08-09 02:39:00,1.4109418967221843
56549,2024-03-12 11:31:00,2025-08-09 10:15:00,1.4098486576926001
56550,2024-03-12 10:08:00,2025-08-09 10:28:00,1.410031181078409
56551,2024-03-12 09:49:00,2025-08-09 10:09:00,1.410031181078409
56552,2024-03-12 11:34:00,2025-08-09 10:18:00,1.4098486576926001
56553,2024-03-12 11:20:00,2025-08-09 10:04:00,1.4098486576926001
56554,2024-03-12 11:26:00,2025-08-09 10:10:00,1.4098486576926001
56555,2024-03-12 11:10:00,2025-08-09 09:54:00,1.4098486576926001
56556,2024-03-12 11:15:00,2025-08-09 09:59:00,1.4098486576926001
56557,2024-03-12 09:30:00,2025-08-09 01:51:00,1.4091204654346339
56558,2024-03-12 09:26:00,2025-08-09 17:05:00,1.4108658453114304
56688,2024-03-11 18:46:00,2025-08-09 07:52:00,1.4114875655943417
56689,2024-03-11 18:32:00,2025-08-09 14:00:00,1.4122138565670392
56690,2024-03-11 12:04:00,2025-08-09 04:21:00,1.4118507110806906
56691,2024-03-11 18:46:00,2024-09-10 13:39:00,0.5004429994676401
56692,2024-03-11 18:17:00,2025-08-09 13:46:00,1.4122157578523082
56693,2024-03-11 14:56:00,2025-08-09 04:02:00,1.4114875655943417
56694,2024-03-12 11:45:00,2025-08-09 13:41:00,1.4102137044642178
56695,2024-03-12 11:36:00,2025-08-09 03:57:00,1.4091204654346339
56697,2024-03-12 12:33:00,2025-08-09 08:06:00,1.4094855122062515
56698,2024-03-12 11:07:00,2025-08-09 06:40:00,1.4094855122062515
56699,2024-03-12 11:31:00,2025-08-09 08:39:00,1.4096661343067913
56700,2024-03-12 11:26:00,2025-08-09 13:22:00,1.4102137044642178
56701,2024-03-11 19:24:00,2025-08-09 05:18:00,1.411122518822724
56702,2024-03-12 12:14:00,2025-08-09 04:35:00,1.4091204654346339
56703,2024-03-11 19:19:00,2025-08-08 21:15:00,1.4102137044642178
56704,2024-03-12 12:24:00,2025-08-09 07:56:00,1.4094836109209825
56705,2024-03-12 11:03:00,2025-08-09 03:24:00,1.4091204654346339
56706,2024-03-12 12:43:00,2025-08-09 13:03:00,1.410031181078409
56707,2024-03-11 19:15:00,2025-08-09 13:07:00,1.4120313331812304
56708,2024-03-11 18:55:00,2025-08-09 08:01:00,1.4114875655943417
56709,2024-03-12 11:02:00,2025-08-09 04:59:00,1.4093029888204427
56767,2024-03-12 03:36:00,2025-08-09 15:09:00,1.4113107460643395
56768,2024-03-12 03:05:00,2025-08-09 09:39:00,1.4107422617689558
56769,2024-03-11 14:35:00,2025-08-09 10:00:00,1.412208152711233
56770,2024-03-12 06:42:00,2025-08-09 16:04:00,1.4110616776941212
56771,2024-03-12 02:35:00,2025-03-10 04:46:00,0.9940889040991711
56772,2024-03-12 03:18:00,2025-08-09 09:33:00,1.4107061373488479
56773,2024-03-11 10:27:00,2025-08-09 10:27:00,1.4127310061601643
56774,2024-03-12 03:00:00,2025-08-09 16:28:00,1.4115293938702562
56775,2024-03-12 02:29:00,2025-08-09 08:44:00,1.4107061373488479
56776,2024-03-12 11:06:00,2025-08-09 09:21:00,1.4097935204198038
56777,2024-03-12 03:41:00,2025-08-09 14:46:00,1.4112575100768119
56778,2024-03-12 02:59:00,2025-08-09 10:51:00,1.4108905620199255
56779,2024-03-11 11:58:00,2025-08-09 16:39:00,1.413265267320709
56780,2024-03-12 03:35:00,2025-08-09 09:51:00,1.4107080386341166
56781,2024-03-12 04:47:00,2025-08-09 09:27:00,1.4105255152483078
56782,2024-03-12 04:29:00,2025-08-09 10:45:00,1.4107080386341166
56783,2024-03-12 02:41:00,2025-08-09 08:57:00,1.4107080386341166
56784,2024-03-12 04:23:00,2025-08-09 10:39:00,1.4107080386341166
56785,2024-03-12 03:23:00,2025-08-09 14:28:00,1.4112575100768119
56786,2024-03-12 02:35:00,2025-08-09 10:27:00,1.4108905620199255
56787,2024-03-12 03:41:00,2025-08-09 16:15:00,1.4114267244657388
56788,2024-03-12 04:05:00,2025-08-09 08:45:00,1.4105255152483078
56789,2024-03-12 09:49:00,2025-08-09 18:00:00,1.4109266864400334
56790,2024-03-12 11:00:00,2025-08-09 14:45:00,1.4104209445585216
56791,2024-03-12 04:05:00,2025-08-09 10:21:00,1.4107080386341166
56792,2024-03-11 19:29:00,2025-08-09 14:34:00,1.412170127005856
56793,2024-03-11 18:53:00,2025-08-09 13:58:00,1.412170127005856
56794,2024-03-12 03:53:00,2025-08-09 16:34:00,1.4114400334626207
56795,2024-03-11 17:46:00,2025-08-09 12:45:00,1.4121587192942429
56796,2024-03-12 04:53:00,2025-08-09 09:33:00,1.4105255152483078
56797,2024-03-12 03:05:00,2025-08-09 14:40:00,1.4113145486348773
56798,2024-03-12 11:48:00,2025-05-14 14:59:00,1.1721632823788881
56799,2024-03-12 04:00:00,2025-08-09 14:04:00,1.4111415316754126
56800,2024-03-12 03:05:00,2025-08-09 07:45:00,1.4105255152483078
56801,2024-03-11 11:28:00,2025-08-09 16:10:00,1.4132671686059777
56802,2024-03-12 11:54:00,2025-08-09 13:21:00,1.4101585671914214
56803,2024-03-11 12:22:00,2025-08-09 13:51:00,1.4129002205490913
56804,2024-03-12 11:42:00,2025-08-09 16:21:00,1.410523613963039
56805,2024-03-12 03:35:00,2025-08-09 10:03:00,1.4107308540573427
56806,2024-03-12 03:05:00,2025-08-09 07:32:00,1.4105007985398128
56807,2024-03-12 03:17:00,2025-08-09 12:45:00,1.4110730854057343
56808,2024-03-12 11:00:00,2025-08-09 12:53:00,1.4102080006084112
56809,2024-03-12 03:53:00,2025-08-09 14:58:00,1.4112575100768119
56810,2024-03-12 02:41:00,2025-08-09 10:33:00,1.4108905620199255
56811,2024-03-12 02:48:00,2025-08-09 15:39:00,1.4114590463153092
56812,2024-03-11 11:28:00,2025-08-09 09:45:00,1.4125351737774736
56813,2024-03-12 03:47:00,2025-08-09 14:52:00,1.4112575100768119
56814,2024-03-12 03:59:00,2025-08-09 15:04:00,1.4112575100768119
56815,2024-03-12 02:59:00,2025-04-10 09:58:00,1.0795098486576926
56816,2024-03-12 11:12:00,2025-08-09 09:27:00,1.4097935204198038
56817,2024-03-12 02:35:00,2025-08-09 10:27:00,1.4108905620199255
56818,2024-03-12 03:47:00,2025-08-09 18:00:00,1.4116149517073542
56823,2024-03-12 02:53:00,2025-08-09 15:59:00,1.4114875655943417
56824,2024-03-12 09:11:00,2025-08-09 15:54:00,1.4107593733363755
56825,2024-03-12 01:08:00,2025-08-09 09:26:00,1.4109399954369153
56826,2024-03-11 17:33:00,2025-08-08 19:28:00,1.410211803178949
56827,2024-03-12 00:58:00,2025-08-09 09:16:00,1.4109399954369153
56828,2024-03-11 08:56:00,2025-08-09 02:49:00,1.4120332344664994
56832,2024-03-11 16:17:00,2025-08-09 16:30:00,1.4127557228686591
56833,2024-03-12 09:31:00,2025-08-09 16:14:00,1.4107593733363755
56834,2024-03-12 10:23:00,2025-08-09 10:42:00,1.4100292797931402
56835,2024-03-12 08:42:00,2025-08-09 17:01:00,1.4109418967221843
56836,2024-03-11 18:16:00,2025-08-09 16:56:00,1.4125789033386569
56837,2024-03-12 02:10:00,2025-08-09 16:51:00,1.4116681876948818
56838,2024-03-12 11:11:00,2025-08-09 14:26:00,1.4103639060004562
56839,2024-03-12 02:05:00,2025-08-09 16:46:00,1.4116681876948818
56840,2024-03-12 09:40:00,2025-08-09 13:08:00,1.4103886227089513
56841,2024-03-12 09:59:00,2025-08-08 19:15:00,1.408312419195376
56842,2024-03-12 01:22:00,2025-08-09 16:03:00,1.4116681876948818
56843,2024-03-12 01:03:00,2025-08-09 17:20:00,1.4118507110806906
56844,2024-03-12 09:40:00,2025-08-09 16:22:00,1.4107574720511065
56876,2024-03-11 16:49:00,2025-08-09 17:05:00,1.4127614267244657
56877,2024-03-12 00:37:00,2025-08-09 08:55:00,1.4109399954369153
56878,2024-03-12 07:09:00,2025-08-09 01:06:00,1.4093029888204427
56879,2024-03-12 07:04:00,2025-08-09 16:58:00,1.411122518822724
56880,2024-03-12 00:27:00,2025-08-09 16:34:00,1.4118316982280021
56881,2024-03-11 19:51:00,2025-08-09 12:08:00,1.4118507110806906
56882,2024-03-12 01:55:00,2025-08-09 00:39:00,1.4098486576926001
56883,2024-03-11 16:35:00,2025-08-09 16:50:00,1.412759525439197
56884,2024-03-12 01:45:00,2025-08-09 08:28:00,1.4107593733363755
56885,2024-03-11 06:56:00,2025-08-09 16:46:00,1.4138527644687808
56886,2024-03-11 08:10:00,2025-08-09 08:26:00,1.4127614267244657
56887,2024-03-12 08:13:00,2025-08-09 14:56:00,1.4107593733363755
56888,2024-03-12 09:23:00,2025-08-09 08:07:00,1.4098486576926001
56889,2024-03-12 08:02:00,2025-08-09 08:21:00,1.4100292797931402
56890,2024-03-12 03:02:00,2025-08-09 14:32:00,1.411305042208533
56891,2024-03-11 09:37:00,2025-08-09 16:15:00,1.4134877176971632
56892,2024-03-12 07:38:00,2025-08-09 01:35:00,1.4093029888204427
56893,2024-03-12 03:05:00,2025-08-09 16:10:00,1.411485664309073
56894,2024-03-12 10:51:00,2025-08-09 15:58:00,1.4105768499505666
56895,2024-03-11 07:46:00,2025-08-09 15:53:00,1.4136569320860901
56896,2024-03-12 07:28:00,2025-08-09 14:11:00,1.4107593733363755
56897,2024-03-12 01:10:00,2025-08-09 07:53:00,1.4107593733363755
56898,2024-03-12 07:18:00,2025-08-09 14:01:00,1.4107593733363755
56899,2024-03-12 07:23:00,2025-08-09 01:20:00,1.4093029888204427
56900,2024-03-12 02:37:00,2025-08-08 23:45:00,1.4096661343067913
56901,2024-03-12 07:15:00,2025-08-09 07:35:00,1.410031181078409
56902,2024-03-12 07:19:00,2025-08-09 15:37:00,1.4109399954369153
56903,2024-03-12 07:20:00,2025-08-09 14:03:00,1.4107593733363755
56904,2024-03-11 22:47:00,2025-08-09 15:04:00,1.4118507110806906
56905,2024-03-12 02:38:00,2025-08-09 15:33:00,1.4114666514563845
56906,2024-03-12 07:06:00,2025-08-09 15:28:00,1.4109476005779906
56907,2024-03-12 07:11:00,2025-08-09 15:29:00,1.4109399954369153
56908,2024-03-11 14:59:00,2025-08-09 16:49:00,1.412940147539737
56909,2024-03-12 07:16:00,2025-08-08 23:37:00,1.4091204654346339
56910,2024-03-12 08:26:00,2025-08-09 15:06:00,1.410753669480569
56911,2024-03-11 15:07:00,2025-08-09 10:36:00,1.4122157578523082
56912,2024-03-12 00:19:00,2025-08-09 16:35:00,1.4118488097954216
56913,2024-03-12 02:13:00,2025-08-09 16:54:00,1.4116681876948818
56914,2024-03-11 22:34:00,2025-08-09 16:25:00,1.4120294318959616
56915,2024-03-11 14:55:00,2025-08-09 16:44:00,1.412938246254468
56916,2024-03-12 07:59:00,2025-08-09 00:04:00,1.4090900448703323
56917,2024-03-12 01:50:00,2025-08-09 13:19:00,1.4113031409232641
56918,2024-03-12 07:57:00,2025-08-09 00:18:00,1.4091204654346339
56919,2024-03-12 00:05:00,2025-08-09 13:11:00,1.4114875655943417
56920,2024-03-11 15:50:00,2025-08-09 08:07:00,1.4118507110806906
56921,2024-03-12 08:02:00,2025-08-09 00:23:00,1.4091204654346339
56922,2024-03-11 15:42:00,2025-08-08 23:50:00,1.410920982584227
56923,2024-03-11 15:55:00,2025-08-09 00:14:00,1.4109418967221843
56924,2024-03-12 09:06:00,2025-08-09 14:13:00,1.4105768499505666
56925,2024-03-11 06:03:00,2025-08-09 15:52:00,1.413850863183512
56926,2024-03-12 01:21:00,2025-08-09 15:56:00,1.4116567799832687
56927,2024-03-12 01:28:00,2025-08-09 09:46:00,1.4109399954369153
57048,2024-03-12 10:24:00,2025-02-27 06:24:00,0.9632671686059776
57049,2024-03-11 18:34:00,2025-08-09 10:51:00,1.4118507110806906
57050,2024-03-12 10:12:00,2025-08-09 16:48:00,1.4107460643394936
57051,2024-03-12 02:11:00,2025-08-09 02:31:00,1.410031181078409
57052,2024-03-11 18:18:00,2025-08-09 02:36:00,1.4109399954369153
57053,2024-03-12 09:51:00,2025-08-09 16:34:00,1.4107593733363755
57054,2024-03-12 04:56:00,2025-08-09 09:55:00,1.4105616396684157
57055,2024-03-12 02:02:00,2025-08-09 16:45:00,1.4116719902654193
57056,2024-03-11 17:39:00,2025-08-09 09:56:00,1.4118507110806906
57057,2024-03-12 03:09:00,2025-08-09 16:14:00,1.411485664309073
57058,2024-03-12 08:06:00,2025-08-09 10:01:00,1.410211803178949
57059,2024-03-11 17:31:00,2025-08-09 02:41:00,1.4110388622708951
57060,2024-03-12 09:33:00,2025-08-09 02:46:00,1.4092193322686135
57061,2024-03-11 10:59:00,2025-08-09 16:00:00,1.4133032930260856
57062,2024-03-12 01:16:00,2025-08-09 15:57:00,1.4116681876948818
57063,2024-03-12 01:09:00,2025-08-09 17:26:00,1.4118507110806906
57064,2024-03-12 09:24:00,2025-08-09 02:22:00,1.409190812989581
57065,2024-03-11 09:13:00,2025-08-09 02:50:00,1.4120028139021978
57066,2024-03-12 09:13:00,2025-08-09 03:09:00,1.4093010875351737
57067,2024-03-12 07:24:00,2025-08-09 16:38:00,1.4110464674119705
57068,2024-03-12 09:03:00,2025-08-09 15:46:00,1.4107593733363755
57069,2024-03-12 08:44:00,2025-08-09 17:03:00,1.4109418967221843
57070,2024-03-11 09:14:00,2025-08-09 15:53:00,1.4134896189824322
57071,2024-03-12 02:33:00,2025-08-09 09:15:00,1.4107574720511065
57072,2024-03-12 07:28:00,2025-08-09 01:25:00,1.4093029888204427
57073,2024-03-12 01:10:00,2025-08-08 19:07:00,1.4093029888204427
57074,2024-03-12 08:58:00,2025-08-09 15:41:00,1.4107593733363755
57075,2024-03-12 08:40:00,2025-08-09 15:21:00,1.4107555707658377
57076,2024-03-12 07:23:00,2025-08-09 17:19:00,1.4111263213932619
57077,2024-03-12 00:47:00,2025-08-09 17:04:00,1.4118507110806906
57078,2024-03-11 16:52:00,2025-08-09 17:17:00,1.4127785382918854
57079,2024-03-12 06:54:00,2025-08-09 16:48:00,1.411122518822724
57080,2024-03-12 07:15:00,2025-08-09 17:09:00,1.411122518822724
57081,2024-03-12 02:02:00,2025-08-09 15:08:00,1.4114875655943417
57082,2024-03-11 16:37:00,2025-08-09 15:17:00,1.4125789033386569
57083,2024-03-12 01:51:00,2025-08-09 16:32:00,1.4116681876948818
57084,2024-03-12 02:04:00,2025-08-09 08:47:00,1.4107593733363755
57085,2024-03-12 08:08:00,2025-08-09 14:50:00,1.4107574720511065
57086,2024-03-12 09:58:00,2025-08-09 16:40:00,1.4107574720511065
57087,2024-03-11 17:41:00,2025-08-09 11:34:00,1.4120332344664994
57088,2024-03-11 06:45:00,2025-08-09 16:36:00,1.4138546657540498
57089,2024-03-11 23:50:00,2025-08-09 11:20:00,1.411305042208533
57090,2024-03-12 09:37:00,2025-08-09 09:57:00,1.410031181078409
57091,2024-03-12 09:29:00,2025-08-09 09:49:00,1.410031181078409
57092,2024-03-12 11:08:00,2025-08-09 09:52:00,1.4098486576926001
57093,2024-03-12 01:21:00,2025-08-09 16:02:00,1.4116681876948818
57094,2024-03-12 01:19:00,2025-08-09 09:38:00,1.4109418967221843
57101,2024-03-12 11:28:00,2025-08-09 05:25:00,1.4093029888204427
57102,2024-03-11 13:00:00,2025-08-09 05:17:00,1.4118507110806906
57103,2024-03-11 19:17:00,2024-12-31 23:47:00,0.8081793292265571
57104,2024-03-11 21:02:00,2025-08-09 05:20:00,1.4109399954369153
57105,2024-03-11 19:21:00,2025-08-09 13:14:00,1.4120332344664994
57106,2024-03-12 00:00:00,2025-08-09 05:07:00,1.4105768499505666
57107,2024-03-11 17:18:00,2025-08-09 08:00:00,1.4116700889801506
57108,2024-03-11 12:53:00,2025-08-09 05:10:00,1.4118507110806906
57109,2024-03-11 12:39:00,2025-08-09 08:08:00,1.4122157578523082
57110,2024-03-11 19:18:00,2025-08-09 05:12:00,1.411122518822724
57111,2024-03-11 12:21:00,2025-08-09 14:13:00,1.4129439501102745
57112,2024-03-11 12:45:00,2025-08-09 05:02:00,1.4118507110806906
57113,2024-03-11 18:52:00,2025-08-09 07:58:00,1.4114875655943417
57114,2024-03-12 12:20:00,2025-08-09 04:42:00,1.4091223667199027
57115,2024-03-11 18:39:00,2025-08-09 05:17:00,1.4112061753745533
57116,2024-03-12 12:30:00,2025-08-09 08:03:00,1.4094855122062515
57117,2024-03-11 18:35:00,2025-08-09 04:29:00,1.411122518822724
57118,2024-03-12 12:16:00,2025-08-09 10:00:00,1.4097345805764696
57119,2024-03-11 18:28:00,2025-08-09 07:34:00,1.4114875655943417
57120,2024-03-11 12:15:00,2025-08-08 20:33:00,1.4109399954369153
57121,2024-03-11 13:28:00,2025-08-09 05:45:00,1.4118507110806906
57122,2024-03-11 21:35:00,2025-08-09 04:18:00,1.4107593733363755
57123,2024-03-11 21:22:00,2025-08-09 05:41:00,1.4109418967221843
57124,2024-03-11 15:09:00,2025-08-09 13:49:00,1.4125789033386569
57125,2024-03-11 05:05:00,2025-08-09 13:19:00,1.413670241082972
57126,2024-03-11 21:30:00,2025-08-09 13:47:00,1.4118507110806906
57127,2024-03-11 21:16:00,2025-08-09 13:33:00,1.4118507110806906
57128,2024-03-12 11:47:00,2025-08-09 13:42:00,1.410211803178949
57129,2024-03-12 11:44:00,2025-08-09 04:05:00,1.4091204654346339
57130,2024-03-11 14:54:00,2025-08-09 04:00:00,1.4114875655943417
57131,2024-03-11 11:44:00,2025-08-09 07:10:00,1.4122100539965017
57132,2024-03-12 11:29:00,2025-08-09 13:25:00,1.4102137044642178
57133,2024-03-12 11:19:00,2025-08-09 13:14:00,1.410211803178949
57134,2024-03-11 11:47:00,2025-08-09 05:36:00,1.412025629325424
57135,2024-03-12 11:04:00,2025-08-09 13:00:00,1.4102137044642178
57136,2024-03-12 11:35:00,2025-08-09 02:20:00,1.408937942048825
57137,2024-03-11 19:18:00,2025-08-09 13:11:00,1.4120332344664994
57138,2024-03-12 11:33:00,2025-08-09 02:19:00,1.4089398433340938
57139,2024-03-11 12:49:00,2025-08-09 13:05:00,1.4127614267244657
57140,2024-03-11 17:41:00,2024-09-22 08:45:00,0.5328618145866606
57141,2024-03-12 11:01:00,2025-08-09 12:57:00,1.4102137044642178
57142,2024-03-12 12:30:00,2025-08-09 12:50:00,1.410031181078409
57143,2024-03-11 12:30:00,2025-08-09 03:11:00,1.4116681876948818
57144,2024-03-12 11:06:00,2025-08-09 13:01:00,1.410211803178949
57145,2024-03-12 12:13:00,2025-08-09 12:33:00,1.410031181078409
57146,2024-03-12 12:22:00,2025-08-09 03:08:00,1.4089398433340938
57147,2024-03-12 12:06:00,2025-08-09 12:26:00,1.410031181078409
57148,2024-03-12 11:57:00,2025-08-09 04:18:00,1.4091204654346339
57149,2024-03-12 10:51:00,2025-08-09 04:48:00,1.4093029888204427
57150,2024-03-12 12:18:00,2025-08-09 03:03:00,1.408937942048825
57151,2024-03-12 10:40:00,2025-08-09 07:49:00,1.4096680355920603
57152,2024-03-11 12:25:00,2025-08-09 04:42:00,1.4118507110806906
57153,2024-03-11 11:23:00,2025-08-09 02:05:00,1.4116700889801506
57154,2024-03-12 12:08:00,2025-08-09 12:28:00,1.410031181078409
57155,2024-03-12 11:47:00,2025-08-09 12:07:00,1.410031181078409
57156,2024-03-12 11:52:00,2025-08-09 04:13:00,1.4091204654346339
57218,2024-03-11 20:05:00,2025-08-09 10:47:00,1.4116700889801506
57219,2024-03-12 11:58:00,2025-08-09 10:42:00,1.4098486576926001
57220,2024-03-12 06:48:00,2025-08-08 15:11:00,1.4082116510761276
57221,2024-03-12 11:53:00,2025-08-09 05:52:00,1.4093067913909803
57222,2024-03-11 13:25:00,2025-08-09 04:06:00,1.4116681876948818
57223,2024-03-12 03:51:00,2025-08-09 05:47:00,1.4102137044642178
57224,2024-03-12 05:17:00,2025-08-09 15:11:00,1.411122518822724
57225,2024-03-11 22:53:00,2025-08-09 13:49:00,1.4116967069739144
57226,2024-03-11 22:38:00,2025-08-09 13:20:00,1.4116700889801506
57227,2024-03-12 00:21:00,2025-08-08 13:30:00,1.4087554186630162
57228,2024-03-12 01:45:00,2025-08-08 14:55:00,1.408757319948285
57229,2024-03-12 05:06:00,2025-08-08 13:29:00,1.4082116510761276
57230,2024-03-12 04:49:00,2025-08-08 14:47:00,1.4083922731766674
57231,2024-03-12 12:14:00,2025-08-09 10:58:00,1.4098486576926001
57232,2024-03-11 20:15:00,2025-08-09 14:08:00,1.4120332344664994
57233,2024-03-11 20:26:00,2025-08-09 11:07:00,1.4116681876948818
57234,2024-03-11 21:47:00,2025-08-09 10:53:00,1.4114875655943417
57235,2024-03-11 20:29:00,2025-08-09 11:10:00,1.4116681876948818
57236,2024-03-11 18:46:00,2025-08-09 11:03:00,1.4118507110806906
57237,2024-03-12 07:31:00,2025-08-09 11:03:00,1.4103962278500266
57238,2024-03-11 23:22:00,2025-08-09 10:52:00,1.411305042208533
57239,2024-03-12 00:57:00,2025-08-09 10:51:00,1.411122518822724
57240,2024-03-12 11:55:00,2025-08-09 10:39:00,1.4098486576926001
57241,2024-03-11 21:53:00,2025-08-09 10:58:00,1.411485664309073
57242,2024-03-12 00:59:00,2025-08-09 10:53:00,1.411122518822724
57243,2024-03-11 12:17:00,2025-08-09 10:57:00,1.4125789033386569
57244,2024-03-12 04:00:00,2025-08-09 10:42:00,1.4107574720511065
57245,2024-03-11 18:30:00,2025-08-08 20:26:00,1.4102137044642178
57246,2024-03-12 03:23:00,2025-08-08 13:21:00,1.4083922731766674
57247,2024-03-12 11:53:00,2025-08-09 10:37:00,1.4098486576926001
57248,2024-03-11 18:16:00,2025-08-09 04:10:00,1.411122518822724
57249,2024-03-12 11:45:00,2025-08-09 05:42:00,1.4093029888204427
57250,2024-03-12 03:32:00,2025-08-09 11:51:00,1.4109418967221843
57251,2024-03-12 03:42:00,2025-08-09 10:25:00,1.4107593733363755
57252,2024-03-12 03:21:00,2025-08-09 10:04:00,1.4107593733363755
57253,2024-03-11 19:42:00,2025-08-09 11:59:00,1.4118507110806906
57254,2024-03-12 03:13:00,2025-08-09 09:56:00,1.4107593733363755
57255,2024-03-12 03:16:00,2025-08-09 03:36:00,1.410031181078409
57256,2024-03-11 23:36:00,2025-08-08 20:45:00,1.4096680355920603
57257,2024-03-12 03:26:00,2025-08-09 03:46:00,1.410031181078409
57258,2024-03-12 03:08:00,2025-08-09 05:04:00,1.4102137044642178
57260,2024-03-11 20:36:00,2025-08-09 03:19:00,1.4107593733363755
57261,2024-03-11 12:37:00,2025-08-08 12:57:00,1.410031181078409
57262,2024-03-12 03:12:00,2025-08-08 13:10:00,1.4083922731766674
57263,2024-03-11 23:45:00,2025-08-09 11:15:00,1.411305042208533
57264,2024-03-11 12:31:00,2025-08-08 20:49:00,1.4109399954369153
57265,2024-03-11 20:26:00,2025-08-09 04:45:00,1.4109418967221843
57290,2024-03-12 10:50:00,2025-08-09 01:35:00,1.408937942048825
57291,2024-03-11 10:49:00,2025-08-09 17:28:00,1.4134896189824322
57292,2024-03-12 09:04:00,2025-08-09 17:36:00,1.410966613430679
57293,2024-03-11 13:49:00,2024-09-17 18:24:00,0.5207145030040308
57294,2024-03-11 08:59:00,2025-08-09 01:16:00,1.4118507110806906
57295,2024-03-12 09:19:00,2025-06-04 05:39:00,1.2288767206631683
57296,2024-03-12 10:26:00,2025-08-09 16:44:00,1.4107118412046544
57297,2024-03-12 08:45:00,2025-08-09 08:17:00,1.4099399193855047
57298,2024-03-12 11:18:00,2025-08-08 18:20:00,1.4080576469693513
57299,2024-03-12 08:40:00,2025-08-09 14:52:00,1.4107004334930413
57300,2024-03-12 08:35:00,2025-08-09 10:31:00,1.4102137044642178
57301,2024-03-12 10:06:00,2025-08-09 10:26:00,1.410031181078409
57302,2024-03-12 10:02:00,2025-08-09 16:44:00,1.4107574720511065
57303,2024-03-12 09:57:00,2025-08-09 01:02:00,1.4089759677542018
57304,2024-03-12 09:52:00,2025-06-29 08:45:00,1.2976138869876037
57305,2024-03-12 11:23:00,2025-08-09 17:24:00,1.410679519355084
57306,2024-03-12 11:29:00,2025-08-09 16:34:00,1.4105730473800289
57307,2024-03-12 11:13:00,2025-08-09 09:48:00,1.4098315461251807
57308,2024-03-12 09:33:00,2025-08-09 18:00:00,1.410957107004335
57309,2024-03-12 09:28:00,2025-08-09 17:02:00,1.4108563388850863
57310,2024-03-12 11:24:00,2025-08-09 16:31:00,1.4105768499505666
57311,2024-03-12 09:23:00,2025-08-09 00:21:00,1.4089626587573199
57328,2024-03-12 10:52:00,2025-08-09 01:37:00,1.408937942048825
57329,2024-03-12 10:38:00,2025-08-09 02:59:00,1.4091204654346339
57330,2024-03-11 18:50:00,2025-08-09 06:20:00,1.411305042208533
57331,2024-03-11 18:48:00,2025-08-09 06:18:00,1.411305042208533
57332,2024-03-12 10:42:00,2025-08-09 03:04:00,1.4091223667199027
57333,2024-03-11 18:44:00,2025-08-09 03:02:00,1.4109399954369153
57334,2024-03-11 12:13:00,2025-08-09 06:05:00,1.4120313331812304
57335,2024-03-11 19:55:00,2025-08-09 12:12:00,1.4118507110806906
57336,2024-03-12 11:09:00,2025-08-09 03:31:00,1.4091223667199027
57337,2024-03-12 10:26:00,2025-08-09 12:24:00,1.4102175070347556
57338,2024-03-11 16:49:00,2025-08-09 12:17:00,1.4122138565670392
57339,2024-03-12 10:28:00,2025-08-09 02:52:00,1.4091261692904404
57340,2024-03-12 11:40:00,2025-08-09 02:25:00,1.408937942048825
57341,2024-03-12 10:12:00,2025-08-09 04:09:00,1.4093029888204427
57342,2024-03-12 09:40:00,2025-08-09 11:36:00,1.4102137044642178
57343,2024-03-12 11:43:00,2025-08-09 12:03:00,1.410031181078409
57344,2024-03-12 11:30:00,2025-08-09 02:16:00,1.4089398433340938
57345,2024-03-11 19:38:00,2025-08-09 02:20:00,1.4107574720511065
57346,2024-03-12 11:06:00,2025-08-09 01:52:00,1.4089398433340938
57347,2024-03-12 11:24:00,2025-08-08 19:46:00,1.4082097497908586
57348,2024-03-11 19:01:00,2025-08-09 06:31:00,1.411305042208533
57349,2024-03-11 19:04:00,2025-08-08 21:00:00,1.4102137044642178
57350,2024-03-11 19:13:00,2025-08-09 03:31:00,1.4109399954369153
57351,2024-03-11 18:59:00,2025-08-09 03:18:00,1.4109418967221843
57352,2024-03-11 19:03:00,2025-08-09 03:22:00,1.4109418967221843
57353,2024-03-12 10:53:00,2025-08-09 06:26:00,1.4094855122062515
57354,2024-03-12 10:48:00,2025-08-09 03:09:00,1.4091204654346339
57355,2024-03-11 19:08:00,2025-08-09 17:48:00,1.4125789033386569
57356,2024-03-12 10:46:00,2025-08-09 06:19:00,1.4094855122062515
57357,2024-03-12 10:57:00,2025-08-09 11:17:00,1.410031181078409
57358,2024-03-12 09:02:00,2025-08-09 06:11:00,1.4096680355920603
57359,2024-03-11 09:30:00,2025-08-09 01:47:00,1.4118507110806906
57360,2024-03-12 10:28:00,2025-08-09 17:11:00,1.4107593733363755
57361,2024-03-11 09:10:00,2025-08-09 17:24:00,1.413670241082972
57362,2024-03-12 10:24:00,2025-08-09 02:45:00,1.4091204654346339
57363,2024-03-12 10:33:00,2025-08-09 17:16:00,1.4107593733363755
57364,2024-03-12 10:22:00,2025-08-09 10:42:00,1.410031181078409
57365,2024-03-12 10:09:00,2025-08-09 10:27:00,1.4100273785078714
57366,2024-03-12 10:12:00,2025-08-09 10:32:00,1.410031181078409
57367,2024-03-12 10:05:00,2025-08-09 10:23:00,1.4100273785078714
57368,2024-03-11 21:19:00,2025-08-09 02:26:00,1.4105768499505666
57369,2024-03-11 11:57:00,2025-08-09 10:37:00,1.4125789033386569
57370,2024-03-12 09:55:00,2025-08-09 02:16:00,1.4091204654346339
57371,2024-03-11 19:46:00,2025-08-09 10:34:00,1.4116814966917637
57372,2024-03-12 11:19:00,2025-08-09 02:05:00,1.4089398433340938
57373,2024-03-11 18:02:00,2025-08-09 05:00:00,1.41124420107993
57374,2024-03-12 09:12:00,2025-08-09 17:04:00,1.4108905620199255
57375,2024-03-12 09:53:00,2025-08-09 02:14:00,1.4091204654346339
57376,2024-03-11 17:42:00,2025-08-09 11:34:00,1.4120313331812304
57377,2024-03-11 16:12:00,2025-08-09 02:06:00,1.411122518822724
57378,2024-03-11 16:42:00,2025-08-09 08:59:00,1.4118507110806906
57379,2024-03-12 11:16:00,2025-08-09 11:36:00,1.410031181078409
57380,2024-03-12 08:37:00,2025-08-09 16:56:00,1.4109418967221843
57381,2024-03-12 08:24:00,2025-08-09 17:39:00,1.4110483686972393
57404,2024-03-11 12:24:00,2025-08-09 06:17:00,1.4120332344664994
57405,2024-03-12 12:15:00,2025-08-09 06:12:00,1.4093029888204427
57406,2024-03-11 12:14:00,2025-08-09 12:30:00,1.4127614267244657
57407,2024-03-12 09:47:00,2025-08-09 02:08:00,1.4091204654346339
57408,2024-03-12 11:56:00,2025-08-09 02:41:00,1.408937942048825
57409,2024-03-12 11:41:00,2025-08-09 02:27:00,1.4089398433340938
57410,2024-03-11 19:54:00,2025-08-09 02:36:00,1.4107574720511065
57411,2024-03-12 11:08:00,2025-08-09 11:28:00,1.410031181078409
57412,2024-03-11 19:49:00,2025-08-09 12:06:00,1.4118507110806906
57413,2024-03-11 19:34:00,2025-08-09 17:20:00,1.4124762339341395
57414,2024-03-11 19:39:00,2025-08-09 02:17:00,1.4107498669100311
57415,2024-03-12 11:27:00,2025-08-09 02:12:00,1.408937942048825
57416,2024-03-12 11:22:00,2025-08-09 11:42:00,1.410031181078409
57417,2024-03-11 19:15:00,2025-08-09 03:34:00,1.4109418967221843
57418,2024-03-12 11:17:00,2025-08-09 03:39:00,1.4091223667199027
57430,2024-03-12 12:05:00,2025-08-09 12:25:00,1.410031181078409
57431,2024-03-12 12:00:00,2025-06-08 07:16:00,1.239706441554491
57432,2024-03-12 11:55:00,2025-08-09 04:17:00,1.4091223667199027
57433,2024-03-12 13:00:00,2025-08-09 00:25:00,1.4085576849950567
57434,2024-03-12 11:46:00,2025-08-09 04:07:00,1.4091204654346339
57435,2024-03-11 13:30:00,2025-06-16 03:31:00,1.2637481937789945
57436,2024-03-12 11:41:00,2025-08-09 12:05:00,1.4100387862194843
57437,2024-03-12 11:31:00,2025-08-09 07:04:00,1.4094855122062515
57438,2024-03-12 11:36:00,2025-08-09 02:22:00,1.4089398433340938
57439,2024-03-12 10:30:00,2025-06-10 23:49:00,1.2472412350749107
57440,2024-03-12 11:27:00,2025-08-09 13:22:00,1.410211803178949
57441,2024-03-11 19:25:00,2025-08-09 13:17:00,1.4120313331812304
57442,2024-03-12 11:17:00,2025-08-09 03:38:00,1.4091204654346339
57443,2024-03-11 17:39:00,2025-08-08 19:35:00,1.4102137044642178
57444,2024-03-12 12:29:00,2025-08-09 03:14:00,1.408937942048825
57445,2024-03-12 12:24:00,2025-08-09 12:55:00,1.4100520952163662
57446,2024-03-12 10:49:00,2025-08-09 01:34:00,1.408937942048825
57447,2024-03-12 12:34:00,2025-08-09 12:53:00,1.4100292797931402
57448,2024-03-11 12:23:00,2025-08-09 07:52:00,1.4122157578523082
57449,2024-03-11 12:18:00,2025-08-09 12:34:00,1.4127614267244657
57450,2024-03-12 12:00:00,2025-08-09 02:46:00,1.4089398433340938
57451,2024-03-11 12:14:00,2025-08-09 04:31:00,1.4118507110806906
57457,2024-03-12 09:39:00,2025-08-09 08:23:00,1.4098486576926001
57458,2024-03-12 09:34:00,2025-08-09 08:18:00,1.4098486576926001
57459,2024-03-12 01:31:00,2025-08-09 08:13:00,1.4107574720511065
57460,2024-03-12 09:25:00,2025-08-09 08:09:00,1.4098486576926001
57461,2024-03-12 09:44:00,2025-08-09 08:28:00,1.4098486576926001
57462,2024-03-11 09:24:00,2025-08-09 09:40:00,1.4127614267244657
57463,2024-03-12 01:12:00,2025-08-09 09:30:00,1.4109399954369153
57464,2024-03-12 09:05:00,2025-05-29 15:50:00,1.2136379192334017
57465,2024-03-11 22:05:00,2025-08-09 07:56:00,1.4111168149669175
57467,2024-03-12 02:38:00,2025-08-09 17:19:00,1.4116681876948818
57468,2024-03-12 00:57:00,2025-08-09 17:14:00,1.4118507110806906
57469,2024-03-12 08:46:00,2025-08-09 09:06:00,1.410031181078409
57470,2024-03-12 02:28:00,2025-08-09 07:35:00,1.4105768499505666
57471,2024-03-12 02:09:00,2025-08-09 16:37:00,1.4116434709863868
57472,2024-03-12 08:41:00,2025-08-09 07:26:00,1.4098505589778692
57473,2024-03-11 19:51:00,2025-08-09 02:34:00,1.4107593733363755
57474,2024-03-11 10:07:00,2025-08-09 15:27:00,1.4133394174461937
57475,2024-03-11 10:02:00,2025-08-09 02:19:00,1.4118507110806906
57476,2024-03-11 22:43:00,2025-08-09 02:14:00,1.4103943265647578
57477,2024-03-11 09:54:00,2025-08-09 08:34:00,1.4125789033386569
57495,2024-03-12 11:57:00,2025-08-09 10:41:00,1.4098486576926001
57496,2024-03-12 03:34:00,2025-08-09 11:52:00,1.4109399954369153
57497,2024-03-12 03:29:00,2025-08-09 11:48:00,1.4109418967221843
57498,2024-03-12 01:39:00,2025-08-09 03:35:00,1.4102137044642178
57499,2024-03-12 10:21:00,2025-08-09 12:17:00,1.4102137044642178
57500,2024-03-12 10:59:00,2025-08-09 11:19:00,1.410031181078409
57501,2024-03-11 12:29:00,2025-08-09 11:09:00,1.4125789033386569
57502,2024-03-12 11:37:00,2025-08-09 09:21:00,1.4097345805764696
57503,2024-03-12 03:05:00,2025-08-09 09:48:00,1.4107593733363755
57504,2024-03-11 12:25:00,2025-08-09 11:05:00,1.4125789033386569
57505,2024-03-12 02:08:00,2025-08-09 04:04:00,1.4102137044642178
57506,2024-03-12 02:41:00,2025-08-09 11:00:00,1.4109418967221843
57507,2024-03-11 12:15:00,2025-08-09 10:55:00,1.4125789033386569
57508,2024-03-11 12:34:00,2025-08-09 04:51:00,1.4118507110806906
57509,2024-03-12 11:52:00,2025-08-09 10:36:00,1.4098486576926001
57510,2024-03-11 21:25:00,2025-08-09 12:07:00,1.4116700889801506
57511,2024-03-11 12:05:00,2025-08-09 10:45:00,1.4125789033386569
57512,2024-03-11 10:45:00,2025-08-09 11:00:00,1.412759525439197
57513,2024-03-11 20:09:00,2025-08-09 10:50:00,1.4116681876948818
57514,2024-03-12 03:44:00,2025-08-09 04:03:00,1.4100292797931402
57515,2024-03-12 11:23:00,2025-08-09 03:44:00,1.4091204654346339
57516,2024-03-12 03:10:00,2025-08-09 09:53:00,1.4107593733363755
57521,2024-03-12 03:11:00,2025-08-09 09:53:00,1.4107574720511065
57522,2024-03-11 11:08:00,2025-08-09 09:48:00,1.4125789033386569
57523,2024-03-11 11:04:00,2025-08-09 09:44:00,1.4125789033386569
57524,2024-03-12 02:56:00,2025-08-09 11:15:00,1.4109418967221843
57525,2024-03-11 10:44:00,2025-08-09 09:25:00,1.4125808046239259
57526,2024-03-12 04:22:00,2025-08-09 09:29:00,1.4105768499505666
57527,2024-03-12 10:36:00,2025-08-09 09:20:00,1.4098486576926001
57528,2024-03-12 02:18:00,2025-08-09 02:38:00,1.410031181078409
57529,2024-03-12 03:39:00,2025-08-09 02:23:00,1.4098486576926001
57530,2024-03-11 18:14:00,2025-08-09 04:09:00,1.411124420107993
57531,2024-03-12 02:32:00,2025-08-09 09:15:00,1.4107593733363755
57532,2024-03-12 05:39:00,2025-08-09 09:07:00,1.4103886227089513
57533,2024-03-11 13:00:00,2025-08-08 23:42:00,1.4112137805156286
57534,2024-03-11 10:59:00,2025-08-09 02:46:00,1.4117936725226252
57535,2024-03-12 03:30:00,2025-07-23 16:55:00,1.364980226633204
57602,2024-03-12 03:03:00,2025-08-09 14:33:00,1.411305042208533
57603,2024-03-12 08:57:00,2025-08-09 17:16:00,1.4109418967221843
57604,2024-03-12 07:31:00,2025-08-09 15:50:00,1.4109418967221843
57605,2024-03-12 07:26:00,2025-08-09 15:45:00,1.4109418967221843
57606,2024-03-11 06:51:00,2025-08-09 00:47:00,1.412038938322306
57607,2024-03-12 07:41:00,2025-08-09 00:02:00,1.4091204654346339
57608,2024-03-12 00:49:00,2025-08-09 01:11:00,1.4100349836489467
57609,2024-03-12 08:38:00,2025-08-09 16:57:00,1.4109418967221843
57610,2024-03-12 00:44:00,2025-08-09 09:03:00,1.4109418967221843
57611,2024-03-11 03:50:00,2025-08-09 16:52:00,1.4142178112403985
57612,2024-03-12 08:29:00,2025-08-09 16:47:00,1.4109399954369153
57613,2024-03-12 00:25:00,2025-08-09 08:44:00,1.4109418967221843
57614,2024-03-11 06:47:00,2025-08-09 00:40:00,1.4120332344664994
57615,2024-03-12 01:53:00,2025-08-09 16:33:00,1.411666286409613
57616,2024-03-12 03:22:00,2025-08-09 16:28:00,1.4114875655943417
57617,2024-03-11 16:08:00,2025-08-09 00:26:00,1.4109399954369153
57618,2024-03-12 08:00:00,2025-08-09 16:19:00,1.4109418967221843
57620,2024-03-12 02:57:00,2025-08-09 14:25:00,1.4113012396379954
57621,2024-03-12 10:57:00,2025-08-09 16:04:00,1.4105768499505666
57622,2024-03-12 07:41:00,2025-08-09 08:01:00,1.410031181078409
57623,2024-03-12 07:36:00,2025-08-09 14:19:00,1.4107593733363755
57632,2024-03-12 08:33:00,2025-08-09 16:52:00,1.4109418967221843
57633,2024-03-11 06:57:00,2025-08-09 16:47:00,1.4138527644687808
57634,2024-03-11 06:49:00,2025-08-09 16:39:00,1.4138527644687808
57635,2024-03-12 06:48:00,2025-08-09 15:06:00,1.4109399954369153
57636,2024-03-12 09:55:00,2025-08-09 15:02:00,1.4105768499505666
57637,2024-03-12 01:46:00,2025-08-09 08:29:00,1.4107593733363755
57638,2024-03-12 08:30:00,2025-08-09 16:49:00,1.4109418967221843
57639,2024-03-12 08:38:00,2025-08-09 15:35:00,1.4107859913301393
57640,2024-03-12 01:37:00,2025-08-09 11:31:00,1.411122518822724
57641,2024-03-12 09:31:00,2025-08-09 09:50:00,1.4100292797931402
57642,2024-03-11 17:24:00,2025-08-09 09:41:00,1.4118507110806906
57643,2024-03-12 01:08:00,2025-08-09 01:28:00,1.410031181078409
57644,2024-03-12 01:13:00,2025-08-09 15:54:00,1.4116681876948818
57645,2024-03-12 01:18:00,2025-08-09 03:18:00,1.4102213096052931
57646,2024-03-11 17:28:00,2025-08-09 09:46:00,1.4118526123659594
57647,2024-03-12 07:26:00,2025-08-09 15:45:00,1.4109418967221843
57648,2024-03-11 16:45:00,2025-08-08 17:05:00,1.410031181078409
57649,2024-03-12 06:00:00,2024-04-03 01:52:00,0.05976119857023348
57650,2024-03-12 07:21:00,2025-08-09 01:18:00,1.4093029888204427
57651,2024-03-12 08:41:00,2025-08-09 01:09:00,1.4091337744315158
57652,2024-03-12 07:12:00,2025-08-09 09:07:00,1.410211803178949
57653,2024-03-12 07:17:00,2025-08-09 14:00:00,1.4107593733363755
57663,2024-03-12 03:10:00,2025-08-09 14:00:00,1.4112289907977793
57664,2024-03-12 03:04:00,2025-02-27 22:09:00,0.9659004487033235
57665,2024-03-12 03:07:00,2025-08-09 09:21:00,1.410704236063579
57666,2024-03-12 09:22:00,2025-08-09 02:13:00,1.409177503992699
57667,2024-03-12 03:12:00,2025-08-09 11:22:00,1.4109247851547646
57668,2024-03-12 13:00:00,2025-08-09 11:15:00,1.4097935204198038
57669,2024-03-12 02:48:00,2025-08-09 14:43:00,1.411352574340254
57670,2024-03-12 02:34:00,2025-08-09 11:21:00,1.4109951327097117
57671,2024-03-12 00:26:00,2025-08-09 14:05:00,1.4115503080082135
57672,2024-03-11 10:32:00,2025-08-09 09:00:00,1.4125560879154309
57673,2024-03-12 10:12:00,2025-08-09 14:12:00,1.4104494638375542
57674,2024-03-11 23:40:00,2025-03-02 22:37:00,0.974555099247091
57675,2024-03-12 02:53:00,2025-08-09 17:16:00,1.4116339645600426
57676,2024-03-12 03:50:00,2025-08-09 09:04:00,1.4105901589474485
57677,2024-03-12 10:06:00,2025-08-09 14:18:00,1.4104722792607802
57678,2024-03-12 10:37:00,2025-08-09 10:18:00,1.4099570309529241
57679,2024-03-12 10:21:00,2025-08-09 09:51:00,1.4099361168149669
57680,2024-03-12 02:46:00,2025-08-09 13:55:00,1.4112651152178872
57681,2024-03-12 01:05:00,2025-08-09 11:30:00,1.4111814586660583
57682,2024-03-12 02:09:00,2025-08-09 15:25:00,1.4115065784470302
57683,2024-03-11 22:37:00,2025-08-09 14:09:00,1.4117651532435926
57698,2024-03-12 02:09:00,2025-08-09 16:51:00,1.4116700889801506
57699,2024-03-12 09:45:00,2025-08-09 16:27:00,1.4107574720511065
57700,2024-03-12 02:05:00,2025-08-09 16:46:00,1.4116681876948818
57701,2024-03-11 19:23:00,2025-08-09 03:41:00,1.4109399954369153
57702,2024-03-12 11:10:00,2025-08-09 03:32:00,1.4091223667199027
57703,2024-03-12 03:16:00,2025-08-09 03:36:00,1.410031181078409
57704,2024-03-11 09:29:00,2025-08-09 03:22:00,1.4120332344664994
57705,2024-03-12 09:58:00,2025-08-09 10:00:00,1.4099969579435698
57707,2024-03-12 11:01:00,2025-08-09 16:56:00,1.410668111643471
57708,2024-03-12 02:48:00,2025-08-09 03:08:00,1.410031181078409
57709,2024-03-12 10:56:00,2025-08-09 17:39:00,1.4107593733363755
57710,2024-03-12 09:15:00,2025-08-09 17:34:00,1.4109418967221843
57711,2024-03-12 09:21:00,2025-08-09 17:48:00,1.410957107004335
57712,2024-03-11 18:39:00,2025-08-09 17:20:00,1.4125808046239259
57713,2024-03-12 02:29:00,2025-08-08 22:01:00,1.4094836109209825
57714,2024-03-12 09:54:00,2025-08-09 10:13:00,1.4100292797931402
57715,2024-03-12 02:43:00,2025-08-09 17:24:00,1.4116681876948818
57716,2024-03-11 23:03:00,2025-08-09 16:56:00,1.4120332344664994
57717,2024-03-12 02:33:00,2025-08-09 10:52:00,1.4109418967221843
57718,2024-03-11 18:20:00,2025-08-09 17:00:00,1.4125789033386569
57719,2024-03-12 08:47:00,2025-08-09 17:05:00,1.4109399954369153
57732,2024-03-12 07:58:00,2025-08-08 19:32:00,1.4085747965624762
57733,2024-03-12 09:54:00,2025-08-09 07:02:00,1.4096661343067913
57734,2024-03-11 12:26:00,2025-08-09 06:19:00,1.4120332344664994
57735,2024-03-12 10:13:00,2025-08-09 07:21:00,1.4096661343067913
57736,2024-03-12 09:58:00,2025-08-09 07:07:00,1.4096680355920603
57737,2024-03-12 11:06:00,2025-08-09 06:03:00,1.4094170659365732
57738,2024-03-12 09:25:00,2025-08-09 06:33:00,1.4096661343067913
57739,2024-03-12 08:12:00,2025-08-09 13:16:00,1.41057114609476
57740,2024-03-12 12:27:00,2025-08-09 09:58:00,1.4097098638679748
57741,2024-03-12 09:01:00,2025-08-09 14:08:00,1.4105768499505666
57742,2024-03-12 06:09:00,2025-08-09 14:27:00,1.4109399954369153
57743,2024-03-12 08:56:00,2025-08-08 23:42:00,1.4089398433340938
57744,2024-03-12 11:04:00,2025-08-09 06:37:00,1.4094855122062515
57745,2024-03-12 12:03:00,2025-08-09 01:13:00,1.408757319948285
57746,2024-03-12 04:29:00,2025-08-09 06:43:00,1.410247927599057
57747,2024-03-12 08:47:00,2025-08-09 01:14:00,1.4091318731462468
57748,2024-03-12 10:18:00,2025-08-09 07:26:00,1.4096661343067913
57749,2024-03-12 09:49:00,2025-08-09 06:57:00,1.4096661343067913
57750,2024-03-12 11:39:00,2025-08-08 21:37:00,1.4083922731766674
57751,2024-03-12 04:37:00,2025-08-09 06:32:00,1.410211803178949
57752,2024-03-12 12:17:00,2025-08-09 06:14:00,1.4093029888204427
57753,2024-03-12 11:44:00,2025-08-09 07:16:00,1.4094836109209825
57771,2024-03-12 10:12:00,2025-08-09 02:33:00,1.4091204654346339
57772,2024-03-12 10:31:00,2025-08-09 15:38:00,1.4105768499505666
57773,2024-03-12 08:32:00,2025-08-09 16:50:00,1.4109399954369153
57774,2024-03-12 09:58:00,2025-08-09 08:42:00,1.4098486576926001
57775,2024-03-12 06:51:00,2025-08-09 16:45:00,1.411122518822724
57776,2024-03-12 09:53:00,2025-08-09 16:36:00,1.4107593733363755
57777,2024-03-12 12:55:00,2025-08-09 14:50:00,1.410211803178949
57778,2024-03-12 08:37:00,2025-08-09 07:21:00,1.4098486576926001
57779,2024-03-12 06:51:00,2025-08-09 07:11:00,1.410031181078409
57780,2024-03-12 07:29:00,2025-08-09 03:02:00,1.4094855122062515
57781,2024-03-12 09:39:00,2025-08-09 16:21:00,1.4107574720511065
57782,2024-03-12 10:45:00,2025-08-09 07:54:00,1.4096680355920603
57783,2024-03-12 07:53:00,2025-08-09 08:13:00,1.410031181078409
57784,2024-03-12 07:48:00,2025-08-09 08:08:00,1.410031181078409
57785,2024-03-12 07:15:00,2025-08-09 01:12:00,1.4093029888204427
57786,2024-03-12 07:44:00,2025-08-09 08:03:00,1.4100292797931402
57787,2024-03-12 10:22:00,2025-08-09 09:06:00,1.4098486576926001
57788,2024-03-11 14:59:00,2025-08-09 16:50:00,1.4129420488250057
57789,2024-03-12 07:39:00,2025-08-09 17:14:00,1.4110863944026162
57790,2024-03-12 07:58:00,2025-08-09 18:00:00,1.411137729104875
57791,2024-03-12 10:36:00,2025-08-09 01:21:00,1.408937942048825
57808,2024-03-12 09:28:00,2025-08-09 15:59:00,1.4107365579131492
57809,2024-03-12 09:23:00,2025-08-09 17:42:00,1.4109418967221843
57810,2024-03-12 09:18:00,2025-08-09 04:51:00,1.4094855122062515
57811,2024-03-12 10:49:00,2025-08-09 01:35:00,1.4089398433340938
57812,2024-03-12 10:44:00,2025-08-09 01:30:00,1.4089398433340938
57813,2024-03-12 10:40:00,2025-08-09 06:12:00,1.4094836109209825
57814,2024-03-12 10:36:00,2025-08-09 10:31:00,1.409983648946688
57815,2024-03-11 10:39:00,2025-08-09 17:18:00,1.4134896189824322
57816,2024-03-12 10:30:00,2025-08-09 06:03:00,1.4094855122062515
57817,2024-03-12 10:25:00,2025-08-09 10:45:00,1.410031181078409
57818,2024-03-12 10:20:00,2025-08-09 10:40:00,1.410031181078409
57819,2024-03-11 11:55:00,2025-08-09 05:48:00,1.4120332344664994
57820,2024-03-12 11:32:00,2025-08-09 02:18:00,1.4089398433340938
57821,2024-03-12 10:06:00,2025-08-09 02:24:00,1.4091147615788273
57822,2024-03-12 10:01:00,2024-08-20 01:28:00,0.4398186173853525
57823,2024-03-12 09:31:00,2025-08-09 06:31:00,1.4096509240246407
57824,2024-03-12 11:37:00,2025-08-09 02:22:00,1.408937942048825
57825,2024-03-11 17:40:00,2025-08-09 01:58:00,1.4109399954369153
57826,2024-03-12 11:18:00,2025-08-09 11:38:00,1.410031181078409
57827,2024-03-11 11:31:00,2025-08-09 03:45:00,1.411845007224884
57828,2024-03-12 09:36:00,2025-08-09 02:13:00,1.4091508859989352
57829,2024-03-12 09:32:00,2025-08-09 17:51:00,1.4109418967221843
57840,2024-03-12 07:45:00,2025-08-08 17:09:00,1.4083276294775269
57841,2024-03-12 03:00:00,2025-08-09 16:58:00,1.4115864324283216
57842,2024-03-12 11:00:00,2025-08-09 17:02:00,1.4106814206403528
57843,2024-03-12 11:00:00,2025-08-09 09:18:00,1.4097992242756103
57844,2024-03-11 16:05:00,2025-08-09 03:13:00,1.4112632139326184
57845,2024-03-12 06:40:00,2025-02-27 00:19:00,0.9629990873830709
57846,2024-03-12 08:14:00,2024-12-31 20:53:00,0.8063712069358887
57847,2024-03-12 04:14:00,2025-08-09 16:49:00,1.4114286257510076
57848,2024-03-12 03:31:00,2025-08-09 17:13:00,1.41155601186402
57849,2024-03-11 15:43:00,2025-08-09 10:28:00,1.412132101300479
57850,2024-03-12 08:11:00,2025-08-09 03:11:00,1.4094227697923796
57851,2024-03-12 03:38:00,2025-08-08 20:31:00,1.4091813065632368
57852,2024-03-12 03:39:00,2025-08-09 03:20:00,1.4099570309529241
57853,2024-03-12 03:37:00,2025-08-09 03:14:00,1.4099494258118488
57854,2024-03-12 03:31:00,2025-08-09 09:45:00,1.410704236063579
57855,2024-03-12 03:30:00,2025-08-09 03:25:00,1.409983648946688
57856,2024-03-12 03:17:00,2025-08-09 16:31:00,1.4115027758764924
57857,2024-03-11 14:41:00,2025-08-08 18:35:00,1.410438056125941
57858,2024-03-12 03:24:00,2025-08-09 16:11:00,1.4114514411742338
57859,2024-03-12 08:07:00,2025-08-09 03:34:00,1.4094741044946384
57860,2024-03-12 03:08:00,2025-08-09 10:19:00,1.410812609323903
57864,2024-03-11 20:02:00,2025-08-09 05:56:00,1.411122518822724
57865,2024-03-11 19:57:00,2025-08-09 09:03:00,1.4114875655943417
57866,2024-03-11 21:47:00,2025-08-09 06:06:00,1.4109418967221843
57867,2024-03-11 18:17:00,2025-08-09 05:47:00,1.411305042208533
57868,2024-03-11 19:48:00,2025-08-09 08:53:00,1.411485664309073
57869,2024-03-11 20:07:00,2025-08-09 14:00:00,1.4120332344664994
57870,2024-03-11 19:43:00,2025-08-09 05:37:00,1.411122518822724
57871,2024-03-12 00:21:00,2025-08-09 15:02:00,1.4116681876948818
57872,2024-03-11 18:36:00,2025-08-09 04:30:00,1.411122518822724
57873,2024-03-11 19:38:00,2025-08-09 08:44:00,1.4114875655943417
57874,2024-03-12 11:11:00,2025-08-09 07:57:00,1.4096243060308769
57875,2024-03-11 19:24:00,2025-08-09 05:18:00,1.411122518822724
57876,2024-03-11 12:56:00,2025-08-09 05:13:00,1.4118507110806906
57877,2024-03-12 11:03:00,2025-08-09 11:23:00,1.410031181078409
57878,2024-03-11 19:14:00,2025-08-09 05:08:00,1.411122518822724
57879,2024-03-11 22:21:00,2025-08-09 14:40:00,1.4118545136512282
57880,2024-03-11 15:48:00,2025-08-09 04:54:00,1.4114875655943417
57881,2024-03-12 12:13:00,2025-01-06 08:00:00,0.8208742109666134
57882,2024-03-11 12:32:00,2025-08-09 09:36:00,1.412396379952848
57883,2024-03-11 20:26:00,2025-08-09 14:16:00,1.4120275306106929
57884,2024-03-11 13:53:00,2025-08-09 14:09:00,1.4127614267244657
57885,2024-03-11 06:00:00,2025-08-09 04:40:00,1.4125789033386569
57891,2024-03-12 07:35:00,2025-08-09 15:54:00,1.4109418967221843
57892,2024-03-12 07:31:00,2025-08-09 15:49:00,1.4109399954369153
57893,2024-03-12 07:43:00,2025-08-09 05:41:00,1.4097611985702334
57894,2024-03-11 21:47:00,2025-08-09 15:39:00,1.4120313331812304
57895,2024-03-11 21:51:00,2025-08-09 06:10:00,1.4109418967221843
57896,2024-03-12 07:16:00,2025-08-09 15:35:00,1.4109418967221843
57897,2024-03-12 07:11:00,2025-08-09 09:04:00,1.4102080006084112
57898,2024-03-11 18:21:00,2025-08-09 07:26:00,1.411485664309073
57899,2024-03-12 07:02:00,2025-08-09 07:22:00,1.410031181078409
57900,2024-03-11 18:11:00,2025-08-09 16:34:00,1.4125465814890865
57901,2024-03-12 07:50:00,2025-08-09 08:09:00,1.4100292797931402
57902,2024-03-12 06:52:00,2025-08-09 05:36:00,1.4098486576926001
57903,2024-03-12 07:45:00,2025-08-09 06:29:00,1.4098486576926001
57904,2024-03-11 14:50:00,2025-08-09 16:42:00,1.4129439501102745
57905,2024-03-11 07:44:00,2025-08-09 06:24:00,1.4125789033386569
57906,2024-03-11 08:22:00,2025-08-09 07:02:00,1.4125789033386569
57907,2024-03-12 00:15:00,2025-08-09 16:32:00,1.4118507110806906
57908,2024-03-12 00:05:00,2025-08-09 16:22:00,1.4118507110806906
57909,2024-03-12 00:10:00,2025-08-08 22:54:00,1.4098486576926001
57910,2024-03-12 00:01:00,2025-08-09 16:18:00,1.4118507110806906
57911,2024-03-12 01:15:00,2025-08-09 15:57:00,1.4116700889801506
57912,2024-03-11 07:58:00,2025-08-09 16:13:00,1.413672142368241
57913,2024-03-12 02:48:00,2025-08-08 23:56:00,1.4096661343067913
57914,2024-03-12 05:00:00,2025-08-09 01:25:00,1.4095843790402312
57915,2024-03-11 21:51:00,2025-08-09 07:45:00,1.411122518822724
57916,2024-03-11 01:15:00,2024-08-05 13:55:00,0.4039090425127386
57917,2024-03-11 23:22:00,2025-08-09 07:40:00,1.4109399954369153
57918,2024-03-12 08:51:00,2025-08-09 10:24:00,1.4101699749030345
57919,2024-03-11 08:51:00,2025-08-09 17:05:00,1.413670241082972
57920,2024-03-12 00:43:00,2025-08-09 07:26:00,1.4107593733363755
57921,2024-03-12 11:49:00,2025-08-09 16:56:00,1.4105768499505666
57923,2024-03-12 00:34:00,2025-08-09 16:51:00,1.4118507110806906
57924,2024-03-12 05:00:00,2025-08-09 16:22:00,1.4112898319263822
57925,2024-03-12 00:29:00,2025-08-09 16:46:00,1.4118507110806906
57926,2024-03-12 08:23:00,2025-08-09 16:41:00,1.4109399954369153
57927,2024-03-12 07:36:00,2025-08-09 16:28:00,1.411004639136056
57928,2024-03-12 08:13:00,2025-08-09 16:32:00,1.4109418967221843
57929,2024-03-12 07:40:00,2025-03-26 05:17:00,1.037373564529622
57930,2024-03-12 06:54:00,2025-08-09 15:32:00,1.4109780211422922
57931,2024-03-12 13:00:00,2025-08-09 06:52:00,1.4092934823940984
57932,2024-03-12 05:00:00,2025-08-09 09:40:00,1.4105255152483078
57933,2024-03-11 19:13:00,2025-08-09 09:54:00,1.4116681876948818
57934,2024-03-11 23:55:00,2025-08-08 22:09:00,1.409791619134535
57935,2024-03-12 10:40:00,2025-08-09 17:17:00,1.4107479656247623
57936,2024-03-12 04:14:00,2025-08-09 16:26:00,1.4113848961898243
57937,2024-03-12 11:16:00,2025-08-09 17:22:00,1.4106890257814282
57938,2024-03-12 11:22:00,2025-08-09 15:29:00,1.410462772834436
57939,2024-03-12 12:06:00,2025-08-09 16:35:00,1.4105046011103506
57940,2024-03-12 13:00:00,2025-08-09 10:14:00,1.4096775420184045
57941,2024-03-11 21:00:00,2025-08-09 09:01:00,1.411363982051867
57942,2024-03-12 10:08:00,2025-08-09 10:23:00,1.4100216746520648
57943,2024-03-12 10:06:00,2025-08-09 10:05:00,1.4099912540877633
57944,2024-03-12 11:46:00,2025-08-09 17:26:00,1.4106395923644384
57945,2024-03-11 12:04:00,2025-08-09 00:27:00,1.4114058103277816
57946,2024-03-12 11:05:00,2025-08-09 15:04:00,1.4104475625522854
57947,2024-03-12 10:04:00,2025-08-09 10:00:00,1.4099855502319567
57948,2024-03-12 11:10:00,2025-08-09 18:00:00,1.4107726823332574
57949,2024-03-12 11:31:00,2025-08-09 09:56:00,1.4098125332724922
57950,2024-03-12 11:24:00,2025-08-09 09:47:00,1.4098087307019544
57951,2024-03-12 11:24:00,2025-08-09 09:40:00,1.4097954217050725
57952,2024-03-12 11:17:00,2025-08-09 17:08:00,1.4106605065023956
57953,2024-03-12 11:21:00,2025-08-08 23:14:00,1.4086109209825843
57954,2024-03-12 11:14:00,2025-08-09 15:51:00,1.4105198113925013
57955,2024-03-12 09:46:00,2025-08-09 01:50:00,1.4090881435850635
57964,2024-03-12 13:00:00,2025-08-09 07:59:00,1.4094208685071108
57965,2024-03-12 08:33:00,2025-08-09 07:18:00,1.4098505589778692
57966,2024-03-12 03:58:00,2025-08-09 07:29:00,1.4103943265647578
57967,2024-03-11 02:21:00,2025-08-09 09:00:00,1.4134896189824322
57968,2024-03-11 17:26:00,2025-08-09 09:43:00,1.4118507110806906
57969,2024-03-12 00:36:00,2025-08-09 18:00:00,1.411978097193703
57970,2024-03-12 09:37:00,2025-08-09 14:22:00,1.4105350216746522
57971,2024-03-11 17:34:00,2025-08-09 08:15:00,1.4116681876948818
57972,2024-03-11 19:33:00,2025-08-09 02:16:00,1.4107593733363755
57973,2024-03-12 02:03:00,2025-08-09 08:21:00,1.4107118412046544
57974,2024-03-12 02:15:00,2025-08-09 08:58:00,1.4107593733363755
57975,2024-03-12 01:48:00,2025-08-09 08:33:00,1.410763175906913
57976,2024-03-12 01:50:00,2025-08-09 09:24:00,1.4108563388850863
57977,2024-03-12 10:22:00,2025-08-09 09:06:00,1.4098486576926001
57978,2024-03-12 10:12:00,2025-08-09 12:08:00,1.4102137044642178
57979,2024-03-12 10:07:00,2025-08-09 08:51:00,1.4098486576926001
57980,2024-03-12 02:26:00,2025-08-09 14:17:00,1.4113449691991786
57981,2024-03-12 02:04:00,2025-08-09 10:22:00,1.4109399954369153
57982,2024-03-12 09:58:00,2025-08-09 08:42:00,1.4098486576926001
57983,2024-03-12 09:53:00,2025-08-09 08:37:00,1.4098486576926001
57984,2024-03-12 09:48:00,2025-08-09 11:44:00,1.4102137044642178
57985,2024-03-12 09:43:00,2025-08-09 11:39:00,1.4102137044642178
57991,2024-03-12 09:22:00,2025-08-09 16:05:00,1.4107593733363755
57992,2024-03-12 08:00:00,2025-08-09 00:22:00,1.4091223667199027
57993,2024-03-11 15:39:00,2025-08-09 15:55:00,1.4127614267244657
57994,2024-03-12 02:40:00,2025-08-09 15:45:00,1.411485664309073
57995,2024-03-12 00:59:00,2025-08-08 23:43:00,1.4098486576926001
57996,2024-03-11 20:12:00,2025-04-20 23:47:00,1.109238345121302
57997,2024-03-11 09:11:00,2025-08-09 14:14:00,1.4133070955966234
57998,2024-03-12 06:39:00,2025-08-09 14:57:00,1.4109399954369153
57999,2024-03-12 07:13:00,2025-08-08 23:34:00,1.4091204654346339
58000,2024-03-12 07:08:00,2025-08-08 23:29:00,1.4091204654346339
58001,2024-03-12 08:39:00,2025-08-09 08:58:00,1.4100292797931402
58002,2024-03-12 03:08:00,2025-08-09 08:16:00,1.4105787512358354
58003,2024-03-12 06:58:00,2025-08-09 13:41:00,1.4107593733363755
58004,2024-03-12 00:30:00,2025-08-09 15:12:00,1.4116700889801506
58005,2024-03-12 06:44:00,2025-08-09 16:38:00,1.411122518822724
58006,2024-03-12 05:28:00,2025-08-08 15:26:00,1.4083922731766674
58007,2024-03-11 21:00:00,2025-08-09 01:20:00,1.4104874895429311
58008,2024-03-11 15:20:00,2025-08-08 23:38:00,1.4109399954369153
58009,2024-03-11 14:51:00,2025-08-09 07:08:00,1.4118507110806906
58010,2024-03-12 06:34:00,2025-08-09 00:31:00,1.4093029888204427
58011,2024-03-12 06:30:00,2025-08-09 08:25:00,1.410211803178949
58012,2024-03-12 01:28:00,2025-08-09 08:11:00,1.4107593733363755
58028,2024-03-12 08:15:00,2025-08-09 03:56:00,1.4095007224884022
58029,2024-03-11 19:30:00,2025-08-09 13:34:00,1.4120541486044567
58030,2024-03-12 08:06:00,2025-08-09 03:13:00,1.4094360787892615
58031,2024-03-12 09:42:00,2025-08-09 06:47:00,1.4096604304509848
58032,2024-03-12 08:28:00,2025-08-09 03:22:00,1.4094113620807667
58033,2024-03-12 05:00:00,2025-08-09 12:05:00,1.41080120161229
58034,2024-03-12 11:00:00,2025-08-09 03:25:00,1.4091280705757092
58035,2024-03-12 09:14:00,2025-08-09 13:12:00,1.4104456612670164
58036,2024-03-12 09:06:00,2025-08-09 13:25:00,1.4104855882576621
58037,2024-03-12 05:00:00,2025-08-09 09:40:00,1.4105255152483078
58038,2024-03-12 09:28:00,2025-08-09 13:48:00,1.4104874895429311
58039,2024-03-12 05:00:00,2025-08-09 12:10:00,1.410810708038634
58040,2024-03-11 19:00:00,2025-08-09 12:00:00,1.4119324663472508
58041,2024-03-12 08:46:00,2025-08-09 13:06:00,1.4104874895429311
58042,2024-03-12 08:45:00,2025-08-09 13:04:00,1.4104855882576621
58043,2024-03-12 05:00:00,2025-08-09 03:27:00,1.4098163358430298
58044,2024-03-12 05:00:00,2025-08-09 11:18:00,1.4107118412046544
58045,2024-03-12 11:15:00,2025-08-09 01:18:00,1.4088580880675337
58046,2024-03-12 11:00:00,2025-08-09 10:07:00,1.4098923872537836
58047,2024-03-11 23:00:00,2025-08-09 11:50:00,1.4114571450300404
58048,2024-03-12 09:13:00,2025-08-09 09:14:00,1.409995056658301
58051,2024-03-12 05:14:00,2025-08-09 13:33:00,1.4109418967221843
58052,2024-03-11 19:49:00,2025-08-09 04:08:00,1.4109418967221843
58053,2024-03-11 22:46:00,2025-08-09 13:28:00,1.4116700889801506
58054,2024-03-12 11:00:00,2025-08-09 13:18:00,1.4102555327401323
58055,2024-03-12 04:36:00,2025-08-09 12:54:00,1.4109399954369153
58056,2024-03-12 04:50:00,2025-08-09 14:44:00,1.411122518822724
58057,2024-03-12 04:55:00,2025-08-08 13:18:00,1.4082116510761276
58058,2024-03-12 06:21:00,2025-08-09 03:29:00,1.4096661343067913
58059,2024-03-12 06:07:00,2025-08-09 04:51:00,1.4098486576926001
58060,2024-03-12 03:53:00,2025-08-09 05:48:00,1.410211803178949
58061,2024-03-12 02:51:00,2025-08-09 04:47:00,1.4102137044642178
58062,2024-03-11 20:23:00,2025-08-09 11:04:00,1.4116681876948818
58063,2024-03-11 07:23:00,2025-08-09 10:50:00,1.4131245722108146
58064,2024-03-12 02:50:00,2025-08-09 11:09:00,1.4109418967221843
58065,2024-03-11 22:42:00,2025-08-08 15:03:00,1.4091204654346339
58066,2024-03-12 03:57:00,2025-08-09 13:52:00,1.411124420107993
58067,2024-03-11 13:28:00,2025-08-09 05:45:00,1.4118507110806906
58068,2024-03-11 20:18:00,2025-08-09 10:59:00,1.4116681876948818
58069,2024-03-12 03:43:00,2025-08-09 07:22:00,1.4104095368469085
58070,2024-03-12 05:48:00,2025-08-09 10:55:00,1.4105768499505666
58071,2024-03-12 07:40:00,2025-08-09 13:34:00,1.4106662103582022
58072,2024-03-12 12:01:00,2025-08-09 10:45:00,1.4098486576926001
58075,2024-03-12 07:24:00,2025-08-09 15:43:00,1.4109418967221843
58076,2024-03-12 02:52:00,2025-08-09 15:57:00,1.411485664309073
58077,2024-03-12 00:52:00,2025-08-09 07:35:00,1.4107593733363755
58078,2024-03-12 10:41:00,2025-08-09 15:48:00,1.4105768499505666
58079,2024-03-12 08:46:00,2025-08-09 17:04:00,1.4109399954369153
58080,2024-03-12 07:05:00,2025-08-09 15:24:00,1.4109418967221843
58081,2024-03-12 09:13:00,2025-08-09 00:14:00,1.4089683626131264
58082,2024-03-11 16:39:00,2025-08-09 08:56:00,1.4118507110806906
58083,2024-03-12 03:44:00,2025-08-09 16:50:00,1.4114875655943417
58084,2024-03-12 00:28:00,2025-08-09 16:45:00,1.4118507110806906
58085,2024-03-12 00:23:00,2025-08-09 16:40:00,1.4118507110806906
58086,2024-03-12 01:54:00,2025-08-09 16:36:00,1.4116700889801506
58087,2024-03-12 00:25:00,2025-08-09 16:34:00,1.41183550079854
58088,2024-03-12 01:45:00,2025-08-09 16:26:00,1.4116681876948818
58089,2024-03-12 08:03:00,2025-08-09 00:24:00,1.4091204654346339
58090,2024-03-11 16:15:00,2025-08-09 16:31:00,1.4127614267244657
58091,2024-03-12 07:58:00,2025-08-09 16:16:00,1.4109399954369153
58092,2024-03-12 03:06:00,2025-08-09 00:13:00,1.4096642330215226
58093,2024-03-11 07:40:00,2025-08-09 14:02:00,1.4134572971328618
58094,2024-03-12 09:24:00,2025-08-09 08:08:00,1.4098486576926001
58095,2024-03-11 15:46:00,2025-08-09 14:26:00,1.4125789033386569
58096,2024-03-12 07:34:00,2025-08-09 15:53:00,1.4109418967221843
58097,2024-03-12 00:07:00,2025-08-09 09:42:00,1.4110863944026162
58098,2024-03-11 20:56:00,2025-08-09 09:37:00,1.4114400334626207
58099,2024-03-11 19:56:00,2025-08-09 08:08:00,1.4113848961898243
58100,2024-03-12 07:53:00,2025-08-09 11:25:00,1.4103962278500266
58101,2024-03-12 07:46:00,2025-08-09 09:31:00,1.4101927903262605
58102,2024-03-12 07:45:00,2025-08-09 09:27:00,1.410187086470454
58103,2024-03-12 13:00:00,2025-08-09 08:50:00,1.4095178340558217
58104,2024-03-12 05:00:00,2025-08-09 12:03:00,1.4107973990417522
58105,2024-03-12 05:00:00,2025-08-09 07:52:00,1.410320176439273
58106,2024-03-12 05:00:00,2025-08-09 08:02:00,1.4103391892919614
58107,2024-03-12 07:06:00,2025-08-09 08:10:00,1.4101148376302381
58108,2024-03-12 07:08:00,2025-08-09 11:48:00,1.4105255152483078
58109,2024-03-11 07:35:00,2025-08-09 09:46:00,1.4129800745303824
58110,2024-03-12 07:16:00,2025-08-09 09:13:00,1.4102156057494866
58111,2024-03-11 07:28:00,2025-08-09 08:31:00,1.4128507871321012
58112,2024-03-12 07:09:00,2025-08-09 10:00:00,1.4103182751540042
58113,2024-03-11 07:21:00,2025-08-09 08:40:00,1.4128812076964028
58114,2024-03-12 07:01:00,2025-08-09 09:55:00,1.4103239790098105
58115,2024-03-12 06:55:00,2025-08-09 09:17:00,1.4102631378812076
58116,2024-03-12 06:54:00,2025-08-09 11:43:00,1.4105426268157275
58117,2024-03-11 07:06:00,2025-08-09 08:44:00,1.4129173321165107
58118,2024-03-12 09:48:00,2025-08-09 03:45:00,1.4093029888204427
58119,2024-03-11 11:54:00,2025-08-09 12:10:00,1.4127614267244657
58120,2024-03-12 09:44:00,2025-08-09 03:41:00,1.4093029888204427
58121,2024-03-11 19:51:00,2025-08-09 04:09:00,1.4109399954369153
58122,2024-03-12 03:18:00,2025-08-09 17:59:00,1.4116681876948818
58123,2024-03-12 03:16:00,2025-08-08 19:37:00,1.4091204654346339
58124,2024-03-12 03:45:00,2025-08-09 04:05:00,1.410031181078409
58125,2024-03-12 11:10:00,2025-08-08 19:32:00,1.4082097497908586
58126,2024-03-12 11:05:00,2025-08-09 17:48:00,1.4107593733363755
58127,2024-03-12 03:02:00,2025-08-09 17:43:00,1.4116681876948818
58128,2024-03-11 18:58:00,2025-08-09 17:38:00,1.4125789033386569
58129,2024-03-12 03:40:00,2025-08-09 04:00:00,1.410031181078409
58130,2024-03-12 07:39:00,2025-08-09 17:33:00,1.411122518822724
58131,2024-03-12 05:59:00,2025-08-09 17:29:00,1.411305042208533
58132,2024-03-12 11:34:00,2025-08-09 03:55:00,1.4091204654346339
58133,2024-03-12 10:44:00,2025-08-09 17:27:00,1.4107593733363755
58134,2024-03-11 19:32:00,2025-08-09 03:50:00,1.4109399954369153
58135,2024-03-12 02:43:00,2025-08-09 17:24:00,1.4116681876948818
58136,2024-03-12 10:36:00,2025-08-08 12:36:00,1.407483458818161
58137,2024-03-12 02:33:00,2025-08-09 04:29:00,1.4102137044642178
58138,2024-03-12 03:59:00,2025-08-09 12:18:00,1.4109418967221843
58139,2024-03-12 04:04:00,2025-08-09 04:24:00,1.410031181078409
58140,2024-03-12 10:17:00,2025-08-09 04:14:00,1.4093029888204427
58150,2024-03-12 03:21:00,2025-08-09 15:32:00,1.4113829949045555
58151,2024-03-12 02:59:00,2025-08-09 15:38:00,1.4114362308920831
58152,2024-03-12 00:11:00,2025-08-09 12:21:00,1.4113810936192865
58153,2024-03-12 02:59:00,2025-08-09 15:05:00,1.4113734884782112
58154,2024-03-12 03:00:00,2025-08-09 15:42:00,1.4114419347478895
58155,2024-03-12 11:00:00,2025-08-09 10:38:00,1.4099513270971176
58156,2024-03-12 02:58:00,2025-08-08 16:03:00,1.408747813521941
58157,2024-03-11 11:04:00,2025-08-09 15:00:00,1.413179709483611
58158,2024-03-12 01:10:00,2025-08-08 23:44:00,1.4098296448399117
58159,2024-03-12 10:38:00,2025-08-09 15:15:00,1.4105198113925013
58160,2024-03-12 01:02:00,2025-08-09 12:01:00,1.411246102365199
58161,2024-03-12 02:37:00,2025-08-09 14:46:00,1.4113791923340178
58162,2024-03-12 04:05:00,2025-08-09 14:42:00,1.4112042740892843
58163,2024-03-12 01:19:00,2025-08-09 14:52:00,1.4115389002966006
58164,2024-03-12 00:55:00,2025-08-09 14:55:00,1.4115902349988592
58165,2024-03-12 03:43:00,2025-08-09 15:47:00,1.4113696859076736
58166,2024-03-12 10:16:00,2025-08-09 14:51:00,1.4105160088219637
58167,2024-03-12 03:49:00,2025-08-09 09:40:00,1.4106605065023956
58168,2024-03-12 03:50:00,2025-08-09 12:43:00,1.4110065404213248
58169,2024-03-11 18:14:00,2025-08-09 13:03:00,1.4121397064415544
58170,2024-03-11 18:07:00,2025-08-09 12:59:00,1.412145410297361
58171,2024-03-12 03:28:00,2025-08-09 12:54:00,1.4110692828351965
58175,2024-03-12 11:30:00,2025-08-09 11:50:00,1.410031181078409
58176,2024-03-12 03:30:00,2025-08-09 05:25:00,1.410211803178949
58177,2024-03-11 19:55:00,2025-08-08 21:51:00,1.4102137044642178
58178,2024-03-12 11:19:00,2025-08-09 05:16:00,1.4093029888204427
58179,2024-03-12 11:14:00,2025-08-09 05:11:00,1.4093029888204427
58180,2024-03-12 09:34:00,2025-08-09 04:34:00,1.4094227697923796
58181,2024-03-12 11:48:00,2025-08-09 05:45:00,1.4093029888204427
58182,2024-03-12 11:43:00,2025-08-09 05:40:00,1.4093029888204427
58183,2024-03-12 03:06:00,2025-08-09 05:02:00,1.4102137044642178
58184,2024-03-12 04:37:00,2025-08-09 04:57:00,1.410031181078409
58185,2024-03-12 03:39:00,2025-08-09 05:35:00,1.4102137044642178
58186,2024-03-12 04:32:00,2025-08-08 23:57:00,1.4094703019241006
58187,2024-03-11 11:37:00,2025-08-09 05:30:00,1.4120332344664994
58188,2024-03-12 10:46:00,2025-08-08 23:55:00,1.4087554186630162
58189,2024-03-12 04:27:00,2025-08-09 00:00:00,1.4094855122062515
58190,2024-03-12 04:19:00,2025-08-09 04:52:00,1.410055897786904
58191,2024-03-12 04:13:00,2025-08-09 04:33:00,1.410031181078409
58192,2024-03-12 04:18:00,2025-08-09 04:38:00,1.410031181078409
58193,2024-03-11 20:10:00,2025-08-08 22:05:00,1.410211803178949
58194,2024-03-12 04:03:00,2025-08-08 23:34:00,1.4094817096357137
58195,2024-03-12 11:57:00,2025-08-08 20:20:00,1.4082116510761276
58196,2024-03-12 07:55:00,2025-08-08 19:46:00,1.4086071184120466
58197,2024-03-12 03:55:00,2025-08-08 20:25:00,1.4091375770020533
58206,2024-03-12 10:15:00,2025-08-09 16:58:00,1.4107593733363755
58207,2024-03-12 10:58:00,2025-08-09 08:06:00,1.4096661343067913
58208,2024-03-12 07:18:00,2025-08-08 23:39:00,1.4091204654346339
58209,2024-03-12 06:49:00,2025-08-09 08:44:00,1.410211803178949
58210,2024-03-11 16:32:00,2025-08-09 08:49:00,1.4118507110806906
58211,2024-03-12 09:51:00,2025-08-09 16:34:00,1.4107593733363755
58212,2024-03-12 11:46:00,2025-08-09 15:17:00,1.4103943265647578
58213,2024-03-12 12:57:00,2025-08-09 08:30:00,1.4094855122062515
58214,2024-03-12 12:53:00,2025-08-09 14:48:00,1.410211803178949
58215,2024-03-12 12:48:00,2025-08-09 16:19:00,1.4103943265647578
58216,2024-03-12 11:44:00,2024-11-20 10:33:00,0.6925412578903338
58217,2024-03-12 11:03:00,2025-08-09 08:11:00,1.4096661343067913
58218,2024-03-12 06:44:00,2025-08-09 16:38:00,1.411122518822724
58219,2024-03-12 07:42:00,2025-08-09 08:01:00,1.4100292797931402
58220,2024-03-12 07:37:00,2025-08-09 07:57:00,1.410031181078409
58221,2024-03-12 07:32:00,2025-08-09 07:52:00,1.410031181078409
58222,2024-03-12 07:13:00,2025-08-08 23:34:00,1.4091204654346339
58223,2024-03-12 11:55:00,2025-08-08 17:06:00,1.40784660430451
58224,2024-03-12 11:07:00,2025-08-09 08:16:00,1.4096680355920603
58225,2024-03-11 23:00:00,2025-08-09 01:33:00,1.4102840520191648
58226,2024-03-12 07:11:00,2025-08-09 02:10:00,1.4094208685071108
58227,2024-03-12 07:27:00,2025-08-09 03:00:00,1.4094855122062515
58228,2024-03-12 10:34:00,2025-08-09 15:41:00,1.4105768499505666
58230,2024-03-11 20:10:00,2025-08-09 04:28:00,1.4109399954369153
58231,2024-03-11 20:14:00,2025-08-09 14:07:00,1.4120332344664994
58232,2024-03-11 12:21:00,2025-08-09 04:38:00,1.4118507110806906
58233,2024-03-12 12:26:00,2025-08-09 14:22:00,1.4102137044642178
58234,2024-03-11 18:48:00,2025-08-09 04:42:00,1.411122518822724
58235,2024-03-12 12:02:00,2025-08-09 14:37:00,1.4102878545897026
58236,2024-03-12 06:08:00,2025-08-09 06:28:00,1.410031181078409
58237,2024-03-12 11:48:00,2025-08-09 13:43:00,1.410211803178949
58238,2024-03-12 12:36:00,2025-08-09 14:31:00,1.410211803178949
58239,2024-03-12 12:40:00,2025-08-09 05:02:00,1.4091223667199027
58240,2024-03-11 19:29:00,2025-08-08 21:24:00,1.410211803178949
58241,2024-03-12 11:09:00,2025-08-09 05:06:00,1.4093029888204427
58242,2024-03-12 11:52:00,2025-08-09 07:25:00,1.4094855122062515
58243,2024-03-11 19:22:00,2025-08-09 05:16:00,1.411122518822724
58244,2024-03-11 14:02:00,2025-08-09 05:04:00,1.4117081146855275
58245,2024-03-11 13:03:00,2025-08-08 22:58:00,1.411124420107993
58246,2024-03-11 19:36:00,2025-08-09 07:06:00,1.411305042208533
58247,2024-03-11 19:31:00,2025-08-09 07:01:00,1.411305042208533
58248,2024-03-11 00:32:00,2025-08-09 05:35:00,1.4133070955966234
58249,2024-03-11 19:46:00,2025-08-09 05:40:00,1.411122518822724
58250,2024-03-11 22:03:00,2025-08-09 07:56:00,1.4111206175374553
58251,2024-03-11 19:17:00,2025-08-09 05:11:00,1.411122518822724
58252,2024-03-11 20:00:00,2025-08-09 13:53:00,1.4120332344664994
58351,2024-03-12 13:00:00,2024-04-03 00:16:00,0.05878013537151114
58352,2024-03-11 17:41:00,2025-08-09 08:07:00,1.4116396684158492
58353,2024-03-12 09:35:00,2025-08-09 12:41:00,1.4103467944330368
58354,2024-03-12 10:04:00,2025-08-09 08:48:00,1.4098486576926001
58355,2024-03-11 17:36:00,2025-08-09 08:18:00,1.4116700889801506
58356,2024-03-12 01:18:00,2025-08-09 11:12:00,1.411122518822724
58357,2024-03-12 04:02:00,2025-08-09 17:08:00,1.4114875655943417
58358,2024-03-12 09:24:00,2025-08-09 11:20:00,1.4102137044642178
58359,2024-03-12 09:56:00,2025-08-09 10:16:00,1.410031181078409
58360,2024-03-12 03:06:00,2025-08-09 08:13:00,1.4105768499505666
58361,2024-03-11 10:54:00,2025-08-09 11:10:00,1.4127614267244657
58362,2024-03-12 02:47:00,2025-08-09 09:30:00,1.4107593733363755
58363,2024-03-12 02:45:00,2025-08-09 09:28:00,1.4107593733363755
58364,2024-03-12 13:00:00,2025-08-09 11:08:00,1.4097802114229219
58365,2024-03-12 02:33:00,2025-08-09 09:15:00,1.4107574720511065
58366,2024-03-11 18:39:00,2025-08-09 09:20:00,1.4116681876948818
58367,2024-03-11 21:41:00,2025-08-09 09:10:00,1.4113031409232641
58368,2024-03-12 02:31:00,2025-08-09 09:14:00,1.4107593733363755
58369,2024-03-11 18:26:00,2025-08-09 09:07:00,1.4116681876948818
58370,2024-03-12 09:42:00,2025-08-09 08:26:00,1.4098486576926001
58371,2024-03-12 09:27:00,2025-08-09 08:11:00,1.4098486576926001
58372,2024-03-11 18:18:00,2025-08-09 08:59:00,1.4116681876948818
58373,2024-03-12 09:23:00,2025-08-09 03:16:00,1.4092953836793674
58374,2024-03-12 09:57:00,2025-08-09 15:42:00,1.4106490987907825
58375,2024-03-12 09:56:00,2025-08-09 08:07:00,1.4097859152787284
58376,2024-03-12 09:50:00,2025-08-09 16:02:00,1.4107004334930413
58377,2024-03-12 03:30:00,2025-08-09 07:55:00,1.4104969959692752
58378,2024-03-12 09:43:00,2025-08-09 07:04:00,1.4096908510152864
58379,2024-03-12 03:22:00,2025-08-09 14:32:00,1.4112670165031562
58380,2024-03-12 06:41:00,2025-08-09 02:46:00,1.4095463533348545
58381,2024-03-12 10:48:00,2025-08-09 08:30:00,1.409730778005932
58382,2024-03-11 10:26:00,2025-08-09 00:59:00,1.411652977412731
58383,2024-03-12 11:03:00,2025-08-09 08:25:00,1.4096927523005551
58384,2024-03-12 11:02:00,2025-08-09 15:53:00,1.410546429386265
58385,2024-03-12 10:56:00,2025-08-09 15:38:00,1.4105293178188456
58386,2024-03-12 09:53:00,2025-08-09 15:33:00,1.4106395923644384
58387,2024-03-12 05:00:00,2025-08-09 15:20:00,1.4111719522397141
58388,2024-03-12 10:41:00,2025-08-09 08:44:00,1.4097707049965778
58389,2024-03-12 10:47:00,2025-08-09 08:47:00,1.4097650011407712
58390,2024-03-12 04:21:00,2025-08-09 08:35:00,1.410476081831318
58391,2024-03-12 12:08:00,2025-08-09 15:10:00,1.4103391892919614
58392,2024-03-12 13:00:00,2025-08-09 14:48:00,1.410198494182067
58393,2024-03-12 03:00:00,2025-08-08 15:06:00,1.4086356376910791
58394,2024-03-12 03:08:00,2025-08-09 15:29:00,1.411402007757244
58395,2024-03-12 03:23:00,2025-08-09 08:39:00,1.410593961517986
58402,2024-03-12 08:20:00,2025-08-08 15:07:00,1.4080291276903187
58403,2024-03-11 08:10:00,2025-08-09 14:48:00,1.4134877176971632
58404,2024-03-11 20:51:00,2025-08-09 16:19:00,1.4122138565670392
58405,2024-03-11 22:22:00,2025-08-09 16:15:00,1.4120332344664994
58406,2024-03-11 14:18:00,2025-08-08 14:38:00,1.410031181078409
58407,2024-03-12 06:39:00,2025-08-08 16:38:00,1.4083941744619364
58408,2024-03-12 08:25:00,2025-08-08 23:10:00,1.408937942048825
58409,2024-03-12 01:07:00,2025-08-09 05:57:00,1.4105445281009963
58410,2024-03-12 05:45:00,2025-08-09 07:35:00,1.4102022967526047
58411,2024-03-12 06:57:00,2025-08-09 15:15:00,1.4109399954369153
58412,2024-03-12 06:46:00,2025-08-09 16:20:00,1.4110844931173474
58413,2024-03-11 21:41:00,2025-08-08 22:50:00,1.4101243440565823
58414,2024-03-12 07:23:00,2025-08-09 14:05:00,1.4107574720511065
58415,2024-03-12 05:52:00,2025-08-09 15:46:00,1.411122518822724
58416,2024-03-12 03:21:00,2025-08-08 15:55:00,1.4086888736786067
58417,2024-03-12 06:54:00,2025-08-08 16:52:00,1.4083922731766674
58418,2024-03-12 07:13:00,2025-08-08 15:35:00,1.4082097497908586
58419,2024-03-11 15:11:00,2025-08-09 09:38:00,1.41209787816564
58420,2024-03-12 07:03:00,2025-08-09 15:22:00,1.4109418967221843
58421,2024-03-11 14:37:00,2025-08-08 14:57:00,1.410031181078409
58422,2024-03-11 15:01:00,2025-08-09 06:21:00,1.4117423378203666
58423,2024-03-12 08:53:00,2025-08-09 15:36:00,1.4107593733363755
58424,2024-03-12 02:05:00,2025-08-09 13:35:00,1.411305042208533
58437,2024-03-11 14:04:00,2025-08-09 06:21:00,1.4118507110806906
58438,2024-03-12 06:06:00,2025-08-08 14:29:00,1.4082116510761276
58439,2024-03-12 05:57:00,2025-08-09 14:15:00,1.4109399954369153
58440,2024-03-12 13:00:00,2025-08-09 11:46:00,1.409852460263138
58441,2024-03-11 13:36:00,2025-08-08 21:54:00,1.4109399954369153
58442,2024-03-12 00:36:00,2025-08-09 13:42:00,1.4114875655943417
58443,2024-03-12 00:50:00,2025-08-09 15:32:00,1.4116700889801506
58444,2024-03-12 08:30:00,2025-08-09 13:37:00,1.4105768499505666
58445,2024-03-12 06:49:00,2025-08-08 15:12:00,1.4082116510761276
58446,2024-03-12 01:35:00,2025-08-09 13:05:00,1.411305042208533
58447,2024-03-12 04:59:00,2025-08-08 14:58:00,1.4083941744619364
58448,2024-03-12 04:54:00,2025-08-09 14:49:00,1.411124420107993
58449,2024-03-11 03:35:00,2025-08-09 10:02:00,1.413466803559206
58450,2024-03-12 03:00:00,2025-08-08 22:32:00,1.4094836109209825
58451,2024-03-12 05:09:00,2025-08-09 15:03:00,1.411122518822724
58452,2024-03-12 05:04:00,2025-08-09 14:58:00,1.411122518822724
58453,2024-03-11 23:58:00,2025-08-09 14:39:00,1.4116681876948818
58454,2024-03-11 20:42:00,2025-08-09 14:34:00,1.4120313331812304
58455,2024-03-12 01:00:00,2025-08-09 14:06:00,1.4114875655943417
58456,2024-03-12 01:05:00,2025-08-09 10:43:00,1.4110920982584227
58457,2024-03-12 05:25:00,2025-08-09 13:43:00,1.4109399954369153
58458,2024-03-12 01:38:00,2025-08-09 14:44:00,1.4114875655943417
58459,2024-03-12 00:55:00,2025-08-08 15:41:00,1.4089398433340938
58473,2024-03-12 02:04:00,2025-08-09 15:10:00,1.4114875655943417
58474,2024-03-12 07:29:00,2025-08-09 15:07:00,1.4108639440261617
58475,2024-03-12 03:30:00,2025-08-09 00:39:00,1.4096680355920603
58476,2024-03-12 09:48:00,2025-08-09 16:31:00,1.4107593733363755
58477,2024-03-12 08:49:00,2025-08-09 14:35:00,1.4106510000760515
58478,2024-03-12 00:09:00,2025-08-09 00:29:00,1.410031181078409
58479,2024-03-11 21:00:00,2024-11-07 00:26:00,0.6574758536770857
58480,2024-03-12 02:14:00,2025-08-09 15:19:00,1.411485664309073
58481,2024-03-11 20:14:00,2025-08-09 14:07:00,1.4120332344664994
58482,2024-03-12 07:25:00,2025-08-09 15:43:00,1.4109399954369153
58483,2024-03-12 11:00:00,2025-08-09 05:20:00,1.409346718381626
58484,2024-03-11 13:00:00,2025-08-08 15:19:00,1.4102574340254013
58485,2024-03-12 06:23:00,2025-08-09 00:20:00,1.4093029888204427
58486,2024-03-11 15:56:00,2025-08-09 16:12:00,1.4127614267244657
58487,2024-03-12 09:24:00,2025-08-09 16:07:00,1.4107593733363755
58488,2024-03-12 07:44:00,2025-08-09 16:02:00,1.4109399954369153
58489,2024-03-12 02:52:00,2025-08-09 00:00:00,1.4096661343067913
58490,2024-03-12 07:34:00,2025-08-09 15:53:00,1.4109418967221843
58491,2024-03-12 02:06:00,2025-08-09 07:32:00,1.4106129743706746
58492,2024-03-12 02:33:00,2025-08-08 17:18:00,1.408937942048825
58493,2024-03-12 07:15:00,2025-08-08 15:38:00,1.4082116510761276
58494,2024-03-12 02:23:00,2025-08-08 23:32:00,1.4096680355920603
58495,2024-03-11 15:08:00,2025-08-09 10:37:00,1.4122157578523082
58508,2024-03-12 13:00:00,2025-08-09 02:15:00,1.4087668263746294
58509,2024-03-12 09:50:00,2025-08-09 16:32:00,1.4107574720511065
58510,2024-03-11 08:03:00,2025-08-09 16:54:00,1.4137405886379193
58511,2024-03-12 13:00:00,2025-08-09 16:49:00,1.410428549699597
58512,2024-03-12 13:00:00,2025-08-09 16:44:00,1.4104190432732526
58513,2024-03-12 13:00:00,2025-08-09 02:18:00,1.4087725302304357
58514,2024-03-12 03:26:00,2025-08-09 09:14:00,1.410654802646589
58515,2024-03-11 13:00:00,2025-08-09 04:34:00,1.4117689558141304
58516,2024-03-12 13:00:00,2025-08-09 02:08:00,1.4087535173777475
58517,2024-03-11 07:50:00,2025-08-09 16:35:00,1.4137291809263062
58518,2024-03-12 13:00:00,2025-08-09 02:37:00,1.4088086546505438
58519,2024-03-12 05:00:00,2025-08-09 12:16:00,1.4108221157502472
58520,2024-03-12 13:00:00,2025-08-09 16:25:00,1.4103829188531447
58521,2024-03-12 11:58:00,2025-08-09 16:20:00,1.4104912921134687
58522,2024-03-12 11:55:00,2025-08-09 16:16:00,1.4104893908282
58523,2024-03-12 11:51:00,2025-08-09 16:11:00,1.4104874895429311
58524,2024-03-12 07:04:00,2025-08-09 16:06:00,1.4110236519887445
58525,2024-03-12 07:01:00,2025-08-09 16:01:00,1.4110198494182067
58526,2024-03-12 10:07:00,2025-08-08 19:12:00,1.4082915050574187
58527,2024-03-12 05:44:00,2025-08-09 10:45:00,1.4105654422389535
58528,2024-03-12 10:03:00,2025-08-09 09:29:00,1.4099285116738915
58529,2024-03-12 05:17:00,2025-08-09 03:01:00,1.4097345805764696
58530,2024-03-12 02:05:00,2025-08-09 17:18:00,1.4117290288234847
58531,2024-03-11 18:08:00,2025-08-09 12:04:00,1.412038938322306
58532,2024-03-11 17:21:00,2025-08-09 03:43:00,1.4111757548102517
58533,2024-03-12 11:31:00,2025-08-09 12:50:00,1.4101433569092707
58534,2024-03-11 14:38:00,2025-08-09 12:12:00,1.4124534185109134
58535,2024-03-12 11:18:00,2025-08-09 12:09:00,1.4100901209217431
58536,2024-03-12 11:24:00,2025-08-09 02:50:00,1.4090158947448475
58537,2024-03-12 11:04:00,2025-08-09 12:13:00,1.4101243440565823
58538,2024-03-12 10:51:00,2025-08-09 12:28:00,1.4101775800441099
58539,2024-03-12 10:44:00,2025-08-09 12:33:00,1.4102003954673359
58540,2024-03-12 10:57:00,2025-08-09 12:19:00,1.4101490607650773
58541,2024-03-12 10:25:00,2025-08-09 17:17:00,1.410776484903795
58542,2024-03-12 10:44:00,2025-08-09 12:37:00,1.4102080006084112
58543,2024-03-11 17:21:00,2025-08-09 03:18:00,1.4111282226785307
58544,2024-03-11 17:15:00,2025-08-09 02:21:00,1.4110312571298198
58545,2024-03-12 07:22:00,2025-08-09 04:56:00,1.4097155677237814
58546,2024-03-12 07:15:00,2025-08-09 01:53:00,1.409380941516465
58547,2024-03-12 10:56:00,2025-08-09 03:40:00,1.4091641949958171
58548,2024-03-12 07:09:00,2025-08-09 02:26:00,1.40945509164195
58549,2024-03-11 13:52:00,2025-08-09 12:56:00,1.4126245341851091
58550,2024-03-11 16:47:00,2025-08-09 05:39:00,1.411460947600578
58551,2024-03-12 10:14:00,2025-08-09 01:33:00,1.4090025857479656
58552,2024-03-11 18:15:00,2025-08-09 02:08:00,1.4108924633051942
58589,2024-03-11 21:00:00,2025-08-09 07:05:00,1.4111434329606813
58590,2024-03-12 11:50:00,2025-08-09 01:08:00,1.4087725302304357
58591,2024-03-11 14:39:00,2025-05-08 14:55:00,1.1581413035211803
58592,2024-03-12 09:28:00,2025-08-09 06:35:00,1.4096642330215226
58593,2024-03-12 09:45:00,2025-08-09 06:50:00,1.4096604304509848
58594,2024-03-11 11:18:00,2025-08-09 06:31:00,1.4121853372880067
58595,2024-03-11 12:47:00,2025-08-09 00:13:00,1.4112974370674576
58596,2024-03-11 13:29:00,2025-08-09 12:06:00,1.4125731994828503
58597,2024-03-12 04:36:00,2025-08-09 06:27:00,1.4102041980378737
58598,2024-03-12 05:00:00,2025-08-09 14:11:00,1.411040763556164
58599,2024-03-12 11:26:00,2025-05-23 00:06:00,1.195147919993916
58600,2024-03-11 21:00:00,2025-08-09 06:17:00,1.411052171267777
58601,2024-03-12 05:52:00,2025-08-09 06:12:00,1.410031181078409
58602,2024-03-12 13:00:00,2025-08-08 23:39:00,1.40847022587269
58603,2024-03-11 21:00:00,2025-08-08 23:44:00,1.4103049661571223
58604,2024-03-12 12:10:00,2025-08-09 06:03:00,1.4092953836793674
58605,2024-03-11 13:00:00,2025-08-08 23:30:00,1.4111909650924024
58606,2024-03-11 21:00:00,2025-08-08 20:23:00,1.409922807818085
58607,2024-03-11 23:00:00,2025-08-08 21:50:00,1.4098600654042133
58608,2024-03-11 23:00:00,2025-08-09 07:19:00,1.4109418967221843
58609,2024-03-12 06:54:00,2025-08-09 07:14:00,1.410031181078409
58610,2024-03-11 13:00:00,2025-08-09 07:00:00,1.4120465434633813
58611,2024-03-12 06:50:00,2025-08-09 07:09:00,1.4100292797931402
58705,2024-03-11 18:27:00,2025-08-09 13:46:00,1.4121967449996198
58706,2024-03-11 18:24:00,2025-08-08 13:26:00,1.4094265723629174
58707,2024-03-12 12:37:00,2025-08-09 14:00:00,1.410150962050346
58708,2024-03-12 12:30:00,2025-08-08 20:50:00,1.408205947220321
58709,2024-03-12 11:55:00,2025-08-09 13:32:00,1.4101775800441099
58710,2024-03-12 11:58:00,2025-08-09 11:53:00,1.409983648946688
58711,2024-03-12 12:24:00,2025-08-09 00:03:00,1.4085843029888205
58712,2024-03-11 13:31:00,2025-08-09 16:38:00,1.4130865465054376
58713,2024-03-11 19:49:00,2025-08-09 16:48:00,1.412386873526504
58714,2024-03-12 06:53:00,2025-08-09 16:52:00,1.4111320252490684
58715,2024-03-12 06:50:00,2025-08-09 12:45:00,1.410668111643471
58716,2024-03-11 19:36:00,2025-08-09 16:55:00,1.4124248992318809
58717,2024-03-11 20:29:00,2025-08-09 17:06:00,1.4123450452505895
58718,2024-03-11 19:30:00,2025-08-09 15:27:00,1.4122689938398356
58719,2024-03-12 06:36:00,2025-08-09 15:35:00,1.411017948132938
58720,2024-03-12 06:31:00,2025-08-09 13:35:00,1.4107993003270212
58721,2024-03-12 00:03:00,2025-08-09 05:51:00,1.410654802646589
58722,2024-03-12 12:41:00,2025-08-09 15:39:00,1.410331584150886
58723,2024-03-11 20:23:00,2025-08-09 15:26:00,1.4121663244353182
58724,2024-03-12 12:37:00,2025-08-09 12:49:00,1.4100159707962583
58725,2024-03-12 06:10:00,2025-08-09 12:51:00,1.4107555707658377
58728,2024-03-12 08:48:00,2025-03-31 21:49:00,1.0528196060536923
58729,2024-03-11 08:47:00,2025-08-09 17:01:00,1.413670241082972
58730,2024-03-11 14:18:00,2025-06-21 06:29:00,1.2776846147996046
58731,2024-03-12 08:59:00,2025-08-09 18:00:00,1.4110217507034755
58732,2024-03-12 08:41:00,2025-08-09 09:41:00,1.4101072324891626
58733,2024-03-12 08:38:00,2025-08-09 10:34:00,1.4102137044642178
58734,2024-03-12 08:33:00,2025-08-09 10:29:00,1.4102137044642178
58735,2024-03-12 08:29:00,2025-08-09 00:50:00,1.4091204654346339
58736,2024-03-12 08:24:00,2025-08-09 16:42:00,1.4109399954369153
58737,2024-03-12 09:50:00,2025-08-09 00:36:00,1.4089398433340938
58738,2024-03-12 08:19:00,2025-08-09 10:15:00,1.4102137044642178
58739,2024-03-12 08:10:00,2025-08-09 10:05:00,1.410211803178949
58740,2024-03-12 08:05:00,2025-08-09 16:23:00,1.4109399954369153
58741,2024-03-12 08:00:00,2025-08-09 16:18:00,1.4109399954369153
58742,2024-03-12 09:31:00,2025-08-08 17:53:00,1.4082097497908586
58743,2024-03-11 17:29:00,2025-08-09 09:46:00,1.4118507110806906
58744,2024-03-12 09:15:00,2025-08-09 03:01:00,1.4092820746824855
58745,2024-03-12 09:16:00,2025-08-09 17:35:00,1.4109418967221843
58746,2024-03-11 18:01:00,2025-08-09 02:32:00,1.4109647121454103
58747,2024-03-12 09:13:00,2025-08-09 01:28:00,1.4091090577230208
58748,2024-03-11 15:39:00,2025-08-09 04:44:00,1.411485664309073
58749,2024-03-11 18:36:00,2025-08-09 17:16:00,1.4125789033386569
58750,2024-03-12 09:02:00,2025-08-09 17:21:00,1.4109418967221843
58765,2024-03-12 04:50:00,2025-08-09 16:19:00,1.4113031409232641
58766,2024-03-12 08:24:00,2025-08-09 08:42:00,1.4100273785078714
58767,2024-03-12 03:09:00,2025-08-09 18:00:00,1.4116872005475702
58768,2024-03-12 07:51:00,2025-08-09 15:54:00,1.4109114761578827
58769,2024-03-12 07:45:00,2025-08-09 09:43:00,1.4102175070347556
58770,2024-03-12 07:41:00,2025-08-09 16:01:00,1.410943798007453
58771,2024-03-12 07:36:00,2025-08-08 16:46:00,1.408301011483763
58772,2024-03-12 02:45:00,2025-08-08 16:44:00,1.4088504829264583
58773,2024-03-12 02:40:00,2025-08-09 16:24:00,1.4115598144345578
58774,2024-03-12 07:22:00,2025-08-09 16:33:00,1.411040763556164
58775,2024-03-12 04:06:00,2025-08-09 15:54:00,1.411339265343372
58776,2024-03-12 05:00:00,2025-08-09 16:44:00,1.4113316602022967
58777,2024-03-12 08:00:00,2025-08-09 03:53:00,1.4095235379116282
58778,2024-03-12 11:00:00,2025-08-09 09:12:00,1.4097878165639972
58779,2024-03-12 08:39:00,2025-08-09 08:50:00,1.4100140695109895
58780,2024-03-12 07:02:00,2024-08-27 07:43:00,0.4600368849342155
58781,2024-03-12 03:32:00,2025-08-09 08:44:00,1.4105863563769108
58782,2024-03-12 04:05:00,2025-08-09 14:44:00,1.411208076659822
58783,2024-03-12 08:05:00,2025-08-09 08:02:00,1.4099874515172257
58784,2024-03-12 05:00:00,2025-08-08 23:12:00,1.4093315080994753
58785,2024-03-12 03:09:00,2025-08-09 16:10:00,1.4114780591679976
58786,2024-03-12 11:00:00,2025-08-09 08:44:00,1.4097345805764696
58787,2024-03-12 07:42:00,2025-08-09 16:56:00,1.4110464674119705
58788,2024-03-12 07:39:00,2025-08-08 23:14:00,1.4090330063122671
58789,2024-03-11 00:36:00,2025-08-09 16:53:00,1.4145885618678227
58790,2024-03-12 07:32:00,2025-08-09 16:24:00,1.411004639136056
58791,2024-03-12 07:58:00,2025-08-09 17:18:00,1.4110578751235836
58792,2024-03-12 13:00:00,2024-06-06 19:36:00,0.23620807665982205
58793,2024-03-11 21:57:00,2025-08-09 17:11:00,1.4121872385732754
58794,2024-03-12 01:35:00,2025-08-09 16:43:00,1.4117195223971404
58795,2024-03-12 00:59:00,2025-08-09 09:24:00,1.4109533044337972
58796,2024-03-11 21:47:00,2025-08-09 09:47:00,1.4113620807665983
58797,2024-03-12 07:09:00,2025-08-09 17:28:00,1.4111700509544451
58798,2024-03-12 07:06:00,2025-08-09 17:32:00,1.411183359951327
58799,2024-03-12 01:11:00,2024-08-30 05:23:00,0.46865160848733745
58800,2024-03-12 07:03:00,2025-08-09 17:05:00,1.411137729104875
58801,2024-03-12 07:00:00,2025-08-09 17:26:00,1.411183359951327
58802,2024-03-11 21:00:00,2025-03-10 17:38:00,0.9961936268917788
58803,2024-03-12 00:33:00,2025-08-09 17:16:00,1.4119001444976804
58804,2024-03-12 06:53:00,2025-08-09 17:19:00,1.411183359951327
58805,2024-03-12 00:30:00,2024-09-01 22:36:00,0.4761692904403377
58806,2024-03-12 07:48:00,2025-08-09 08:49:00,1.4101091337744316
58807,2024-03-12 00:23:00,2025-08-08 17:22:00,1.4091927142748497
58808,2024-03-11 18:03:00,2025-08-09 09:02:00,1.411702410829721
58809,2024-03-11 00:43:00,2025-08-09 09:08:00,1.4136911552209293
58826,2024-03-12 03:13:00,2025-08-09 10:30:00,1.410824017035516
58827,2024-03-12 10:57:00,2025-08-09 14:16:00,1.4103715111415316
58828,2024-03-12 03:06:00,2025-08-09 14:34:00,1.4113012396379954
58829,2024-03-11 11:18:00,2025-08-09 09:05:00,1.4124781352194082
58830,2024-03-12 02:59:00,2025-08-09 14:54:00,1.411352574340254
58831,2024-03-12 02:53:00,2025-08-09 14:48:00,1.411352574340254
58832,2024-03-12 10:43:00,2025-08-09 11:40:00,1.4101015286333562
58833,2024-03-11 10:34:00,2025-01-21 08:00:00,0.8648680508023424
58834,2024-03-12 02:46:00,2025-08-09 09:42:00,1.4107840900448703
58835,2024-03-12 10:30:00,2025-08-09 11:59:00,1.4101623697619592
58836,2024-03-12 02:33:00,2025-08-09 13:44:00,1.411268917788425
58837,2024-03-12 04:39:00,2025-04-05 07:04:00,1.0652996425583694
58838,2024-03-12 10:23:00,2025-08-09 13:53:00,1.4103924252794888
58839,2024-03-12 02:26:00,2025-08-09 11:27:00,1.4110217507034755
58840,2024-03-12 00:45:00,2025-08-09 14:53:00,1.41160544528101
58841,2024-03-12 04:00:00,2025-08-09 14:02:00,1.411137729104875
58842,2024-03-12 03:53:00,2025-08-09 13:58:00,1.4111434329606813
58843,2024-03-12 00:38:00,2025-08-09 14:07:00,1.4115312951555252
58844,2024-03-11 23:01:00,2025-08-09 03:54:00,1.4105502319568028
58845,2024-03-11 17:14:00,2025-08-09 04:15:00,1.4112499049357365
58846,2024-03-11 23:04:00,2025-08-09 11:03:00,1.4113601794813293
58847,2024-03-12 02:44:00,2025-08-09 10:41:00,1.4109000684462696
58853,2024-03-12 01:48:00,2025-08-09 07:02:00,1.4105901589474485
58854,2024-03-12 01:56:00,2025-08-09 07:18:00,1.4106053692295992
58855,2024-03-12 03:23:00,2025-08-09 05:05:00,1.410187086470454
58856,2024-03-12 00:44:00,2025-08-08 23:13:00,1.4098201384135676
58857,2024-03-12 05:53:00,2025-08-09 03:22:00,1.409706061297437
58858,2024-03-12 05:14:00,2025-08-09 15:16:00,1.411137729104875
58859,2024-03-12 04:06:00,2025-08-09 04:34:00,1.4100463913605596
58860,2024-03-12 05:59:00,2025-08-09 14:56:00,1.4110141455624001
58861,2024-03-12 00:41:00,2025-08-09 14:51:00,1.4116092478515476
58862,2024-03-12 05:01:00,2025-08-09 08:36:00,1.4104019317058332
58863,2024-03-11 13:02:00,2025-08-09 06:23:00,1.4119723933378965
58864,2024-03-12 05:37:00,2025-08-09 05:37:00,1.4099931553730323
58865,2024-03-12 05:01:00,2025-08-09 15:03:00,1.411137729104875
58866,2024-03-12 06:03:00,2025-08-09 05:03:00,1.4098790782569017
58867,2024-03-11 19:52:00,2025-08-09 14:41:00,1.4121397064415544
58868,2024-03-12 05:20:00,2025-08-09 06:14:00,1.4100958247775497
58869,2024-03-12 06:58:00,2025-08-08 22:51:00,1.4090672294471063
58870,2024-03-12 03:04:00,2025-08-09 04:52:00,1.410198494182067
58871,2024-03-12 05:56:00,2025-08-09 06:45:00,1.4100863183512053
58872,2024-03-12 02:38:00,2025-08-09 14:39:00,1.411363982051867
58873,2024-03-12 04:51:00,2025-08-09 14:32:00,1.4110978021142293
58874,2024-03-12 05:11:00,2025-08-09 07:29:00,1.4102555327401323
58875,2024-03-12 07:40:00,2025-08-09 04:58:00,1.4096851471594798
58876,2024-03-12 07:14:00,2025-08-09 06:11:00,1.4098733744010952
58877,2024-03-12 07:41:00,2025-08-09 12:14:00,1.410512206251426
58878,2024-03-12 00:50:00,2025-08-09 06:15:00,1.4106110730854058
58879,2024-03-12 10:09:00,2025-08-09 17:43:00,1.4108563388850863
58880,2024-03-12 05:00:00,2025-08-09 12:32:00,1.4108525363145485
58881,2024-03-12 08:34:00,2025-08-09 08:00:00,1.4099285116738915
58882,2024-03-12 10:02:00,2025-08-08 19:32:00,1.4083390371891398
58883,2024-03-12 10:02:00,2025-08-08 19:37:00,1.4083485436154841
58884,2024-03-12 05:00:00,2025-08-09 04:20:00,1.4099171039622784
58885,2024-03-12 04:12:00,2025-08-08 12:38:00,1.408217354931934
58886,2024-03-12 08:21:00,2025-08-08 19:41:00,1.4085481785687124
58887,2024-03-12 09:49:00,2025-08-09 13:01:00,1.4103582021446497
58888,2024-03-12 08:18:00,2024-09-10 04:04:00,0.4978059167997566
58889,2024-03-11 08:41:00,2025-08-08 19:51:00,1.4112670165031562
58890,2024-03-12 09:42:00,2025-08-08 19:38:00,1.4083884706061298
58891,2024-03-12 13:00:00,2025-08-08 19:20:00,1.40797779298806
58892,2024-03-11 18:00:00,2025-08-09 05:44:00,1.4113316602022967
58893,2024-03-11 17:54:00,2025-08-08 19:55:00,1.4102232108905621
58894,2024-03-11 17:53:00,2025-08-09 05:24:00,1.4113069434938017
58895,2024-03-12 11:03:00,2025-08-09 05:29:00,1.409358126093239
58896,2024-03-12 07:54:00,2025-08-08 22:19:00,1.4088999163434481
58897,2024-03-12 07:48:00,2025-08-09 05:39:00,1.4097478895733515
58931,2024-03-11 17:35:00,2025-08-09 17:52:00,1.4127633280097345
58932,2024-03-11 17:34:00,2025-08-09 05:25:00,1.4113449691991786
58933,2024-03-12 12:18:00,2025-08-09 05:11:00,1.4091813065632368
58934,2024-03-12 07:36:00,2025-08-09 05:06:00,1.4097079625827058
58935,2024-03-12 09:03:00,2025-08-09 12:31:00,1.4103886227089513
58936,2024-03-12 09:03:00,2025-08-09 12:29:00,1.4103848201384135
58937,2024-03-12 08:57:00,2025-08-09 04:33:00,1.4094912160620579
58938,2024-03-12 08:56:00,2025-08-09 12:28:00,1.4103962278500266
58939,2024-03-12 04:07:00,2025-08-08 12:48:00,1.4082458742109667
58940,2024-03-12 08:49:00,2025-08-08 22:11:00,1.408780135371511
58941,2024-03-12 04:01:00,2025-08-08 14:13:00,1.4084188911704312
58942,2024-03-12 04:00:00,2025-08-08 22:08:00,1.4093239029584
58943,2024-03-12 03:54:00,2025-08-08 21:31:00,1.4092649631150658
58944,2024-03-12 07:02:00,2025-08-09 04:36:00,1.4097155677237814
58945,2024-03-12 03:27:00,2025-08-09 15:26:00,1.4113601794813293
58946,2024-03-12 06:55:00,2025-08-08 21:50:00,1.4089569549015135
58947,2024-03-11 07:22:00,2025-08-08 21:54:00,1.411651076127462
58948,2024-03-12 06:49:00,2025-08-09 05:22:00,1.409827743554643
58949,2024-03-12 06:48:00,2025-08-09 12:34:00,1.4106510000760515
58951,2024-03-12 03:33:00,2025-08-08 21:50:00,1.4093410145258194
58952,2024-03-12 03:34:00,2025-08-09 05:31:00,1.4102156057494866
58998,2024-03-13 16:45:00,2025-08-09 13:35:00,1.4068940603848201
58999,2024-03-12 11:00:00,2025-08-09 04:14:00,1.4092212335538825
59000,2024-03-12 11:00:00,2025-08-09 06:13:00,1.4094474865008746
59001,2024-03-12 11:00:00,2024-06-01 21:04:00,0.22291429006008062
59002,2024-03-14 10:52:00,2025-08-09 06:52:00,1.404061145334246
59003,2024-03-12 11:00:00,2024-10-28 03:03:00,0.6287987679671458
59004,2024-03-12 11:00:00,2025-08-09 04:15:00,1.4092231348391513
59005,2024-03-12 11:00:00,2025-08-09 13:44:00,1.4103049661571223
59006,2024-03-12 11:00:00,2025-08-09 06:05:00,1.409432276218724
59007,2024-03-12 11:00:00,2025-08-09 13:49:00,1.4103144725834664
59008,2024-03-14 10:53:00,2025-08-09 12:57:00,1.4047532131721043
59009,2024-03-12 11:00:00,2025-08-09 13:43:00,1.4103030648718533
59010,2024-03-12 11:00:00,2025-08-09 05:37:00,1.4093790402311963
59011,2024-03-12 11:00:00,2025-08-09 05:39:00,1.4093828428017339
59012,2024-03-12 11:00:00,2025-08-09 05:31:00,1.4093676325195832
59013,2024-03-12 11:00:00,2025-08-09 05:36:00,1.4093771389459275
59014,2024-03-12 11:00:00,2025-08-09 07:01:00,1.409538748193779
59015,2024-03-12 11:00:00,2025-08-09 13:15:00,1.4102498288843257
59016,2024-03-12 03:00:00,2025-08-09 11:41:00,1.4109837249980988
59017,2024-03-12 11:00:00,2025-08-09 02:34:00,1.4090311050269984
59018,2024-03-12 03:00:00,2025-08-09 03:37:00,1.4100635029279793
59019,2024-03-12 11:00:00,2025-08-09 05:40:00,1.4093847440870029
59023,2024-03-12 05:00:00,2025-08-09 15:32:00,1.4111947676629402
59024,2024-03-12 05:00:00,2025-08-09 10:35:00,1.4106300859380942
59025,2024-03-11 21:00:00,2025-08-09 13:55:00,1.4119229599209064
59026,2024-03-12 05:00:00,2025-08-09 17:00:00,1.4113620807665983
59027,2024-03-11 21:00:00,2025-08-09 16:31:00,1.4122195604228458
59028,2024-03-12 02:39:00,2025-08-09 09:46:00,1.4108050041828275
59029,2024-03-11 21:00:00,2025-08-09 13:45:00,1.4119039470682182
59030,2024-03-12 05:00:00,2025-08-09 16:50:00,1.4113430679139098
59031,2024-03-12 05:00:00,2025-08-09 18:00:00,1.4114761578827286
59032,2024-03-11 21:00:00,2025-08-09 06:55:00,1.411124420107993
59033,2024-03-11 21:00:00,2025-08-09 14:15:00,1.4119609856262834
59034,2024-03-11 21:00:00,2025-08-09 15:44:00,1.4121302000152103
59035,2024-03-12 05:00:00,2025-08-09 14:04:00,1.411027454559282
59036,2024-03-12 05:00:00,2025-08-09 09:04:00,1.4104570689786295
59037,2024-03-12 05:00:00,2025-08-09 16:34:00,1.4113126473496083
59038,2024-03-12 05:00:00,2025-08-09 17:09:00,1.4113791923340178
59039,2024-03-11 21:00:00,2025-08-09 16:28:00,1.4122138565670392
59040,2024-03-11 21:00:00,2025-08-09 16:49:00,1.412253783557685
59041,2024-03-12 05:00:00,2025-08-09 14:36:00,1.411088295687885
59042,2024-03-11 21:00:00,2025-08-09 00:34:00,1.4104000304205644
59043,2024-03-11 21:00:00,2025-08-09 11:18:00,1.4116244581336983
59044,2024-03-12 05:00:00,2025-08-08 23:48:00,1.4093999543691536
59045,2024-03-11 21:00:00,2025-08-09 08:15:00,1.4112765229295003
59046,2024-03-11 21:00:00,2025-08-09 15:55:00,1.4121511141531675
59074,2024-03-11 19:00:00,2025-08-09 12:03:00,1.4119381702030573
59075,2024-03-11 19:00:00,2025-08-09 11:16:00,1.4118488097954216
59076,2024-03-11 19:00:00,2025-08-09 03:31:00,1.4109647121454103
59077,2024-03-11 19:00:00,2025-08-09 11:27:00,1.411869723933379
59078,2024-03-11 19:00:00,2025-08-09 02:45:00,1.4108772530230436
59079,2024-03-11 19:00:00,2025-08-09 08:38:00,1.4115484067229447
59080,2024-03-11 19:00:00,2025-08-09 02:24:00,1.4108373260323979
59081,2024-03-11 19:00:00,2025-08-09 03:42:00,1.4109856262833675
59082,2024-03-11 19:00:00,2025-08-09 08:30:00,1.411533196440794
59083,2024-03-11 19:00:00,2025-08-09 13:04:00,1.4120541486044567
59084,2024-03-11 19:00:00,2025-08-09 09:11:00,1.4116111491368164
59085,2024-03-11 19:00:00,2025-08-09 09:47:00,1.4116795954064947
59086,2024-03-11 19:00:00,2025-08-09 09:31:00,1.4116491748421933
59087,2024-03-11 19:00:00,2025-08-09 11:44:00,1.4119020457829492
59088,2024-03-11 19:00:00,2025-08-09 08:39:00,1.4115503080082135
59089,2024-03-11 19:00:00,2025-08-09 08:34:00,1.4115408015818693
59090,2024-03-11 19:00:00,2025-08-09 00:48:00,1.410654802646589
59091,2024-03-12 01:50:00,2024-04-03 04:47:00,0.06056924480949122
59092,2024-03-11 19:00:00,2025-08-09 01:50:00,1.4107726823332574
59093,2024-03-11 19:00:00,2025-08-09 09:22:00,1.4116320632747736
59094,2024-03-11 19:00:00,2024-08-31 08:30:00,0.47245037645448323
59095,2024-03-11 19:00:00,2025-08-09 10:25:00,1.4117518442467107
59096,2024-03-11 19:00:00,2025-08-09 10:21:00,1.4117442391056354
59152,2024-03-11 19:00:00,2025-08-09 15:18:00,1.4123089208304813
59153,2024-03-12 05:00:00,2025-08-08 17:54:00,1.4087268993839837
59154,2024-03-12 05:00:00,2025-08-09 05:16:00,1.4100235759373336
59155,2024-03-11 19:00:00,2025-08-09 06:14:00,1.4112746216442316
59156,2024-03-11 19:00:00,2025-08-09 06:11:00,1.411268917788425
59157,2024-03-11 19:00:00,2025-08-09 06:08:00,1.4112632139326184
59158,2024-03-11 19:00:00,2025-08-09 05:22:00,1.4111757548102517
59159,2024-03-11 19:00:00,2025-08-09 06:02:00,1.4112518062210053
59160,2024-03-12 05:00:00,2025-08-09 00:43:00,1.4095045250589398
59161,2024-03-12 05:00:00,2025-08-09 06:08:00,1.4101224427713135
59162,2024-03-11 21:00:00,2025-08-08 22:22:00,1.4101490607650773
59163,2024-03-12 05:00:00,2025-08-09 14:09:00,1.4110369609856264
59164,2024-03-11 19:00:00,2025-08-09 12:41:00,1.4120104190432732
59165,2024-03-11 19:00:00,2025-08-08 14:46:00,1.4095102289147463
59166,2024-03-11 19:00:00,2025-08-09 12:50:00,1.4120275306106929
59167,2024-03-11 21:00:00,2025-08-09 05:05:00,1.4109152787284205
59168,2024-03-11 19:00:00,2025-08-09 05:42:00,1.4112137805156286
59169,2024-03-11 19:00:00,2025-08-09 05:31:00,1.4111928663776714
59170,2024-03-11 19:00:00,2025-08-09 16:30:00,1.412445813369838
59171,2024-03-11 19:00:00,2025-08-09 13:27:00,1.41209787816564
59172,2024-03-11 19:00:00,2025-08-09 15:54:00,1.4123773671001596
59173,2024-03-11 19:00:00,2025-08-09 13:01:00,1.41204844474865
59174,2024-03-11 19:00:00,2025-08-09 18:00:00,1.4126169290440338
59178,2024-03-17 21:00:00,2025-08-09 04:29:00,1.3944197277359496
59179,2024-03-17 21:00:00,2025-08-09 16:51:00,1.39583048140543
59180,2024-03-17 21:00:00,2025-08-09 12:49:00,1.3953703703703704
59181,2024-03-17 21:00:00,2025-08-09 04:35:00,1.3944311354475625
59182,2024-03-17 21:00:00,2025-08-09 09:57:00,1.3950433493041297
59183,2024-03-17 21:00:00,2025-04-13 06:40:00,1.07160240322458
59184,2024-03-17 21:00:00,2025-08-09 05:07:00,1.3944919765761654
59185,2024-03-17 21:00:00,2025-08-09 03:58:00,1.3943607878926154
59186,2024-03-17 21:00:00,2025-08-08 19:32:00,1.3933987375465815
59187,2024-03-17 21:00:00,2025-08-09 04:21:00,1.3944045174537987
59188,2024-03-17 21:00:00,2025-08-08 23:24:00,1.3938398357289528
59189,2024-03-17 21:00:00,2025-08-08 22:27:00,1.3937314624686288
59190,2024-03-17 21:00:00,2025-08-08 21:33:00,1.3936287930641114
59191,2024-03-17 21:00:00,2025-08-09 16:08:00,1.39574872613887
59192,2024-03-17 21:00:00,2025-08-09 18:00:00,1.39596167008898
59193,2024-03-17 21:00:00,2025-08-09 12:44:00,1.3953608639440263
59194,2024-03-17 21:00:00,2025-08-08 19:39:00,1.3934120465434634
59195,2024-03-17 21:00:00,2025-08-09 04:32:00,1.3944254315917561
59196,2024-03-17 21:00:00,2025-08-09 05:09:00,1.3944957791467032
59197,2024-03-17 21:00:00,2025-08-09 04:38:00,1.394436839303369
59198,2024-03-17 21:00:00,2025-08-08 20:58:00,1.3935622480797019
59199,2024-03-17 21:00:00,2025-08-08 23:13:00,1.3938189215909955
59200,2024-03-17 21:00:00,2025-08-08 23:19:00,1.3938303293026086
59201,2024-03-17 21:00:00,2025-08-09 10:43:00,1.3951308084264964
59202,2024-03-17 21:00:00,2025-08-09 08:15:00,1.3948494182067077
59203,2024-03-17 21:00:00,2025-08-09 10:00:00,1.3950490531599362
59204,2024-03-17 21:00:00,2025-08-09 10:40:00,1.3951251045706898
59205,2024-03-17 21:00:00,2025-08-09 08:29:00,1.3948760362004715
59206,2024-03-17 21:00:00,2025-08-09 10:23:00,1.3950927827211195
59207,2024-03-17 21:00:00,2025-08-09 11:33:00,1.3952258726899385
59208,2024-03-17 21:00:00,2025-08-09 08:06:00,1.3948323066392883
59209,2024-03-17 21:00:00,2025-08-09 07:51:00,1.3948037873602555
59210,2024-03-17 21:00:00,2025-08-09 08:44:00,1.394904555479504
59211,2024-03-17 21:00:00,2025-08-09 07:14:00,1.3947334398053084
59212,2024-03-17 21:00:00,2025-08-09 09:12:00,1.3949577914670317
59213,2024-03-17 21:00:00,2025-08-09 08:20:00,1.3948589246330518
59214,2024-03-17 21:00:00,2025-08-09 18:00:00,1.39596167008898
59215,2024-03-17 21:00:00,2025-08-09 09:21:00,1.3949749030344514
59216,2024-03-17 21:00:00,2025-08-09 10:44:00,1.3951327097117652
59217,2024-03-17 21:00:00,2025-08-09 11:10:00,1.395182143128755
59218,2024-03-17 21:00:00,2025-08-09 07:54:00,1.394809491216062
59219,2024-03-17 21:00:00,2025-08-09 08:11:00,1.3948418130656324
59220,2024-03-17 21:00:00,2025-08-09 10:00:00,1.3950490531599362
59221,2024-03-17 21:00:00,2025-08-09 07:57:00,1.3948151950718686
59222,2024-03-17 21:00:00,2025-08-09 10:41:00,1.3951270058559586
59223,2024-03-17 21:00:00,2025-08-09 10:37:00,1.3951194007148833
59231,2024-03-23 21:00:00,2025-08-09 07:32:00,1.378340558217355
59232,2024-03-23 21:00:00,2025-08-09 07:48:00,1.3783709787816565
59233,2024-03-23 21:00:00,2025-08-09 16:01:00,1.3793083124191954
59234,2024-03-23 21:00:00,2025-08-09 07:02:00,1.3782835196592897
59235,2024-03-23 19:01:00,2025-08-09 08:07:00,1.3786333561487565
59236,2024-03-23 21:00:00,2025-08-09 11:31:00,1.378794965396608
59237,2024-03-23 21:00:00,2025-08-09 08:16:00,1.3784242147691839
59238,2024-03-23 21:00:00,2025-08-09 07:45:00,1.37836527492585
59239,2024-03-23 21:00:00,2025-08-08 15:45:00,1.3765400410677617
59240,2024-03-23 21:00:00,2025-08-09 02:25:00,1.3777568636398205
59241,2024-03-23 21:00:00,2025-08-08 17:06:00,1.376694045174538
59242,2024-03-23 21:00:00,2025-08-08 16:57:00,1.3766769336071185
59243,2024-03-23 21:00:00,2025-08-09 08:01:00,1.3783956954901513
59244,2024-03-23 21:00:00,2025-08-09 07:39:00,1.3783538672142368
59245,2024-03-23 21:00:00,2025-08-09 07:32:00,1.378340558217355
59246,2024-03-23 21:00:00,2025-08-09 15:46:00,1.3792797931401628
59247,2024-03-23 21:00:00,2025-08-09 16:00:00,1.3793064111339266
59248,2024-03-23 21:00:00,2025-08-09 08:27:00,1.3784451289071413
59249,2024-03-23 21:00:00,2025-08-09 08:33:00,1.3784565366187542
59250,2024-03-23 21:00:00,2025-08-09 16:03:00,1.3793121149897332
59251,2024-03-23 21:00:00,2025-03-17 06:35:00,0.9812438208228763
59252,2024-03-23 21:00:00,2025-08-09 06:54:00,1.3782683093771388
59253,2024-03-23 21:00:00,2025-08-09 07:50:00,1.378374781352194
59254,2024-03-26 13:00:00,2025-08-09 13:17:00,1.371695566202753
59255,2024-03-26 13:00:00,2025-08-09 08:46:00,1.371180317894897
59256,2024-03-26 13:00:00,2025-08-09 13:10:00,1.3716822572058711
59257,2024-03-26 13:00:00,2025-08-09 13:10:00,1.3716822572058711
59258,2024-03-26 13:00:00,2025-08-09 13:01:00,1.3716651456384517
59259,2024-03-26 13:00:00,2025-08-09 08:41:00,1.3711708114685528
59260,2024-03-26 13:00:00,2025-08-09 09:00:00,1.3712069358886607
59261,2024-03-26 13:00:00,2025-08-09 13:05:00,1.371672750779527
59262,2024-03-26 13:00:00,2025-07-02 02:05:00,1.2663795725910716
59263,2024-03-26 21:00:00,2025-08-09 09:33:00,1.3703570613734886
59264,2024-03-26 13:00:00,2025-08-09 13:39:00,1.3717373944786675
59265,2024-03-26 13:00:00,2025-08-09 07:32:00,1.3710396227850026
59266,2024-03-26 13:00:00,2025-08-09 10:06:00,1.3713324207164044
59267,2024-03-26 13:00:00,2025-08-09 10:26:00,1.371370446421781
59268,2024-03-26 13:00:00,2025-08-09 09:24:00,1.371252566735113
59269,2024-03-26 13:00:00,2025-08-09 13:43:00,1.371744999619743
59270,2024-03-26 13:00:00,2025-08-09 12:18:00,1.3715833903718915
59271,2024-03-26 13:00:00,2025-08-09 09:21:00,1.3712468628793064
59272,2024-03-26 13:00:00,2025-08-09 12:56:00,1.3716556392121073
59273,2024-03-26 21:00:00,2025-08-09 10:11:00,1.3704293102137044
59296,2024-03-30 13:00:00,2025-08-09 13:50:00,1.3608069054680965
59297,2024-03-30 13:00:00,2025-08-09 13:33:00,1.360774583618526
59298,2024-03-30 13:00:00,2025-08-08 22:59:00,1.3591128602935585
59299,2024-03-30 13:00:00,2025-08-09 13:12:00,1.3607346566278804
59300,2024-03-30 13:00:00,2025-08-09 03:20:00,1.3596090957487261
59301,2024-03-30 13:00:00,2025-08-09 07:52:00,1.360126245341851
59302,2024-03-30 13:00:00,2025-08-09 13:10:00,1.3607308540573428
59303,2024-03-30 13:00:00,2025-08-09 13:22:00,1.3607536694805689
59304,2024-03-30 13:00:00,2025-08-09 03:54:00,1.3596737394478668
59305,2024-03-30 13:00:00,2025-08-09 03:51:00,1.3596680355920603
59306,2024-03-30 13:00:00,2025-08-09 06:39:00,1.3599874515172257
59307,2024-03-30 13:00:00,2025-08-09 05:36:00,1.3598676705452886
59308,2024-03-30 13:00:00,2025-08-09 07:22:00,1.3600692067837858
59309,2024-03-30 13:00:00,2025-08-08 20:23:00,1.3588162597916191
59310,2024-03-30 13:00:00,2025-08-09 13:35:00,1.3607783861890639
59311,2024-03-30 13:00:00,2024-06-13 02:26:00,0.20413339417446194
59312,2024-03-30 13:00:00,2025-08-09 08:45:00,1.3602270134610996
59313,2024-03-30 13:00:00,2025-08-09 03:04:00,1.3595786751844248
59314,2024-03-30 13:00:00,2025-08-08 21:58:00,1.3589968818921592
59315,2024-03-30 13:00:00,2025-08-09 14:13:00,1.3608506350292797
59316,2024-03-30 13:00:00,2025-08-09 14:16:00,1.3608563388850863
59317,2024-03-30 13:00:00,2025-08-09 05:10:00,1.3598182371282987
59318,2024-03-30 13:00:00,2025-08-08 22:43:00,1.359082439729257
59374,2024-05-28 02:38:00,2025-08-09 08:14:00,1.1998174766141911
59375,2024-05-28 02:32:00,2025-08-09 08:04:00,1.1998098714731158
59376,2024-05-27 22:58:00,2025-08-09 08:15:00,1.2002376606586052
59377,2024-05-28 02:38:00,2025-08-09 15:17:00,1.2006217202829113
59378,2024-05-28 01:52:00,2025-08-09 14:46:00,1.2006502395619438
59379,2024-05-28 05:00:00,2025-08-09 08:10:00,1.1995398889649402
59380,2024-05-27 21:44:00,2025-08-09 01:57:00,1.1996596699368773
59381,2024-05-27 23:38:00,2025-08-09 01:38:00,1.1994067989961215
59382,2024-05-28 01:58:00,2025-08-08 18:19:00,1.198305954825462
59383,2024-05-28 01:29:00,2025-05-24 00:29:00,0.9882500570385581
59384,2024-05-27 21:31:00,2025-08-09 01:45:00,1.1996615712221461
59385,2024-05-27 10:10:00,2025-08-09 14:56:00,1.2024602631378811
59386,2024-05-27 20:37:00,2025-08-08 17:44:00,1.1988497224123507
59387,2024-05-27 10:10:00,2025-08-09 08:44:00,1.201752985017872
59388,2024-05-27 22:44:00,2025-08-08 18:28:00,1.1986919157350369
59389,2024-05-27 21:45:00,2025-08-09 15:21:00,1.2011864020077572
59390,2024-05-28 01:58:00,2025-08-09 14:36:00,1.2006198189976425
59391,2024-05-28 01:31:00,2025-08-09 15:36:00,1.2007852308160316
59392,2024-05-28 02:18:00,2025-08-09 01:41:00,1.1991082972089133
59393,2024-05-28 02:13:00,2025-08-08 17:28:00,1.1981804699977185
59394,2024-05-28 02:11:00,2025-08-09 08:06:00,1.1998536010342993
59397,2024-05-28 01:38:00,2025-08-09 15:05:00,1.2007129819758156
59398,2024-05-28 01:22:00,2025-08-09 15:23:00,1.2007776256749563
59399,2024-05-28 00:59:00,2025-08-09 08:46:00,1.2000665449844095
59400,2024-05-27 08:50:00,2025-08-09 15:40:00,1.2026960225112175
59401,2024-05-27 16:24:00,2025-08-09 15:49:00,1.201849950566583
59402,2024-05-28 02:19:00,2025-08-09 16:26:00,1.2007890333865694
59403,2024-05-26 09:33:00,2025-08-09 16:06:00,1.2054015514487795
59404,2024-05-27 08:48:00,2025-08-09 14:02:00,1.2025134991254087
59405,2024-05-28 01:12:00,2025-08-09 15:29:00,1.2008080462392576
59406,2024-05-28 01:05:00,2025-08-08 19:10:00,1.1985036884934215
59407,2024-05-27 17:06:00,2025-08-09 02:24:00,1.2002395619438742
59408,2024-05-27 08:24:00,2025-02-18 18:00:00,0.7321013004791239
59409,2024-05-27 11:28:00,2025-08-09 11:09:00,1.2018803711308845
59410,2024-05-26 09:26:00,2025-08-09 01:53:00,1.2037930641113392
59411,2024-05-28 00:43:00,2025-08-09 02:09:00,1.1993421552969807
59412,2024-05-27 16:53:00,2025-08-09 02:13:00,1.2002433645144117
59413,2024-05-27 16:46:00,2025-08-09 11:28:00,1.2013118868355008
59414,2024-05-27 16:43:00,2025-08-09 02:07:00,1.200250969655487
59415,2024-05-28 03:21:00,2025-08-09 09:38:00,1.1998954293102138
59416,2024-05-26 07:40:00,2025-08-09 15:45:00,1.2055764696935127
59417,2024-05-26 09:10:00,2025-08-09 09:49:00,1.2047284964636094
59418,2024-05-27 17:09:00,2025-08-09 16:11:00,1.2018062210053997
59419,2024-05-27 17:22:00,2025-08-09 12:06:00,1.2013156894060384
59420,2024-05-28 01:02:00,2025-08-09 10:26:00,1.200250969655487
59421,2024-05-28 03:49:00,2025-08-09 08:36:00,1.199724313636018
59422,2024-05-28 03:43:00,2025-08-09 08:14:00,1.1996938930717165
59423,2024-05-28 00:38:00,2025-08-09 08:21:00,1.2000589398433341
59424,2024-05-28 03:37:00,2025-08-09 08:29:00,1.1997338200623622
59425,2024-05-28 00:30:00,2025-08-09 11:11:00,1.200397368621188
59426,2024-05-27 17:31:00,2025-08-09 08:43:00,1.200912616929044
59427,2024-05-27 21:00:00,2025-08-09 16:18:00,1.201380333105179
59428,2024-05-28 05:00:00,2024-09-25 16:16:00,0.32982736329758916
59429,2024-05-28 01:22:00,2025-08-09 09:35:00,1.2001159784013993
59430,2024-05-28 00:35:00,2025-08-08 19:32:00,1.1986025553274013
59431,2024-05-28 01:09:00,2025-08-09 09:57:00,1.2001825233858088
59432,2024-05-27 11:54:00,2025-08-09 16:24:00,1.2024298425735798
59433,2024-05-28 00:02:00,2025-08-09 03:16:00,1.1995474941060156
59434,2024-05-28 01:29:00,2025-08-08 10:13:00,1.1974370674576014
59435,2024-05-28 04:02:00,2025-08-09 16:08:00,1.2005589778690395
59436,2024-05-27 04:26:00,2025-08-09 09:43:00,1.2025192029812153
59437,2024-05-28 01:15:00,2025-08-09 03:17:00,1.199410601566659
59438,2024-05-27 18:28:00,2025-08-09 09:48:00,1.2009278272111947
59439,2024-05-28 03:35:00,2025-08-09 03:18:00,1.19914632291429
59440,2024-05-27 21:00:00,2024-10-10 15:35:00,0.3717297893375922
59441,2024-05-28 03:22:00,2025-08-09 16:27:00,1.200671153699901
59534,2024-05-28 01:51:00,2025-08-09 13:48:00,1.2005418663016199
59535,2024-05-28 05:00:00,2025-08-09 11:04:00,1.1998707126017187
59536,2024-05-28 01:29:00,2025-08-09 11:07:00,1.2002775876492509
59537,2024-05-27 20:29:00,2025-08-09 13:01:00,1.2010647197505513
59538,2024-05-27 21:00:00,2025-08-09 13:09:00,1.201020990189368
59539,2024-05-27 20:19:00,2025-08-09 13:18:00,1.2011160544528101
59540,2024-05-27 19:53:00,2025-08-09 13:38:00,1.2012035135751769
59541,2024-05-27 19:28:00,2025-08-09 13:55:00,1.2012833675564683
59542,2024-05-27 23:46:00,2025-08-09 11:12:00,1.2004829264582857
59543,2024-05-27 20:13:00,2025-08-09 05:33:00,1.2002433645144117
59544,2024-05-27 20:00:00,2025-08-09 10:19:00,1.2008118488097954
59545,2024-05-28 03:34:00,2025-08-09 13:44:00,1.2003384287778538
59546,2024-05-28 03:09:00,2025-08-09 14:04:00,1.2004239866149518
59547,2024-05-27 21:00:00,2025-08-09 13:06:00,1.2010152863335615
59548,2024-05-27 20:35:00,2025-08-09 11:18:00,1.2008574796562477
59549,2024-05-28 01:38:00,2025-08-09 12:24:00,1.200406875047532
59550,2024-05-28 01:32:00,2025-08-09 14:10:00,1.2006198189976425
59551,2024-05-27 20:32:00,2025-08-09 14:30:00,1.2012282302836719
59552,2024-05-27 23:29:00,2025-08-09 13:12:00,1.2007434025401171
59553,2024-05-28 04:12:00,2025-08-09 13:07:00,1.2001958323826907
59554,2024-05-28 02:23:00,2025-08-09 08:27:00,1.1998707126017187
59555,2024-05-28 03:37:00,2025-08-09 13:49:00,1.2003422313483916
59556,2024-05-28 03:43:00,2025-08-09 05:42:00,1.1994048977108525
59564,2024-05-28 03:27:00,2025-08-09 14:37:00,1.2004525058939843
59565,2024-05-28 05:00:00,2025-08-09 15:23:00,1.2003631454863488
59566,2024-05-27 07:54:00,2025-08-09 16:09:00,1.2028576317590691
59567,2024-05-26 21:00:00,2025-08-09 15:14:00,1.2039965016351053
59568,2024-05-27 15:00:00,2025-08-09 15:06:00,1.2019279032626056
59569,2024-05-27 08:37:00,2025-08-09 15:05:00,1.202654194235303
59570,2024-05-28 05:00:00,2025-08-09 15:17:00,1.2003517377747357
59571,2024-05-27 23:00:00,2025-08-09 18:00:00,1.20134610997034
59572,2024-05-28 05:00:00,2025-08-09 14:56:00,1.20031181078409
59573,2024-05-26 21:01:00,2025-08-08 15:13:00,1.2012548482774354
59574,2024-05-28 05:00:00,2025-08-09 14:00:00,1.200205338809035
59575,2024-05-27 03:50:00,2025-08-09 15:09:00,1.203207468248536
59576,2024-05-27 14:00:00,2025-08-09 15:28:00,1.2020838086546506
59577,2024-05-28 03:55:00,2025-08-09 07:19:00,1.199566506958704
59578,2024-05-28 05:00:00,2025-08-09 14:20:00,1.2002433645144117
59579,2024-05-28 05:00:00,2025-08-08 14:53:00,1.1975682561411514
59580,2024-05-27 23:54:00,2025-08-09 14:09:00,1.20080424366872
59581,2024-05-27 13:58:00,2025-08-09 16:14:00,1.2021750703475549
59582,2024-05-28 03:52:00,2025-08-09 07:12:00,1.1995589018176287
59583,2024-05-27 00:02:00,2025-08-09 14:51:00,1.2036067381549929
59584,2024-05-26 07:01:00,2025-08-08 15:39:00,1.2029013613202524
59585,2024-05-28 03:51:00,2025-08-09 15:36:00,1.2005190508783938
59586,2024-05-28 01:26:00,2025-08-09 14:06:00,1.20062362156818
59601,2024-05-25 21:18:00,2025-08-09 17:04:00,1.2069092706669708
59602,2024-05-28 03:00:00,2025-08-09 13:59:00,1.200431591756027
59603,2024-05-28 03:00:00,2025-08-09 15:28:00,1.200600806144954
59604,2024-05-26 10:19:00,2025-08-09 14:48:00,1.205165792075443
59605,2024-05-28 03:00:00,2025-08-09 01:12:00,1.1989733059548255
59606,2024-05-28 00:18:00,2025-08-09 01:35:00,1.1993250437295613
59607,2024-05-28 00:16:00,2025-08-09 01:41:00,1.199340254011712
59608,2024-05-27 01:04:00,2025-08-09 15:40:00,1.2035820214464978
59609,2024-05-28 03:00:00,2025-08-09 14:11:00,1.2004544071792531
59610,2024-05-27 23:33:00,2025-08-09 17:00:00,1.2011692904403377
59611,2024-05-26 08:52:00,2025-08-09 16:37:00,1.205538443988136
59612,2024-05-28 02:36:00,2025-08-09 16:10:00,1.2007262909726975
59613,2024-05-28 02:56:00,2025-08-09 01:46:00,1.1990455547950414
59614,2024-05-27 21:00:00,2025-08-09 01:06:00,1.1996463609399954
59615,2024-05-28 03:00:00,2025-08-09 15:56:00,1.2006540421324816
59616,2024-05-28 00:57:00,2025-08-09 16:44:00,1.2009791619134536
59617,2024-05-28 03:00:00,2025-08-09 10:53:00,1.2000779526960226
59618,2024-05-28 01:44:00,2025-08-09 09:17:00,1.2000399269906457
59619,2024-05-27 16:26:00,2025-08-08 17:41:00,1.1993212411590235
59620,2024-05-27 23:14:00,2025-08-09 09:10:00,1.20031181078409
59621,2024-05-27 15:56:00,2025-08-09 14:19:00,1.2017320708799148
59622,2024-05-26 10:16:00,2025-08-09 08:56:00,1.2045022435166173
59623,2024-05-27 21:00:00,2025-08-09 10:59:00,1.2007738231044185
59631,2024-05-27 21:00:00,2025-08-09 08:13:00,1.200458209749791
59632,2024-05-27 21:00:00,2025-08-09 07:20:00,1.2003574416305423
59633,2024-05-28 05:00:00,2025-08-09 06:55:00,1.1993972925697771
59634,2024-05-28 05:00:00,2025-08-08 15:25:00,1.1976290972697543
59635,2024-05-28 05:00:00,2025-08-09 15:43:00,1.2004011711917255
59636,2024-05-28 03:00:00,2025-08-09 07:42:00,1.1997148072096737
59637,2024-05-28 03:00:00,2025-08-09 16:15:00,1.2006901665525895
59638,2024-05-28 03:00:00,2025-08-09 07:58:00,1.1997452277739753
59639,2024-05-27 21:00:00,2025-08-09 07:47:00,1.200408776332801
59640,2024-05-28 03:00:00,2025-08-09 07:21:00,1.199674880219028
59641,2024-05-28 03:00:00,2025-08-08 21:19:00,1.1985303064871853
59642,2024-05-28 02:31:00,2025-08-09 12:14:00,1.2002870940755952
59643,2024-05-27 21:00:00,2025-08-09 07:38:00,1.2003916647653814
59644,2024-05-27 21:00:00,2025-08-09 14:52:00,1.2012168225720588
59645,2024-05-27 21:00:00,2025-08-09 04:23:00,1.2000209141379572
59646,2024-05-28 03:00:00,2025-08-09 15:01:00,1.2005494714426952
59647,2024-05-28 03:00:00,2025-08-09 08:04:00,1.1997566354855882
59648,2024-05-26 05:37:00,2025-08-09 18:00:00,1.206067001292874
59649,2024-05-28 03:00:00,2025-05-02 19:54:00,0.9300593201003878
59650,2024-05-28 03:00:00,2025-08-09 07:16:00,1.199665373792684
59651,2024-05-27 21:00:00,2025-08-09 07:27:00,1.2003707506274242
59652,2024-05-28 03:00:00,2025-08-09 06:46:00,1.1996083352346185
59653,2024-05-28 03:00:00,2025-08-09 02:13:00,1.1990892843562249
59654,2024-05-28 05:00:00,2025-08-09 14:36:00,1.2002737850787133
59655,2024-05-27 21:00:00,2025-08-09 00:40:00,1.1995969275230056
59656,2024-05-27 21:00:00,2025-08-09 16:51:00,1.2014430755190508
59657,2024-05-27 21:00:00,2025-08-09 16:36:00,1.2014145562400182
59658,2024-05-27 21:00:00,2025-08-09 14:25:00,1.2011654878698
59659,2024-05-27 21:00:00,2025-08-09 16:15:00,1.2013746292493725
59660,2024-05-27 21:00:00,2025-08-09 16:33:00,1.2014088523842117
59661,2024-05-27 21:00:00,2025-08-09 16:13:00,1.201370826678835
59662,2024-05-28 05:00:00,2025-08-09 16:45:00,1.2005190508783938
59663,2024-05-27 21:00:00,2025-08-09 16:13:00,1.201370826678835
59664,2024-05-28 05:00:00,2025-08-09 14:31:00,1.200264278652369
59665,2024-05-28 05:00:00,2024-09-19 14:19:00,0.31317780819834207
59666,2024-05-28 05:00:00,2025-08-09 16:56:00,1.200539965016351
59667,2024-05-27 21:00:00,2025-08-09 14:33:00,1.2011806981519506
59668,2024-05-28 05:00:00,2025-08-09 15:38:00,1.2003916647653814
59669,2024-05-28 05:00:00,2025-08-09 14:56:00,1.20031181078409
59670,2024-05-27 21:00:00,2025-08-09 00:46:00,1.1996083352346185
59671,2024-05-28 05:00:00,2025-08-09 15:24:00,1.2003650467716176
59672,2024-05-27 21:00:00,2025-08-09 16:39:00,1.2014202600958248
59673,2024-05-27 21:00:00,2025-08-09 08:29:00,1.2004886303140923
59674,2024-05-28 05:00:00,2025-08-09 16:16:00,1.2004639136055975
59675,2024-05-28 05:00:00,2025-08-09 16:42:00,1.2005133470225873
59676,2024-05-28 05:00:00,2025-08-09 08:34:00,1.1995855198113925
59682,2024-05-28 03:00:00,2025-08-09 02:51:00,1.1991615331964407
59683,2024-05-27 21:00:00,2025-08-09 15:55:00,1.2013366035439959
59684,2024-05-28 03:00:00,2025-08-09 17:09:00,1.200792835957107
59685,2024-05-27 12:13:00,2025-08-09 16:40:00,1.2024241387177732
59686,2024-05-28 03:00:00,2025-08-09 09:20:00,1.1999011331660203
59687,2024-05-27 12:12:00,2025-08-09 16:18:00,1.2023842117271275
59688,2024-05-27 21:00:00,2025-08-09 08:27:00,1.2004848277435547
59689,2024-05-27 23:00:00,2025-08-09 09:52:00,1.2004182827591452
59690,2024-05-28 03:00:00,2025-08-09 15:18:00,1.2005817932922656
59691,2024-05-28 03:38:00,2025-08-09 09:33:00,1.1998536010342993
59692,2024-05-28 02:37:00,2025-04-14 20:00:00,0.8808331432048064
59693,2024-05-28 03:00:00,2025-08-09 15:29:00,1.2006027074302228
59694,2024-05-28 03:36:00,2025-08-09 02:59:00,1.1991082972089133
59695,2024-05-28 03:00:00,2025-08-09 17:05:00,1.2007852308160316
59696,2024-05-28 02:53:00,2025-08-09 10:55:00,1.200095064263442
59697,2024-05-28 03:00:00,2025-08-09 02:07:00,1.1990778766446117
59698,2024-05-28 03:33:00,2025-08-09 16:35:00,1.2006654498440945
59699,2024-05-27 12:06:00,2025-08-09 16:24:00,1.2024070271503537
59700,2024-05-28 03:32:00,2025-08-09 12:07:00,1.2001578066773138
59701,2024-05-28 03:33:00,2025-08-09 12:03:00,1.2001483002509696
59702,2024-05-28 03:31:00,2025-08-09 16:29:00,1.2006578447030192
59703,2024-05-28 03:00:00,2025-08-09 16:03:00,1.2006673511293635
59704,2024-05-28 03:31:00,2025-08-09 10:44:00,1.2000019012852687
59708,2024-05-28 03:00:00,2025-08-09 16:57:00,1.200770020533881
59709,2024-05-28 03:00:00,2025-08-09 16:43:00,1.2007434025401171
59710,2024-05-28 03:00:00,2025-08-09 10:29:00,1.2000323218495703
59711,2024-05-28 05:00:00,2025-08-09 10:22:00,1.1997908586204273
59712,2024-05-28 03:00:00,2025-08-09 10:15:00,1.2000057038558065
59713,2024-05-28 03:00:00,2025-08-09 16:15:00,1.2006901665525895
59714,2024-05-28 03:00:00,2025-08-09 10:01:00,1.1999790858620427
59715,2024-05-28 05:00:00,2025-08-09 17:25:00,1.2005951022891475
59716,2024-05-28 03:00:00,2025-08-09 17:32:00,1.2008365655182904
59717,2024-05-28 03:00:00,2025-08-09 17:18:00,1.2008099475245266
59718,2024-05-27 21:00:00,2025-08-09 03:26:00,1.1999125408776332
59719,2024-05-28 03:00:00,2025-08-09 16:50:00,1.200756711536999
59720,2024-05-28 03:00:00,2025-08-09 17:04:00,1.2007833295307628
59721,2024-05-28 03:00:00,2025-08-09 06:58:00,1.1996311506578448
59722,2024-05-28 03:00:00,2025-08-09 07:13:00,1.1996596699368773
59723,2024-05-28 03:00:00,2025-08-09 08:17:00,1.1997813521940832
59724,2024-05-28 03:00:00,2025-08-09 06:49:00,1.199614039090425
59725,2024-05-28 03:00:00,2025-08-09 10:11:00,1.1999980987147312
59726,2024-05-28 03:00:00,2025-08-09 07:09:00,1.199652064795802
59727,2024-05-28 03:00:00,2025-08-09 07:18:00,1.1996691763632215
59730,2024-05-28 05:00:00,2025-08-09 01:13:00,1.1987470530078332
59731,2024-05-27 21:00:00,2025-08-09 10:12:00,1.200684462696783
59732,2024-05-28 05:00:00,2025-08-09 16:24:00,1.2004791238877481
59733,2024-05-28 05:00:00,2025-08-09 17:15:00,1.200576089436459
59734,2024-05-28 05:00:00,2025-08-08 23:44:00,1.1985778386189063
59735,2024-05-28 05:00:00,2025-08-09 10:27:00,1.1998003650467717
59736,2024-05-28 05:00:00,2025-08-09 10:33:00,1.1998117727583846
59737,2024-05-28 05:00:00,2025-08-09 10:49:00,1.1998421933226862
59738,2024-05-28 05:00:00,2025-08-09 10:44:00,1.199832686896342
59739,2024-05-28 05:00:00,2025-08-09 10:07:00,1.1997623393413948
59740,2024-05-27 21:00:00,2025-08-09 17:32:00,1.2015210282150734
59741,2024-05-27 21:00:00,2025-08-09 03:13:00,1.1998878241691384
59742,2024-05-28 05:00:00,2025-08-09 05:08:00,1.199193855046011
59743,2024-05-28 05:00:00,2025-08-09 10:32:00,1.1998098714731158
59744,2024-05-28 05:00:00,2025-08-09 10:18:00,1.199783253479352
59745,2024-05-28 05:00:00,2025-08-09 10:01:00,1.1997509316297816
59746,2024-05-28 05:00:00,2025-08-09 01:13:00,1.1987470530078332
59747,2024-05-28 05:00:00,2025-08-09 10:22:00,1.1997908586204273
59748,2024-05-27 21:00:00,2025-08-09 17:02:00,1.201463989657008
59749,2024-05-28 05:00:00,2025-08-09 00:11:00,1.1986291733211651
59750,2024-05-28 05:00:00,2025-08-09 17:37:00,1.2006179177123735
59751,2024-05-27 21:00:00,2025-08-09 05:13:00,1.2001159784013993
59752,2024-05-28 05:00:00,2025-08-09 10:27:00,1.1998003650467717
59753,2024-05-28 04:23:00,2025-06-14 18:58:00,1.0475226252946992
59754,2024-05-28 04:20:00,2025-08-09 08:58:00,1.1997072020685984
59755,2024-05-28 02:47:00,2025-08-09 08:44:00,1.1998574036048368
59756,2024-05-28 04:15:00,2025-08-09 02:30:00,1.1989790098106319
59757,2024-05-28 02:41:00,2025-08-08 09:34:00,1.19722602479276
59758,2024-05-28 05:00:00,2025-08-09 16:01:00,1.2004353943265647
59759,2024-05-28 05:00:00,2025-08-09 15:54:00,1.200422085329683
59760,2024-05-28 05:00:00,2025-08-09 15:47:00,1.200408776332801
59761,2024-05-27 21:00:00,2025-08-09 01:54:00,1.1997376226328997
59762,2024-05-28 05:00:00,2025-08-08 10:30:00,1.197068218115446
59763,2024-05-28 05:00:00,2025-08-08 19:34:00,1.198102517301696
59764,2024-05-28 05:00:00,2025-08-09 15:11:00,1.2003403300631226
59765,2024-05-27 21:00:00,2025-08-09 15:18:00,1.2012662559890486
59766,2024-05-27 21:00:00,2025-08-09 16:57:00,1.201454483230664
59767,2024-05-27 21:00:00,2025-08-09 17:19:00,1.2014963115065784
59768,2024-05-28 05:00:00,2025-08-09 17:24:00,1.2005932010038787
59769,2024-05-27 21:00:00,2025-08-09 17:29:00,1.201515324359267
59770,2024-05-27 21:00:00,2025-08-09 17:15:00,1.201488706365503
59771,2024-05-28 05:00:00,2025-08-09 17:35:00,1.200614115141836
59772,2024-05-27 21:00:00,2025-08-09 17:10:00,1.201479199939159
59782,2024-05-28 05:00:00,2025-08-09 02:33:00,1.1988991558293407
59783,2024-05-28 05:00:00,2025-08-09 04:09:00,1.1990816792151495
59784,2024-05-28 05:00:00,2025-08-08 21:15:00,1.1982945471138489
59785,2024-05-28 05:00:00,2025-08-09 06:45:00,1.1993782797170887
59786,2024-05-27 21:00:00,2025-08-09 12:23:00,1.2009335310670013
59787,2024-05-28 05:00:00,2025-08-09 02:52:00,1.1989352802494486
59788,2024-05-27 21:00:00,2025-08-09 12:32:00,1.200950642634421
59789,2024-05-27 21:00:00,2025-08-09 12:28:00,1.2009430374933454
59790,2024-05-27 21:00:00,2025-08-09 03:18:00,1.1998973305954825
59791,2024-05-28 03:00:00,2025-08-09 12:48:00,1.2002966005019393
59792,2024-05-27 21:00:00,2025-04-07 18:30:00,0.8621378051562857
59793,2024-05-27 21:00:00,2025-03-29 13:21:00,0.8369096509240247
59794,2024-05-27 21:00:00,2025-08-09 05:03:00,1.200096965548711
59795,2024-05-27 21:00:00,2025-08-09 03:35:00,1.199929652445053
59796,2024-05-28 05:00:00,2024-06-04 04:34:00,0.019115522092934822
59797,2024-05-27 21:00:00,2025-08-09 02:04:00,1.1997566354855882
59798,2024-05-27 21:00:00,2025-08-09 07:24:00,1.2003650467716176
59799,2024-05-27 21:00:00,2025-08-09 11:46:00,1.2008631835120542
59800,2024-05-27 21:00:00,2025-08-09 02:10:00,1.1997680431972013
59801,2024-05-28 05:00:00,2025-08-09 02:15:00,1.1988649326945016
59802,2024-05-27 21:00:00,2025-08-09 02:47:00,1.1998383907521484
59803,2024-05-27 21:00:00,2025-08-09 07:14:00,1.2003460339189291
59804,2024-05-28 05:00:00,2025-08-09 02:26:00,1.1988858468324588
59835,2024-06-01 03:00:00,2025-08-09 09:14:00,1.1889383223058787
59836,2024-06-01 03:00:00,2025-08-09 07:03:00,1.1886892539356606
59837,2024-06-01 03:00:00,2025-08-09 00:15:00,1.187913529545973
59838,2024-06-01 03:00:00,2025-08-09 09:08:00,1.1889269145942658
59839,2024-05-31 21:00:00,2025-08-09 07:08:00,1.1893832230587877
59840,2024-06-01 03:00:00,2025-08-09 08:28:00,1.188850863183512
59841,2024-06-01 03:00:00,2025-08-09 06:36:00,1.1886379192334018
59842,2024-06-01 03:00:00,2025-08-09 06:42:00,1.188649326945015
59843,2024-06-01 03:00:00,2025-08-09 16:50:00,1.1898053083884705
59844,2024-06-01 03:00:00,2025-08-09 09:19:00,1.188947828732223
59845,2024-06-01 03:00:00,2025-08-09 07:56:00,1.188790022054909
59846,2024-06-01 03:00:00,2025-08-09 16:55:00,1.1898148148148149
59847,2024-06-01 03:00:00,2025-08-09 08:50:00,1.1888926914594267
59848,2024-05-31 21:00:00,2025-08-09 06:31:00,1.1893128755038407
59849,2024-05-31 21:00:00,2025-08-09 09:25:00,1.189643699140619
59850,2024-05-31 21:00:00,2025-08-09 07:56:00,1.189474484751692
59851,2024-06-01 03:00:00,2025-08-09 06:28:00,1.188622708951251
59852,2024-06-01 03:00:00,2025-08-09 04:13:00,1.1883660354399574
59853,2024-06-01 03:00:00,2025-08-09 06:53:00,1.1886702410829721
59854,2024-06-01 03:00:00,2025-08-09 08:33:00,1.1888603696098563
59855,2024-06-01 03:00:00,2025-08-09 15:50:00,1.18969123127234
59856,2024-06-01 03:00:00,2025-08-09 16:44:00,1.1897939006768576
59857,2024-06-01 03:00:00,2025-08-09 06:37:00,1.1886398205186706
59858,2024-06-01 19:00:00,2025-08-09 16:39:00,1.1879591603924253
59859,2024-06-02 03:00:00,2025-08-09 10:34:00,1.186352574340254
59860,2024-06-01 19:00:00,2025-08-09 09:43:00,1.1871682257205871
59861,2024-06-02 03:00:00,2024-11-06 09:45:00,0.4306125941136208
59862,2024-06-02 03:00:00,2025-08-09 11:02:00,1.1864058103277815
59863,2024-06-02 03:00:00,2025-08-09 08:19:00,1.1860959008289604
59864,2024-06-02 03:00:00,2025-08-09 16:36:00,1.1870408396075747
59865,2024-06-02 03:00:00,2025-08-09 07:39:00,1.1860198494182068
59866,2024-06-02 03:00:00,2025-08-09 15:51:00,1.186955281770477
59867,2024-06-02 03:00:00,2025-08-09 16:16:00,1.187002813902198
59868,2024-06-02 03:00:00,2025-08-09 04:12:00,1.1856262833675564
59869,2024-06-02 03:00:00,2025-08-09 16:31:00,1.1870313331812306
59870,2024-06-01 13:00:00,2025-08-09 07:04:00,1.1875503840596242
59871,2024-06-02 03:00:00,2025-08-09 06:32:00,1.1858924633051944
59872,2024-06-02 03:00:00,2024-08-15 01:57:00,0.20248117727583848
59873,2024-06-02 03:00:00,2025-08-09 16:19:00,1.1870085177580043
59874,2024-06-02 03:00:00,2025-08-09 06:29:00,1.1858867594493878
59875,2024-06-01 19:00:00,2025-08-09 14:20:00,1.1876948817400563
59876,2024-06-01 19:00:00,2025-08-09 08:34:00,1.1870370370370371
59877,2024-06-01 19:00:00,2025-08-09 06:07:00,1.1867575481025172
59878,2024-06-01 19:00:00,2025-08-09 10:47:00,1.187289907977793
59879,2024-06-01 19:00:00,2025-08-09 16:33:00,1.1879477526808122
59880,2024-06-01 19:00:00,2025-08-09 08:14:00,1.1869990113316602
59885,2024-06-05 21:00:00,2025-08-09 06:28:00,1.1756179177123736
59886,2024-06-05 21:00:00,2025-08-09 14:23:00,1.1765210282150733
59887,2024-06-05 21:00:00,2025-08-09 07:23:00,1.1757224884021598
59888,2024-06-05 21:00:00,2025-08-09 06:49:00,1.1756578447030193
59889,2024-06-05 21:00:00,2025-08-09 06:25:00,1.175612213856567
59890,2024-06-05 21:00:00,2025-08-08 23:50:00,1.1748612061753745
59891,2024-06-05 21:00:00,2025-08-09 14:14:00,1.1765039166476539
59892,2024-06-05 21:00:00,2025-08-09 05:55:00,1.1755551752985018
59893,2024-06-05 21:00:00,2025-08-09 06:43:00,1.1756464369914061
59894,2024-06-05 21:00:00,2025-08-09 14:11:00,1.1764982127918473
59895,2024-06-05 21:00:00,2025-08-08 22:01:00,1.1746539660810709
59896,2024-06-05 21:00:00,2025-08-09 06:40:00,1.1756407331355996
59897,2024-06-05 21:00:00,2025-08-09 14:51:00,1.176574264202601
59898,2024-06-05 21:00:00,2025-08-09 06:35:00,1.1756312267092555
59899,2024-06-05 21:00:00,2025-08-08 20:47:00,1.1745132709711765
59900,2024-06-05 21:00:00,2025-08-08 21:13:00,1.1745627043881663
59901,2024-06-05 21:00:00,2025-08-09 06:15:00,1.1755932010038785
59902,2024-06-05 21:00:00,2025-08-09 06:54:00,1.1756673511293634
59903,2024-06-05 21:00:00,2025-08-09 13:50:00,1.1764582858012016
59904,2024-06-05 21:00:00,2025-08-09 06:17:00,1.1755970035744163
59905,2024-06-05 21:00:00,2025-08-09 06:31:00,1.1756236215681801
59906,2024-06-05 21:00:00,2025-08-09 06:08:00,1.1755798920069966
59907,2024-06-05 21:00:00,2025-08-09 05:02:00,1.1754544071792532
59922,2024-06-09 21:00:00,2025-08-09 10:52:00,1.1651684538748195
59923,2024-06-09 21:00:00,2025-08-09 12:00:00,1.1652977412731007
59924,2024-06-09 21:00:00,2025-08-09 09:02:00,1.1649593124952469
59925,2024-06-09 21:00:00,2025-08-09 09:43:00,1.1650372651912693
59926,2024-06-09 21:00:00,2025-08-09 04:52:00,1.1644839911780362
59927,2024-06-09 21:00:00,2025-08-09 05:03:00,1.1645049053159937
59928,2024-06-09 21:00:00,2025-08-09 10:21:00,1.1651095140314853
59929,2024-06-10 03:00:00,2025-08-09 12:29:00,1.164668415849114
59930,2024-06-10 03:00:00,2025-08-09 05:29:00,1.1638698760362005
59931,2024-06-10 03:00:00,2025-08-09 12:58:00,1.1647235531219104
59932,2024-06-10 03:00:00,2025-08-09 12:17:00,1.1646456004258878
59933,2024-06-10 05:00:00,2025-08-09 10:17:00,1.164189291961366
59934,2024-06-10 03:00:00,2025-08-09 04:44:00,1.1637843181991026
59935,2024-06-10 03:00:00,2024-08-10 05:04:00,0.16724465738839456
59936,2024-06-10 03:00:00,2025-08-09 10:49:00,1.16447828732223
59937,2024-06-10 03:00:00,2025-08-09 11:03:00,1.1645049053159937
59938,2024-06-09 21:00:00,2025-08-09 03:49:00,1.1643642102060994
59939,2024-06-09 21:00:00,2025-08-09 13:03:00,1.1654175222450376
59940,2024-06-10 03:00:00,2025-08-09 12:32:00,1.1646741197049206
59941,2024-06-10 03:00:00,2025-08-09 12:23:00,1.164657008137501
59942,2024-06-10 03:00:00,2025-08-09 11:14:00,1.164525819453951
59943,2024-06-10 03:00:00,2025-08-09 10:37:00,1.1644554718990037
59944,2024-06-10 03:00:00,2025-08-09 13:40:00,1.1648034071032018
59945,2024-06-12 21:00:00,2025-08-09 11:35:00,1.1570366567799832
59946,2024-06-12 21:00:00,2025-04-03 01:39:00,0.8054585900068446
59947,2024-06-13 03:00:00,2025-08-09 05:35:00,1.1556677313864172
59948,2024-06-12 21:00:00,2025-08-09 17:27:00,1.1577059091946156
59949,2024-06-12 21:00:00,2025-08-09 12:24:00,1.1571298197581565
59950,2024-06-12 21:00:00,2025-08-09 05:07:00,1.1562989580956726
59951,2024-06-12 21:00:00,2025-04-21 09:45:00,0.8556639288158795
59952,2024-06-12 21:00:00,2025-08-09 04:53:00,1.1562723401019088
59953,2024-06-12 21:00:00,2025-08-08 22:32:00,1.15554795041448
59954,2024-06-12 21:00:00,2025-08-08 22:25:00,1.1555346414175982
59955,2024-06-12 21:00:00,2025-08-09 12:03:00,1.1570898927675108
59956,2024-06-12 21:00:00,2025-08-09 11:56:00,1.157076583770629
59957,2024-06-12 21:00:00,2025-08-08 12:53:00,1.1544471062438209
59958,2024-06-13 03:00:00,2025-08-09 02:38:00,1.1553312038938321
59959,2024-06-13 03:00:00,2025-08-09 05:37:00,1.155671533956955
59960,2024-06-13 03:00:00,2025-08-09 05:41:00,1.1556791390980303
59961,2024-06-13 03:00:00,2025-08-09 02:47:00,1.1553483154612518
59962,2024-06-13 03:00:00,2025-08-09 12:22:00,1.1564415544908357
59963,2024-06-13 03:00:00,2025-08-09 12:06:00,1.1564111339265344
59964,2024-06-13 03:00:00,2025-08-09 06:01:00,1.155717164803407
60016,2024-06-15 21:00:00,2025-08-09 13:19:00,1.1490208380865465
60017,2024-06-15 21:00:00,2025-08-09 13:10:00,1.1490037265191269
60018,2024-06-15 21:00:00,2025-08-09 12:59:00,1.1489828123811696
60019,2024-06-15 21:00:00,2025-08-09 03:21:00,1.1478838694957791
60020,2024-06-15 21:00:00,2025-08-09 03:50:00,1.1479390067685755
60021,2024-06-15 21:00:00,2025-08-09 05:42:00,1.148151950718686
60022,2024-06-15 21:00:00,2025-08-09 05:33:00,1.1481348391512662
60023,2024-06-15 21:00:00,2025-08-09 13:37:00,1.1490550612213857
60024,2024-06-15 21:00:00,2025-08-09 06:16:00,1.1482165944178264
60025,2024-06-15 21:00:00,2025-08-09 03:32:00,1.1479047836337364
60026,2024-06-15 21:00:00,2025-08-09 13:46:00,1.1490721727888051
60027,2024-06-15 21:00:00,2025-08-09 13:51:00,1.1490816792151495
60028,2024-06-15 21:00:00,2025-08-09 06:07:00,1.148199482850407
60029,2024-06-15 21:00:00,2025-08-09 06:20:00,1.1482241995589018
60030,2024-06-15 21:00:00,2025-08-09 05:36:00,1.1481405430070728
60031,2024-06-15 21:00:00,2025-08-09 00:28:00,1.1475549471442694
60032,2024-06-15 21:00:00,2025-08-09 03:18:00,1.1478781656399726
60033,2024-06-15 21:00:00,2025-07-18 03:04:00,1.0876188303293026
60034,2024-06-15 21:00:00,2025-08-09 03:03:00,1.14784964636094
60035,2024-06-15 21:00:00,2025-08-09 12:55:00,1.1489752072400943
60036,2024-06-15 21:00:00,2025-08-09 03:26:00,1.1478933759221233
60037,2024-06-15 21:00:00,2025-08-09 13:42:00,1.1490645676477298
60038,2024-06-16 21:00:00,2025-08-09 06:15:00,1.1454768423454256
60039,2024-06-16 21:00:00,2025-08-09 06:08:00,1.1454635333485437
60040,2024-06-16 21:00:00,2025-08-09 13:40:00,1.1463229142900602
60041,2024-06-16 21:00:00,2025-08-09 05:54:00,1.1454369153547799
60042,2024-06-16 21:00:00,2025-08-09 05:47:00,1.145423606357898
60043,2024-06-16 21:00:00,2025-08-08 23:33:00,1.1447125256673512
60044,2024-06-16 21:00:00,2025-08-07 21:28:00,1.1417370142216139
60045,2024-06-16 21:00:00,2025-08-08 23:19:00,1.1446859076735874
60046,2024-06-16 21:00:00,2025-08-08 20:09:00,1.1443246634725075
60047,2024-06-16 21:00:00,2025-08-08 13:55:00,1.1436135827819607
60048,2024-06-16 21:00:00,2025-08-09 06:22:00,1.1454901513423075
60049,2024-06-16 21:00:00,2025-08-09 12:43:00,1.1462145410297362
60050,2024-06-16 21:00:00,2025-08-09 06:29:00,1.1455034603391894
60051,2024-06-16 21:00:00,2025-08-09 03:28:00,1.145159327705529
60052,2024-06-16 21:00:00,2025-08-09 03:15:00,1.145134610997034
60053,2024-06-16 21:00:00,2025-08-09 03:24:00,1.1451517225644536
60054,2024-06-16 21:00:00,2025-08-09 03:06:00,1.1451174994296145
60055,2024-06-16 21:00:00,2025-08-09 06:09:00,1.1454654346338125
60056,2024-06-16 21:00:00,2025-08-09 03:10:00,1.1451251045706898
60057,2024-06-16 21:00:00,2025-08-09 06:27:00,1.1454996577686516
60059,2024-06-27 05:00:00,2025-08-09 14:59:00,1.1181819910259336
60060,2024-06-26 21:00:00,2025-08-09 14:52:00,1.1190812989580956
60061,2024-06-27 05:00:00,2025-08-09 14:45:00,1.1181553730321698
60062,2024-06-27 05:00:00,2025-08-09 14:38:00,1.118142064035288
60063,2024-06-26 21:00:00,2025-08-09 14:31:00,1.11904137196745
60064,2024-06-26 21:00:00,2025-08-09 14:24:00,1.119028062970568
60065,2024-06-26 21:00:00,2025-08-09 17:20:00,1.1193626891778843
60066,2024-06-26 21:00:00,2025-08-09 17:13:00,1.1193493801810024
60067,2024-06-26 21:00:00,2025-08-09 17:06:00,1.1193360711841205
60068,2024-06-26 21:00:00,2025-08-09 16:59:00,1.1193227621872386
60069,2024-06-26 21:00:00,2025-08-09 16:52:00,1.1193094531903567
60070,2024-06-26 21:00:00,2025-08-08 17:50:00,1.1166818769488174
60071,2024-06-26 21:00:00,2025-08-08 17:43:00,1.1166685679519355
60072,2024-06-27 00:53:00,2024-07-08 07:28:00,0.0308673663396456
60073,2024-06-26 23:26:00,2024-07-13 08:12:00,0.04480568864552437
60074,2024-06-26 20:24:00,2024-07-13 08:01:00,0.04513080842649631
60075,2024-06-27 02:21:00,2024-07-10 18:47:00,0.03746672750779527
60076,2024-06-26 17:26:00,2024-07-14 15:08:00,0.04901893680127766
60077,2024-06-27 05:00:00,2025-08-09 07:50:00,1.1173663396456004
60078,2024-06-26 20:21:00,2024-07-12 05:06:00,0.04206593657312343
60091,2024-06-29 05:00:00,2025-08-09 16:40:00,1.1128983192638224
60092,2024-06-29 05:00:00,2025-08-09 17:45:00,1.113021902806297
60093,2024-06-29 05:00:00,2025-08-09 17:27:00,1.112987679671458
60094,2024-06-29 05:00:00,2025-08-09 17:07:00,1.112949653966081
60095,2024-06-29 05:00:00,2025-08-09 02:47:00,1.1113145486348772
60096,2024-06-29 05:00:00,2025-08-09 17:21:00,1.1129762719598448
60097,2024-06-29 05:00:00,2025-08-09 10:18:00,1.1121720282911247
60098,2024-06-29 05:00:00,2025-08-09 10:31:00,1.1121967449996197
60099,2024-06-29 05:00:00,2025-08-09 17:35:00,1.1130028899536086
60100,2024-06-29 05:00:00,2025-08-09 17:54:00,1.1130390143737166
60101,2024-06-29 05:00:00,2025-08-09 11:09:00,1.1122689938398358
60102,2024-06-29 05:00:00,2025-08-09 17:16:00,1.1129667655335007
60103,2024-06-29 05:00:00,2025-08-09 17:12:00,1.1129591603924254
60104,2024-06-29 05:00:00,2025-08-09 17:30:00,1.1129933835272645
60105,2024-06-29 05:00:00,2025-08-09 16:58:00,1.1129325423986616
60106,2024-06-29 05:00:00,2025-08-09 17:03:00,1.1129420488250057
60107,2024-06-29 05:00:00,2025-08-09 10:27:00,1.1121891398585444
60108,2024-06-29 05:00:00,2025-08-09 00:49:00,1.111090196973154
60109,2024-06-29 05:00:00,2025-08-09 10:22:00,1.1121796334322003
60110,2024-06-29 03:00:00,2025-08-09 00:35:00,1.111291733211651
60111,2024-06-29 05:00:00,2025-08-09 03:34:00,1.1114039090425127
60112,2024-06-29 05:00:00,2025-08-09 03:52:00,1.1114381321773519
60113,2024-07-02 21:00:00,2025-08-09 16:34:00,1.102848125332725
60114,2024-07-03 03:00:00,2025-08-08 20:35:00,1.0998840215986005
60115,2024-07-03 03:00:00,2025-08-09 16:20:00,1.102137044642178
60116,2024-07-02 21:00:00,2025-08-09 16:13:00,1.1028081983420792
60117,2024-07-02 21:00:00,2025-08-08 20:14:00,1.100528557304738
60118,2024-07-02 21:00:00,2025-08-09 09:52:00,1.1020838086546505
60119,2024-07-02 21:00:00,2025-08-09 03:38:00,1.1013727279641037
60120,2024-07-02 21:00:00,2025-08-09 03:31:00,1.1013594189672218
60121,2024-07-02 21:00:00,2025-08-09 16:55:00,1.1028880523233706
60122,2024-07-02 21:00:00,2025-08-09 09:24:00,1.102030572667123
60123,2024-07-02 21:00:00,2025-08-09 16:48:00,1.1028747433264887
60124,2024-07-02 21:00:00,2025-08-09 02:56:00,1.1012928739828123
60125,2024-07-02 21:00:00,2025-08-08 16:43:00,1.1001273861130123
60126,2024-07-02 21:00:00,2025-08-09 16:48:00,1.1028747433264887
60127,2024-07-02 21:00:00,2025-08-09 16:57:00,1.1028918548939082
60128,2024-07-02 21:00:00,2025-08-09 16:52:00,1.102882348467564
60129,2024-07-02 21:00:00,2025-08-09 10:32:00,1.1021598600654041
60130,2024-07-02 21:00:00,2025-08-08 23:51:00,1.1009411362080768
60131,2024-07-02 21:00:00,2025-08-09 16:42:00,1.1028633356148756
60132,2024-07-03 03:00:00,2025-08-09 00:43:00,1.1003555403452734
60135,2024-07-05 03:00:00,2025-08-09 05:46:00,1.0954559282074683
60136,2024-07-04 23:00:00,2025-08-08 19:33:00,1.0947467488021903
60137,2024-07-05 03:00:00,2025-08-08 19:42:00,1.0943075519050878
60138,2024-07-05 03:00:00,2025-08-09 05:22:00,1.095410297361016
60139,2024-07-05 03:00:00,2025-08-09 07:58:00,1.0957068978629554
60140,2024-07-05 03:00:00,2025-08-09 12:45:00,1.0962525667351128
60141,2024-07-05 03:00:00,2025-08-08 19:28:00,1.094280933911324
60142,2024-07-05 03:00:00,2025-08-09 06:18:00,1.0955167693360712
60143,2024-07-05 03:00:00,2025-08-09 05:15:00,1.0953969883641341
60144,2024-07-05 03:00:00,2025-08-09 06:13:00,1.0955072629097269
60145,2024-07-05 03:00:00,2025-08-09 06:04:00,1.0954901513423074
60146,2024-07-05 03:00:00,2025-08-09 05:12:00,1.0953912845083276
60147,2024-07-05 03:00:00,2025-08-09 05:26:00,1.0954179025020914
60148,2024-07-05 03:00:00,2025-08-09 05:35:00,1.095435014069511
60149,2024-07-05 03:00:00,2025-08-09 12:07:00,1.096180317894897
60150,2024-07-05 03:00:00,2025-08-08 21:46:00,1.0945433112784242
60151,2024-07-05 03:00:00,2025-08-09 05:41:00,1.095446421781124
60152,2024-07-05 03:00:00,2025-08-08 22:43:00,1.0946516845387482
60153,2024-07-05 03:00:00,2025-08-09 06:09:00,1.0954996577686515
60154,2024-07-05 03:00:00,2025-08-09 05:31:00,1.0954274089284357
60155,2024-07-05 03:00:00,2025-08-09 12:11:00,1.0961879230359723
60156,2024-07-05 03:00:00,2025-08-09 12:16:00,1.0961974294623165
60157,2024-07-04 13:00:00,2025-08-08 19:44:00,1.0959084341014527
60183,2024-07-12 05:00:00,2025-08-09 15:38:00,1.0771883793444368
60184,2024-07-11 21:00:00,2025-08-09 15:31:00,1.078087687276599
60185,2024-07-12 05:00:00,2025-08-09 15:24:00,1.077161761350673
60186,2024-07-11 21:00:00,2025-08-09 12:13:00,1.0777112327933682
60187,2024-07-11 21:00:00,2025-08-09 10:34:00,1.077523005551753
60188,2024-07-11 21:00:00,2025-08-09 15:03:00,1.0780344512890714
60189,2024-07-11 21:00:00,2025-08-09 14:56:00,1.0780211422921895
60190,2024-07-11 21:00:00,2025-08-09 10:13:00,1.0774830785611074
60191,2024-07-11 21:00:00,2025-08-09 10:06:00,1.0774697695642255
60192,2024-07-12 05:00:00,2025-08-09 16:06:00,1.0772416153319644
60193,2024-07-11 21:00:00,2025-08-09 12:56:00,1.0777929880599284
60194,2024-07-11 21:00:00,2025-08-09 15:52:00,1.0781276142672447
60195,2024-07-12 05:00:00,2025-08-09 12:41:00,1.076851851851852
60196,2024-07-11 21:00:00,2025-08-09 05:48:00,1.0769792379648642
60197,2024-07-11 21:00:00,2025-08-08 19:40:00,1.0758232565214085
60198,2024-07-11 21:00:00,2025-08-09 06:05:00,1.0770115598144345
60199,2024-07-11 21:00:00,2025-08-09 06:25:00,1.0770495855198114
60200,2024-07-11 21:00:00,2025-08-09 12:23:00,1.0777302456460567
60201,2024-07-11 21:00:00,2025-08-09 05:27:00,1.0769393109742185
60202,2024-07-11 21:00:00,2025-08-09 12:18:00,1.0777207392197126
60244,2024-07-16 11:49:00,2024-07-17 00:49:00,0.001483002509696555
60245,2024-07-17 02:13:00,2024-07-21 01:43:00,0.010894364590463152
60255,2024-08-03 05:00:00,2025-08-09 01:07:00,1.0152996425583694
60256,2024-08-02 19:00:00,2025-08-09 01:25:00,1.0164746368545137
60257,2024-08-02 21:00:00,2025-08-09 04:43:00,1.0166229371054833
60258,2024-08-02 21:00:00,2025-08-09 12:21:00,1.0174937257586127
60259,2024-08-03 05:00:00,2025-08-09 12:18:00,1.0165754049737623
60260,2024-08-02 21:00:00,2025-08-09 01:40:00,1.0162750019012852
60261,2024-08-02 21:00:00,2025-08-09 01:27:00,1.0162502851927904
60262,2024-08-03 05:00:00,2025-08-09 11:38:00,1.0164993535630087
60263,2024-08-02 21:00:00,2025-08-09 04:02:00,1.0165449844094607
60264,2024-08-02 21:00:00,2025-08-09 02:32:00,1.016373868735265
60265,2024-08-02 21:00:00,2025-08-09 01:39:00,1.0162731006160164
60266,2024-08-03 05:00:00,2025-08-09 12:15:00,1.0165697011179557
60267,2024-08-03 05:00:00,2025-08-09 17:44:00,1.0171952239714046
60268,2024-08-03 05:00:00,2025-08-09 00:08:00,1.0151874667275078
60269,2024-08-02 21:00:00,2025-08-09 11:47:00,1.0174290820594722
60270,2024-08-02 21:00:00,2025-08-09 01:30:00,1.016255989048597
60271,2024-08-03 05:00:00,2025-08-09 06:18:00,1.0158909422769793
60272,2024-08-02 21:00:00,2025-08-09 17:39:00,1.0180983344741046
60273,2024-08-03 05:00:00,2025-08-09 01:21:00,1.0153262605521332
60274,2024-08-03 05:00:00,2025-08-09 12:10:00,1.0165601946916116
60275,2024-08-02 21:00:00,2025-08-09 05:02:00,1.0166590615255913
60276,2024-08-03 05:00:00,2025-08-09 03:19:00,1.0155506122138567
60277,2024-08-03 05:00:00,2025-08-09 03:43:00,1.0155962430603087
60278,2024-08-03 05:00:00,2025-08-09 00:22:00,1.0152140847212716
60279,2024-08-03 05:00:00,2025-08-09 12:07:00,1.016554490835805
60280,2024-08-03 05:00:00,2025-08-09 04:55:00,1.0157331355996653
60281,2024-08-03 05:00:00,2025-08-09 01:50:00,1.0153813978249298
60282,2024-08-03 05:00:00,2025-08-09 01:51:00,1.0153832991101985
60283,2024-08-03 05:00:00,2025-08-09 11:44:00,1.0165107612746216
60284,2024-08-03 05:00:00,2025-08-09 03:59:00,1.0156266636246103
60285,2024-08-03 05:00:00,2025-08-09 11:35:00,1.0164936497072021
60286,2024-08-03 05:00:00,2025-08-09 01:37:00,1.0153566811164347
60287,2024-08-03 05:00:00,2025-08-09 04:23:00,1.0156722944710623
60288,2024-08-03 05:00:00,2025-08-09 01:24:00,1.0153319644079397
60289,2024-08-03 05:00:00,2025-08-09 11:49:00,1.016520267700966
60290,2024-08-03 05:00:00,2025-08-09 03:36:00,1.0155829340634268
60291,2024-08-03 05:00:00,2025-08-09 01:31:00,1.0153452734048216
60292,2024-08-03 05:00:00,2025-08-09 11:53:00,1.0165278728420413
60293,2024-08-03 05:00:00,2025-08-09 04:36:00,1.0156970111795574
60294,2024-08-03 05:00:00,2025-08-09 02:34:00,1.0154650543767587
60295,2024-08-03 05:00:00,2025-08-09 12:16:00,1.0165716024032245
60296,2024-08-03 05:00:00,2025-08-09 12:03:00,1.0165468856947297
60297,2024-08-03 05:00:00,2025-08-09 11:43:00,1.0165088599893528
60298,2024-08-03 05:00:00,2025-08-09 12:01:00,1.016543083124192
60299,2024-08-03 05:00:00,2025-08-08 23:32:00,1.0151190204578295
60300,2024-08-03 05:00:00,2025-08-09 05:13:00,1.0157673587345046
60301,2024-08-07 01:00:00,2025-08-09 10:08:00,1.0058331432048064
60302,2024-08-06 21:00:00,2025-08-09 14:36:00,1.0067989961213781
60303,2024-08-06 13:00:00,2025-08-09 09:54:00,1.0071754506046087
60304,2024-08-07 01:00:00,2025-08-09 11:19:00,1.0059681344588942
60305,2024-08-06 21:00:00,2025-08-09 14:15:00,1.0067590691307324
60306,2024-08-06 21:00:00,2025-08-09 14:08:00,1.0067457601338505
60307,2024-08-06 21:00:00,2025-08-09 13:54:00,1.0067191421400867
60308,2024-08-06 21:00:00,2025-08-09 14:01:00,1.0067324511369686
60309,2024-08-06 21:00:00,2025-08-09 13:47:00,1.0067058331432048
60310,2024-08-06 21:00:00,2025-08-09 15:11:00,1.0068655411057874
60311,2024-08-06 21:00:00,2025-06-15 15:51:00,0.8563597992242756
60312,2024-08-06 21:00:00,2025-08-09 11:54:00,1.0064909879078257
60313,2024-08-06 21:00:00,2025-08-09 14:50:00,1.006825614115142
60314,2024-08-06 21:00:00,2025-08-08 21:06:00,1.0048026465890942
60315,2024-08-06 21:00:00,2025-08-09 17:50:00,1.0071678454635333
60316,2024-08-06 21:00:00,2025-08-09 10:41:00,1.0063521940832003
60317,2024-08-06 21:00:00,2025-08-09 17:47:00,1.0071621416077268
60318,2024-08-07 01:00:00,2025-08-08 21:11:00,1.0043558445509164
60319,2024-08-06 21:00:00,2025-08-09 17:49:00,1.0071659441782645
60320,2024-08-07 01:00:00,2025-08-08 18:07:00,1.0040060080614495
60321,2024-08-06 21:00:00,2025-08-09 17:52:00,1.007171648034071
60329,2024-08-06 21:00:00,2025-08-09 06:52:00,1.0059167997566354
60330,2024-08-06 21:00:00,2025-08-09 13:07:00,1.0066297817324512
60331,2024-08-06 21:00:00,2025-08-09 12:16:00,1.0065328161837401
60332,2024-08-06 21:00:00,2025-08-09 05:39:00,1.00577800593201
60333,2024-08-06 21:00:00,2025-08-09 06:42:00,1.0058977869039472
60334,2024-08-06 21:00:00,2025-08-09 12:49:00,1.006595558597612
60335,2024-08-06 21:00:00,2025-08-09 03:20:00,1.005513727279641
60336,2024-08-06 21:00:00,2025-08-09 06:24:00,1.005863563769108
60337,2024-08-06 21:00:00,2024-09-25 16:17:00,0.13635447562552286
60338,2024-08-06 21:00:00,2025-08-09 06:17:00,1.0058502547722261
60339,2024-08-06 21:00:00,2025-08-09 03:06:00,1.0054871092858773
60340,2024-08-06 21:00:00,2025-08-09 06:10:00,1.0058369457753442
60341,2024-08-06 21:00:00,2025-08-09 13:49:00,1.0067096357137424
60342,2024-08-06 21:00:00,2025-08-09 06:04:00,1.005825538063731
60343,2024-08-06 21:00:00,2025-08-09 02:57:00,1.0054699977184576
60344,2024-08-06 21:00:00,2025-08-09 13:45:00,1.006702030572667
60345,2024-08-06 21:00:00,2025-08-09 02:40:00,1.0054376758688874
60346,2024-08-06 21:00:00,2025-08-09 02:42:00,1.005441478439425
60347,2024-08-06 21:00:00,2025-08-09 13:36:00,1.0066849190052476
60348,2024-08-06 21:00:00,2025-08-09 13:31:00,1.0066754125789033
60349,2024-08-06 21:00:00,2025-08-09 03:53:00,1.0055764696935128
60350,2024-08-06 21:00:00,2025-08-09 13:22:00,1.0066583010114838
60351,2024-08-06 21:00:00,2025-08-09 13:13:00,1.006641189444064
60355,2024-08-12 03:00:00,2025-08-09 04:57:00,0.9913244353182752
60356,2024-08-12 03:00:00,2025-08-09 12:43:00,0.9922104342535554
60357,2024-08-12 03:00:00,2024-10-06 15:48:00,0.15204198037873604
60358,2024-08-12 03:00:00,2025-08-08 22:32:00,0.9905924404897711
60359,2024-08-12 03:00:00,2025-08-09 12:42:00,0.9922085329682866
60360,2024-08-12 03:00:00,2025-08-09 11:59:00,0.9921267777017264
60361,2024-08-12 03:00:00,2025-08-09 12:33:00,0.992191421400867
60362,2024-08-12 03:00:00,2025-08-09 11:06:00,0.9920260095824778
60363,2024-08-12 03:00:00,2025-08-09 12:25:00,0.9921762111187162
60364,2024-08-12 03:00:00,2025-08-08 22:06:00,0.9905430070727812
60365,2024-08-12 03:00:00,2025-08-08 21:57:00,0.9905258955053616
60366,2024-08-12 03:00:00,2025-08-09 04:32:00,0.9912769031865541
60367,2024-08-12 03:00:00,2025-08-08 18:52:00,0.9901741577306259
60368,2024-08-12 03:00:00,2025-08-09 12:35:00,0.9921952239714047
60369,2024-08-12 03:00:00,2025-08-08 18:12:00,0.9900981063198723
60370,2024-08-12 03:00:00,2025-08-08 22:09:00,0.9905487109285878
60371,2024-08-12 03:00:00,2025-08-09 05:02:00,0.9913339417446194
60372,2024-08-12 03:00:00,2025-08-08 13:06:00,0.9895163130276067
60373,2024-08-12 03:00:00,2025-08-09 12:08:00,0.992143889269146
60374,2024-08-12 03:00:00,2025-08-08 22:05:00,0.9905411057875123
60375,2024-08-12 03:00:00,2025-08-09 05:15:00,0.9913586584531143
60376,2024-08-12 03:00:00,2025-08-09 04:30:00,0.9912731006160165
60377,2024-08-12 03:00:00,2025-08-08 21:51:00,0.9905144877937486
60398,2024-08-16 03:00:00,2025-08-09 06:51:00,0.9805897786903947
60399,2024-08-16 03:00:00,2025-08-09 08:01:00,0.9807228686592137
60400,2024-08-16 03:00:00,2025-08-09 07:54:00,0.9807095596623318
60401,2024-08-16 03:00:00,2025-08-09 10:50:00,0.9810441858696479
60402,2024-08-16 03:00:00,2025-08-09 07:40:00,0.980682941668568
60403,2024-08-16 03:00:00,2025-08-09 10:36:00,0.9810175678758841
60404,2024-08-16 03:00:00,2025-08-09 07:26:00,0.9806563236748042
60405,2024-08-16 03:00:00,2025-08-09 10:22:00,0.9809909498821203
60406,2024-08-16 03:00:00,2025-08-09 07:12:00,0.9806297056810404
60407,2024-08-15 21:00:00,2025-08-09 10:08:00,0.9816487945851395
60408,2024-08-15 21:00:00,2025-08-09 08:29:00,0.9814605673435243
60409,2024-08-15 21:00:00,2025-08-09 11:19:00,0.9817837858392273
60410,2024-08-15 21:00:00,2025-08-09 08:08:00,0.9814206403528786
60411,2024-08-15 21:00:00,2025-08-09 13:31:00,0.9820347554947144
60412,2024-08-15 21:00:00,2025-08-09 16:35:00,0.9823845919841813
60413,2024-08-15 21:00:00,2025-08-09 16:21:00,0.9823579739904176
60414,2024-08-15 21:00:00,2025-08-09 00:50:00,0.9805878774051259
60415,2024-08-15 21:00:00,2025-08-09 16:26:00,0.9823674804167617
60416,2024-08-15 21:00:00,2025-08-09 16:35:00,0.9823845919841813
60417,2024-08-15 21:00:00,2025-08-09 00:31:00,0.9805517529850178
60418,2024-08-15 21:00:00,2025-08-09 14:32:00,0.9821507338961137
60425,2024-08-17 21:00:00,2025-08-09 15:26:00,0.976777701726367
60426,2024-08-17 21:00:00,2025-08-09 15:25:00,0.9767758004410981
60427,2024-08-17 21:00:00,2025-08-09 15:07:00,0.976741577306259
60428,2024-08-17 21:00:00,2025-08-09 15:22:00,0.9767700965852917
60429,2024-08-17 21:00:00,2025-08-09 15:11:00,0.9767491824473344
60430,2024-08-17 21:00:00,2025-08-09 11:54:00,0.9763746292493726
60431,2024-08-17 21:00:00,2025-08-09 12:09:00,0.9764031485284052
60432,2024-08-17 21:00:00,2025-08-09 15:01:00,0.976730169594646
60433,2024-08-17 21:00:00,2025-08-09 14:58:00,0.9767244657388394
60434,2024-08-17 21:00:00,2025-08-09 14:44:00,0.9766978477450756
60435,2024-08-17 21:00:00,2025-08-09 14:48:00,0.9767054528861511
60436,2024-08-17 21:00:00,2025-08-09 14:39:00,0.9766883413187315
60437,2024-08-17 21:00:00,2025-08-09 14:38:00,0.9766864400334626
60438,2024-08-17 21:00:00,2025-08-09 14:35:00,0.976680736177656
60439,2024-08-17 21:00:00,2025-08-09 12:50:00,0.9764811012244277
60440,2024-08-17 21:00:00,2025-08-09 16:04:00,0.976849950566583
60441,2024-08-17 21:00:00,2025-08-09 12:46:00,0.9764734960833523
60442,2024-08-17 19:00:00,2025-08-09 09:28:00,0.9763251958323826
60443,2024-08-17 21:00:00,2025-08-09 12:41:00,0.9764639896570081
60444,2024-08-17 19:00:00,2025-08-09 15:35:00,0.9770229675260476
60445,2024-08-17 21:00:00,2025-08-09 12:32:00,0.9764468780895885
60446,2024-08-17 21:00:00,2025-08-09 09:24:00,0.9760894364590463
60447,2024-08-17 21:00:00,2025-08-09 09:31:00,0.9761027454559282
60583,2024-08-28 03:00:00,2025-08-09 04:26:00,0.9474598828808274
60584,2024-08-28 05:00:00,2025-08-09 05:04:00,0.9473039774887824
60585,2024-08-28 05:00:00,2025-08-08 21:47:00,0.9464731158262986
60586,2024-08-28 03:00:00,2025-08-08 20:56:00,0.9466043045098487
60587,2024-08-28 03:00:00,2025-08-09 05:24:00,0.9475701574264203
60588,2024-08-28 03:00:00,2025-08-09 04:35:00,0.9474769944482471
60589,2024-08-28 03:00:00,2025-08-08 18:56:00,0.9463761502775877
60590,2024-08-28 03:00:00,2025-08-09 04:53:00,0.9475112175830862
60591,2024-08-28 03:00:00,2025-08-08 21:56:00,0.9467183816259792
60592,2024-08-28 03:00:00,2025-08-09 05:13:00,0.947549243288463
60593,2024-08-28 03:00:00,2025-08-09 11:07:00,0.948222298273633
60594,2024-08-28 03:00:00,2025-08-09 04:31:00,0.9474693893071716
60595,2024-08-28 03:00:00,2025-08-08 21:43:00,0.9466936649174842
60596,2024-08-28 03:00:00,2025-08-09 12:30:00,0.9483801049509468
60597,2024-08-28 03:00:00,2025-08-08 18:53:00,0.9463704464217811
60598,2024-08-28 03:00:00,2025-08-09 12:12:00,0.9483458818161077
60599,2024-08-28 03:00:00,2025-08-08 21:52:00,0.9467107764849038
60600,2024-08-28 03:00:00,2025-08-09 05:27:00,0.9475758612822268
60601,2024-08-28 03:00:00,2025-08-09 05:18:00,0.9475587497148072
60602,2024-08-27 21:00:00,2025-08-09 04:59:00,0.9482070879914822
60603,2024-08-28 03:00:00,2025-08-09 17:41:00,0.9489714046695567
60604,2024-08-28 03:00:00,2025-08-08 21:04:00,0.9466195147919994
60720,2024-09-05 13:00:00,2025-08-09 08:40:00,0.9248992318807514
60721,2024-09-05 13:00:00,2025-08-09 13:08:00,0.9254087763328009
60722,2024-09-05 13:00:00,2025-08-09 13:01:00,0.925395467335919
60723,2024-09-05 13:00:00,2025-08-09 09:43:00,0.9250190128526884
60724,2024-09-05 13:00:00,2025-08-09 09:50:00,0.9250323218495703
60725,2024-09-05 21:00:00,2025-08-09 17:15:00,0.9249657768651608
60726,2024-09-05 21:00:00,2025-08-09 09:29:00,0.9240797779298806
60727,2024-09-05 21:00:00,2025-08-09 09:22:00,0.9240664689329987
60728,2024-09-05 21:00:00,2025-08-09 12:19:00,0.9244029964255837
60729,2024-09-05 21:00:00,2025-08-09 07:36:00,0.9238649326945014
60730,2024-09-05 21:00:00,2025-08-09 09:01:00,0.924026541942353
60731,2024-09-05 21:00:00,2025-08-09 11:57:00,0.9243611681496692
60732,2024-09-05 13:00:00,2025-08-09 08:47:00,0.9249125408776333
60733,2024-09-05 07:00:00,2025-08-09 16:00:00,0.9264202600958248
60734,2024-09-05 07:00:00,2025-08-09 09:10:00,0.9256407331355997
60735,2024-09-05 07:00:00,2025-08-09 09:01:00,0.9256236215681801
60736,2024-09-05 07:00:00,2025-08-08 19:03:00,0.9240303445128907
60737,2024-09-05 07:00:00,2025-08-09 08:52:00,0.9256065100007606
60738,2024-09-05 07:00:00,2025-08-09 02:31:00,0.9248821203133318
60739,2024-09-05 19:00:00,2025-08-09 08:43:00,0.9242204730397748
60740,2024-09-05 07:00:00,2025-08-08 18:32:00,0.9239714046695566
60903,2024-09-06 19:00:00,2025-08-09 13:41:00,0.9220492052627576
60904,2024-09-06 19:00:00,2025-08-09 10:31:00,0.9216879610616777
60905,2024-09-06 19:00:00,2025-08-09 10:17:00,0.9216613430679139
60906,2024-09-06 19:00:00,2025-08-09 10:10:00,0.921648034071032
60907,2024-09-06 19:00:00,2025-08-09 10:03:00,0.9216347250741501
60908,2024-09-06 19:00:00,2025-08-09 09:56:00,0.9216214160772682
60909,2024-09-06 13:00:00,2025-08-09 10:24:00,0.9223591147615788
60910,2024-09-06 13:00:00,2025-08-09 09:49:00,0.9222925697771693
60911,2024-09-06 13:00:00,2025-08-09 09:42:00,0.9222792607802874
60912,2024-09-06 13:00:00,2025-08-09 09:35:00,0.9222659517834055
60913,2024-09-06 13:00:00,2025-08-09 14:03:00,0.9227754962354552
60914,2024-09-06 13:00:00,2025-08-09 10:52:00,0.9224123507491064
60915,2024-09-06 13:00:00,2025-08-09 10:45:00,0.9223990417522245
60916,2024-09-06 19:00:00,2025-08-09 09:15:00,0.9215434633812457
60917,2024-09-06 19:00:00,2025-08-09 16:38:00,0.9223857327553426
60918,2024-09-06 19:00:00,2025-08-09 03:35:00,0.9208970263898395
60919,2024-09-06 19:00:00,2025-08-09 16:21:00,0.9223534109057723
60920,2024-09-06 19:00:00,2025-08-09 09:53:00,0.9216157122214617
60921,2024-09-06 19:00:00,2025-08-09 16:52:00,0.9224123507491064
60922,2024-09-06 19:00:00,2025-08-09 17:16:00,0.9224579815955586
60923,2024-09-06 19:00:00,2025-08-09 03:23:00,0.9208742109666135
60924,2024-09-06 19:00:00,2025-08-09 00:00:00,0.9204882500570386
60925,2024-09-06 19:00:00,2025-08-09 04:14:00,0.9209711765153243
60926,2024-09-06 19:00:00,2025-08-09 05:31:00,0.9211175754810251
60927,2024-09-06 19:00:00,2025-08-09 01:03:00,0.9206080310289756
60928,2024-09-06 19:00:00,2025-08-09 17:38:00,0.9224998098714731
60929,2024-09-06 19:00:00,2025-08-09 02:14:00,0.9207430222830634
60930,2024-09-06 19:00:00,2025-08-09 17:24:00,0.9224731918777094
60931,2024-09-06 19:00:00,2025-08-09 00:28:00,0.9205414860445661
60932,2024-09-06 19:00:00,2025-08-09 11:03:00,0.9217488021902807
60933,2024-09-06 19:00:00,2025-08-09 10:56:00,0.9217354931933988
60934,2024-09-06 19:00:00,2025-08-09 10:49:00,0.9217221841965169
60935,2024-09-06 19:00:00,2025-08-08 23:53:00,0.9204749410601567
60936,2024-09-06 13:00:00,2025-08-09 01:17:00,0.9213191117195224
60937,2024-09-06 19:00:00,2025-08-09 10:15:00,0.9216575404973762
60938,2024-09-06 19:00:00,2025-08-09 15:41:00,0.9222773594950187
60939,2024-09-06 19:00:00,2025-08-09 06:47:00,0.9212620731614571
60940,2024-09-06 19:00:00,2025-08-09 16:21:00,0.9223534109057723
60941,2024-09-06 19:00:00,2025-08-09 06:52:00,0.9212715795878014
60942,2024-09-06 19:00:00,2025-08-09 10:11:00,0.9216499353563009
60943,2024-09-06 19:00:00,2025-08-09 08:50:00,0.9214959312495247
60944,2024-09-06 19:00:00,2025-08-09 05:38:00,0.921130884477907
60990,2024-09-12 21:16:00,2024-09-13 07:56:00,0.0012168225720587116
60991,2024-09-12 13:00:00,2025-08-08 20:56:00,0.9043957715415621
60992,2024-09-12 13:00:00,2025-08-09 00:21:00,0.9047855350216747
60993,2024-09-12 13:00:00,2025-08-08 14:29:00,0.9036599741425203
60994,2024-09-12 21:00:00,2025-08-09 07:10:00,0.9046505437675869
60995,2024-09-12 13:00:00,2025-08-09 07:03:00,0.905549851699749
60996,2024-09-12 21:00:00,2025-08-09 14:34:00,0.9054947144269526
60997,2024-09-12 19:00:00,2025-08-09 05:20:00,0.9046695566202753
60998,2024-09-12 19:00:00,2025-08-08 01:47:00,0.90152673207088
60999,2024-09-12 19:00:00,2025-08-09 14:20:00,0.9056962506654499
61000,2024-09-12 19:00:00,2025-08-08 01:33:00,0.9015001140771162
61001,2024-09-12 19:00:00,2025-08-09 13:59:00,0.9056563236748042
61002,2024-09-12 19:00:00,2025-08-09 00:07:00,0.9040744543311279
61003,2024-09-12 19:00:00,2025-08-09 13:04:00,0.9055517529850179
61004,2024-09-12 13:00:00,2025-08-09 02:00:00,0.90497376226329
61005,2024-09-12 19:00:00,2025-08-09 13:09:00,0.9055612594113621
61006,2024-09-12 19:00:00,2025-08-09 12:44:00,0.9055137272796411
61007,2024-09-12 19:00:00,2025-08-09 16:04:00,0.9058939843334094
61008,2024-09-12 19:00:00,2025-08-09 05:34:00,0.9046961746140391
61009,2024-09-12 13:00:00,2025-08-09 17:27:00,0.9067362537075063
61010,2024-09-12 19:00:00,2025-08-09 12:49:00,0.9055232337059852
61050,2024-09-22 21:00:00,2025-08-09 16:38:00,0.878351965928968
61051,2024-09-22 21:00:00,2025-08-09 08:52:00,0.8774659669936877
61052,2024-09-22 21:00:00,2025-08-09 16:24:00,0.8783253479352042
61053,2024-09-22 21:00:00,2025-08-08 23:28:00,0.8763936421020609
61054,2024-09-22 21:00:00,2025-08-08 03:29:00,0.8741140010647197
61055,2024-09-22 21:00:00,2025-08-08 23:14:00,0.8763670241082973
61056,2024-09-22 21:00:00,2025-08-08 17:00:00,0.8756559434177504
61057,2024-09-22 21:00:00,2025-08-08 16:53:00,0.8756426344208685
61058,2024-09-22 21:00:00,2025-08-09 15:41:00,0.878243592668644
61059,2024-09-22 21:00:00,2025-08-08 04:26:00,0.8742223743250437
61060,2024-09-22 21:00:00,2025-08-09 15:27:00,0.8782169746748802
61061,2024-09-22 21:00:00,2025-08-09 15:20:00,0.8782036656779983
61062,2024-09-22 21:00:00,2025-08-09 16:45:00,0.8783652749258499
61063,2024-09-22 21:00:00,2025-08-09 07:14:00,0.8772796410373412
61064,2024-09-22 13:00:00,2025-08-09 04:10:00,0.8778424214769184
61065,2024-09-22 21:00:00,2025-08-09 13:48:00,0.8780287474332649
61066,2024-09-22 21:00:00,2025-08-09 07:47:00,0.8773423834512131
61067,2024-09-22 21:00:00,2024-12-18 23:16:00,0.23845159327705528
61068,2024-09-22 21:00:00,2025-08-09 07:27:00,0.8773043577458361
61069,2024-09-22 21:00:00,2025-08-09 04:15:00,0.8769393109742186
61070,2024-09-22 21:00:00,2025-08-09 13:53:00,0.8780382538596091
61243,2024-10-03 21:00:00,2025-08-09 09:22:00,0.8474066468932999
61244,2024-10-03 21:00:00,2025-08-09 09:15:00,0.847393337896418
61245,2024-10-03 21:00:00,2025-08-09 05:58:00,0.8470187846984562
61246,2024-10-03 21:00:00,2025-08-09 09:08:00,0.8473800288995361
61247,2024-10-03 21:00:00,2025-08-09 05:51:00,0.8470054757015743
61248,2024-10-03 21:00:00,2025-08-09 08:47:00,0.8473401019088904
61249,2024-10-03 21:00:00,2025-08-09 16:18:00,0.848197581565138
61250,2024-10-03 21:00:00,2025-08-09 10:00:00,0.8474788957335159
61251,2024-10-03 21:00:00,2025-08-09 08:26:00,0.8473001749182447
61252,2024-10-03 21:00:00,2025-08-09 15:57:00,0.8481576545744923
61253,2024-10-03 21:00:00,2025-08-09 15:50:00,0.8481443455776104
61254,2024-10-03 21:00:00,2025-08-09 15:43:00,0.8481310365807285
61255,2024-10-03 21:00:00,2025-08-09 06:26:00,0.8470720206859838
61256,2024-10-03 21:00:00,2025-08-09 11:02:00,0.8475967754201841
61257,2024-10-03 21:00:00,2025-08-09 11:06:00,0.8476043805612594
61258,2024-10-03 21:00:00,2025-08-09 11:11:00,0.8476138869876036
61259,2024-10-03 21:00:00,2025-08-09 08:13:00,0.8472754582097498
61260,2024-10-03 21:00:00,2025-08-09 10:53:00,0.8475796638527645
61261,2024-10-03 21:00:00,2025-08-09 10:57:00,0.8475872689938398
61262,2024-10-03 21:00:00,2025-08-09 09:43:00,0.8474465738839455
61509,2024-10-24 13:00:00,2025-08-09 09:58:00,0.7908928435622481
61510,2024-10-24 13:00:00,2025-08-09 08:12:00,0.7906913073237508
61511,2024-10-24 13:00:00,2025-08-09 07:47:00,0.7906437751920298
61512,2024-10-24 13:00:00,2025-08-09 07:17:00,0.7905867366339646
61513,2024-10-24 13:00:00,2025-08-09 09:55:00,0.7908871397064415
61514,2024-10-24 13:00:00,2025-08-09 06:28:00,0.7904935736557913
61515,2024-10-24 13:00:00,2025-08-09 07:00:00,0.7905544147843943
61516,2024-10-24 19:00:00,2025-08-09 07:58:00,0.789980226633204
61517,2024-10-24 13:00:00,2025-08-09 10:31:00,0.7909555859761198
61518,2024-10-24 13:00:00,2025-08-09 07:53:00,0.7906551829036429
61519,2024-10-24 13:00:00,2025-08-09 10:51:00,0.7909936116814967
61520,2024-10-24 13:00:00,2025-08-09 07:38:00,0.7906266636246102
61521,2024-10-24 13:00:00,2025-08-09 07:34:00,0.7906190584835349
61522,2024-10-24 13:00:00,2025-08-09 10:37:00,0.7909669936877329
61523,2024-10-24 13:00:00,2025-08-09 09:50:00,0.7908776332800973
61524,2024-10-24 13:00:00,2025-08-09 10:33:00,0.7909593885466576
61525,2024-10-24 13:00:00,2025-08-09 07:20:00,0.7905924404897711
61526,2024-10-24 13:00:00,2025-08-09 07:15:00,0.7905829340634268
61527,2024-10-24 13:00:00,2025-08-09 07:06:00,0.7905658224960073
61528,2024-10-24 13:00:00,2025-08-09 07:14:00,0.790581032778158
61529,2024-10-24 13:00:00,2025-08-09 07:57:00,0.7906627880447182
61530,2024-10-24 13:00:00,2025-08-09 08:25:00,0.7907160240322458
61531,2024-10-24 13:00:00,2025-08-09 06:27:00,0.7904916723705224
61532,2024-10-24 13:00:00,2025-08-08 18:05:00,0.7890809187010419
61533,2024-10-24 13:00:00,2025-08-09 04:33:00,0.7902749258498745
61534,2024-10-24 13:00:00,2025-08-09 10:47:00,0.7909860065404213
61535,2024-10-24 13:00:00,2025-08-09 04:19:00,0.7902483078561108
61536,2024-10-24 13:00:00,2025-08-09 04:26:00,0.7902616168529927
61537,2024-10-24 13:00:00,2025-08-09 17:57:00,0.7918035592060233
61538,2024-10-24 13:00:00,2025-08-09 04:05:00,0.790221689862347
61539,2024-10-24 13:00:00,2025-08-09 17:39:00,0.7917693360711842
61540,2024-10-24 13:00:00,2025-08-09 03:51:00,0.7901950718685832
61541,2024-10-24 13:00:00,2025-08-09 17:29:00,0.7917503232184957
61542,2024-10-24 13:00:00,2025-08-09 17:22:00,0.7917370142216138
61543,2024-10-24 13:00:00,2025-08-09 17:15:00,0.7917237052247319
61544,2024-10-24 13:00:00,2025-08-09 11:01:00,0.7910126245341851
61545,2024-10-24 13:00:00,2025-08-09 09:07:00,0.7907958780135371
61546,2024-10-24 13:00:00,2025-08-09 01:35:00,0.7899364970720207
61547,2024-10-24 13:00:00,2025-08-09 09:03:00,0.7907882728724618
61548,2024-10-24 13:00:00,2025-08-09 09:21:00,0.7908224960073009
61549,2024-10-24 13:00:00,2025-08-09 15:14:00,0.791493649707202
61550,2024-10-24 13:00:00,2025-08-09 09:16:00,0.7908129895809567
61551,2024-10-24 13:00:00,2025-08-09 15:46:00,0.791554490835805
61574,2024-10-28 13:00:00,2025-08-09 01:09:00,0.7789356605065024
61575,2024-10-28 19:00:00,2025-08-09 14:47:00,0.7798064491596319
61576,2024-10-28 13:00:00,2025-08-09 08:33:00,0.7797798311658681
61577,2024-10-28 13:00:00,2025-08-08 15:37:00,0.777848125332725
61578,2024-10-28 19:00:00,2025-08-09 08:19:00,0.7790687504753213
61579,2024-10-28 19:00:00,2025-08-09 08:12:00,0.7790554414784394
61580,2024-10-28 19:00:00,2025-08-09 15:43:00,0.779912921134687
61581,2024-10-28 19:00:00,2025-08-09 07:58:00,0.7790288234846756
61582,2024-10-28 19:00:00,2025-08-09 15:29:00,0.7798863031409232
61583,2024-10-28 19:00:00,2025-08-08 14:55:00,0.7770838086546505
61584,2024-10-28 19:00:00,2025-08-09 15:15:00,0.7798596851471595
61585,2024-10-28 19:00:00,2025-08-09 01:23:00,0.7782778158034832
61586,2024-10-28 19:00:00,2025-08-07 23:17:00,0.7753004030724769
61587,2024-10-28 19:00:00,2025-08-09 04:36:00,0.7786447638603696
61588,2024-10-28 19:00:00,2025-08-09 05:03:00,0.7786960985626283
61589,2024-10-28 19:00:00,2025-08-09 05:17:00,0.7787227165563921
61590,2024-10-28 19:00:00,2025-08-09 05:27:00,0.7787417294090805
61591,2024-10-28 13:00:00,2025-08-09 01:57:00,0.7790269221994068
61592,2024-10-28 13:00:00,2025-08-09 12:04:00,0.7801810023575937
61593,2024-10-28 19:00:00,2025-08-09 13:00:00,0.7796030116358659
61621,2024-10-31 21:00:00,2025-08-09 09:13:00,0.7707297132861815
61622,2024-10-30 19:00:00,2025-08-08 17:46:00,0.7719332268613582
61623,2024-10-31 19:00:00,2025-08-08 22:47:00,0.7697676629401475
61624,2024-10-31 13:00:00,2025-08-09 08:10:00,0.7715225492432884
61625,2024-10-31 19:00:00,2025-08-09 17:08:00,0.7718609780211423
61626,2024-10-30 19:00:00,2025-08-09 08:28:00,0.7736101604684766
61627,2024-10-31 13:00:00,2025-08-09 08:47:00,0.7715928967982356
61628,2024-10-31 13:00:00,2025-08-09 08:20:00,0.7715415620959769
61629,2024-10-31 13:00:00,2025-08-09 15:56:00,0.7724085481785687
61630,2024-10-31 13:00:00,2025-08-09 08:31:00,0.7715624762339341
61631,2024-10-31 13:00:00,2025-08-09 16:08:00,0.7724313636017948
61632,2024-10-31 13:00:00,2025-08-09 08:39:00,0.7715776865160848
61633,2024-10-31 13:00:00,2025-08-09 03:40:00,0.7710092022207012
61634,2024-10-31 13:00:00,2025-08-09 16:34:00,0.7724807970187847
61635,2024-10-31 13:00:00,2025-08-09 15:24:00,0.7723477070499658
61636,2024-10-31 13:00:00,2025-08-09 08:48:00,0.7715947980835044
61637,2024-10-31 13:00:00,2025-08-09 08:25:00,0.7715510685223211
61638,2024-10-31 13:00:00,2025-08-08 23:29:00,0.770531979618222
61639,2024-10-31 13:00:00,2025-08-09 08:14:00,0.7715301543843638
61640,2024-10-31 13:00:00,2025-08-09 09:02:00,0.7716214160772682
61641,2024-10-31 13:00:00,2025-08-08 16:07:00,0.7696916115293939
61642,2024-10-31 13:00:00,2025-08-09 08:34:00,0.7715681800897407
61643,2024-10-31 13:00:00,2025-08-09 15:50:00,0.7723971404669556
61661,2024-11-03 19:00:00,2025-08-09 14:06:00,0.7633013917408168
61662,2024-11-03 13:00:00,2025-08-09 04:13:00,0.7628583922731766
61663,2024-11-03 13:00:00,2025-08-09 14:35:00,0.7640409917103962
61664,2024-11-03 13:00:00,2025-08-09 14:17:00,0.764006768575557
61665,2024-11-03 19:00:00,2025-08-09 14:25:00,0.7633375161609248
61666,2024-11-03 19:00:00,2025-08-09 03:56:00,0.7621416077268234
61667,2024-11-03 19:00:00,2025-08-09 14:08:00,0.7633051943113545
61668,2024-11-03 13:00:00,2025-08-09 07:39:00,0.7632500570385581
61669,2024-11-03 13:00:00,2025-08-09 07:13:00,0.7632006236215682
61670,2024-11-03 13:00:00,2025-08-09 04:22:00,0.7628755038405962
61671,2024-11-03 13:00:00,2025-08-09 07:12:00,0.7631987223362994
61672,2024-11-03 13:00:00,2025-08-09 07:09:00,0.7631930184804928
61673,2024-11-03 13:00:00,2025-08-09 07:03:00,0.7631816107688798
61674,2024-11-03 13:00:00,2025-08-09 07:00:00,0.7631759069130732
61675,2024-11-03 13:00:00,2025-08-09 14:46:00,0.7640619058483535
61676,2024-11-03 13:00:00,2025-08-09 14:31:00,0.7640333865693208
61677,2024-11-03 13:00:00,2025-08-09 14:40:00,0.7640504981367404
61678,2024-11-03 13:00:00,2025-08-09 03:35:00,0.7627861434329607
61679,2024-11-03 13:00:00,2025-08-09 14:26:00,0.7640238801429766
61680,2024-11-03 13:00:00,2025-08-09 14:15:00,0.7640029660050194
61681,2024-11-03 13:00:00,2025-08-09 06:31:00,0.7631207696402769
61682,2024-11-03 19:00:00,2025-08-09 03:44:00,0.7621187923035972
61687,2024-11-06 13:00:00,2025-08-09 04:23:00,0.7546638527644688
61688,2024-11-06 13:00:00,2025-08-09 04:16:00,0.7546505437675869
61689,2024-11-06 13:00:00,2025-08-09 07:12:00,0.7549851699749031
61690,2024-11-06 13:00:00,2025-08-09 04:01:00,0.7546220244885543
61691,2024-11-06 13:00:00,2025-08-09 14:29:00,0.7558160316373869
61692,2024-11-06 13:00:00,2025-08-09 06:58:00,0.7549585519811393
61693,2024-11-06 13:00:00,2025-08-09 14:22:00,0.755802722640505
61694,2024-11-06 13:00:00,2025-08-09 14:15:00,0.7557894136436231
61695,2024-11-06 13:00:00,2025-08-09 14:08:00,0.7557761046467412
61696,2024-11-06 13:00:00,2025-08-09 14:01:00,0.7557627956498593
61697,2024-11-06 13:00:00,2025-08-09 13:54:00,0.7557494866529774
61698,2024-11-06 13:00:00,2025-08-09 13:12:00,0.7556696326716861
61699,2024-11-06 19:00:00,2025-08-09 02:58:00,0.7538177808198342
61700,2024-11-06 19:00:00,2025-08-09 08:23:00,0.7544356985322078
61701,2024-11-06 19:00:00,2025-08-09 08:09:00,0.754409080538444
61702,2024-11-06 19:00:00,2025-08-09 07:50:00,0.754372956118336
61703,2024-11-06 19:00:00,2025-08-09 10:49:00,0.7547132861814587
61704,2024-11-06 19:00:00,2025-08-09 07:19:00,0.7543140162750019
61705,2024-11-06 19:00:00,2025-08-09 10:26:00,0.7546695566202754
61706,2024-11-06 19:00:00,2025-08-09 10:30:00,0.7546771617613507
61707,2024-11-06 19:00:00,2025-08-09 14:32:00,0.7551372727964104
61708,2024-11-06 19:00:00,2025-08-09 05:49:00,0.7541429006008061
61709,2024-11-06 19:00:00,2025-08-09 05:27:00,0.7541010723248917
61710,2024-11-06 19:00:00,2025-08-09 04:45:00,0.7540212183436003
61711,2024-11-06 19:00:00,2025-08-09 14:41:00,0.75515438436383
61712,2024-11-06 19:00:00,2025-08-09 15:28:00,0.7552437447714655
61713,2024-11-06 19:00:00,2025-08-09 05:02:00,0.7540535401931706
61714,2024-11-06 19:00:00,2025-08-09 15:19:00,0.7552266332040459
61715,2024-11-06 19:00:00,2025-08-09 15:01:00,0.7551924100692068
61716,2024-11-06 19:00:00,2025-08-09 04:54:00,0.7540383299110198
61717,2024-11-06 19:00:00,2025-08-09 05:32:00,0.7541105787512359
61718,2024-11-06 19:00:00,2025-08-09 06:11:00,0.7541847288767206
61719,2024-11-06 19:00:00,2025-08-09 04:40:00,0.754011711917256
61720,2024-11-06 13:00:00,2025-08-09 04:59:00,0.7547322990341471
61721,2024-11-06 13:00:00,2025-08-09 14:47:00,0.755850254772226
61722,2024-11-06 19:00:00,2025-08-09 04:50:00,0.7540307247699445
61723,2024-11-06 19:00:00,2025-08-09 12:40:00,0.7549243288463001
61724,2024-11-06 19:00:00,2025-08-09 05:03:00,0.7540554414784394
61725,2024-11-06 19:00:00,2025-08-09 15:34:00,0.7552551524830785
61726,2024-11-06 19:00:00,2025-08-09 15:24:00,0.7552361396303902
61727,2024-11-06 13:00:00,2025-08-09 15:15:00,0.7559034907597536
61728,2024-11-06 13:00:00,2025-08-09 07:15:00,0.7549908738307095
61729,2024-11-06 19:00:00,2025-08-09 07:20:00,0.7543159175602707
61845,2024-11-13 11:00:00,2025-08-09 03:15:00,0.7355977640885238
61846,2024-11-13 11:00:00,2025-08-09 13:37:00,0.7367803635257434
61847,2024-11-13 11:00:00,2025-08-09 03:07:00,0.7355825538063732
61848,2024-11-13 11:00:00,2025-08-09 12:54:00,0.7366986082591832
61849,2024-11-13 11:00:00,2025-08-09 13:00:00,0.7367100159707962
61850,2024-11-13 11:00:00,2025-08-09 04:08:00,0.7356985322077725
61851,2024-11-13 11:00:00,2025-08-09 03:02:00,0.7355730473800289
61852,2024-11-13 11:00:00,2025-08-09 08:56:00,0.7362461023651988
61853,2024-11-13 11:00:00,2025-08-09 13:42:00,0.7367898699520876
61854,2024-11-13 11:00:00,2025-08-09 07:31:00,0.7360844931173474
61855,2024-11-13 11:00:00,2025-08-09 13:53:00,0.7368107840900449
61856,2024-11-13 11:00:00,2025-08-09 13:59:00,0.7368221918016579
61857,2024-11-13 11:00:00,2025-08-09 07:53:00,0.7361263213932618
61858,2024-11-13 11:00:00,2025-08-09 07:48:00,0.7361168149669176
61859,2024-11-13 11:00:00,2025-08-09 04:49:00,0.735776484903795
61860,2024-11-13 11:00:00,2025-08-09 06:00:00,0.7359114761578828
61861,2024-11-13 11:00:00,2025-08-08 22:43:00,0.7350806144953989
61862,2024-11-13 11:00:00,2025-08-09 14:19:00,0.7368602175070348
61863,2024-11-13 11:00:00,2025-08-09 14:36:00,0.736892539356605
61864,2024-11-13 11:00:00,2025-08-09 06:54:00,0.7360141455624002
61865,2024-11-13 11:00:00,2025-08-09 03:52:00,0.735668111643471
61866,2024-11-13 11:00:00,2025-08-09 14:41:00,0.7369020457829493
61867,2024-11-13 11:00:00,2025-08-09 07:06:00,0.7360369609856263
61874,2024-11-17 19:00:00,2025-08-09 11:50:00,0.7247129059244048
61875,2024-11-17 19:00:00,2025-08-09 11:57:00,0.7247262149212867
61876,2024-11-17 19:00:00,2025-08-09 11:43:00,0.7246995969275231
61877,2024-11-17 19:00:00,2025-08-09 02:26:00,0.7236405810327782
61878,2024-11-17 03:00:00,2025-08-09 05:22:00,0.7258004410981824
61879,2024-11-17 19:00:00,2025-08-09 02:12:00,0.7236139630390144
61880,2024-11-17 19:00:00,2025-08-09 02:05:00,0.7236006540421325
61881,2024-11-17 19:00:00,2025-08-09 05:01:00,0.7239352802494486
61882,2024-11-17 19:00:00,2025-08-09 12:33:00,0.7247946611909651
61883,2024-11-17 19:00:00,2025-08-09 12:19:00,0.7247680431972013
61884,2024-11-17 19:00:00,2025-08-09 01:44:00,0.7235607270514868
61885,2024-11-17 03:00:00,2025-08-09 12:11:00,0.7265780667731386
61886,2024-11-17 03:00:00,2025-08-09 01:23:00,0.7253460339189292
61887,2024-11-17 19:00:00,2025-08-09 16:34:00,0.725252870940756
61888,2024-11-17 19:00:00,2025-08-09 06:59:00,0.7241596319111719
61889,2024-11-17 19:00:00,2025-08-09 16:47:00,0.7252775876492509
61890,2024-11-17 19:00:00,2025-08-09 06:12:00,0.7240702715035364
61891,2024-11-17 19:00:00,2025-08-09 17:01:00,0.7253042056430147
61892,2024-11-17 19:00:00,2025-08-09 06:22:00,0.7240892843562248
61893,2024-11-17 19:00:00,2025-08-09 16:09:00,0.7252053388090349
61912,2024-11-17 19:00:00,2025-08-09 16:34:00,0.725252870940756
61913,2024-11-17 19:00:00,2025-08-09 17:12:00,0.7253251197809719
61914,2024-11-17 19:00:00,2025-08-09 11:10:00,0.7246368545136512
61915,2024-11-17 19:00:00,2025-08-09 06:48:00,0.7241387177732147
61916,2024-11-17 19:00:00,2025-08-09 17:08:00,0.7253175146398966
61917,2024-11-17 19:00:00,2025-08-09 06:59:00,0.7241596319111719
61918,2024-11-17 19:00:00,2025-08-09 08:00:00,0.7242756103125713
61919,2024-11-17 19:00:00,2025-08-09 01:47:00,0.7235664309072933
61920,2024-11-17 19:00:00,2025-08-09 07:20:00,0.7241995589018176
61921,2024-11-17 19:00:00,2025-08-09 06:54:00,0.7241501254848277
61922,2024-11-17 19:00:00,2025-08-09 17:03:00,0.7253080082135523
61923,2024-11-17 19:00:00,2025-08-09 01:47:00,0.7235664309072933
61924,2024-11-17 19:00:00,2025-08-09 11:03:00,0.7246235455167693
61925,2024-11-17 19:00:00,2025-08-09 01:52:00,0.7235759373336376
61926,2024-11-17 19:00:00,2025-08-09 01:38:00,0.7235493193398738
61927,2024-11-17 19:00:00,2025-08-09 01:49:00,0.723570233477831
61928,2024-11-17 19:00:00,2025-08-09 08:48:00,0.7243668720054757
61929,2024-11-17 19:00:00,2025-08-09 07:03:00,0.7241672370522473
61930,2024-11-17 19:00:00,2025-08-09 16:49:00,0.7252813902197885
61931,2024-11-17 19:00:00,2025-08-09 09:51:00,0.7244866529774128
61932,2024-11-17 19:00:00,2025-08-09 17:14:00,0.7253289223515096
61933,2024-11-17 19:00:00,2025-08-09 09:25:00,0.7244372195604228
61934,2024-11-17 19:00:00,2025-06-02 16:32:00,0.5390752148452354
61935,2024-11-17 19:00:00,2025-08-09 16:57:00,0.7252966005019393
61939,2024-11-22 19:00:00,2025-08-09 05:35:00,0.7103106700129287
61940,2024-11-22 13:00:00,2025-08-09 05:28:00,0.7109818237128299
61941,2024-11-22 13:00:00,2025-08-09 12:59:00,0.7118393033690775
61942,2024-11-22 13:00:00,2025-08-09 02:10:00,0.7106053692295992
61943,2024-11-22 19:00:00,2025-08-09 12:45:00,0.7111282226785307
61944,2024-11-22 19:00:00,2025-08-09 01:56:00,0.7098942885390525
61945,2024-11-22 19:00:00,2025-08-09 03:21:00,0.7100558977869039
61946,2024-11-22 19:00:00,2025-08-09 03:14:00,0.710042588790022
61947,2024-11-22 19:00:00,2025-08-09 06:10:00,0.7103772149973382
61948,2024-11-22 19:00:00,2025-08-09 13:20:00,0.7111947676629401
61949,2024-11-22 19:00:00,2025-08-09 02:46:00,0.7099893528024945
61950,2024-11-22 19:00:00,2025-08-09 03:00:00,0.7100159707962582
61951,2024-11-22 19:00:00,2025-08-09 02:53:00,0.7100026617993764
61952,2024-11-22 19:00:00,2025-08-09 10:04:00,0.7108221157502471
61953,2024-11-22 19:00:00,2025-08-09 07:50:00,0.7105673435242224
61954,2024-11-22 19:00:00,2025-08-09 06:31:00,0.7104171419879839
61955,2024-11-22 19:00:00,2025-08-09 07:41:00,0.7105502319568028
61956,2024-11-22 13:00:00,2025-08-09 07:03:00,0.7111624458133698
61957,2024-11-22 19:00:00,2025-08-09 07:32:00,0.7105331203893832
61958,2024-11-22 19:00:00,2025-08-09 10:07:00,0.7108278196060537
61959,2024-11-22 19:00:00,2025-08-09 09:58:00,0.7108107080386341
61960,2024-11-22 19:00:00,2025-08-09 10:09:00,0.7108316221765913
61961,2024-11-22 19:00:00,2025-08-09 16:40:00,0.7115750247167085
61962,2024-11-22 13:00:00,2025-08-09 09:48:00,0.7114761578827288
61963,2024-11-22 19:00:00,2025-08-09 10:52:00,0.7109133774431515
61964,2024-11-22 19:00:00,2025-08-09 17:22:00,0.7116548786979998
61965,2024-11-22 19:00:00,2025-08-09 16:46:00,0.7115864324283215
61966,2024-11-22 13:00:00,2025-08-09 17:02:00,0.712301315689406
61967,2024-11-22 19:00:00,2025-08-09 01:41:00,0.7098657692600198
61968,2024-11-22 19:00:00,2025-08-09 10:14:00,0.7108411286029356
61969,2024-11-22 19:00:00,2025-08-09 16:37:00,0.711569320860902
61970,2024-11-22 19:00:00,2025-08-09 05:01:00,0.7102460263137881
61971,2024-11-22 13:00:00,2025-08-09 17:23:00,0.7123412426800517
61972,2024-11-22 13:00:00,2025-08-09 17:29:00,0.7123526503916647
61973,2024-11-22 13:00:00,2025-08-09 17:55:00,0.7124020838086547
61974,2024-11-22 13:00:00,2025-08-09 05:10:00,0.7109476005779907
61975,2024-11-22 13:00:00,2025-08-09 17:03:00,0.7123032169746749
61976,2024-11-22 13:00:00,2025-08-09 16:57:00,0.7122918092630618
61977,2024-11-22 13:00:00,2025-08-09 17:18:00,0.7123317362537075
61978,2024-11-22 13:00:00,2025-08-09 10:56:00,0.71160544528101
61979,2024-11-22 19:00:00,2025-08-09 02:30:00,0.7099589322381931
61980,2024-11-22 19:00:00,2025-08-09 17:40:00,0.711689101832839
61981,2024-11-22 19:00:00,2025-08-09 10:35:00,0.7108810555935813
61982,2024-11-22 19:00:00,2025-08-09 10:15:00,0.7108430298882045
62008,2024-11-25 21:00:00,2025-08-09 15:17:00,0.7029755114457373
62009,2024-11-26 19:00:00,2025-08-09 08:35:00,0.6997014982127918
62010,2024-11-26 19:00:00,2025-08-09 08:06:00,0.6996463609399954
62011,2024-11-26 11:00:00,2025-08-09 03:53:00,0.7000779526960225
62012,2024-11-26 19:00:00,2025-08-09 07:52:00,0.6996197429462316
62013,2024-11-26 19:00:00,2025-08-09 15:24:00,0.7004791238877481
62014,2024-11-26 11:00:00,2025-08-09 05:17:00,0.7002376606586053
62015,2024-11-26 11:00:00,2025-08-09 15:10:00,0.7013651228230283
62016,2024-11-26 19:00:00,2025-08-09 07:24:00,0.699566506958704
62017,2024-11-26 11:00:00,2025-08-09 08:14:00,0.7005741881511902
62018,2024-11-26 11:00:00,2025-08-09 07:59:00,0.7005456688721575
62019,2024-11-26 19:00:00,2025-08-09 14:48:00,0.7004106776180699
62020,2024-11-26 19:00:00,2025-08-09 14:55:00,0.7004239866149518
62021,2024-11-25 21:00:00,2025-08-09 09:58:00,0.7023690014449768
62022,2024-11-26 11:00:00,2025-08-09 18:00:00,0.7016883413187315
62023,2024-11-26 11:00:00,2025-08-09 08:37:00,0.7006179177123736
62024,2024-11-26 03:00:00,2025-08-09 07:28:00,0.7013993459578676
62025,2024-11-26 19:00:00,2025-08-09 12:57:00,0.7001996349532283
62026,2024-11-26 03:00:00,2025-08-09 09:11:00,0.7015951783405582
62027,2024-11-26 19:00:00,2025-08-09 08:48:00,0.6997262149212868
62032,2024-11-28 13:00:00,2025-08-09 15:22:00,0.6956840824397292
62033,2024-11-28 13:00:00,2025-08-09 16:15:00,0.6957848505589779
62034,2024-11-28 13:00:00,2025-08-09 08:27:00,0.6948950490531599
62035,2024-11-28 13:00:00,2025-08-09 15:18:00,0.6956764772986539
62036,2024-11-28 13:00:00,2025-08-08 23:08:00,0.6938322305878774
62037,2024-11-28 13:00:00,2025-08-09 05:36:00,0.694569929272188
62038,2024-11-28 13:00:00,2025-08-09 10:00:00,0.6950718685831622
62039,2024-11-28 13:00:00,2025-08-09 08:36:00,0.6949121606205795
62040,2024-11-28 13:00:00,2025-08-09 06:13:00,0.6946402768271351
62041,2024-11-28 13:00:00,2025-08-09 05:34:00,0.6945661267016503
62042,2024-11-28 13:00:00,2025-08-09 05:10:00,0.6945204958551982
62043,2024-11-28 13:00:00,2025-08-09 15:32:00,0.6957030952924177
62044,2024-11-28 13:00:00,2025-08-09 16:24:00,0.6958019621263974
62045,2024-11-28 13:00:00,2025-08-08 23:10:00,0.6938360331584151
62046,2024-11-28 13:00:00,2025-08-09 07:22:00,0.6947714655106852
62047,2024-11-28 13:00:00,2025-08-09 05:42:00,0.6945813369838011
62048,2024-11-28 13:00:00,2025-08-08 10:57:00,0.6924423910563541
62049,2024-11-28 13:00:00,2025-08-09 05:13:00,0.6945261997110046
62050,2024-11-28 13:00:00,2025-08-09 00:28:00,0.6939843334093847
62051,2024-11-28 13:00:00,2025-08-09 07:36:00,0.694798083504449
62052,2024-11-28 13:00:00,2025-08-09 09:27:00,0.6950091261692904
62053,2024-11-28 19:00:00,2025-08-09 16:20:00,0.6951098942885391
62054,2024-11-28 19:00:00,2025-08-09 05:08:00,0.6938322305878774
62055,2024-11-28 19:00:00,2025-08-09 15:08:00,0.6949730017491824
62057,2024-12-04 23:00:00,2025-08-09 16:59:00,0.6783006312267092
62058,2024-12-04 23:00:00,2025-08-09 16:52:00,0.6782873222298273
62059,2024-12-04 23:00:00,2025-08-09 06:59:00,0.6771598600654042
62060,2024-12-04 23:00:00,2025-08-09 08:45:00,0.6773613963039015
62061,2024-12-04 23:00:00,2025-08-09 06:52:00,0.6771465510685223
62062,2024-12-04 23:00:00,2025-08-09 06:45:00,0.6771332420716404
62063,2024-12-04 23:00:00,2025-08-09 10:10:00,0.6775230055517529
62064,2024-12-04 23:00:00,2025-08-09 17:06:00,0.6783139402235911
62065,2024-12-04 23:00:00,2025-08-09 16:45:00,0.6782740132329454
62066,2024-12-04 23:00:00,2025-08-09 06:38:00,0.6771199330747585
62067,2024-12-04 23:00:00,2025-08-09 16:38:00,0.6782607042360635
62068,2024-12-04 23:00:00,2025-08-09 06:31:00,0.6771066240778767
62069,2024-12-04 23:00:00,2025-08-09 08:52:00,0.6773747053007834
62070,2024-12-04 23:00:00,2025-08-09 13:32:00,0.677907065176059
62071,2024-12-04 23:00:00,2025-08-09 13:30:00,0.6779032626055214
62072,2024-12-04 23:00:00,2025-08-09 13:14:00,0.6778728420412199
62073,2024-12-04 23:00:00,2025-08-09 13:05:00,0.6778557304738003
62074,2024-12-04 23:00:00,2025-08-09 10:30:00,0.6775610312571299
62075,2024-12-04 23:00:00,2025-08-09 12:56:00,0.6778386189063808
62076,2024-12-04 23:00:00,2025-08-09 09:56:00,0.6774963875579892
62088,2024-12-05 19:00:00,2025-08-09 14:20:00,0.6757167845463533
62089,2024-12-05 19:00:00,2025-08-09 06:34:00,0.6748307856110731
62090,2024-12-05 19:00:00,2025-08-09 14:05:00,0.6756882652673207
62091,2024-12-05 13:00:00,2025-08-09 06:19:00,0.6754867290288235
62092,2024-12-05 19:00:00,2025-08-09 13:49:00,0.6756578447030193
62093,2024-12-05 19:00:00,2025-08-09 13:42:00,0.6756445357061374
62094,2024-12-05 19:00:00,2025-08-09 13:34:00,0.6756293254239866
62095,2024-12-05 19:00:00,2025-08-09 13:26:00,0.6756141151418359
62096,2024-12-05 13:00:00,2025-08-09 14:50:00,0.6764582858012016
62097,2024-12-05 13:00:00,2025-08-09 14:43:00,0.6764449768043197
62098,2024-12-05 13:00:00,2025-08-09 14:35:00,0.676429766522169
62099,2024-12-05 13:00:00,2025-08-09 14:27:00,0.6764145562400182
62100,2024-12-05 19:00:00,2025-08-09 10:33:00,0.6752851927903263
62101,2024-12-05 13:00:00,2025-08-09 11:37:00,0.6760913377443152
62102,2024-12-05 19:00:00,2025-08-09 11:54:00,0.6754391968971024
62103,2024-12-05 19:00:00,2025-08-09 05:15:00,0.6746805840748346
62104,2024-12-05 19:00:00,2025-08-09 12:20:00,0.6754886303140923
62105,2024-12-05 13:00:00,2025-04-29 21:27:00,0.3979523157654575
62106,2024-12-05 13:00:00,2025-08-09 12:20:00,0.6761730930108754
62107,2024-12-05 13:00:00,2025-08-08 18:58:00,0.6741919537607423
62108,2024-12-05 19:00:00,2025-08-09 12:03:00,0.675456308464522
62109,2024-12-05 19:00:00,2025-08-09 05:26:00,0.6747014982127918
62110,2024-12-05 19:00:00,2025-08-09 02:44:00,0.6743934899992395
62114,2024-12-07 14:42:00,2025-08-09 10:00:00,0.6702372804015514
62115,2024-12-07 14:41:00,2025-08-09 15:14:00,0.6708361852612366
62116,2024-12-07 14:41:00,2025-08-09 07:55:00,0.6700015210282151
62117,2024-12-07 06:57:00,2025-08-09 07:35:00,0.6708456916875808
62118,2024-12-07 14:39:00,2025-08-09 07:03:00,0.669906456764773
62119,2024-12-07 14:38:00,2025-08-09 00:16:00,0.6691345349456232
62120,2024-12-06 22:02:00,2025-08-09 14:32:00,0.6726557152635181
62121,2024-12-07 14:38:00,2025-08-09 07:13:00,0.6699273709027302
62122,2024-12-07 16:08:00,2025-08-09 07:38:00,0.6698037873602556
62123,2024-12-06 22:00:00,2025-08-09 15:57:00,0.6728211270819073
62124,2024-12-06 21:59:00,2025-08-09 07:29:00,0.6718571754506046
62125,2024-12-07 00:58:00,2025-08-09 14:38:00,0.672332496767815
62126,2024-12-07 00:59:00,2025-08-09 07:07:00,0.6714731158262985
62127,2024-12-07 14:15:00,2025-08-08 23:44:00,0.6691174233782037
62128,2024-12-07 07:00:00,2025-08-09 08:01:00,0.6708894212487642
62129,2024-12-07 14:33:00,2025-08-09 00:07:00,0.6691269298045479
62130,2024-12-07 17:34:00,2025-08-09 07:18:00,0.6696022511217583
62131,2024-12-07 14:31:00,2025-08-09 00:19:00,0.6691535477983117
62132,2024-12-07 14:32:00,2025-08-09 06:58:00,0.6699102593353107
62133,2024-12-07 14:31:00,2025-08-09 07:50:00,0.6700110274545593
62134,2024-12-07 14:30:00,2025-08-09 14:20:00,0.6707544299946764
62135,2024-12-07 14:30:00,2025-08-09 14:43:00,0.6707981595558598
62136,2024-12-07 14:29:00,2025-08-09 15:26:00,0.6708818161076888
62137,2024-12-07 16:00:00,2025-08-09 07:44:00,0.6698304053540193
62139,2024-12-07 19:00:00,2025-08-09 17:22:00,0.6705871168910184
62140,2024-12-07 13:00:00,2025-08-09 17:33:00,0.6712924937257586
62141,2024-12-07 13:00:00,2025-08-08 23:22:00,0.6692181914974523
62142,2024-12-07 13:00:00,2025-08-08 23:15:00,0.6692048825005704
62143,2024-12-07 13:00:00,2025-08-09 16:27:00,0.6711670088980151
62144,2024-12-07 13:00:00,2025-08-09 16:25:00,0.6711632063274774
62145,2024-12-07 13:00:00,2025-08-08 17:36:00,0.668560346794433
62146,2024-12-07 13:00:00,2025-08-08 17:38:00,0.6685641493649708
62147,2024-12-07 13:00:00,2025-08-09 15:51:00,0.6710985626283368
62148,2024-12-07 13:00:00,2025-08-09 16:56:00,0.6712221461708114
62149,2024-12-07 13:00:00,2025-08-09 16:54:00,0.6712183436002738
62150,2024-12-07 13:00:00,2025-08-09 16:15:00,0.6711441934747889
62151,2024-12-07 13:00:00,2025-08-08 17:51:00,0.6685888660734657
62152,2024-12-07 13:00:00,2025-08-09 16:42:00,0.6711955281770476
62153,2024-12-07 13:00:00,2025-08-09 15:46:00,0.6710890562019926
62154,2024-12-07 13:00:00,2025-08-08 17:59:00,0.6686040763556164
62155,2024-12-07 13:00:00,2025-08-08 17:04:00,0.66849950566583
62156,2024-12-07 13:00:00,2025-08-09 08:52:00,0.6703019241006921
62157,2024-12-07 13:00:00,2025-08-09 16:19:00,0.6711517986158643
62158,2024-12-07 13:00:00,2025-08-09 17:00:00,0.6712297513118869
62159,2024-12-07 13:00:00,2025-08-09 16:59:00,0.671227850026618
62160,2024-12-07 13:00:00,2025-08-09 17:29:00,0.6712848885846833
62161,2024-12-07 13:00:00,2025-08-09 01:06:00,0.6694159251654118
62162,2024-12-07 19:00:00,2025-08-09 09:02:00,0.6696364742565974
62165,2024-12-11 07:00:00,2025-08-09 05:30:00,0.6596509240246407
62166,2024-12-11 07:00:00,2025-08-09 06:30:00,0.6597650011407712
62167,2024-12-11 07:00:00,2025-08-09 13:55:00,0.6606110730854058
62168,2024-12-11 07:00:00,2025-08-09 06:48:00,0.6597992242756103
62169,2024-12-11 07:00:00,2025-08-09 07:00:00,0.6598220396988365
62170,2024-12-11 07:00:00,2025-08-09 05:42:00,0.6596737394478668
62171,2024-12-11 07:00:00,2025-08-09 06:12:00,0.659730778005932
62172,2024-12-11 07:00:00,2025-08-09 06:36:00,0.6597764088523842
62173,2024-12-11 07:00:00,2025-08-09 06:03:00,0.6597136664385125
62174,2024-12-11 07:00:00,2025-08-09 06:18:00,0.6597421857175451
62175,2024-12-11 07:00:00,2025-08-09 13:49:00,0.6605996653737927
62176,2024-12-11 07:00:00,2025-08-09 05:36:00,0.6596623317362537
62177,2024-12-11 07:00:00,2025-08-09 05:18:00,0.6596281086014145
62178,2024-12-11 07:00:00,2025-08-09 05:39:00,0.6596680355920602
62179,2024-12-11 07:00:00,2025-08-09 13:07:00,0.6605198113925014
62180,2024-12-11 07:00:00,2025-08-09 18:00:00,0.661076887976272
62181,2024-12-11 07:00:00,2025-08-09 05:15:00,0.6596224047456081
62182,2024-12-11 07:00:00,2025-08-09 06:00:00,0.6597079625827059
62183,2024-12-11 07:00:00,2025-08-09 06:00:00,0.6597079625827059
62184,2024-12-11 07:00:00,2025-08-09 04:51:00,0.6595767738991558
62192,2024-12-11 19:00:00,2025-08-09 08:36:00,0.6586356376910791
62193,2024-12-11 19:00:00,2025-08-09 16:52:00,0.6595786751844247
62194,2024-12-11 19:00:00,2025-08-09 06:50:00,0.658434101452582
62195,2024-12-11 19:00:00,2025-08-09 16:36:00,0.6595482546201232
62196,2024-12-11 19:00:00,2025-08-09 08:27:00,0.6586185261236596
62197,2024-12-11 19:00:00,2025-08-09 07:59:00,0.6585652901361321
62198,2024-12-11 13:00:00,2025-08-09 16:24:00,0.6602099018936801
62199,2024-12-11 19:00:00,2025-08-09 15:21:00,0.6594056582249601
62200,2024-12-11 13:00:00,2025-08-09 05:57:00,0.6590177960301163
62201,2024-12-11 13:00:00,2025-08-09 16:04:00,0.6601718761883033
62202,2024-12-11 13:00:00,2025-08-09 09:22:00,0.6594075595102289
62203,2024-12-11 13:00:00,2025-08-09 16:47:00,0.6602536314548635
62204,2024-12-11 13:00:00,2025-08-09 06:02:00,0.6590273024564606
62205,2024-12-11 13:00:00,2025-08-09 05:11:00,0.6589303369077496
62206,2024-12-11 13:00:00,2025-08-09 06:45:00,0.6591090577230208
62207,2024-12-11 19:00:00,2025-08-08 23:48:00,0.6576317590691307
62208,2024-12-11 19:00:00,2025-08-09 16:41:00,0.6595577610464675
62209,2024-12-11 19:00:00,2025-08-09 06:34:00,0.6584036808882805
62210,2024-12-11 13:00:00,2025-08-09 16:30:00,0.6602213096052931
62211,2024-12-11 13:00:00,2025-08-09 06:56:00,0.659129971860978
62212,2024-12-11 13:00:00,2025-08-09 09:19:00,0.6594018556544224
62213,2024-12-11 13:00:00,2025-08-09 00:02:00,0.6583428397596776
62214,2024-12-11 13:00:00,2025-08-09 15:53:00,0.6601509620503461
62215,2024-12-11 19:00:00,2025-08-09 09:16:00,0.6587116891018329
62218,2024-12-11 19:00:00,2025-08-09 14:41:00,0.6593296068142064
62219,2024-12-11 19:00:00,2025-08-09 08:42:00,0.6586470454026923
62220,2024-12-11 19:00:00,2025-08-09 11:59:00,0.659021598600654
62221,2024-12-11 19:00:00,2025-08-09 09:10:00,0.6587002813902197
62222,2024-12-11 19:00:00,2025-08-09 11:52:00,0.6590082896037721
62223,2024-12-11 19:00:00,2025-08-09 07:59:00,0.6585652901361321
62224,2024-12-11 19:00:00,2025-08-09 07:31:00,0.6585120541486045
62225,2024-12-11 19:00:00,2025-08-09 08:06:00,0.6585785991330139
62226,2024-12-11 19:00:00,2025-08-09 08:13:00,0.6585919081298958
62227,2024-12-11 19:00:00,2025-08-09 08:28:00,0.6586204274089285
62228,2024-12-11 19:00:00,2025-08-09 10:56:00,0.658901817628717
62229,2024-12-11 19:00:00,2025-08-09 08:21:00,0.6586071184120466
62230,2024-12-11 19:00:00,2025-08-09 09:17:00,0.6587135903871016
62231,2024-12-11 13:00:00,2025-08-09 15:23:00,0.6600939234922808
62232,2024-12-11 19:00:00,2025-08-09 12:51:00,0.6591204654346338
62233,2024-12-11 19:00:00,2025-08-09 09:45:00,0.6587668263746292
62234,2024-12-11 19:00:00,2025-08-09 14:58:00,0.6593619286637767
62235,2024-12-11 19:00:00,2025-08-09 09:58:00,0.6587915430831242
62236,2024-12-11 19:00:00,2025-08-09 06:04:00,0.6583466423302152
62262,2024-12-11 19:00:00,2025-08-09 15:12:00,0.6593885466575405
62267,2024-12-15 11:00:00,2025-08-08 18:34:00,0.6469959692752301
62268,2024-12-15 19:00:00,2025-08-09 15:10:00,0.6484333409384744
62269,2024-12-15 19:00:00,2025-08-09 15:02:00,0.6484181306563237
62270,2024-12-15 19:00:00,2025-08-09 15:25:00,0.6484618602175071
62271,2024-12-15 19:00:00,2025-08-09 14:47:00,0.648389611377291
62272,2024-12-15 19:00:00,2025-08-09 00:32:00,0.6467640124724313
62273,2024-12-15 19:00:00,2025-08-09 14:32:00,0.6483610920982584
62274,2024-12-15 19:00:00,2025-08-09 15:40:00,0.6484903794965396
62275,2024-12-15 19:00:00,2025-08-09 14:55:00,0.6484048216594418
62276,2024-12-15 11:00:00,2025-08-09 15:17:00,0.6493592668644004
62277,2024-12-15 11:00:00,2025-08-09 15:33:00,0.6493896874287018
62278,2024-12-15 11:00:00,2025-08-09 14:39:00,0.6492870180241843
62279,2024-12-15 11:00:00,2025-08-09 14:56:00,0.6493193398737547
62280,2024-12-15 11:00:00,2025-08-09 01:41:00,0.6478078180850255
62281,2024-12-15 11:00:00,2025-08-09 04:33:00,0.6481348391512662
62282,2024-12-15 11:00:00,2025-08-09 05:41:00,0.6482641265495475
62283,2024-12-15 11:00:00,2025-08-09 03:09:00,0.6479751311886836
62284,2024-12-15 11:00:00,2025-08-09 02:42:00,0.6479237964864248
62285,2024-12-15 11:00:00,2025-08-09 05:35:00,0.6482527188379344
62286,2024-12-15 11:00:00,2025-08-09 12:12:00,0.6490075290896646
62287,2024-12-15 11:00:00,2025-08-09 02:36:00,0.6479123887748117
62288,2024-12-15 11:00:00,2025-08-09 04:01:00,0.6480739980226633
62289,2024-12-15 11:00:00,2025-08-08 20:36:00,0.6472279260780287
62301,2024-12-21 13:00:00,2025-08-09 08:42:00,0.6319530002281543
62302,2024-12-21 13:00:00,2025-08-09 11:07:00,0.6322286865921363
62303,2024-12-21 13:00:00,2025-08-09 13:02:00,0.6324473343980531
62304,2024-12-21 13:00:00,2025-08-09 13:43:00,0.6325252870940756
62305,2024-12-21 13:00:00,2025-08-09 13:17:00,0.6324758536770857
62306,2024-12-21 13:00:00,2025-08-09 10:51:00,0.6321982660278348
62307,2024-12-21 13:00:00,2025-08-09 10:00:00,0.6321013004791239
62308,2024-12-21 13:00:00,2025-08-09 10:00:00,0.6321013004791239
62309,2024-12-21 13:00:00,2025-08-09 08:36:00,0.6319415925165411
62310,2024-12-21 13:00:00,2025-08-09 13:03:00,0.6324492356833219
62311,2024-12-21 13:00:00,2025-08-09 10:29:00,0.6321564377519203
62312,2024-12-21 13:00:00,2025-08-09 10:04:00,0.6321089056201993
62313,2024-12-21 13:00:00,2025-08-09 10:29:00,0.6321564377519203
62314,2024-12-21 13:00:00,2025-08-09 10:48:00,0.6321925621720282
62315,2024-12-21 13:00:00,2025-08-09 10:01:00,0.6321032017643927
62316,2024-12-21 13:00:00,2025-08-09 14:33:00,0.6326203513575177
62317,2024-12-21 13:00:00,2025-08-09 09:22:00,0.6320290516389079
62318,2024-12-21 13:00:00,2025-07-19 22:47:00,0.5760647197505514
62319,2024-12-21 13:00:00,2025-08-09 12:56:00,0.63243592668644
62320,2024-12-21 13:00:00,2025-08-09 08:42:00,0.6319530002281543
62321,2024-12-21 13:00:00,2025-08-09 16:49:00,0.6328789261540801
62322,2024-12-21 13:00:00,2025-08-09 10:42:00,0.6321811544604152
62487,2025-01-16 21:00:00,2025-08-09 07:26:00,0.5597117651532436
62488,2025-01-16 19:00:00,2025-08-09 01:55:00,0.5593105939615179
62489,2025-01-16 21:00:00,2025-08-09 17:13:00,0.5608278196060537
62490,2025-01-16 21:00:00,2025-08-09 10:40:00,0.5600806144953989
62491,2025-01-16 21:00:00,2025-08-09 07:04:00,0.559669936877329
62492,2025-01-16 21:00:00,2025-08-09 09:15:00,0.5599190052475473
62493,2025-01-16 21:00:00,2025-08-09 07:59:00,0.5597745075671153
62494,2025-01-16 19:00:00,2025-08-09 02:06:00,0.5593315080994753
62495,2025-01-16 19:00:00,2025-08-09 02:53:00,0.5594208685071108
62496,2025-01-16 19:00:00,2025-08-09 00:27:00,0.5591432808578599
62497,2025-01-16 19:00:00,2025-08-09 10:03:00,0.5602384211727127
62498,2025-01-16 19:00:00,2025-08-09 07:17:00,0.559922807818085
62499,2025-01-16 19:00:00,2025-08-09 09:31:00,0.5601775800441098
62500,2025-01-16 19:00:00,2025-08-09 09:20:00,0.5601566659061525
62501,2025-01-16 19:00:00,2025-08-09 07:15:00,0.5599190052475473
62502,2025-01-16 19:00:00,2025-08-09 07:09:00,0.5599075975359343
62503,2025-01-16 19:00:00,2025-08-09 09:53:00,0.5602194083200244
62504,2025-01-16 19:00:00,2025-08-09 08:06:00,0.5600159707962583
62505,2025-01-16 19:00:00,2025-08-09 11:17:00,0.5603791162826071
62506,2025-01-16 19:00:00,2025-08-09 16:48:00,0.5610084417065937
62507,2025-01-16 19:00:00,2025-08-09 08:03:00,0.5600102669404518
62508,2025-01-16 19:00:00,2025-08-09 10:08:00,0.560247927599057
62509,2025-01-16 19:00:00,2025-08-09 09:26:00,0.5601680736177657
62510,2025-01-16 19:00:00,2025-08-09 07:20:00,0.5599285116738916
62511,2025-01-16 19:00:00,2025-08-09 15:52:00,0.5609019697315385
62512,2025-01-16 19:00:00,2025-08-09 16:38:00,0.5609894288539052
62513,2025-01-16 19:00:00,2025-08-09 16:15:00,0.5609456992927219
62514,2025-01-16 19:00:00,2025-08-09 08:08:00,0.560019773366796
62515,2025-01-16 19:00:00,2025-08-09 00:22:00,0.5591337744315157
62516,2025-01-16 19:00:00,2025-08-09 16:23:00,0.5609609095748727
62517,2025-01-16 19:00:00,2025-08-09 15:14:00,0.5608297208913225
62518,2025-01-16 19:00:00,2025-08-09 16:00:00,0.5609171800136893
62519,2025-01-16 19:00:00,2025-08-09 16:08:00,0.56093239029584
62520,2025-01-16 19:00:00,2025-08-09 15:22:00,0.5608449311734732
62521,2025-01-16 19:00:00,2025-08-09 16:31:00,0.5609761198570233
62522,2025-01-16 19:00:00,2025-08-09 08:07:00,0.5600178720815271
62523,2025-01-16 19:00:00,2025-08-09 15:30:00,0.560860141455624
62524,2025-01-16 19:00:00,2025-08-09 02:45:00,0.55940565822496
62525,2025-01-16 19:00:00,2025-08-08 21:25:00,0.5587972469389307
62526,2025-01-16 19:00:00,2025-08-09 03:26:00,0.5594836109209825
62527,2025-01-16 19:00:00,2025-08-09 07:49:00,0.559983648946688
62528,2025-01-16 19:00:00,2025-08-09 05:27:00,0.5597136664385124
62529,2025-01-16 19:00:00,2025-08-09 12:41:00,0.5605388242451897
62530,2025-01-16 19:00:00,2025-08-09 04:30:00,0.5596052931781884
62531,2025-01-16 19:00:00,2025-08-09 12:52:00,0.560559738383147
62554,2025-01-19 13:00:00,2025-08-09 13:11:00,0.5530667731386417
62555,2025-01-19 19:00:00,2025-08-09 13:19:00,0.5523975207240094
62556,2025-01-19 13:00:00,2025-08-09 12:49:00,0.5530249448627272
62557,2025-01-19 19:00:00,2025-08-09 07:43:00,0.5517586888736786
62558,2025-01-19 13:00:00,2025-08-09 06:04:00,0.5522549243288463
62559,2025-01-19 19:00:00,2025-08-09 04:48:00,0.5514259639516313
62560,2025-01-19 13:00:00,2025-08-09 12:57:00,0.5530401551448779
62561,2025-01-19 13:00:00,2025-08-09 13:27:00,0.5530971937029432
62562,2025-01-19 19:00:00,2025-08-09 12:56:00,0.5523537911628261
62563,2025-01-19 13:00:00,2025-08-09 02:53:00,0.5518917788424975
62564,2025-01-19 19:00:00,2025-08-09 10:00:00,0.55201916495551
62565,2025-01-19 19:00:00,2025-08-09 12:41:00,0.5523252718837934
62566,2025-01-19 19:00:00,2025-08-09 13:04:00,0.5523690014449768
62567,2025-01-19 19:00:00,2025-08-09 07:18:00,0.5517111567419576
62568,2025-01-19 19:00:00,2025-08-09 09:03:00,0.551910791695186
62569,2025-01-19 19:00:00,2025-08-09 09:12:00,0.5519279032626055
62570,2025-01-19 19:00:00,2025-08-09 09:23:00,0.5519488174005628
62571,2025-01-19 19:00:00,2025-08-09 08:26:00,0.5518404441402388
62572,2025-01-19 19:00:00,2025-08-09 08:00:00,0.5517910107232489
62573,2025-01-19 19:00:00,2025-08-09 01:58:00,0.5511027454559282
62574,2025-01-19 13:00:00,2025-08-09 10:15:00,0.5527321469313256
62587,2025-01-19 13:00:00,2025-08-09 12:21:00,0.5529717088751996
62588,2025-01-19 13:00:00,2025-08-09 03:58:00,0.5520153623849723
62589,2025-01-19 13:00:00,2025-08-09 12:06:00,0.5529431895961671
62590,2025-01-19 13:00:00,2025-08-09 05:06:00,0.5521446497832535
62591,2025-01-19 13:00:00,2025-08-09 06:07:00,0.5522606281846528
62592,2025-01-19 13:00:00,2025-08-09 12:37:00,0.5530021294395011
62593,2025-01-19 19:00:00,2025-08-09 12:29:00,0.5523024564605673
62594,2025-01-19 19:00:00,2025-08-09 03:50:00,0.5513156894060385
62595,2025-01-19 13:00:00,2025-08-09 05:14:00,0.5521598600654042
62596,2025-01-19 13:00:00,2025-08-02 10:00:00,0.5335386721423683
62597,2025-01-19 13:00:00,2025-08-09 11:43:00,0.5528994600349837
62598,2025-01-19 13:00:00,2025-08-09 02:41:00,0.5518689634192714
62599,2025-01-19 13:00:00,2025-08-09 11:58:00,0.5529279793140163
62600,2025-01-19 19:00:00,2025-08-09 09:02:00,0.5519088904099171
62601,2025-01-19 19:00:00,2025-08-09 06:36:00,0.5516313027606662
62602,2025-01-19 19:00:00,2025-08-09 06:42:00,0.5516427104722793
62603,2025-01-19 13:00:00,2025-08-09 07:44:00,0.5524450528557304
62604,2025-01-19 13:00:00,2025-08-09 07:50:00,0.5524564605673435
62605,2025-01-19 13:00:00,2025-08-09 06:21:00,0.5522872461784166
62606,2025-01-19 13:00:00,2025-08-09 06:47:00,0.5523366795954064
62607,2025-01-19 13:00:00,2025-08-09 06:30:00,0.5523043577458362
62735,2025-01-26 13:00:00,2025-08-09 16:09:00,0.5342402464065709
62736,2025-01-26 13:00:00,2025-08-09 17:15:00,0.5343657312343144
62737,2025-01-26 13:00:00,2025-08-09 15:23:00,0.5341527872842041
62738,2025-01-26 13:00:00,2025-08-09 16:45:00,0.5343086926762491
62739,2025-01-26 13:00:00,2025-08-09 08:51:00,0.5334074834588182
62740,2025-01-26 19:00:00,2025-08-09 08:40:00,0.5327021066240779
62741,2025-01-26 19:00:00,2025-08-09 15:26:00,0.5334740284432277
62742,2025-01-26 19:00:00,2025-08-09 15:43:00,0.5335063502927979
62743,2025-01-26 19:00:00,2025-08-09 08:44:00,0.5327097117651532
62744,2025-01-26 19:00:00,2025-08-09 15:42:00,0.5335044490075291
62745,2025-01-26 19:00:00,2025-08-09 16:36:00,0.5336071184120466
62746,2025-01-26 13:00:00,2025-08-09 16:29:00,0.5342782721119477
62747,2025-01-26 13:00:00,2025-08-09 17:32:00,0.5343980530838847
62748,2025-01-26 13:00:00,2025-08-09 17:01:00,0.5343391132405506
62749,2025-01-26 13:00:00,2025-08-09 15:31:00,0.5341679975663548
62750,2025-01-26 13:00:00,2025-08-09 15:22:00,0.5341508859989352
62751,2025-01-26 13:00:00,2025-08-09 16:17:00,0.5342554566887215
62752,2025-01-26 13:00:00,2025-08-09 08:42:00,0.5333903718913986
62753,2025-01-26 13:00:00,2025-08-09 08:33:00,0.533373260323979
62754,2025-01-26 13:00:00,2025-08-09 17:08:00,0.5343524222374325
62755,2025-01-26 13:00:00,2025-08-09 08:16:00,0.5333409384744087
62758,2025-01-26 19:00:00,2025-08-09 05:45:00,0.5323693817020305
62759,2025-01-26 13:00:00,2025-08-09 05:42:00,0.5330481405430071
62760,2025-01-26 13:00:00,2025-08-08 19:54:00,0.5319301848049282
62761,2025-01-26 19:00:00,2025-08-09 12:48:00,0.5331736253707506
62762,2025-01-26 19:00:00,2025-08-09 06:03:00,0.5324036048368698
62763,2025-01-26 13:00:00,2025-08-09 05:50:00,0.5330633508251578
62764,2025-01-26 13:00:00,2025-08-09 05:56:00,0.5330747585367709
62765,2025-01-26 19:00:00,2025-08-09 05:22:00,0.5323256521408473
62766,2025-01-26 19:00:00,2025-08-09 06:20:00,0.53243592668644
62767,2025-01-26 19:00:00,2025-08-08 19:44:00,0.5312267092554567
62768,2025-01-26 19:00:00,2025-08-09 12:50:00,0.5331774279412883
62769,2025-01-26 19:00:00,2025-08-09 12:26:00,0.5331317970948362
62770,2025-01-26 19:00:00,2025-08-09 05:59:00,0.5323959996957943
62771,2025-01-26 19:00:00,2025-08-09 06:12:00,0.5324207164042893
62772,2025-01-26 19:00:00,2025-08-09 05:36:00,0.532352270134611
62773,2025-01-26 19:00:00,2025-08-08 19:31:00,0.5312019925469618
62774,2025-01-26 19:00:00,2025-08-09 06:18:00,0.5324321241159023
62775,2025-01-26 19:00:00,2025-08-09 05:21:00,0.5323237508555784
62776,2025-01-26 19:00:00,2025-08-09 12:33:00,0.533145106091718
62777,2025-01-26 19:00:00,2025-08-08 19:52:00,0.5312419195376075
62778,2025-01-26 19:00:00,2025-08-09 06:08:00,0.5324131112632139
62779,2025-01-26 19:00:00,2025-08-08 19:43:00,0.5312248079701879
62780,2025-01-26 19:00:00,2025-08-09 06:14:00,0.532424518974827
62781,2025-01-26 19:00:00,2025-08-08 19:45:00,0.5312286105407256
62782,2025-01-26 19:00:00,2025-08-09 12:10:00,0.5331013765305347
62783,2025-01-26 19:00:00,2025-08-09 06:28:00,0.5324511369685908
62784,2025-01-26 19:00:00,2025-08-09 05:38:00,0.5323560727051487
62806,2025-02-01 17:00:00,2025-08-09 05:23:00,0.5161286029355845
62807,2025-02-01 17:00:00,2025-08-09 17:54:00,0.5175564681724846
62808,2025-02-01 17:00:00,2025-08-09 11:45:00,0.516854893908282
62809,2025-02-01 17:00:00,2025-08-09 17:51:00,0.5175507643166781
62810,2025-02-01 13:00:00,2025-08-09 17:59:00,0.5180222830633509
62811,2025-02-01 17:00:00,2025-08-09 05:00:00,0.5160848733744011
62812,2025-02-01 13:00:00,2025-08-09 11:30:00,0.5172826830937713
62813,2025-02-01 17:00:00,2025-08-09 04:56:00,0.5160772682333258
62814,2025-02-01 13:00:00,2025-08-08 18:51:00,0.5153832991101985
62815,2025-02-01 13:00:00,2025-08-09 05:05:00,0.5165506882652673
62816,2025-02-01 13:00:00,2025-08-08 21:48:00,0.5157198266027835
62817,2025-02-01 13:00:00,2025-08-09 05:08:00,0.5165563921210738
62818,2025-02-01 13:00:00,2025-08-09 11:15:00,0.5172541638147388
62819,2025-02-01 13:00:00,2025-08-09 05:32:00,0.516602022967526
62820,2025-02-01 13:00:00,2025-08-09 11:53:00,0.5173264126549547
62821,2025-02-01 13:00:00,2025-08-09 11:33:00,0.5172883869495779
62822,2025-02-01 13:00:00,2025-08-09 18:00:00,0.5180241843486196
62823,2025-02-01 13:00:00,2025-08-09 05:03:00,0.5165468856947296
62824,2025-02-01 13:00:00,2025-08-09 12:02:00,0.5173435242223743
62825,2025-02-01 17:00:00,2025-08-09 04:34:00,0.5160354399574112
62826,2025-02-01 17:00:00,2025-08-09 05:34:00,0.5161495170735417
62827,2025-02-01 17:00:00,2025-08-09 02:59:00,0.5158548178568713
62828,2025-02-01 13:00:00,2025-08-08 21:46:00,0.5157160240322458
62829,2025-02-06 19:00:00,2025-08-09 16:37:00,0.5034926610388623
62830,2025-02-06 19:00:00,2025-08-09 17:07:00,0.5035496995969275
62831,2025-02-06 19:00:00,2025-08-08 17:28:00,0.500851775800441
62832,2025-02-06 19:00:00,2025-08-09 15:59:00,0.5034204121986463
62833,2025-02-06 19:00:00,2025-08-09 08:28:00,0.5025629325423987
62834,2025-02-06 19:00:00,2025-08-09 16:44:00,0.5035059700357442
62835,2025-02-06 19:00:00,2025-08-09 11:55:00,0.5029564985930489
62836,2025-02-06 19:00:00,2025-08-09 15:43:00,0.5033899916343448
62837,2025-02-06 19:00:00,2025-08-09 16:52:00,0.503521180317895
62838,2025-02-06 19:00:00,2025-08-09 15:14:00,0.5033348543615485
62839,2025-02-06 19:00:00,2025-08-09 16:14:00,0.5034489314776789
62840,2025-02-06 19:00:00,2025-08-09 13:56:00,0.5031865541105788
62841,2025-02-06 13:00:00,2025-08-09 15:51:00,0.5040896646132785
62842,2025-02-06 19:00:00,2025-08-09 04:03:00,0.5020590919461556
62843,2025-02-06 19:00:00,2025-08-09 04:09:00,0.5020704996577686
62844,2025-02-06 19:00:00,2025-08-09 12:37:00,0.5030363525743402
62845,2025-02-06 19:00:00,2025-08-08 21:19:00,0.5012909726975435
62846,2025-02-06 19:00:00,2025-08-09 04:20:00,0.5020914137957259
62847,2025-02-06 19:00:00,2025-08-09 03:58:00,0.5020495855198114
62848,2025-02-06 19:00:00,2025-08-09 04:18:00,0.5020876112251882
62849,2025-02-06 19:00:00,2025-08-09 11:34:00,0.5029165716024032
62854,2025-02-11 23:00:00,2025-08-09 06:06:00,0.4881473876340406
62855,2025-02-11 23:00:00,2025-08-09 06:11:00,0.4881568940603848
62856,2025-02-11 23:00:00,2025-08-09 16:53:00,0.4893775192029812
62857,2025-02-11 23:00:00,2025-08-09 16:51:00,0.48937371663244356
62858,2025-02-11 23:00:00,2025-08-09 09:25:00,0.4885257434025401
62859,2025-02-11 23:00:00,2025-08-09 09:42:00,0.48855806525211043
62860,2025-02-11 23:00:00,2025-08-09 09:54:00,0.4885808806753365
62861,2025-02-11 23:00:00,2025-08-09 16:59:00,0.4893889269145943
62862,2025-02-11 23:00:00,2025-08-09 12:59:00,0.48893261845007224
62863,2025-02-11 23:00:00,2025-08-09 08:49:00,0.4884572971328618
62864,2025-02-11 23:00:00,2025-08-09 08:56:00,0.4884706061297437
62865,2025-02-11 23:00:00,2025-08-09 10:01:00,0.4885941896722184
62866,2025-02-11 23:00:00,2025-08-09 06:12:00,0.48815879534565365
62867,2025-02-11 23:00:00,2025-08-09 06:40:00,0.48821203133318125
62868,2025-02-11 23:00:00,2025-08-09 06:58:00,0.4882462544680204
62869,2025-02-11 23:00:00,2025-08-09 16:44:00,0.48936040763556166
62870,2025-02-11 23:00:00,2025-08-09 06:15:00,0.4881644992014602
62871,2025-02-11 23:00:00,2025-08-09 07:01:00,0.4882519583238269
62872,2025-02-11 23:00:00,2025-08-09 09:07:00,0.488491520267701
62873,2025-02-11 23:00:00,2025-08-09 06:41:00,0.4882139326184501
62874,2025-02-11 23:00:00,2025-08-09 16:33:00,0.48933949349760436
62875,2025-02-11 23:00:00,2025-08-09 06:44:00,0.4882196364742566
62879,2025-02-12 19:00:00,2025-08-09 07:34:00,0.4860331584150886
62880,2025-02-12 19:00:00,2025-08-09 15:49:00,0.48697429462316527
62881,2025-02-12 13:00:00,2025-08-09 08:42:00,0.4868469085101529
62882,2025-02-12 19:00:00,2025-08-09 18:00:00,0.48722336299338354
62883,2025-02-12 19:00:00,2025-08-09 16:12:00,0.48701802418434864
62884,2025-02-12 19:00:00,2025-08-09 08:50:00,0.48617765609552055
62885,2025-02-12 13:00:00,2025-08-09 15:34:00,0.48763023804091565
62886,2025-02-12 13:00:00,2025-08-09 08:04:00,0.4867746596699369
62887,2025-02-12 19:00:00,2025-08-09 16:05:00,0.48700471518746674
62888,2025-02-12 19:00:00,2025-08-09 15:43:00,0.4869628869115522
62889,2025-02-12 13:00:00,2025-08-09 15:57:00,0.487673967602099
62890,2025-02-12 19:00:00,2025-08-09 15:27:00,0.48693246634725074
62891,2025-02-12 19:00:00,2025-08-09 07:41:00,0.4860464674119705
62892,2025-02-12 13:00:00,2025-08-09 11:34:00,0.48717392957639366
62893,2025-02-12 13:00:00,2025-08-09 11:40:00,0.48718533728800667
62894,2025-02-12 13:00:00,2025-08-09 03:58:00,0.4863069434938018
62895,2025-02-12 13:00:00,2025-08-09 04:52:00,0.48640961289831924
62896,2025-02-12 13:00:00,2025-08-09 10:26:00,0.4870446421781124
62897,2025-02-12 19:00:00,2025-08-09 04:26:00,0.48567571678454635
62898,2025-02-12 19:00:00,2025-08-09 12:11:00,0.48655981443455776
62899,2025-02-12 19:00:00,2025-08-09 11:14:00,0.4864514411742338
62907,2025-02-15 13:00:00,2025-08-09 17:05:00,0.47958970263898393
62908,2025-02-15 13:00:00,2025-08-09 16:27:00,0.479517453798768
62909,2025-02-15 13:00:00,2025-08-08 20:06:00,0.4771959844855122
62910,2025-02-15 13:00:00,2025-08-09 16:42:00,0.4795459730778006
62911,2025-02-15 19:00:00,2025-08-09 16:58:00,0.478891930945319
62912,2025-02-15 13:00:00,2025-08-08 20:21:00,0.47722450376454484
62913,2025-02-15 13:00:00,2025-08-09 11:07:00,0.47890904251273864
62914,2025-02-15 19:00:00,2025-08-08 19:59:00,0.4764982127918473
62915,2025-02-15 13:00:00,2025-08-09 11:16:00,0.4789261540801582
62916,2025-02-15 13:00:00,2025-08-09 09:58:00,0.4787778538291885
62917,2025-02-15 13:00:00,2025-08-09 16:50:00,0.47956118335995135
62918,2025-02-15 13:00:00,2025-08-09 16:35:00,0.4795326640809187
62919,2025-02-15 13:00:00,2025-08-09 16:19:00,0.47950224351661724
62920,2025-02-15 13:00:00,2025-08-09 06:57:00,0.4784337211955282
62921,2025-02-15 13:00:00,2025-08-09 15:08:00,0.47936725226252946
62922,2025-02-15 13:00:00,2025-08-09 07:03:00,0.47844512890714125
62923,2025-02-15 13:00:00,2025-08-09 07:34:00,0.4785040687504753
62924,2025-02-15 13:00:00,2025-08-09 15:03:00,0.47935774583618523
62925,2025-02-15 13:00:00,2025-08-09 07:07:00,0.4784527340482166
62926,2025-02-15 13:00:00,2025-08-09 07:29:00,0.4784945623241311
62927,2025-02-15 13:00:00,2025-08-09 01:21:00,0.47779488934519737
62948,2025-02-20 21:00:00,2025-08-09 09:55:00,0.4641702791086775
62949,2025-02-20 21:00:00,2025-08-09 12:40:00,0.46448399117803635
62950,2025-02-20 13:00:00,2025-08-09 07:18:00,0.4647843942505133
62951,2025-02-20 21:00:00,2025-08-09 10:10:00,0.4641987983877101
62952,2025-02-20 13:00:00,2025-08-09 16:33:00,0.46583960757472054
62953,2025-02-20 13:00:00,2025-08-09 13:14:00,0.465461251806221
62954,2025-02-20 21:00:00,2025-08-09 16:02:00,0.4648680508023424
62955,2025-02-20 21:00:00,2025-08-09 16:32:00,0.46492508936040766
62956,2025-02-20 21:00:00,2025-08-09 10:03:00,0.4641854893908282
62957,2025-02-20 21:00:00,2025-08-09 10:51:00,0.4642767510837326
62958,2025-02-20 21:00:00,2025-08-09 10:04:00,0.46418739067609704
62959,2025-02-20 13:00:00,2025-08-09 00:10:00,0.4639706441554491
62960,2025-02-20 21:00:00,2025-08-08 16:11:00,0.46214731158262984
62961,2025-02-20 21:00:00,2025-08-09 15:46:00,0.4648376302380409
62962,2025-02-20 13:00:00,2025-08-09 06:31:00,0.4646950338428778
62963,2025-02-20 21:00:00,2025-08-09 16:23:00,0.46490797779298804
62964,2025-02-20 21:00:00,2025-08-09 10:00:00,0.46417978553502165
62965,2025-02-20 21:00:00,2025-08-09 09:54:00,0.46416837782340864
62966,2025-02-20 21:00:00,2025-08-09 15:37:00,0.46482051867062135
62967,2025-02-20 13:00:00,2025-08-09 16:24:00,0.4658224960073009
62968,2025-02-20 13:00:00,2025-08-09 16:58:00,0.4658871397064416
62969,2025-02-20 13:00:00,2025-08-09 09:59:00,0.46509050117879686
62970,2025-02-20 13:00:00,2025-08-09 06:42:00,0.46471594798083504
62981,2025-02-20 21:00:00,2025-08-09 04:04:00,0.46350292797931403
62982,2025-02-20 21:00:00,2025-08-09 13:36:00,0.4645904631530915
62983,2025-02-20 21:00:00,2025-08-09 17:33:00,0.465041067761807
62984,2025-02-20 21:00:00,2025-08-09 11:57:00,0.46440223591147617
62985,2025-02-20 21:00:00,2025-08-08 21:04:00,0.46270438816640047
62986,2025-02-20 21:00:00,2025-08-09 17:40:00,0.4650543767586889
62987,2025-02-20 21:00:00,2025-08-09 12:12:00,0.4644307551905088
62988,2025-02-20 21:00:00,2025-08-09 11:49:00,0.46438702562932543
62989,2025-02-20 13:00:00,2025-08-09 11:03:00,0.46521218343600274
62990,2025-02-20 21:00:00,2025-08-09 11:58:00,0.464404137196745
62991,2025-02-20 21:00:00,2025-08-09 17:17:00,0.4650106471975055
62992,2025-02-20 21:00:00,2025-08-09 17:25:00,0.46502585747965625
62993,2025-02-20 21:00:00,2025-08-08 21:12:00,0.4627195984485512
62994,2025-02-20 21:00:00,2025-08-09 15:17:00,0.4647824929652445
62995,2025-02-20 21:00:00,2025-08-09 08:12:00,0.46397444672598676
62996,2025-02-20 21:00:00,2025-08-09 15:10:00,0.4647691839683626
62997,2025-02-20 21:00:00,2025-08-09 07:57:00,0.4639459274469541
62998,2025-02-20 21:00:00,2025-08-09 16:34:00,0.46492889193094533
62999,2025-02-20 21:00:00,2025-08-09 08:03:00,0.4639573351585672
63000,2025-02-20 21:00:00,2025-08-09 08:29:00,0.46400676857555706
63001,2025-02-20 21:00:00,2025-08-09 07:32:00,0.4638983953152331
63005,2025-02-26 19:00:00,2025-08-09 08:24:00,0.4477983116586813
63006,2025-02-26 13:00:00,2025-08-09 09:40:00,0.44862727203589625
63007,2025-02-26 13:00:00,2025-08-09 09:48:00,0.448642482318047
63008,2025-02-26 19:00:00,2025-08-09 17:04:00,0.448786979998479
63009,2025-02-26 19:00:00,2025-08-09 16:40:00,0.4487413491520268
63010,2025-02-26 19:00:00,2025-08-09 16:55:00,0.44876986843105937
63011,2025-02-26 19:00:00,2025-08-09 16:17:00,0.4486976195908434
63012,2025-02-26 19:00:00,2025-08-09 16:32:00,0.44872613886987606
63013,2025-02-26 19:00:00,2025-08-09 16:47:00,0.44875465814890864
63014,2025-02-26 19:00:00,2025-08-09 11:04:00,0.4481025173016959
63015,2025-02-26 19:00:00,2025-08-09 07:00:00,0.44763860369609854
63016,2025-02-26 19:00:00,2025-08-09 08:47:00,0.44784204121986465
63017,2025-02-26 13:00:00,2025-08-09 17:03:00,0.4494695414099932
63018,2025-02-26 13:00:00,2025-08-09 12:24:00,0.4489390828199863
63019,2025-02-26 13:00:00,2025-08-09 05:04:00,0.4481025173016959
63020,2025-02-26 13:00:00,2025-08-09 10:55:00,0.44876986843105937
63021,2025-02-26 13:00:00,2025-08-09 11:01:00,0.44878127614267244
63022,2025-02-26 13:00:00,2025-08-09 05:10:00,0.448113925013309
63023,2025-02-26 13:00:00,2025-08-09 10:24:00,0.4487109285877253
63024,2025-02-26 13:00:00,2025-08-09 11:52:00,0.44887824169138335
63025,2025-02-26 13:00:00,2025-08-09 13:17:00,0.44903985093923493
63029,2025-02-27 13:00:00,2025-08-09 02:20:00,0.4450528557304738
63030,2025-02-27 13:00:00,2025-08-09 16:15:00,0.44664042892995665
63031,2025-02-27 13:00:00,2025-08-09 01:55:00,0.4450053235987528
63032,2025-02-27 13:00:00,2025-08-09 01:41:00,0.444978705604989
63033,2025-02-27 13:00:00,2025-08-09 09:02:00,0.4458171724085482
63034,2025-02-27 13:00:00,2025-08-09 02:22:00,0.4450566583010115
63035,2025-02-27 13:00:00,2025-08-09 18:00:00,0.44684006388318503
63036,2025-02-27 13:00:00,2025-08-09 15:30:00,0.4465548710928588
63037,2025-02-27 13:00:00,2025-08-09 08:56:00,0.4458057646969351
63038,2025-02-27 13:00:00,2025-08-09 18:00:00,0.44684006388318503
63039,2025-02-27 13:00:00,2025-08-09 14:56:00,0.44649022739371813
63040,2025-02-27 13:00:00,2025-08-09 08:29:00,0.4457544299946764
63041,2025-02-27 13:00:00,2025-08-09 11:22:00,0.446083352346186
63042,2025-02-27 13:00:00,2025-08-09 15:49:00,0.44659099551296677
63043,2025-02-27 13:00:00,2025-08-09 16:12:00,0.44663472507415014
63044,2025-02-27 13:00:00,2025-08-09 16:17:00,0.4466442315004943
63045,2025-02-27 13:00:00,2025-08-09 15:20:00,0.44653585824017034
63046,2025-02-27 19:00:00,2025-08-07 16:19:00,0.4404878697999848
63047,2025-02-27 13:00:00,2025-08-09 15:17:00,0.44653015438436383
63048,2025-02-27 13:00:00,2025-08-09 08:23:00,0.44574302228306334
63049,2025-02-27 13:00:00,2025-08-09 16:07:00,0.4466252186478059
63050,2025-02-27 19:00:00,2025-08-09 15:37:00,0.4458837173929576
63051,2025-02-27 13:00:00,2025-08-09 15:47:00,0.4465871929424291
63052,2025-03-01 12:17:00,2025-08-09 12:09:00,0.4407787664461176
63053,2025-03-01 12:16:00,2025-08-09 12:16:00,0.4407939767282683
63054,2025-03-01 12:14:00,2025-08-09 13:02:00,0.4408852384211727
63055,2025-03-01 12:15:00,2025-08-09 11:46:00,0.4407388394554719
63056,2025-03-01 12:13:00,2025-08-09 17:22:00,0.4413814738763404
63057,2025-03-01 12:11:00,2025-08-08 21:08:00,0.4390771161305042
63058,2025-02-28 19:41:00,2025-08-09 11:38:00,0.44261350673054983
63059,2025-03-01 12:10:00,2025-08-09 12:55:00,0.44087953456536616
63060,2025-03-01 12:10:00,2025-08-09 05:02:00,0.439980226633204
63061,2025-03-01 12:09:00,2025-08-09 05:11:00,0.4399992394858925
63062,2025-03-01 12:08:00,2025-08-09 12:32:00,0.4408396075747205
63063,2025-03-01 12:07:00,2025-08-09 12:01:00,0.44078256901665525
63064,2025-03-01 12:06:00,2025-08-09 13:25:00,0.4409441782645068
63065,2025-03-01 13:29:00,2025-08-09 15:24:00,0.4410126245341851
63066,2025-03-01 11:58:00,2025-08-09 11:49:00,0.44077686516084874
63067,2025-03-01 13:27:00,2025-08-09 15:49:00,0.4410639592364438
63068,2025-03-01 13:26:00,2025-08-09 07:48:00,0.44015134230739983
63069,2025-03-01 13:24:00,2025-08-09 07:42:00,0.44014373716632443
63070,2025-03-01 13:27:00,2025-08-09 08:19:00,0.44020838086546504
63071,2025-03-01 13:25:00,2025-08-09 07:59:00,0.4401741577306259
63072,2025-03-01 13:24:00,2025-08-09 08:10:00,0.440196973153852
63073,2025-03-01 13:23:00,2025-08-08 23:29:00,0.4392083048140543
63074,2025-03-01 13:23:00,2025-08-09 16:41:00,0.44117043121149896
63077,2025-03-02 13:42:00,2025-08-09 15:37:00,0.438274773747053
63078,2025-03-02 19:40:00,2025-08-09 10:48:00,0.4370446421781124
63079,2025-03-02 19:40:00,2025-08-09 14:55:00,0.4375142596395163
63080,2025-03-02 19:42:00,2025-08-09 09:37:00,0.43690584835348695
63081,2025-03-02 13:40:00,2025-08-09 09:30:00,0.4375808046239258
63082,2025-03-02 19:39:00,2025-08-09 18:00:00,0.43786789869952086
63083,2025-03-02 19:41:00,2025-08-09 15:25:00,0.4375693969123127
63084,2025-03-02 19:37:00,2025-08-09 10:24:00,0.43700471518746675
63085,2025-03-02 19:39:00,2025-08-09 09:31:00,0.43690014449768044
63086,2025-03-02 18:08:00,2025-08-09 16:55:00,0.43791733211651074
63087,2025-03-02 19:38:00,2025-08-09 15:43:00,0.4376093239029584
63088,2025-03-02 19:35:00,2025-08-09 14:37:00,0.4374895429310214
63089,2025-03-02 19:38:00,2025-08-09 18:00:00,0.4378697999847897
63090,2025-03-02 18:05:00,2025-08-09 09:42:00,0.43709977945090883
63091,2025-03-02 18:04:00,2025-08-09 14:37:00,0.43766255989048597
63092,2025-03-02 19:36:00,2025-08-09 14:49:00,0.4375104570689786
63093,2025-03-02 10:34:00,2025-08-09 10:18:00,0.4380257053768347
63094,2025-03-01 13:34:00,2025-08-09 15:49:00,0.44105065023956197
63095,2025-03-02 19:35:00,2025-08-09 15:31:00,0.4375922123355388
63096,2025-03-02 19:34:00,2025-08-09 18:00:00,0.4378774051258651
63097,2025-03-02 00:03:00,2025-08-09 14:43:00,0.4397292569777169
63098,2025-03-01 13:33:00,2025-08-09 10:12:00,0.4404118183892311
63104,2025-03-07 13:00:00,2025-08-09 11:25:00,0.42418624990493575
63105,2025-03-07 13:00:00,2025-08-09 12:27:00,0.4243041295916039
63106,2025-03-07 13:00:00,2025-08-09 12:26:00,0.42430222830633507
63107,2025-03-07 13:00:00,2025-08-09 11:40:00,0.4242147691839684
63108,2025-03-07 19:00:00,2025-08-09 12:03:00,0.4235740360483687
63109,2025-03-07 13:00:00,2025-08-09 12:11:00,0.42427370902730244
63110,2025-03-07 13:00:00,2025-08-09 04:10:00,0.42335919081298956
63111,2025-03-07 13:00:00,2025-08-09 12:18:00,0.42428701802418434
63112,2025-03-07 13:00:00,2025-08-09 09:30:00,0.42396760209901896
63113,2025-03-07 13:00:00,2025-08-09 11:55:00,0.42424328846300097
63114,2025-03-07 13:00:00,2025-08-09 11:32:00,0.42419955890181765
63115,2025-03-07 13:00:00,2025-08-09 09:46:00,0.42399802266332043
63116,2025-03-07 13:00:00,2025-08-09 11:09:00,0.4241558293406343
63117,2025-03-07 13:00:00,2025-08-08 23:44:00,0.4228534489314777
63118,2025-03-07 19:00:00,2025-08-08 23:55:00,0.4221899003726519
63119,2025-03-07 19:00:00,2025-08-09 14:08:00,0.42381169670697394
63120,2025-03-07 19:00:00,2025-08-09 07:55:00,0.42310251730169596
63121,2025-03-07 19:00:00,2025-08-09 15:00:00,0.4239105635409537
63122,2025-03-07 19:00:00,2025-08-09 06:38:00,0.4229561183359951
63123,2025-03-07 13:00:00,2025-08-09 14:17:00,0.4245132709711765
63124,2025-03-07 13:00:00,2025-08-08 22:56:00,0.4227621872385733
63183,2025-03-20 19:00:00,2025-08-09 14:32:00,0.3882652673207088
63184,2025-03-20 19:00:00,2025-08-09 15:55:00,0.38842307399802267
63185,2025-03-20 19:00:00,2025-08-09 16:41:00,0.38851053312038936
63186,2025-03-20 19:00:00,2025-08-09 16:26:00,0.3884820138413568
63187,2025-03-20 19:00:00,2025-08-09 16:11:00,0.38845349456232414
63188,2025-03-20 19:00:00,2025-08-09 17:12:00,0.38856947296372346
63189,2025-03-20 19:00:00,2025-08-09 16:56:00,0.388539052399422
63190,2025-03-20 19:00:00,2025-08-09 16:12:00,0.388455395847593
63191,2025-03-20 19:00:00,2025-08-09 16:49:00,0.3885257434025401
63192,2025-03-20 19:00:00,2025-08-09 17:04:00,0.3885542626815727
63193,2025-03-20 19:00:00,2025-08-09 16:33:00,0.3884953228382387
63194,2025-03-20 19:00:00,2025-08-09 08:10:00,0.38753897634801127
63195,2025-03-20 19:00:00,2025-08-09 16:18:00,0.38846680355920604
63196,2025-03-20 19:00:00,2025-08-09 04:59:00,0.38717583086166246
63197,2025-03-20 19:00:00,2025-08-09 04:23:00,0.3871073845919842
63198,2025-03-20 19:00:00,2025-08-09 17:35:00,0.38861320252490683
63199,2025-03-19 11:00:00,2025-08-09 11:53:00,0.3916134306791391
63200,2025-03-20 19:00:00,2025-08-09 17:44:00,0.3886303140923264
63201,2025-03-20 19:00:00,2025-08-09 04:08:00,0.38707886531295155
63202,2025-03-20 19:00:00,2025-08-09 10:56:00,0.387854589702639
63203,2025-03-20 19:00:00,2025-08-09 04:34:00,0.3871282987299414
63265,2025-03-23 01:00:00,2025-08-09 01:59:00,0.38067343524222375
63266,2025-03-23 13:00:00,2025-08-09 11:00:00,0.38033310517910107
63267,2025-03-23 13:00:00,2025-08-09 05:26:00,0.37969807589930793
63268,2025-03-23 13:00:00,2025-08-09 04:31:00,0.3795935052095216
63269,2025-03-23 13:00:00,2025-08-09 04:39:00,0.37960871549167235
63270,2025-03-23 21:00:00,2025-08-09 11:31:00,0.37947942809339114
63271,2025-03-23 21:00:00,2025-08-09 05:48:00,0.3788272872461784
63272,2025-03-23 21:00:00,2025-08-09 11:16:00,0.3794509088143585
63273,2025-03-23 21:00:00,2025-08-09 02:52:00,0.37849266103886225
63274,2025-03-23 21:00:00,2025-08-09 11:23:00,0.3794642178112404
63275,2025-03-23 21:00:00,2025-08-09 01:43:00,0.3783614723553122
63276,2025-03-23 21:00:00,2025-08-09 17:53:00,0.3802057190660887
63277,2025-03-23 21:00:00,2025-08-09 11:39:00,0.37949463837554187
63278,2025-03-23 21:00:00,2025-08-09 04:21:00,0.3786618754277892
63279,2025-03-23 13:00:00,2025-08-09 06:41:00,0.37984067229447105
63280,2025-03-23 21:00:00,2025-08-09 14:28:00,0.37981595558597614
63281,2025-03-23 21:00:00,2025-08-09 13:56:00,0.3797551144573732
63282,2025-03-23 21:00:00,2025-08-09 09:09:00,0.37920944558521563
63283,2025-03-23 21:00:00,2025-08-09 04:43:00,0.3787037037037037
63284,2025-03-23 21:00:00,2025-08-09 03:54:00,0.37861054072553046
63285,2025-03-23 21:00:00,2025-08-09 14:39:00,0.3798368697239334
63286,2025-03-23 13:00:00,2025-08-09 04:11:00,0.3795554795041448
63287,2025-03-23 21:00:00,2025-08-09 14:17:00,0.37979504144801884
63307,2025-03-23 21:00:00,2025-08-09 13:59:00,0.3797608183131797
63308,2025-03-23 21:00:00,2025-08-09 13:05:00,0.37965814890866223
63309,2025-03-23 21:00:00,2025-08-09 14:14:00,0.37978933759221234
63310,2025-03-23 21:00:00,2025-08-09 13:36:00,0.37971708875199633
63311,2025-03-23 21:00:00,2025-08-09 13:43:00,0.37973039774887823
63312,2025-03-23 21:00:00,2025-08-09 13:22:00,0.3796904707582326
63313,2025-03-23 21:00:00,2025-08-09 13:20:00,0.37968666818769486
63314,2025-03-23 21:00:00,2025-08-09 13:13:00,0.37967335919081296
63315,2025-03-23 21:00:00,2025-08-09 18:00:00,0.3802190280629706
63316,2025-03-23 21:00:00,2025-08-09 13:28:00,0.3797018784698456
63317,2025-03-23 21:00:00,2025-08-09 13:51:00,0.37974560803102897
63318,2025-03-23 21:00:00,2025-08-09 14:06:00,0.3797741273100616
63319,2025-03-23 21:00:00,2025-08-09 14:21:00,0.37980264658909424
63320,2025-03-23 21:00:00,2025-08-09 16:55:00,0.3800954445204959
63321,2025-03-23 21:00:00,2025-08-09 16:58:00,0.3801011483763024
63322,2025-03-23 21:00:00,2025-08-09 07:22:00,0.3790060080614495
63323,2025-03-23 21:00:00,2025-08-09 07:54:00,0.37906684919005246
63324,2025-03-23 21:00:00,2025-08-09 08:43:00,0.3791600121682257
63325,2025-03-23 21:00:00,2025-08-09 16:20:00,0.3800288995360864
63326,2025-03-23 21:00:00,2025-08-09 16:56:00,0.3800973458057647
63327,2025-03-23 21:00:00,2025-08-09 16:08:00,0.3800060841128603
63328,2025-03-23 21:00:00,2025-08-09 14:17:00,0.37979504144801884
63329,2025-03-23 21:00:00,2025-08-09 15:56:00,0.37998326868963417
63363,2025-04-06 11:00:00,2025-08-09 02:49:00,0.34129781732451137
63364,2025-04-06 11:00:00,2025-08-09 01:55:00,0.3411951479199939
63365,2025-04-06 19:00:00,2025-08-09 11:37:00,0.3413890790174158
63366,2025-04-06 11:00:00,2025-08-09 01:56:00,0.3411970492052628
63367,2025-04-06 11:00:00,2025-08-09 02:23:00,0.3412483839075215
63368,2025-04-06 11:00:00,2025-08-09 02:50:00,0.3412997186097802
63369,2025-04-06 11:00:00,2025-08-09 12:17:00,0.3423777473572135
63370,2025-04-06 11:00:00,2025-08-09 11:36:00,0.342299794661191
63371,2025-04-06 11:00:00,2025-08-09 11:56:00,0.3423378203665678
63372,2025-04-06 11:00:00,2025-08-09 02:02:00,0.3412084569168758
63373,2025-04-06 11:00:00,2025-08-09 02:36:00,0.3412731006160164
63374,2025-04-06 19:00:00,2025-08-09 02:42:00,0.3403718913985854
63375,2025-04-06 11:00:00,2025-08-09 01:42:00,0.341170431211499
63376,2025-04-06 11:00:00,2025-08-09 02:34:00,0.34126929804547873
63377,2025-04-06 11:00:00,2025-08-09 12:23:00,0.3423891550688265
63378,2025-04-06 11:00:00,2025-08-09 04:03:00,0.34143851243440565
63379,2025-04-06 11:00:00,2025-08-09 02:02:00,0.3412084569168758
63380,2025-04-06 11:00:00,2025-08-09 01:49:00,0.3411837402083809
63381,2025-04-06 11:00:00,2025-08-09 01:42:00,0.341170431211499
63382,2025-04-06 11:00:00,2025-08-09 11:43:00,0.3423131036580729
63383,2025-04-06 11:00:00,2025-08-09 02:19:00,0.3412407787664461
63384,2025-04-06 11:00:00,2025-08-09 04:02:00,0.3414366111491368
63385,2025-04-06 11:00:00,2025-08-09 02:15:00,0.34123317362537076
63386,2025-04-06 11:00:00,2025-08-09 12:53:00,0.34244619362689177
63387,2025-04-06 11:00:00,2025-08-09 02:09:00,0.3412217659137577
63388,2025-04-06 13:00:00,2025-08-09 01:36:00,0.3409308692676249
63389,2025-04-06 11:00:00,2025-08-09 04:56:00,0.3415392805536543
63399,2025-04-12 19:00:00,2025-08-09 05:51:00,0.32430412959160393
63400,2025-04-12 19:00:00,2025-08-09 05:14:00,0.32423378203665676
63401,2025-04-12 19:00:00,2025-08-09 05:46:00,0.3242946231652597
63402,2025-04-12 19:00:00,2025-08-09 14:02:00,0.3252376606586052
63403,2025-04-12 19:00:00,2025-08-09 05:44:00,0.32429082059472203
63404,2025-04-12 19:00:00,2025-08-09 05:12:00,0.3242299794661191
63405,2025-04-12 19:00:00,2025-08-09 05:49:00,0.32430032702106626
63406,2025-04-12 13:00:00,2025-08-09 05:44:00,0.32497528329150505
63407,2025-04-12 19:00:00,2025-08-09 13:29:00,0.32517491824473344
63408,2025-04-12 19:00:00,2025-08-08 21:15:00,0.3233230663928816
63409,2025-04-12 19:00:00,2025-08-09 06:04:00,0.3243288463000989
63410,2025-04-12 19:00:00,2025-08-09 18:00:00,0.32569016655258953
63411,2025-04-12 19:00:00,2025-08-09 00:45:00,0.32372233629933833
63412,2025-04-11 11:45:00,2025-08-09 05:58:00,0.3278823484675641
63413,2025-04-12 19:00:00,2025-08-09 05:47:00,0.32429652445052853
63414,2025-04-12 19:00:00,2025-08-09 05:20:00,0.3242451897482698
63415,2025-04-12 19:00:00,2025-08-09 05:58:00,0.32431743858848583
63416,2025-04-12 19:00:00,2025-08-09 05:40:00,0.3242832154536467
63417,2025-04-12 19:00:00,2025-08-09 05:57:00,0.324315537303217
63418,2025-04-12 19:00:00,2025-08-08 19:27:00,0.32311772758384666
63419,2025-04-12 19:00:00,2025-08-09 12:48:00,0.3250969655487109
63420,2025-04-12 19:00:00,2025-08-09 05:29:00,0.3242623013156894
63421,2025-04-12 19:00:00,2025-08-09 05:55:00,0.32431173473267927
63422,2025-04-12 19:00:00,2025-08-09 06:10:00,0.3243402540117119
63423,2025-04-12 19:00:00,2025-08-09 05:23:00,0.32425089360407633
63424,2025-04-12 19:00:00,2025-08-09 12:59:00,0.32511787968666817
63425,2025-04-12 13:00:00,2025-08-09 06:06:00,0.3250171115674196
63426,2025-04-12 13:00:00,2025-08-09 12:54:00,0.325792835957107
63433,2025-04-12 19:00:00,2025-08-09 10:01:00,0.3247794509088144
63434,2025-04-12 21:00:00,2025-08-09 08:35:00,0.32438778614343294
63435,2025-04-12 13:00:00,2025-08-09 08:21:00,0.3252737850787132
63436,2025-04-12 13:00:00,2025-08-09 08:08:00,0.3252490683702183
63437,2025-04-12 13:00:00,2025-08-09 10:01:00,0.3254639136055974
63438,2025-04-12 13:00:00,2025-08-09 09:48:00,0.32543919689710243
63439,2025-04-12 19:00:00,2025-08-09 07:54:00,0.32453798767967146
63440,2025-04-12 13:00:00,2025-08-09 06:28:00,0.3250589398433341
63441,2025-04-12 13:00:00,2025-08-09 07:48:00,0.3252110426648414
63442,2025-04-12 13:00:00,2025-08-09 10:08:00,0.3254772226024793
63443,2025-04-12 13:00:00,2025-08-09 08:07:00,0.32524716708494944
63444,2025-04-12 19:00:00,2025-08-09 06:08:00,0.32433645144117423
63445,2025-04-12 13:00:00,2025-08-09 07:54:00,0.3252224503764545
63446,2025-04-12 13:00:00,2025-08-09 12:00:00,0.32569016655258953
63447,2025-04-12 13:00:00,2025-08-09 07:34:00,0.32518442467107767
63448,2025-04-12 19:00:00,2025-08-09 07:47:00,0.32452467868278956
63449,2025-04-12 19:00:00,2025-08-09 07:47:00,0.32452467868278956
63450,2025-04-12 19:00:00,2025-08-09 10:28:00,0.3248307856110731
63451,2025-04-12 19:00:00,2025-08-09 07:07:00,0.3244486272720359
63452,2025-04-12 19:00:00,2025-08-09 07:13:00,0.32446003498364895
63453,2025-04-12 19:00:00,2025-08-09 10:34:00,0.32484219332268616
63454,2025-04-12 19:00:00,2025-08-09 07:06:00,0.32444672598676705
63455,2025-04-12 19:00:00,2025-08-09 07:40:00,0.32451136968590766
63456,2025-04-12 19:00:00,2025-08-09 08:00:00,0.3245493953912845
63457,2025-04-12 19:00:00,2025-08-09 07:20:00,0.32447334398053085
63458,2025-04-12 19:00:00,2025-08-09 18:00:00,0.32569016655258953
63459,2025-04-12 19:00:00,2025-08-09 08:00:00,0.3245493953912845
63460,2025-04-12 21:00:00,2025-08-08 23:13:00,0.3233192638223439
63461,2025-04-12 13:00:00,2025-08-09 05:35:00,0.3249581717240855
63462,2025-04-12 13:00:00,2025-08-09 15:20:00,0.3260704236063579
63463,2025-04-12 13:00:00,2025-08-09 15:57:00,0.326140771161305
63464,2025-04-12 13:00:00,2025-08-09 05:40:00,0.3249676781504297
63465,2025-04-12 13:00:00,2025-08-09 02:06:00,0.32456080310289753
63466,2025-04-12 13:00:00,2025-08-09 15:59:00,0.32614457373184275
63467,2025-04-12 13:00:00,2025-08-09 16:02:00,0.32615027758764925
63468,2025-04-12 13:00:00,2025-08-09 08:14:00,0.32526047608183134
63469,2025-04-12 21:00:00,2025-08-09 15:42:00,0.3251996349532284
63470,2025-04-12 21:00:00,2025-08-09 07:20:00,0.3242451897482698
63471,2025-04-12 21:00:00,2025-08-08 23:07:00,0.3233078561107309
63472,2025-04-12 13:00:00,2025-08-09 05:37:00,0.32496197429462315
63473,2025-04-12 13:00:00,2025-08-09 05:11:00,0.32491254087763327
63474,2025-04-12 13:00:00,2025-08-09 00:02:00,0.32432504372956117
63475,2025-04-12 21:00:00,2025-08-09 05:42:00,0.32405886379192334
63476,2025-04-12 21:00:00,2025-08-09 06:01:00,0.3240949882120313
63477,2025-04-12 13:00:00,2025-08-09 15:46:00,0.3261198570233478
63478,2025-04-12 13:00:00,2025-08-09 15:28:00,0.32608563388850864
63479,2025-04-12 13:00:00,2025-08-09 15:34:00,0.3260970416001217
63480,2025-04-12 13:00:00,2025-08-09 15:37:00,0.3261027454559282
63481,2025-04-12 13:00:00,2025-08-09 05:06:00,0.3249030344512891
63482,2025-04-12 21:00:00,2025-08-09 07:32:00,0.32426800517149595
63483,2025-04-12 21:00:00,2025-08-09 08:25:00,0.32436877329074454
63484,2025-04-12 13:00:00,2025-08-09 15:48:00,0.32612365959388545
63485,2025-04-12 19:22:00,2025-08-09 06:06:00,0.32429082059472203
63486,2025-04-12 21:00:00,2025-08-09 07:48:00,0.3242984257357974
63487,2025-04-12 13:00:00,2025-08-09 16:08:00,0.3261616852992623
63493,2025-04-12 13:00:00,2025-08-09 06:57:00,0.3251140771161305
63494,2025-04-12 13:00:00,2025-08-09 10:10:00,0.32548102517301697
63495,2025-04-12 13:00:00,2025-08-09 08:08:00,0.3252490683702183
63496,2025-04-12 13:00:00,2025-08-09 06:56:00,0.32511217583086166
63497,2025-04-12 13:00:00,2025-08-09 10:30:00,0.3255190508783938
63498,2025-04-12 13:00:00,2025-08-09 07:10:00,0.32513879382462546
63499,2025-04-12 13:00:00,2025-08-09 07:04:00,0.3251273861130124
63500,2025-04-12 21:00:00,2025-08-09 08:14:00,0.3243478591527873
63501,2025-04-12 13:00:00,2025-08-09 07:31:00,0.3251787208152711
63502,2025-04-12 21:00:00,2025-08-09 08:09:00,0.32433835272644307
63503,2025-04-12 13:00:00,2025-08-09 09:41:00,0.32542588790022053
63504,2025-04-12 13:00:00,2025-08-09 07:39:00,0.32519393109742184
63505,2025-04-12 19:00:00,2025-08-09 09:30:00,0.3247205110654803
63506,2025-04-12 19:00:00,2025-08-09 08:02:00,0.3245531979618222
63507,2025-04-12 19:00:00,2025-08-09 06:55:00,0.3244258118488098
63508,2025-04-12 19:00:00,2025-08-09 08:12:00,0.3245722108145106
63509,2025-04-12 19:00:00,2025-08-09 07:01:00,0.3244372195604228
63510,2025-04-12 19:00:00,2025-08-09 07:43:00,0.3245170735417142
63511,2025-04-12 19:00:00,2025-08-09 10:33:00,0.32484029203741727
63512,2025-04-12 19:00:00,2025-08-09 07:16:00,0.32446573883945545
63513,2025-04-12 19:00:00,2025-08-09 10:29:00,0.3248326868963419
63514,2025-04-12 19:00:00,2025-08-09 07:33:00,0.32449806068902576
63515,2025-04-12 19:00:00,2025-08-09 08:05:00,0.3245589018176287
63516,2025-04-12 19:00:00,2025-08-09 07:28:00,0.3244885542626816
63517,2025-04-12 19:00:00,2025-08-09 08:15:00,0.32457791467031716
63518,2025-04-12 19:00:00,2025-08-09 18:00:00,0.32569016655258953
63519,2025-04-12 19:00:00,2025-08-09 10:20:00,0.32481557532892236
63548,2025-04-20 19:00:00,2025-08-09 04:29:00,0.3022454179025021
63549,2025-04-20 19:00:00,2025-08-09 14:17:00,0.303363373640581
63550,2025-04-20 19:00:00,2025-08-09 10:00:00,0.3028747433264887
63551,2025-04-20 19:00:00,2025-08-09 07:34:00,0.30259715567723783
63552,2025-04-20 19:00:00,2025-08-09 13:54:00,0.30331964407939765
63553,2025-04-20 19:00:00,2025-08-09 14:01:00,0.30333295307627955
63554,2025-04-20 19:00:00,2025-08-09 07:02:00,0.3025363145486349
63555,2025-04-20 19:00:00,2025-08-09 14:24:00,0.3033766826374629
63556,2025-04-20 19:00:00,2025-08-09 05:53:00,0.3024051258650848
63557,2025-04-20 19:00:00,2025-08-09 05:46:00,0.3023918168682029
63558,2025-04-20 19:00:00,2025-08-09 05:23:00,0.30234808730701956
63559,2025-04-20 19:00:00,2025-08-09 13:46:00,0.3033044337972469
63560,2025-04-20 19:00:00,2025-08-09 14:09:00,0.3033481633584303
63561,2025-04-20 19:00:00,2025-08-09 16:08:00,0.3035744163054225
63562,2025-04-20 19:00:00,2025-08-09 16:02:00,0.3035630085938094
63563,2025-04-20 19:00:00,2025-08-09 06:23:00,0.30246216442315005
63564,2025-04-20 19:00:00,2025-08-09 05:59:00,0.30241653357669784
63565,2025-04-20 19:00:00,2025-08-09 16:00:00,0.30355920602327174
63566,2025-04-20 19:00:00,2025-08-09 16:50:00,0.3036542702867138
63567,2025-04-20 19:00:00,2025-08-09 06:10:00,0.3024374477146551
63568,2025-04-20 19:00:00,2025-08-09 06:17:00,0.302450756711537
63569,2025-04-24 22:59:00,2025-08-09 09:53:00,0.29145562400182523
63570,2025-04-24 22:59:00,2025-08-09 13:12:00,0.2918339797703247
63571,2025-04-24 23:49:00,2025-08-09 04:08:00,0.29070461632063277
63572,2025-04-24 23:49:00,2025-08-09 11:15:00,0.29151646513042817
63573,2025-04-24 23:47:00,2025-08-09 04:56:00,0.29079968058407485
63574,2025-04-24 23:29:00,2025-06-01 20:09:00,0.1036580728572515
63575,2025-04-24 23:48:00,2025-08-09 09:20:00,0.2912997186097802
63576,2025-04-24 23:46:00,2025-08-08 20:10:00,0.2898015058179329
63577,2025-04-24 23:43:00,2025-08-09 03:18:00,0.2906209597688037
63578,2025-04-24 23:45:00,2025-08-09 04:13:00,0.29072172788805234
63579,2025-04-24 23:41:00,2025-08-09 13:40:00,0.29180736177656097
63580,2025-04-24 23:43:00,2025-08-09 09:16:00,0.29130161989504905
63581,2025-04-24 23:42:00,2025-08-09 11:53:00,0.291602022967526
63582,2025-04-24 23:41:00,2025-08-09 11:44:00,0.29158681268537534
63583,2025-04-24 23:41:00,2025-08-09 11:35:00,0.2915697011179557
63584,2025-04-24 23:38:00,2025-08-09 09:49:00,0.29137386873526505
63585,2025-04-24 23:40:00,2025-08-09 11:25:00,0.29155258955053615
63586,2025-04-24 23:37:00,2025-08-09 12:15:00,0.2916533576697848
63587,2025-04-24 23:35:00,2025-08-09 12:12:00,0.29165145638451595
63588,2025-04-24 23:36:00,2025-08-09 12:14:00,0.2916533576697848
63589,2025-04-24 23:39:00,2025-08-09 11:03:00,0.2915126625598905
63590,2025-04-24 23:34:00,2025-08-09 11:18:00,0.2915506882652673
63591,2025-04-24 23:33:00,2025-08-09 03:55:00,0.2907103201764393
63592,2025-04-24 23:33:00,2025-08-09 09:22:00,0.2913320404593505
63593,2025-04-24 23:32:00,2025-08-09 04:04:00,0.2907293330291277
63594,2025-04-24 23:31:00,2025-08-09 09:26:00,0.2913434481709636
63595,2025-04-24 23:30:00,2025-08-09 12:01:00,0.2916400486729029
63634,2025-05-07 11:37:00,2025-08-09 08:41:00,0.2570233477831014
63635,2025-05-07 11:37:00,2025-08-09 06:06:00,0.2567286485664309
63636,2025-05-07 17:40:00,2025-08-09 08:46:00,0.256342687656856
63637,2025-05-07 11:36:00,2025-08-09 09:03:00,0.25706707734428474
63638,2025-05-07 17:39:00,2025-08-09 06:09:00,0.2560460871549167
63639,2025-05-06 22:00:00,2025-08-09 12:48:00,0.259046315309149
63640,2025-05-07 17:38:00,2025-08-09 15:01:00,0.25705947220320935
63641,2025-05-06 21:58:00,2025-08-09 06:13:00,0.25829911019849416
63642,2025-05-06 21:58:00,2025-08-09 06:57:00,0.25838276675032323
63643,2025-05-06 21:57:00,2025-08-09 13:51:00,0.25917180013689256
63644,2025-05-07 17:36:00,2025-08-08 23:05:00,0.25524564605673433
63645,2025-05-06 21:56:00,2025-08-09 12:54:00,0.2590653281618374
63646,2025-05-06 21:55:00,2025-08-09 14:07:00,0.2592060232717317
63647,2025-05-06 21:55:00,2025-08-08 23:14:00,0.257508175526656
63648,2025-05-07 17:33:00,2025-08-09 15:29:00,0.2571222146170811
63649,2025-05-06 21:54:00,2025-08-09 13:43:00,0.25916229371054833
63650,2025-05-06 21:52:00,2025-08-09 07:58:00,0.2585101528633356
63651,2025-05-06 21:52:00,2025-08-08 22:28:00,0.2574264202600958
63652,2025-05-06 21:51:00,2025-08-09 12:24:00,0.2590177960301164
63653,2025-05-06 21:50:00,2025-08-09 06:52:00,0.25838847060612974
63654,2025-05-07 11:25:00,2025-08-09 13:05:00,0.2575481025173017
63655,2025-05-06 21:51:00,2025-08-09 14:41:00,0.25927827211194765
63656,2025-05-07 11:25:00,2025-08-09 08:00:00,0.25696821051030494
63657,2025-05-07 17:27:00,2025-08-09 06:15:00,0.25608031028975586
63658,2025-05-07 11:24:00,2025-08-09 06:46:00,0.25682941668567955
63659,2025-05-07 10:55:00,2025-08-09 06:14:00,0.256823712829873
63660,2025-05-07 17:26:00,2025-08-09 15:27:00,0.25713172104342535
63661,2025-05-06 21:53:00,2025-08-09 12:57:00,0.2590767358734504
63664,2025-05-07 19:00:00,2025-08-09 14:49:00,0.25688075138793826
63665,2025-05-07 19:00:00,2025-08-08 17:19:00,0.2544280933911324
63666,2025-05-07 19:00:00,2025-08-09 06:57:00,0.25598334474104495
63667,2025-05-07 19:00:00,2025-08-09 14:34:00,0.2568522321089056
63668,2025-05-07 19:00:00,2025-08-09 14:26:00,0.2568370218267549
63669,2025-05-06 21:00:00,2025-08-09 14:18:00,0.25933150809947525
63670,2025-05-07 19:00:00,2025-08-09 14:11:00,0.25680850254772225
63671,2025-05-07 19:00:00,2025-08-09 12:31:00,0.2566183740208381
63672,2025-05-07 19:00:00,2025-08-09 18:00:00,0.257243896874287
63673,2025-05-06 21:00:00,2025-08-09 13:48:00,0.25927446954141
63674,2025-05-07 19:00:00,2025-08-09 15:12:00,0.2569244809491216
63675,2025-05-07 11:00:00,2025-08-09 16:36:00,0.25799680584074836
63676,2025-05-07 11:00:00,2025-08-09 14:56:00,0.2578066773138642
63677,2025-05-07 19:00:00,2025-08-09 07:50:00,0.25608411286029353
63678,2025-05-07 19:00:00,2025-08-09 14:14:00,0.2568142064035288
63679,2025-05-07 19:00:00,2025-08-09 07:30:00,0.2560460871549167
63680,2025-05-07 19:00:00,2025-08-09 16:10:00,0.25703475549471444
63681,2025-05-07 19:00:00,2025-08-09 16:05:00,0.2570252490683702
63682,2025-05-07 19:00:00,2025-08-09 07:52:00,0.25608791543083126
63683,2025-05-07 19:00:00,2025-08-09 00:47:00,0.2552798691915735
63684,2025-05-07 11:00:00,2025-08-09 00:42:00,0.25618297969427334
63685,2025-05-07 11:00:00,2025-08-09 07:37:00,0.25697201308084267
63686,2025-05-07 11:00:00,2025-08-09 17:21:00,0.2580823636778462
63697,2025-05-07 19:00:00,2025-08-09 06:07:00,0.25588828047760287
63698,2025-05-07 19:00:00,2025-08-09 18:00:00,0.257243896874287
63699,2025-05-07 19:00:00,2025-08-09 10:00:00,0.25633127994524296
63700,2025-05-07 19:00:00,2025-08-09 10:07:00,0.25634458894212486
63701,2025-05-07 19:00:00,2025-08-09 15:21:00,0.2569415925165412
63702,2025-05-07 19:00:00,2025-08-08 23:33:00,0.2551391740816792
63703,2025-05-07 19:00:00,2025-08-09 09:27:00,0.2562685375313712
63704,2025-05-07 19:00:00,2025-08-09 12:54:00,0.25666210358202146
63705,2025-05-07 19:00:00,2025-08-09 18:00:00,0.257243896874287
63706,2025-05-07 19:00:00,2025-08-09 17:21:00,0.25716974674880216
63707,2025-05-07 19:00:00,2025-08-09 17:08:00,0.25714503004030725
63708,2025-05-07 19:00:00,2025-08-09 13:21:00,0.25671343828428017
63709,2025-05-07 19:00:00,2025-08-09 18:00:00,0.257243896874287
63710,2025-05-07 19:00:00,2025-08-09 13:42:00,0.25675336527492587
63711,2025-05-07 19:00:00,2025-08-09 15:01:00,0.25690356681116433
63712,2025-05-07 19:00:00,2025-08-09 14:48:00,0.2568788501026694
63713,2025-05-07 19:00:00,2025-08-09 14:35:00,0.25685413339417446
63714,2025-05-07 19:00:00,2025-08-09 09:54:00,0.25631987223362995
63715,2025-05-07 19:00:00,2025-08-09 12:55:00,0.2566640048672903
63716,2025-05-07 19:00:00,2025-08-09 12:48:00,0.2566506958704084
63717,2025-05-07 19:00:00,2025-08-09 10:01:00,0.25633318123051185
63718,2025-05-07 19:00:00,2025-08-09 15:48:00,0.2569929272187999
63719,2025-05-07 19:00:00,2025-08-09 15:22:00,0.25694349380181003
63720,2025-05-07 19:00:00,2025-08-09 12:35:00,0.25662597916191343
63721,2025-05-07 19:00:00,2025-08-09 15:08:00,0.25691687580804623
63722,2025-05-07 19:00:00,2025-08-09 15:28:00,0.2569549015134231
63723,2025-05-07 19:00:00,2025-08-09 18:00:00,0.257243896874287
63751,2025-05-07 19:00:00,2025-08-09 15:24:00,0.2569472963723477
63752,2025-05-07 11:00:00,2025-08-09 14:46:00,0.25778766446117574
63753,2025-05-07 11:00:00,2025-08-09 14:23:00,0.2577439348999924
63754,2025-05-07 19:00:00,2025-08-09 13:29:00,0.2567286485664309
63755,2025-05-07 11:00:00,2025-08-09 15:16:00,0.257844703019241
63756,2025-05-07 19:00:00,2025-08-09 14:53:00,0.2568883565290136
63757,2025-05-07 19:00:00,2025-08-09 15:39:00,0.25697581565138033
63758,2025-05-07 19:00:00,2025-08-09 15:08:00,0.25691687580804623
63759,2025-05-07 19:00:00,2025-08-09 14:38:00,0.25685983724998096
63760,2025-05-07 19:00:00,2025-08-09 17:18:00,0.25716404289299566
63761,2025-05-07 19:00:00,2025-08-09 16:02:00,0.2570195452125637
63762,2025-05-07 19:00:00,2025-08-09 15:31:00,0.2569606053692296
63763,2025-05-07 19:00:00,2025-08-09 18:00:00,0.257243896874287
63764,2025-05-07 05:00:00,2025-08-09 11:18:00,0.2580766598220397
63765,2025-05-07 05:00:00,2025-08-09 09:47:00,0.2579036428625751
63766,2025-05-07 05:00:00,2025-08-09 16:28:00,0.25866605825538064
63767,2025-05-07 05:00:00,2025-08-09 17:22:00,0.2587687276598981
63768,2025-05-07 05:00:00,2025-08-09 16:54:00,0.2587154916723705
63769,2025-05-07 05:00:00,2025-08-09 11:12:00,0.25806525211042664
63770,2025-05-07 19:00:00,2025-08-09 16:56:00,0.2571222146170811
63771,2025-05-07 19:00:00,2025-08-09 17:07:00,0.2571431287550384
63773,2025-05-07 19:00:00,2025-08-09 16:52:00,0.2571146094760058
63774,2025-05-07 19:00:00,2025-08-09 16:34:00,0.25708038634116664
63775,2025-05-07 19:00:00,2025-08-09 08:30:00,0.2561601642710472
63776,2025-05-07 05:00:00,2025-08-09 09:20:00,0.2578523081603164
63777,2025-05-07 05:00:00,2025-08-09 14:43:00,0.25846642330215225
63778,2025-05-07 19:00:00,2025-08-09 15:11:00,0.2569225796638528
63779,2025-05-07 05:00:00,2025-08-09 17:20:00,0.2587649250893604
63780,2025-05-07 19:00:00,2025-08-09 09:15:00,0.2562457221081451
63781,2025-05-07 19:00:00,2025-08-09 17:00:00,0.2571298197581565
63782,2025-05-07 19:00:00,2025-08-09 10:23:00,0.25637500950642633
63783,2025-05-07 19:00:00,2025-08-09 11:55:00,0.25654992775115976
63784,2025-05-07 19:00:00,2025-08-09 15:05:00,0.2569111719522397
63785,2025-05-07 19:00:00,2025-08-08 20:25:00,0.25478173245113694
63786,2025-05-07 19:00:00,2025-08-09 18:00:00,0.257243896874287
63787,2025-05-07 19:00:00,2025-08-09 17:19:00,0.2571659441782645
63788,2025-05-07 05:00:00,2025-08-09 11:53:00,0.25814320480644914
63789,2025-05-07 05:00:00,2025-08-09 08:29:00,0.25775534261160543
63790,2025-05-07 05:00:00,2025-08-09 09:53:00,0.2579150505741882
63791,2025-05-07 05:00:00,2025-08-09 17:13:00,0.25875161609247854
63792,2025-05-07 05:00:00,2025-08-08 20:43:00,0.2564130352118032
63793,2025-05-07 05:00:00,2025-08-09 16:16:00,0.25864324283215456
63794,2025-05-07 05:00:00,2025-08-09 09:50:00,0.2579093467183816
63795,2025-05-07 19:00:00,2025-08-09 09:06:00,0.25622861054072554
63796,2025-05-07 05:00:00,2025-08-09 16:58:00,0.2587230968134459
63797,2025-05-07 19:00:00,2025-08-09 12:08:00,0.2565746444596547
63798,2025-05-07 05:00:00,2025-08-09 16:41:00,0.2586907749638756
63799,2025-05-07 05:00:00,2025-08-09 02:23:00,0.25705947220320935
63800,2025-05-07 05:00:00,2025-08-09 08:34:00,0.25776484903794966
63802,2025-05-07 05:00:00,2025-08-09 16:04:00,0.25862042740892843
63803,2025-05-07 05:00:00,2025-08-09 16:12:00,0.25863563769107917
63804,2025-05-09 19:00:00,2025-08-08 23:45:00,0.24968628793064113
63805,2025-05-09 19:00:00,2025-08-09 02:46:00,0.25003042056430147
63806,2025-05-09 19:00:00,2025-08-09 16:51:00,0.25163700661647276
63807,2025-05-09 19:00:00,2025-08-09 17:25:00,0.25170165031561337
63808,2025-05-09 19:00:00,2025-08-09 16:27:00,0.25159137577002055
63809,2025-05-09 19:00:00,2025-08-09 01:17:00,0.24986120617537455
63810,2025-05-09 19:00:00,2025-08-09 09:45:00,0.25082705909194614
63811,2025-05-09 19:00:00,2025-08-09 16:38:00,0.2516122899079778
63812,2025-05-09 19:00:00,2025-08-08 17:34:00,0.24898091109590084
63813,2025-05-09 11:00:00,2025-08-09 17:12:00,0.25258955053616244
63814,2025-05-09 11:00:00,2025-08-09 17:17:00,0.2525990569625067
63815,2025-05-09 11:00:00,2025-08-09 01:37:00,0.2508118488097954
63816,2025-05-09 11:00:00,2025-08-08 18:51:00,0.2500399269906457
63817,2025-05-09 19:00:00,2025-08-09 04:29:00,0.2502262529469922
63818,2025-05-09 11:00:00,2025-08-09 09:21:00,0.251694045174538
63819,2025-05-09 11:00:00,2025-08-09 16:44:00,0.2525363145486349
63820,2025-05-09 11:00:00,2025-08-09 10:18:00,0.25180241843486195
63821,2025-05-09 19:00:00,2025-08-09 10:13:00,0.25088029507947374
63822,2025-05-09 11:00:00,2025-08-09 16:45:00,0.25253821583390373
63823,2025-05-09 11:00:00,2025-08-09 16:48:00,0.25254391968971024
63824,2025-05-09 11:00:00,2025-08-09 17:10:00,0.2525857479656248
63825,2025-05-09 11:00:00,2025-08-09 17:56:00,0.25267320708799146
63826,2025-05-09 11:00:00,2025-08-09 16:48:00,0.25254391968971024
63827,2025-05-09 19:00:00,2025-08-09 16:57:00,0.25164841432808577
63828,2025-05-09 19:00:00,2025-08-09 17:49:00,0.2517472811620656
63829,2025-05-09 19:00:00,2025-08-09 09:37:00,0.2508118488097954
63830,2025-05-09 11:00:00,2025-08-09 17:39:00,0.25264088523842115
63831,2025-05-09 19:00:00,2025-08-09 17:54:00,0.25175678758840975
63832,2025-05-09 19:00:00,2025-08-09 17:32:00,0.25171495931249527
63836,2025-05-14 17:00:00,2025-08-09 04:18:00,0.2367442391056354
63837,2025-05-14 17:00:00,2025-08-09 04:15:00,0.23673853524982888
63838,2025-05-14 17:00:00,2025-08-09 03:24:00,0.23664156970111797
63839,2025-05-14 17:00:00,2025-08-09 03:56:00,0.2367024108297209
63840,2025-05-14 17:00:00,2025-08-09 04:00:00,0.23671001597079624
63841,2025-05-14 17:00:00,2025-08-09 17:01:00,0.23819491976576165
63842,2025-05-14 17:00:00,2025-08-09 17:03:00,0.23819872233629935
63843,2025-05-14 17:00:00,2025-08-09 11:27:00,0.2375598904859685
63844,2025-05-14 17:00:00,2025-08-09 10:54:00,0.23749714807209674
63845,2025-05-14 17:00:00,2025-08-09 17:21:00,0.2382329454711385
63846,2025-05-14 17:00:00,2025-08-09 17:45:00,0.2382785763175907
63847,2025-05-14 17:00:00,2025-08-09 03:53:00,0.23669670697391437
63848,2025-05-14 17:00:00,2025-08-09 04:02:00,0.23671381854133394
63849,2025-05-14 17:00:00,2025-08-09 17:04:00,0.23820062362156819
63850,2025-05-14 17:00:00,2025-08-09 17:12:00,0.23821583390371892
63851,2025-05-14 17:00:00,2025-08-09 17:51:00,0.23828998402920373
63852,2025-05-14 12:59:00,2025-05-17 10:47:00,0.007962582705909195
63853,2025-05-14 19:00:00,2025-08-09 03:47:00,0.2364571450300403
63854,2025-05-14 17:00:00,2025-08-09 17:16:00,0.2382234390447943
63855,2025-05-14 19:00:00,2025-08-09 03:58:00,0.23647805916799758
63856,2025-05-14 19:00:00,2025-08-09 12:02:00,0.23739828123811696
63857,2025-05-14 13:00:00,2025-08-09 03:51:00,0.2371492128678987
63858,2025-05-14 19:00:00,2025-08-09 10:20:00,0.2372043501406951
63859,2025-05-14 19:00:00,2025-08-09 12:15:00,0.2374229979466119
63860,2025-05-14 19:00:00,2025-08-09 10:30:00,0.23722336299338354
63861,2025-05-14 13:00:00,2025-08-09 16:54:00,0.23863791923340177
63862,2025-05-14 19:00:00,2025-08-09 16:55:00,0.2379553578218876
63863,2025-05-14 13:00:00,2025-08-09 17:06:00,0.23866073465662788
63864,2025-05-17 13:00:00,2025-08-09 11:48:00,0.22984257357973992
63865,2025-05-17 19:00:00,2025-08-09 11:01:00,0.22906875047532133
63866,2025-05-17 19:00:00,2025-08-09 07:31:00,0.22866948056886455
63867,2025-05-17 19:00:00,2025-08-09 11:24:00,0.22911248003650467
63868,2025-05-17 19:00:00,2025-08-09 09:39:00,0.2289128450832763
63869,2025-05-17 19:00:00,2025-08-09 10:49:00,0.22904593505209522
63870,2025-05-17 19:00:00,2025-08-09 08:53:00,0.22882538596090957
63871,2025-05-17 19:00:00,2025-08-09 10:03:00,0.22895847592972848
63872,2025-05-17 19:00:00,2025-08-09 11:30:00,0.22912388774811773
63873,2025-05-17 19:00:00,2025-08-09 09:45:00,0.22892425279488934
63874,2025-05-17 13:00:00,2025-08-09 09:34:00,0.22958780135371512
63875,2025-05-17 19:00:00,2025-08-09 10:55:00,0.22905734276370826
63876,2025-05-17 13:00:00,2025-08-09 09:10:00,0.22954217050726292
63877,2025-05-17 19:00:00,2025-08-09 08:59:00,0.22883679367252263
63878,2025-05-17 13:00:00,2025-08-09 11:54:00,0.22985398129135295
63879,2025-05-17 13:00:00,2025-08-09 11:42:00,0.22983116586812685
63880,2025-05-17 13:00:00,2025-08-09 11:39:00,0.22982546201232032
63881,2025-05-17 19:00:00,2025-08-09 09:54:00,0.2289413643623089
63882,2025-05-17 13:00:00,2025-08-09 09:42:00,0.22960301163586586
63883,2025-05-17 13:00:00,2025-08-09 10:41:00,0.2297151874667275
63884,2025-05-17 19:00:00,2025-08-09 11:04:00,0.22907445433112783
63885,2025-05-17 19:00:00,2025-08-09 09:25:00,0.2288862270895125
63886,2025-05-17 19:00:00,2025-08-09 09:19:00,0.22887481937789947
63887,2025-05-17 19:00:00,2025-08-09 09:13:00,0.2288634116662864
63888,2025-05-17 19:00:00,2025-08-09 10:35:00,0.22901931705833142
63889,2025-05-17 19:00:00,2025-08-09 11:57:00,0.22917522245037644
63890,2025-05-17 13:00:00,2025-08-09 09:46:00,0.22961061677694122
63891,2025-05-17 13:00:00,2025-08-09 10:06:00,0.22964864248231806
63892,2025-05-17 13:00:00,2025-08-08 19:17:00,0.22795839987831773
63893,2025-05-17 19:00:00,2025-08-09 17:26:00,0.22980074530382538
63894,2025-05-17 19:00:00,2025-08-09 10:17:00,0.22898509392349228
63895,2025-05-17 19:00:00,2025-08-09 09:55:00,0.22894326564757778
63896,2025-05-17 13:00:00,2025-08-09 01:28:00,0.22866377671305801
63897,2025-05-17 19:00:00,2025-08-09 10:01:00,0.2289546733591908
63898,2025-05-17 13:00:00,2025-08-09 16:28:00,0.23037493345501558
63899,2025-05-17 19:00:00,2025-08-09 09:41:00,0.22891664765381398
63900,2025-05-17 13:00:00,2025-08-09 09:50:00,0.2296182219180166
63901,2025-05-17 19:00:00,2025-08-09 17:20:00,0.22978933759221234
63902,2025-05-17 13:00:00,2025-08-09 16:38:00,0.23039394630770402
63903,2025-05-17 13:00:00,2025-08-09 01:24:00,0.22865617157198265
63904,2025-05-17 13:00:00,2025-08-09 09:57:00,0.22963153091489846
63905,2025-05-17 19:00:00,2025-08-09 10:08:00,0.2289679823560727
63906,2025-05-17 13:00:00,2025-08-09 01:09:00,0.22862765229295004
63907,2025-05-17 19:00:00,2025-08-09 10:28:00,0.22900600806144955
63908,2025-05-17 13:00:00,2025-08-09 10:03:00,0.22964293862651153
63909,2025-05-17 13:00:00,2025-08-09 09:42:00,0.22960301163586586
63910,2025-05-17 13:00:00,2025-08-09 05:09:00,0.22908396075747206
63911,2025-05-17 13:00:00,2025-08-09 17:22:00,0.23047760285953303
63912,2025-05-17 13:00:00,2025-08-09 17:28:00,0.2304890105711461
63913,2025-05-17 13:00:00,2025-08-09 17:17:00,0.23046809643318883
63914,2025-05-17 11:00:00,2025-08-09 01:20:00,0.2288767206631683
63915,2025-05-17 13:00:00,2025-08-09 17:11:00,0.2304566887215758
63916,2025-05-17 13:00:00,2025-08-09 16:40:00,0.2303977488782417
63917,2025-05-17 13:00:00,2025-08-08 18:58:00,0.22792227545820976
63926,2025-05-18 19:00:00,2025-08-09 09:17:00,0.22613316602022968
63927,2025-05-18 19:00:00,2025-08-09 12:59:00,0.22655525134991253
63928,2025-05-18 13:00:00,2025-08-09 16:00:00,0.22758384668035592
63929,2025-05-18 19:00:00,2025-08-09 08:59:00,0.22609894288539054
63930,2025-05-18 19:00:00,2025-08-09 16:00:00,0.2268993839835729
63931,2025-05-18 19:00:00,2025-08-09 10:29:00,0.2262700585595863
63932,2025-05-18 19:00:00,2025-08-09 09:23:00,0.2261445737318427
63933,2025-05-18 19:00:00,2025-08-09 16:00:00,0.2268993839835729
63934,2025-05-18 19:00:00,2025-08-09 10:05:00,0.22622442771313409
63935,2025-05-18 19:00:00,2025-08-09 12:41:00,0.2265210282150734
63936,2025-05-18 19:00:00,2025-08-09 09:41:00,0.22617879686668188
63937,2025-05-18 19:00:00,2025-08-09 16:48:00,0.2269906456764773
63938,2025-05-18 19:00:00,2025-08-09 13:53:00,0.22665792075443
63939,2025-05-18 19:00:00,2025-08-09 13:11:00,0.22657806677313863
63940,2025-05-18 19:00:00,2025-08-08 14:21:00,0.22397330595482545
63941,2025-05-18 19:00:00,2025-08-09 10:11:00,0.22623583542474712
63942,2025-05-18 19:00:00,2025-08-09 10:17:00,0.2262472431363602
63943,2025-05-18 19:00:00,2025-08-09 16:00:00,0.2268993839835729
63944,2025-05-18 19:00:00,2025-08-09 07:29:00,0.22592782721119475
63945,2025-05-18 13:00:00,2025-08-09 09:17:00,0.2268176287170127
63946,2025-05-18 19:00:00,2025-08-09 07:35:00,0.22593923492280782
63947,2025-05-18 19:00:00,2025-08-09 13:59:00,0.22666932846604304
63948,2025-05-18 19:00:00,2025-08-09 16:00:00,0.2268993839835729
63949,2025-05-18 19:00:00,2025-08-09 09:47:00,0.22619020457829492
63950,2025-05-18 19:00:00,2025-08-09 13:12:00,0.2265799680584075
63951,2025-05-18 19:00:00,2025-08-09 10:05:00,0.22622442771313409
63952,2025-05-18 13:00:00,2025-08-09 16:30:00,0.22764088523842116
63953,2025-05-18 13:00:00,2025-08-09 09:48:00,0.2268765685603468
63954,2025-05-18 13:00:00,2025-08-09 16:42:00,0.22766370066164726
63955,2025-05-18 13:00:00,2025-08-09 10:19:00,0.22693550840368087
63956,2025-05-18 13:00:00,2025-08-09 16:27:00,0.22763518138261465
63957,2025-05-18 13:00:00,2025-08-09 03:48:00,0.22619210586356378
63958,2025-05-18 19:00:00,2025-08-09 09:59:00,0.22621302000152102
63959,2025-05-18 13:00:00,2025-08-09 10:16:00,0.22692980454787437
63960,2025-05-18 13:00:00,2025-08-09 00:29:00,0.22581375009506427
63961,2025-05-18 13:00:00,2025-08-09 09:44:00,0.22686896341927143
63962,2025-05-18 13:00:00,2025-08-09 09:39:00,0.22685945699292723
63963,2025-05-18 13:00:00,2025-08-08 17:46:00,0.22504753213172105
63964,2025-05-18 13:00:00,2025-08-09 17:24:00,0.22774355464293863
63965,2025-05-18 13:00:00,2025-08-09 01:31:00,0.22593162978173245
63966,2025-05-18 13:00:00,2025-08-09 17:07:00,0.22771123279336833
63967,2025-05-18 13:00:00,2025-08-09 04:25:00,0.22626245341851092
63968,2025-05-18 13:00:00,2025-08-09 17:04:00,0.2277055289375618
63969,2025-05-18 13:00:00,2025-08-09 01:11:00,0.22589360407635561
63970,2025-05-18 13:00:00,2025-08-09 10:30:00,0.22695642254163814
63971,2025-05-18 13:00:00,2025-08-09 09:39:00,0.22685945699292723
63972,2025-05-18 13:00:00,2025-08-09 17:15:00,0.22772644307551906
63973,2025-05-18 13:00:00,2025-08-09 16:24:00,0.22762947752680812
63974,2025-05-18 13:00:00,2025-08-09 03:45:00,0.22618640200775725
63975,2025-05-18 13:00:00,2025-08-09 09:56:00,0.22689177884249753
63976,2025-05-18 13:00:00,2025-08-09 00:26:00,0.22580804623925774
63977,2025-05-18 13:00:00,2025-08-09 09:47:00,0.22687466727507796
63978,2025-05-18 13:00:00,2025-08-09 09:36:00,0.2268537531371207
63979,2025-05-18 13:00:00,2025-08-09 04:48:00,0.22630618297969426
63994,2025-05-26 19:00:00,2025-08-09 12:02:00,0.20454407179253176
63995,2025-05-26 19:00:00,2025-08-09 12:55:00,0.20464483991178037
63996,2025-05-26 19:00:00,2025-08-09 14:18:00,0.20480264658909422
63997,2025-05-26 19:00:00,2025-08-09 04:36:00,0.20369609856262832
63998,2025-05-26 19:00:00,2025-08-09 14:59:00,0.20488059928511673
63999,2025-05-26 19:00:00,2025-08-09 14:16:00,0.20479884401855655
64000,2025-05-26 19:00:00,2025-08-09 06:35:00,0.20392235150962051
64001,2025-05-26 19:00:00,2025-08-09 15:23:00,0.20492623013156894
64002,2025-05-26 19:00:00,2025-08-08 21:56:00,0.20293558445509163
64003,2025-05-26 19:00:00,2025-08-09 06:03:00,0.20386151038101757
64004,2025-05-26 13:00:00,2025-08-09 14:46:00,0.2055403452734048
64005,2025-05-26 19:00:00,2025-08-09 06:31:00,0.20391474636854515
64006,2025-05-26 19:00:00,2025-08-09 15:30:00,0.20493953912845084
64007,2025-05-26 19:00:00,2025-08-09 14:11:00,0.20478933759221232
64008,2025-05-26 19:00:00,2025-08-09 14:53:00,0.2048691915735037
64009,2025-05-26 19:00:00,2025-08-09 12:35:00,0.20460681420640353
64010,2025-05-26 19:00:00,2025-08-09 11:56:00,0.2045326640809187
64011,2025-05-26 19:00:00,2025-08-09 11:54:00,0.20452886151038102
64012,2025-05-26 19:00:00,2025-08-09 14:05:00,0.20477792988059929
64013,2025-05-26 19:00:00,2025-08-09 16:00:00,0.20499657768651608
64014,2025-05-26 19:00:00,2025-08-09 05:50:00,0.20383679367252264
64015,2025-05-26 19:00:00,2025-08-09 06:24:00,0.20390143737166325
64016,2025-05-26 19:00:00,2025-08-09 14:07:00,0.20478173245113696
64017,2025-05-26 19:00:00,2025-08-09 14:20:00,0.20480644915963192
64018,2025-05-26 19:00:00,2025-08-08 15:06:00,0.20215605749486654
64019,2025-05-26 19:00:00,2025-08-09 14:49:00,0.20486158643242833
64020,2025-05-26 19:00:00,2025-08-09 14:44:00,0.20485208000608413
64021,2025-05-26 19:00:00,2025-08-09 12:38:00,0.20461251806221006
64022,2025-05-26 13:00:00,2025-08-09 16:51:00,0.20577800593201004
64023,2025-05-26 19:00:00,2025-08-09 02:50:00,0.2034945623241311
64024,2025-05-26 13:00:00,2025-08-09 10:02:00,0.20500038025705378
64025,2025-05-26 19:00:00,2025-08-09 03:02:00,0.2035173777473572
64026,2025-05-26 19:00:00,2025-08-09 09:38:00,0.20427028671381856
64027,2025-05-26 19:00:00,2025-08-09 10:26:00,0.20436154840672294
64028,2025-05-26 19:00:00,2025-08-09 14:33:00,0.20483116586812686
64029,2025-05-26 19:00:00,2025-08-09 18:00:00,0.2052247319187771
64030,2025-05-26 19:00:00,2025-08-09 03:02:00,0.2035173777473572
64031,2025-05-26 19:00:00,2025-08-09 02:38:00,0.203471746900905
64032,2025-05-26 13:00:00,2025-08-09 09:56:00,0.2049889725454407
64033,2025-05-26 19:00:00,2025-08-09 10:14:00,0.20433873298349683
64034,2025-05-26 13:00:00,2025-08-09 10:21:00,0.20503650467716175
64035,2025-05-26 19:00:00,2025-08-09 03:08:00,0.20352878545897027
64036,2025-05-26 19:00:00,2025-08-09 02:50:00,0.2034945623241311
64037,2025-05-26 13:00:00,2025-08-09 10:33:00,0.20505932010038785
64038,2025-05-26 19:00:00,2025-08-09 01:50:00,0.20338048520800062
64039,2025-05-26 19:00:00,2025-08-09 09:39:00,0.2042721879990874
64040,2025-05-26 19:00:00,2025-08-09 02:56:00,0.20350597003574417
64041,2025-05-26 19:00:00,2025-08-09 02:38:00,0.203471746900905
64042,2025-05-26 19:00:00,2025-08-09 03:08:00,0.20352878545897027
64043,2025-05-26 19:00:00,2025-08-09 10:45:00,0.20439767282683094
64044,2025-05-26 19:00:00,2025-08-09 15:45:00,0.20496805840748347
64045,2025-05-26 19:00:00,2025-08-09 16:45:00,0.20508213552361396
64046,2025-05-26 19:00:00,2025-08-09 10:08:00,0.2043273252718838
64047,2025-05-26 19:00:00,2025-08-09 18:00:00,0.2052247319187771
64064,2025-05-30 19:00:00,2025-08-09 04:42:00,0.19275610312571298
64065,2025-05-30 13:00:00,2025-08-09 10:18:00,0.19407939767282684
64066,2025-05-30 19:00:00,2025-08-09 17:33:00,0.19422199406798996
64067,2025-05-30 13:00:00,2025-08-09 17:17:00,0.19487603620047153
64068,2025-05-30 19:00:00,2025-08-09 10:35:00,0.19342725682561412
64069,2025-05-30 19:00:00,2025-08-09 17:02:00,0.19416305422465588
64070,2025-05-30 19:00:00,2025-08-09 10:10:00,0.19337972469389308
64071,2025-05-30 13:00:00,2025-08-09 10:33:00,0.19410791695185944
64072,2025-05-30 19:00:00,2025-08-09 17:25:00,0.19420678378583922
64073,2025-05-30 19:00:00,2025-08-09 10:41:00,0.19343866453722716
64074,2025-05-30 19:00:00,2025-08-09 10:26:00,0.19341014525819453
64075,2025-05-30 19:00:00,2025-08-09 10:03:00,0.19336641569701118
64076,2025-05-30 19:00:00,2025-08-09 03:26:00,0.192611605445281
64077,2025-05-30 13:00:00,2025-08-09 01:43:00,0.19310023575937332
64078,2025-05-30 13:00:00,2025-08-08 18:50:00,0.1923150049433417
64079,2025-05-30 13:00:00,2025-08-09 05:23:00,0.1935185185185185
64080,2025-05-30 13:00:00,2025-08-09 02:26:00,0.19318199102593353
64081,2025-05-30 13:00:00,2025-08-09 01:23:00,0.1930622100539965
64082,2025-05-30 13:00:00,2025-08-09 06:52:00,0.19368773290744543
64083,2025-05-30 13:00:00,2025-08-09 01:38:00,0.19309072933302912
64084,2025-05-30 19:00:00,2025-08-09 05:30:00,0.1928473648186174
64085,2025-05-30 13:00:00,2025-08-08 19:01:00,0.19233591908129896
64086,2025-05-30 13:00:00,2025-08-09 01:32:00,0.19307932162141608
64096,2025-06-01 19:00:00,2025-08-09 05:01:00,0.18731652597155676
64097,2025-06-01 19:00:00,2025-08-09 10:00:00,0.18788501026694046
64098,2025-06-01 19:00:00,2025-08-09 17:16:00,0.18871397064415546
64099,2025-06-01 19:00:00,2025-08-09 17:09:00,0.18870066164727356
64100,2025-06-01 19:00:00,2025-08-09 17:30:00,0.18874058863791923
64101,2025-06-01 19:00:00,2025-08-09 18:00:00,0.18879762719598447
64102,2025-06-01 19:00:00,2025-08-09 17:16:00,0.18871397064415546
64103,2025-06-01 19:00:00,2025-08-09 17:09:00,0.18870066164727356
64104,2025-06-01 19:00:00,2025-08-09 17:03:00,0.1886892539356605
64105,2025-06-01 13:00:00,2025-08-08 23:54:00,0.18741729409080538
64106,2025-06-01 13:00:00,2025-08-08 23:47:00,0.1874039850939235
64107,2025-06-01 19:00:00,2025-08-09 16:49:00,0.18866263594189672
64108,2025-06-01 13:00:00,2025-08-09 10:28:00,0.18862270895125105
64109,2025-06-01 13:00:00,2025-08-09 10:22:00,0.18861130123963799
64110,2025-06-01 13:00:00,2025-08-09 16:56:00,0.18936040763556164
64111,2025-06-01 13:00:00,2025-08-09 01:01:00,0.1875446802038178
64112,2025-06-01 13:00:00,2025-08-09 10:29:00,0.18862461023651989
64113,2025-06-01 13:00:00,2025-08-09 16:29:00,0.1893090729333029
64114,2025-06-01 13:00:00,2025-08-09 01:14:00,0.18756939691231272
64115,2025-06-01 13:00:00,2025-08-09 16:23:00,0.18929766522168986
64116,2025-06-01 13:00:00,2025-08-09 10:08:00,0.1885846832458742
64117,2025-06-01 13:00:00,2025-08-09 10:02:00,0.18857327553426115
64118,2025-06-01 13:00:00,2025-08-09 16:29:00,0.1893090729333029
64119,2025-06-01 13:00:00,2025-08-09 10:02:00,0.18857327553426115
64120,2025-06-01 13:00:00,2025-08-09 00:28:00,0.187481937789946
64121,2025-06-01 13:00:00,2025-08-09 17:36:00,0.18943645904631531
64122,2025-06-01 13:00:00,2025-08-09 00:35:00,0.18749524678682788
64123,2025-06-03 19:00:00,2025-08-09 10:17:00,0.18244163054224655
64124,2025-06-03 13:00:00,2025-08-09 04:00:00,0.18240930869267624
64125,2025-06-03 19:00:00,2025-08-09 16:00:00,0.1830937713894593
64126,2025-06-03 19:00:00,2025-08-09 16:07:00,0.18310708038634116
64127,2025-06-03 19:00:00,2025-08-09 16:45:00,0.18317932922655716
64128,2025-06-03 19:00:00,2025-08-09 15:45:00,0.18306525211042665
64129,2025-06-03 19:00:00,2025-08-09 16:53:00,0.1831945395087079
64130,2025-06-03 19:00:00,2025-08-09 09:46:00,0.18238269069891247
64131,2025-06-03 13:00:00,2025-08-09 17:01:00,0.18389421248764165
64132,2025-06-03 13:00:00,2025-08-09 18:00:00,0.1840063883185033
64133,2025-06-03 19:00:00,2025-08-09 16:15:00,0.1831222906684919
64134,2025-06-03 19:00:00,2025-08-09 12:03:00,0.18264316678074377
64135,2025-06-03 13:00:00,2025-08-09 08:53:00,0.18296638527644687
64136,2025-06-03 19:00:00,2025-08-09 17:27:00,0.1832591832078485
64137,2025-06-03 19:00:00,2025-08-09 04:06:00,0.18173625370750626
64138,2025-06-03 19:00:00,2025-08-09 16:50:00,0.18318883565290137
64139,2025-06-03 19:00:00,2025-08-09 03:34:00,0.18167541257890335
64140,2025-06-03 19:00:00,2025-08-09 03:49:00,0.18170393185793596
64141,2025-06-03 19:00:00,2025-08-09 11:36:00,0.18259183207848506
64142,2025-06-03 13:00:00,2025-08-09 17:36:00,0.1839607574720511
64143,2025-06-03 13:00:00,2025-08-09 03:23:00,0.1823389611377291
64144,2025-06-03 13:00:00,2025-08-09 03:54:00,0.1823979009810632
64145,2025-06-03 13:00:00,2025-08-09 04:07:00,0.18242261768955814
64146,2025-06-03 19:00:00,2025-08-09 15:19:00,0.18301581869343678
64147,2025-06-03 19:00:00,2025-08-09 08:28:00,0.18223439044794282
64148,2025-06-03 19:00:00,2025-08-09 09:06:00,0.1823066392881588
64149,2025-06-03 19:00:00,2025-08-09 09:19:00,0.18233135599665373
64150,2025-06-03 19:00:00,2025-08-09 05:01:00,0.18184082439729257
64151,2025-06-03 19:00:00,2025-08-09 04:46:00,0.18181230511825994
64152,2025-06-03 19:00:00,2025-08-09 10:00:00,0.18240930869267624
64153,2025-06-03 19:00:00,2025-08-09 08:37:00,0.1822515020153624
64154,2025-06-03 19:00:00,2025-08-09 09:37:00,0.1823655791314929
64155,2025-06-03 19:00:00,2025-08-09 09:43:00,0.18237698684310594
64156,2025-06-03 19:00:00,2025-08-09 18:00:00,0.18332192562172028
64157,2025-06-03 19:00:00,2025-08-09 08:32:00,0.18224199558901819
64158,2025-06-03 19:00:00,2025-08-09 09:19:00,0.18233135599665373
64159,2025-06-03 19:00:00,2025-08-09 04:20:00,0.18176287170127006
64160,2025-06-03 19:00:00,2025-08-09 08:48:00,0.18227241615331966
64161,2025-06-03 19:00:00,2025-08-09 05:08:00,0.18185413339417447
64162,2025-06-03 19:00:00,2025-08-09 09:35:00,0.1823617765609552
64163,2025-06-03 19:00:00,2025-08-09 04:20:00,0.18176287170127006
64164,2025-06-03 19:00:00,2025-08-09 13:42:00,0.18283139402235912
64165,2025-06-03 19:00:00,2025-08-09 10:00:00,0.18240930869267624
64166,2025-06-03 19:00:00,2025-08-09 05:12:00,0.18186173853524984
64167,2025-06-03 19:00:00,2025-08-09 14:35:00,0.18293216214160773
64168,2025-06-03 19:00:00,2025-08-09 09:43:00,0.18237698684310594
64169,2025-06-03 19:00:00,2025-08-09 13:58:00,0.1828618145866606
64170,2025-06-04 17:00:00,2025-08-09 04:16:00,0.1792455700053236
64171,2025-06-04 21:00:00,2025-08-09 06:57:00,0.1790953684690851
64172,2025-06-04 21:00:00,2025-08-09 14:00:00,0.17989961213780514
64173,2025-06-04 23:00:00,2025-08-09 14:49:00,0.1797646208837174
64174,2025-06-05 01:00:00,2025-08-09 04:25:00,0.17835006464369915
64175,2025-06-04 15:00:00,2025-08-09 14:12:00,0.1806068902578143
64176,2025-06-04 11:00:00,2025-08-09 05:05:00,0.18002319568027986
64177,2025-06-04 05:00:00,2025-08-09 14:23:00,0.1817685755570766
64178,2025-06-04 11:00:00,2025-08-09 04:30:00,0.1799566506958704
64179,2025-06-04 15:00:00,2025-08-09 03:38:00,0.17940147539736861
64180,2025-06-04 23:00:00,2025-08-09 07:17:00,0.17890523994220092
64181,2025-06-04 15:00:00,2025-08-09 04:47:00,0.1795326640809187
64182,2025-06-04 23:00:00,2025-08-09 04:27:00,0.17858202144649785
64183,2025-06-05 01:00:00,2025-08-09 14:14:00,0.17946992166704692
64184,2025-06-04 11:00:00,2025-08-09 04:54:00,0.18000228154232262
64185,2025-06-04 17:00:00,2025-08-09 13:59:00,0.18035401931705833
64186,2025-06-05 05:00:00,2025-08-09 03:59:00,0.17784432276218723
64187,2025-06-05 07:00:00,2025-08-09 03:06:00,0.17751540041067762
64188,2025-06-04 17:00:00,2025-08-09 04:37:00,0.17928549699596927
64189,2025-06-05 05:00:00,2025-08-09 03:40:00,0.17780819834207925
64190,2025-06-05 15:22:00,2025-08-09 06:30:00,0.17694881740056279
64191,2025-06-05 15:22:00,2025-08-09 05:03:00,0.17678340558217354
64192,2025-06-05 15:21:00,2025-08-09 14:09:00,0.17782340862423
64193,2025-06-05 11:00:00,2025-08-09 05:08:00,0.1772910487489543
64194,2025-06-05 11:00:00,2025-08-09 04:18:00,0.17719598448551221
64195,2025-06-05 15:20:00,2025-08-09 04:07:00,0.1766807361776561
64196,2025-06-05 15:19:00,2025-08-09 04:33:00,0.17673207087991483
64203,2025-06-07 15:00:00,2025-08-09 00:57:00,0.1708818161076888
64204,2025-06-07 19:00:00,2025-08-09 17:18:00,0.17229066849190053
64205,2025-06-07 19:00:00,2025-08-09 01:23:00,0.17047494106015668
64206,2025-06-07 13:00:00,2025-08-09 17:31:00,0.17299984789717848
64207,2025-06-07 13:00:00,2025-08-09 02:23:00,0.1712734808730702
64208,2025-06-07 13:00:00,2025-08-09 10:00:00,0.17214236824093088
64209,2025-06-07 13:00:00,2025-08-09 01:10:00,0.17113468704844476
64210,2025-06-07 13:00:00,2025-08-09 03:50:00,0.17143889269145943
64211,2025-06-07 13:00:00,2025-08-09 11:24:00,0.17230207620351357
64212,2025-06-07 13:00:00,2025-08-09 03:23:00,0.1713875579892007
64213,2025-06-07 13:00:00,2025-08-09 01:30:00,0.1711727127538216
64214,2025-06-07 13:00:00,2025-08-09 03:44:00,0.1714274849798464
64215,2025-06-07 13:00:00,2025-08-09 10:37:00,0.17221271579587802
64216,2025-06-07 13:00:00,2025-08-09 00:03:00,0.17100730093543234
64217,2025-06-07 13:00:00,2025-08-09 00:57:00,0.17110997033994982
64218,2025-06-07 13:00:00,2025-08-09 18:00:00,0.1730549851699749
64219,2025-06-07 13:00:00,2025-08-09 18:00:00,0.1730549851699749
64220,2025-06-07 19:00:00,2025-08-09 17:32:00,0.1723172864856643
64221,2025-06-07 11:00:00,2025-08-09 12:00:00,0.1725986767054529
64222,2025-06-07 13:00:00,2025-08-09 17:19:00,0.17297703247395238
64223,2025-06-07 13:00:00,2025-08-09 11:25:00,0.17230397748878243
64224,2025-06-07 11:00:00,2025-08-09 17:25:00,0.17321659441782644
64225,2025-06-07 13:00:00,2025-08-09 10:58:00,0.1722526427865237
64226,2025-06-07 13:00:00,2025-08-09 04:24:00,0.17150353639060004
64227,2025-06-07 13:00:00,2025-08-09 10:31:00,0.17220130808426495
64228,2025-06-07 11:00:00,2025-08-09 01:30:00,0.1714008669860826
64229,2025-06-07 11:00:00,2025-08-09 01:45:00,0.17142938626511522
64233,2025-06-11 21:00:00,2025-08-09 11:52:00,0.16049129211346871
64234,2025-06-11 21:00:00,2025-08-09 10:14:00,0.16030496615712223
64235,2025-06-11 21:00:00,2025-08-09 02:32:00,0.15942657236291732
64236,2025-06-11 21:00:00,2025-08-08 09:42:00,0.1575062742413872
64237,2025-06-11 21:00:00,2025-08-09 11:24:00,0.16043805612594114
64238,2025-06-11 21:00:00,2025-08-09 11:17:00,0.16042474712905924
64239,2025-06-11 21:00:00,2025-08-09 08:08:00,0.16006540421324816
64240,2025-06-11 21:00:00,2025-08-09 11:03:00,0.16039812913529547
64241,2025-06-11 21:00:00,2025-08-09 00:57:00,0.15924595026237737
64242,2025-06-11 21:00:00,2025-08-09 09:25:00,0.16021180317894898
64243,2025-06-11 21:00:00,2025-08-09 10:00:00,0.16027834816335843
64244,2025-06-11 21:00:00,2025-08-09 18:00:00,0.16119096509240247
64245,2025-06-11 21:00:00,2025-08-09 10:28:00,0.160331584150886
64246,2025-06-11 21:00:00,2025-08-09 10:00:00,0.16027834816335843
64247,2025-06-11 21:00:00,2025-08-09 10:00:00,0.16027834816335843
64248,2025-06-11 21:00:00,2025-08-09 10:00:00,0.16027834816335843
64249,2025-06-11 21:00:00,2025-08-09 10:32:00,0.16033918929196136
64250,2025-06-11 21:00:00,2025-08-09 09:45:00,0.16024982888432582
64251,2025-06-11 21:00:00,2025-08-09 18:00:00,0.16119096509240247
64252,2025-06-11 21:00:00,2025-08-09 01:33:00,0.15931439653205567
64253,2025-06-11 21:00:00,2025-08-09 03:19:00,0.1595159327705529
64254,2025-06-11 21:00:00,2025-08-09 08:16:00,0.1600806144953989
64255,2025-06-11 21:00:00,2025-08-09 08:22:00,0.16009202220701194
64256,2025-06-11 21:00:00,2025-08-09 06:11:00,0.15984295383679367
64257,2025-06-11 21:00:00,2025-08-09 08:31:00,0.1601091337744315
64258,2025-06-11 21:00:00,2025-08-09 16:39:00,0.16103696098562628
64259,2025-06-11 21:00:00,2025-08-09 15:52:00,0.16094760057799073
64260,2025-06-11 21:00:00,2025-08-09 16:05:00,0.16097231728648567
64261,2025-06-11 21:00:00,2025-08-09 05:58:00,0.15981823712829873
64262,2025-06-11 21:00:00,2025-08-09 04:51:00,0.15969085101528632
64263,2025-06-11 21:00:00,2025-08-09 16:32:00,0.16102365198874438
64264,2025-06-11 21:00:00,2025-08-09 08:58:00,0.16016046847669024
64265,2025-06-11 21:00:00,2025-08-09 03:58:00,0.1595900828960377
64266,2025-06-11 21:00:00,2025-08-09 16:12:00,0.16098562628336754
64267,2025-06-11 21:00:00,2025-08-09 08:11:00,0.16007110806905467
64268,2025-06-11 21:00:00,2025-08-09 06:18:00,0.15985626283367557
64269,2025-06-11 21:00:00,2025-08-09 06:05:00,0.15983154612518063
64270,2025-06-11 21:00:00,2025-08-09 15:46:00,0.16093619286637767
64271,2025-06-11 21:00:00,2025-08-09 05:52:00,0.15980682941668567
64272,2025-06-11 21:00:00,2025-08-09 05:58:00,0.15981823712829873
64273,2025-06-11 21:00:00,2025-08-09 08:39:00,0.16012434405658224
64274,2025-06-11 21:00:00,2025-08-09 08:52:00,0.1601490607650772
64275,2025-06-11 21:00:00,2025-08-09 16:19:00,0.16099893528024944
64276,2025-06-11 21:00:00,2025-08-09 06:38:00,0.1598942885390524
64277,2025-06-11 21:00:00,2025-08-09 06:52:00,0.15992090653281618
64278,2025-06-11 21:00:00,2025-08-09 16:33:00,0.16102555327401324
64279,2025-06-11 21:00:00,2025-08-09 06:12:00,0.1598448551220625
64280,2025-06-11 21:00:00,2025-08-09 06:18:00,0.15985626283367557
64281,2025-06-11 21:00:00,2025-08-09 08:18:00,0.16008441706593657
64282,2025-06-11 21:00:00,2025-08-09 15:53:00,0.16094950186325957
64291,2025-06-19 21:45:00,2025-08-09 15:54:00,0.1389630390143737
64292,2025-06-19 20:12:00,2025-08-09 15:30:00,0.1390942276979238
64293,2025-06-19 20:13:00,2025-08-09 08:53:00,0.1383375161609248
64294,2025-06-19 12:36:00,2025-08-09 16:17:00,0.1400505741881512
64295,2025-06-19 20:11:00,2025-08-09 16:24:00,0.1391987983877101
64296,2025-06-19 20:10:00,2025-08-09 07:32:00,0.13818921590995514
64297,2025-06-16 21:00:00,2025-08-09 16:05:00,0.14728306335082517
64298,2025-06-17 03:00:00,2025-08-09 08:42:00,0.14575633127994525
64299,2025-06-17 03:00:00,2025-08-09 06:28:00,0.14550155905392045
64300,2025-06-17 03:00:00,2025-08-09 07:49:00,0.14565556316069664
64301,2025-06-17 03:00:00,2025-08-09 07:38:00,0.14563464902273937
64302,2025-06-17 03:00:00,2025-08-09 08:59:00,0.14578865312951556
64303,2025-06-17 01:00:00,2025-08-09 08:48:00,0.1459958932238193
64304,2025-06-16 19:00:00,2025-08-09 16:11:00,0.14752262529469923
64305,2025-06-16 17:00:00,2025-08-09 08:13:00,0.14684196516845388
64306,2025-06-16 19:00:00,2025-08-09 08:36:00,0.14665754049737623
64307,2025-06-16 17:00:00,2025-08-09 08:33:00,0.14687999087383072
64308,2025-06-16 17:00:00,2025-08-09 08:21:00,0.14685717545060462
64309,2025-06-16 17:00:00,2025-08-09 08:10:00,0.14683626131264735
64310,2025-06-16 17:00:00,2025-08-09 15:39:00,0.14768993839835728
64311,2025-06-16 19:00:00,2025-08-09 07:31:00,0.1465339569549015
64312,2025-06-16 17:00:00,2025-08-09 15:27:00,0.14766712297513118
64313,2025-06-16 17:00:00,2025-08-09 07:35:00,0.14676971632823788
64314,2025-06-16 17:00:00,2025-08-09 07:29:00,0.14675830861662484
64315,2025-06-16 15:00:00,2025-08-09 08:56:00,0.14715187466727508
64316,2025-06-16 17:00:00,2025-08-09 08:51:00,0.14691421400866986
64317,2025-06-19 21:00:00,2025-08-09 14:00:00,0.13883185033082363
64318,2025-06-19 21:00:00,2025-08-09 13:30:00,0.13877481177275838
64319,2025-06-19 21:00:00,2025-08-09 05:36:00,0.1378736025553274
64320,2025-06-19 21:00:00,2025-08-09 14:08:00,0.13884706061297436
64321,2025-06-19 21:00:00,2025-08-09 12:21:00,0.1386436230892083
64322,2025-06-19 21:00:00,2025-08-09 05:59:00,0.13791733211651075
64323,2025-06-19 21:00:00,2025-08-09 12:51:00,0.13870066164727354
64324,2025-06-19 21:00:00,2025-08-09 05:29:00,0.1378602935584455
64325,2025-06-19 21:00:00,2025-08-09 05:38:00,0.13787740512586508
64326,2025-06-19 21:00:00,2025-08-09 13:45:00,0.13880333105179102
64327,2025-06-19 21:00:00,2025-08-09 12:59:00,0.13871587192942428
64328,2025-06-19 21:00:00,2025-08-09 05:44:00,0.13788881283747814
64329,2025-06-19 21:00:00,2025-08-09 14:15:00,0.13886036960985626
64330,2025-06-19 21:00:00,2025-08-09 14:31:00,0.13889079017415773
64331,2025-06-19 21:00:00,2025-08-09 18:00:00,0.13928815879534565
64332,2025-06-19 21:00:00,2025-08-09 18:00:00,0.13928815879534565
64333,2025-06-19 21:00:00,2025-08-09 18:00:00,0.13928815879534565
64334,2025-06-19 21:00:00,2025-08-09 10:00:00,0.13837554186630163
64335,2025-06-19 21:00:00,2025-08-09 18:00:00,0.13928815879534565
64336,2025-06-19 21:00:00,2025-08-09 01:16:00,0.13737926838542855
64337,2025-06-19 21:00:00,2025-08-09 06:12:00,0.13794204882500571
64338,2025-06-19 21:00:00,2025-08-09 06:31:00,0.1379781732451137
64339,2025-06-19 21:00:00,2025-08-09 18:00:00,0.13928815879534565
64344,2025-06-27 18:59:00,2025-08-09 10:00:00,0.11670279108677466
64345,2025-06-27 18:58:00,2025-08-09 05:24:00,0.11617993763784318
64346,2025-06-27 15:55:00,2025-08-09 17:14:00,0.11787778538291885
64347,2025-06-27 03:43:00,2025-08-09 17:20:00,0.11928093391132405
64348,2025-06-27 18:56:00,2025-08-09 16:01:00,0.11739485892463306
64349,2025-06-27 02:11:00,2025-08-09 10:00:00,0.11861928663776714
64350,2025-06-27 18:55:00,2025-08-09 10:46:00,0.11679785535021675
64351,2025-06-26 21:36:00,2025-08-09 02:24:00,0.11827515400410678
64352,2025-06-27 18:53:00,2025-08-09 17:36:00,0.11758118488097954
64353,2025-06-27 18:54:00,2025-08-09 10:00:00,0.11671229751311887
64354,2025-06-27 18:54:00,2025-08-09 10:00:00,0.11671229751311887
64355,2025-06-27 18:53:00,2025-08-09 04:07:00,0.11604304509848658
64356,2025-06-27 18:51:00,2025-08-09 17:33:00,0.1175792835957107
64357,2025-06-27 17:20:00,2025-08-09 04:53:00,0.11630732375085558
64358,2025-06-27 17:19:00,2025-08-09 11:31:00,0.11706593657312343
64359,2025-06-27 18:50:00,2025-08-08 18:18:00,0.11492889193094531
64360,2025-06-26 23:01:00,2025-08-09 10:40:00,0.11905658224960074
64361,2025-06-27 17:17:00,2025-08-09 10:37:00,0.11696706973914366
64362,2025-06-27 18:49:00,2025-08-09 10:00:00,0.11672180393946308
64363,2025-06-27 14:13:00,2025-08-09 10:00:00,0.11724655867366339
64364,2025-06-27 18:48:00,2025-08-09 10:21:00,0.1167636322153776
64365,2025-06-27 18:47:00,2025-08-09 18:00:00,0.1176382234390448
64366,2025-06-27 08:05:00,2025-08-09 10:00:00,0.11794623165259716
64367,2025-06-27 18:45:00,2025-08-09 11:37:00,0.1169138337516161
64368,2025-06-27 12:40:00,2025-08-09 04:31:00,0.11679785535021675
64369,2025-06-27 17:14:00,2025-08-08 22:17:00,0.1155658224960073
64370,2025-06-28 08:49:00,2025-08-09 16:29:00,0.11586432428321546
64371,2025-06-28 16:18:00,2025-08-09 16:22:00,0.11499733820062362
64372,2025-06-28 16:11:00,2025-08-09 16:15:00,0.11499733820062362
64373,2025-06-28 20:32:00,2025-08-09 18:00:00,0.11470073769868432
64374,2025-06-28 16:04:00,2025-08-09 17:39:00,0.11517035516008822
64375,2025-06-28 20:29:00,2025-08-09 18:00:00,0.11470644155449083
64376,2025-06-28 06:51:00,2025-08-09 17:18:00,0.11618183892311203
64377,2025-06-28 08:20:00,2025-08-09 18:00:00,0.11609247851547647
64378,2025-06-28 06:49:00,2025-08-09 17:04:00,0.11615902349988592
64379,2025-06-28 08:19:00,2025-08-09 18:00:00,0.1160943798007453
64380,2025-06-28 15:52:00,2025-08-09 10:00:00,0.11432048064491597
64381,2025-06-28 15:52:00,2025-08-07 23:42:00,0.11040763556163967
64382,2025-06-28 06:46:00,2025-08-09 16:36:00,0.11611149136816488
64383,2025-06-28 16:17:00,2025-08-09 10:17:00,0.11430527036276524
64384,2025-06-27 23:33:00,2025-08-09 10:00:00,0.11618183892311203
64385,2025-06-28 16:17:00,2025-08-09 10:06:00,0.11428435622480797
64386,2025-06-27 23:32:00,2025-08-09 10:33:00,0.11624648262225264
64387,2025-06-28 16:16:00,2025-08-09 10:31:00,0.11433378964179786
64388,2025-06-28 16:15:00,2025-08-09 16:46:00,0.11504867290288234
64389,2025-06-28 08:38:00,2025-08-09 10:26:00,0.11519507186858316
64390,2025-06-27 23:30:00,2025-08-09 09:55:00,0.11617803635257434
64391,2025-06-28 05:35:00,2025-08-09 10:37:00,0.11556392121073845
64392,2025-06-27 08:17:00,2025-08-09 10:11:00,0.11794433036732832
64412,2025-06-28 16:05:00,2025-08-09 18:00:00,0.11520838086546506
64413,2025-06-28 16:04:00,2025-08-09 10:00:00,0.11429766522168987
64414,2025-06-28 20:39:00,2025-08-09 10:00:00,0.11377481177275839
64415,2025-06-28 19:07:00,2025-08-09 18:00:00,0.11486234694653585
64416,2025-06-28 19:06:00,2025-08-09 10:00:00,0.11395163130276066
64417,2025-06-28 19:06:00,2025-08-09 18:00:00,0.1148642482318047
64418,2025-06-28 19:05:00,2025-08-09 18:00:00,0.11486614951707354
64419,2025-06-28 20:36:00,2025-08-09 10:00:00,0.11378051562856491
64420,2025-06-28 20:36:00,2025-08-09 18:00:00,0.11469313255760895
64421,2025-06-28 20:35:00,2025-08-09 18:00:00,0.11469503384287778
64422,2025-06-28 20:35:00,2025-08-09 10:00:00,0.11378241691383376
64423,2025-06-28 15:59:00,2025-08-09 18:00:00,0.11521978857707811
64424,2025-06-28 20:34:00,2025-08-09 10:00:00,0.11378431819910259
64425,2025-06-28 20:33:00,2025-08-09 18:00:00,0.11469883641341547
64426,2025-06-28 20:33:00,2025-08-09 10:00:00,0.11378621948437144
64427,2025-06-28 20:32:00,2025-08-09 18:00:00,0.11470073769868432
64428,2025-06-28 12:54:00,2025-08-09 18:00:00,0.11557152635181382
64429,2025-06-28 20:31:00,2025-08-09 18:00:00,0.11470263898395315
64430,2025-06-28 20:31:00,2025-08-09 18:00:00,0.11470263898395315
64431,2025-06-28 20:30:00,2025-08-09 18:00:00,0.114704540269222
64432,2025-06-28 20:30:00,2025-08-09 18:00:00,0.114704540269222
64433,2025-06-28 20:28:00,2025-08-09 18:00:00,0.11470834283975968
64434,2025-06-28 17:26:00,2025-08-09 18:00:00,0.11505437675868888
64435,2025-06-28 18:57:00,2025-08-09 18:00:00,0.11488135979922427
64436,2025-06-28 15:14:00,2025-08-09 10:00:00,0.11439272948513195
64437,2025-06-28 20:28:00,2025-08-09 10:00:00,0.11379572591071564
64438,2025-06-28 19:00:00,2025-08-09 04:16:00,0.11330899688189217
64439,2025-06-28 19:00:00,2025-08-09 15:04:00,0.1145410297361016
64440,2025-06-28 13:00:00,2025-08-09 07:10:00,0.11432428321545364
64441,2025-06-28 19:00:00,2025-08-09 03:56:00,0.11327097117651533
64442,2025-06-28 19:00:00,2025-08-09 14:44:00,0.11450300403072478
64443,2025-06-28 19:00:00,2025-08-09 03:16:00,0.11319491976576165
64444,2025-06-28 19:00:00,2025-08-09 04:43:00,0.11336033158415089
64445,2025-06-28 19:00:00,2025-08-09 05:16:00,0.11342307399802266
64446,2025-06-28 19:00:00,2025-08-09 05:10:00,0.11341166628640961
64447,2025-06-28 19:00:00,2025-08-09 05:03:00,0.11339835728952773
64448,2025-06-28 19:00:00,2025-08-09 06:30:00,0.11356376910791695
64449,2025-06-28 19:00:00,2025-08-09 04:36:00,0.11334702258726899
64450,2025-06-28 19:00:00,2025-08-09 04:29:00,0.1133337135903871
64451,2025-06-28 19:00:00,2025-08-09 04:23:00,0.11332230587877405
64452,2025-06-28 19:00:00,2025-08-09 06:49:00,0.11359989352802495
64453,2025-06-28 19:00:00,2025-08-09 14:50:00,0.11451441174233783
64454,2025-06-28 19:00:00,2025-08-09 11:24:00,0.11412274697695642
64455,2025-06-28 19:00:00,2025-08-09 06:29:00,0.11356186782264811
64456,2025-06-28 19:00:00,2025-08-09 14:10:00,0.11443836033158415
64457,2025-06-28 19:00:00,2025-08-09 04:36:00,0.11334702258726899
64458,2025-06-28 19:00:00,2025-08-09 04:29:00,0.1133337135903871
64459,2025-06-28 19:00:00,2025-08-09 04:22:00,0.1133204045935052
64460,2025-06-28 13:00:00,2025-08-09 07:23:00,0.11434899992394859
64461,2025-06-28 19:00:00,2025-08-09 07:16:00,0.11365122823028367
64462,2025-06-28 19:00:00,2025-08-09 04:21:00,0.11331850330823637
64463,2025-06-28 19:00:00,2025-08-09 07:09:00,0.11363791923340177
64464,2025-06-28 19:00:00,2025-08-09 06:56:00,0.11361320252490684
64465,2025-06-28 19:00:00,2025-08-09 04:42:00,0.11335843029888204
64472,2025-07-01 11:00:00,2025-08-09 08:53:00,0.10653471746900905
64473,2025-06-30 21:00:00,2025-08-09 08:47:00,0.10812038938322306
64474,2025-06-30 21:00:00,2025-08-09 08:47:00,0.10812038938322306
64475,2025-07-01 11:00:00,2025-08-09 08:41:00,0.10651190204578295
64476,2025-07-01 11:00:00,2025-08-09 07:07:00,0.10633318123051183
64477,2025-07-01 11:00:00,2025-08-09 16:21:00,0.10738649326945014
64478,2025-07-01 03:00:00,2025-08-09 16:15:00,0.10828770248688113
64479,2025-07-01 03:00:00,2025-08-09 16:21:00,0.10829911019849418
64480,2025-07-01 03:00:00,2025-08-09 06:53:00,0.10721918016579207
64481,2025-07-01 03:00:00,2025-08-09 06:47:00,0.10720777245417902
64482,2025-07-01 11:00:00,2025-08-09 16:07:00,0.10735987527568637
64483,2025-07-01 03:00:00,2025-08-09 06:40:00,0.10719446345729713
64484,2025-07-01 03:00:00,2025-08-09 16:01:00,0.10826108449311735
64485,2025-07-01 03:00:00,2025-08-09 06:34:00,0.10718305574568408
64486,2025-07-01 03:00:00,2025-08-09 06:33:00,0.10718115446041523
64487,2025-07-01 11:00:00,2025-08-09 06:27:00,0.10625712981975816
64488,2025-07-01 11:00:00,2025-08-09 06:26:00,0.10625522853448932
64489,2025-07-01 03:00:00,2025-08-09 09:27:00,0.1075119780971937
64490,2025-07-01 11:00:00,2025-08-09 18:00:00,0.10757472051106548
64491,2025-07-01 11:00:00,2025-08-09 06:14:00,0.10623241311126322
64492,2025-07-01 11:00:00,2025-08-09 09:20:00,0.10658605217126778
64493,2025-07-01 11:00:00,2025-08-09 06:07:00,0.10621910411438132
64494,2025-07-01 11:00:00,2025-08-09 18:00:00,0.10757472051106548
64495,2025-07-01 11:00:00,2025-08-09 08:54:00,0.10653661875427789
64496,2025-07-01 11:00:00,2025-08-09 06:00:00,0.10620579511749943
64497,2025-07-01 11:00:00,2025-08-09 05:53:00,0.10619248612061753
64498,2025-07-01 11:00:00,2025-08-09 16:47:00,0.10743592668644003
64594,2025-07-03 13:00:00,2025-08-09 15:05:00,0.10153813978249296
64595,2025-07-03 13:00:00,2025-08-09 14:19:00,0.10145068066012625
64596,2025-07-03 19:00:00,2025-08-09 14:45:00,0.1008156513803331
64597,2025-07-03 19:00:00,2025-08-09 07:45:00,0.10001711156741958
64598,2025-07-03 13:00:00,2025-08-09 09:05:00,0.10085367708570994
64599,2025-07-03 19:00:00,2025-08-09 11:25:00,0.10043539432656476
64600,2025-07-03 19:00:00,2025-08-09 07:11:00,0.09995246786827895
64601,2025-07-03 13:00:00,2025-08-09 14:39:00,0.10148870636550308
64602,2025-07-03 19:00:00,2025-08-09 14:12:00,0.10075290896646133
64603,2025-07-03 13:00:00,2025-08-09 18:00:00,0.10187086470454026
64604,2025-07-03 13:00:00,2025-08-09 14:52:00,0.10151342307399802
64605,2025-07-03 13:00:00,2025-08-09 01:57:00,0.10003992699064568
64606,2025-07-03 13:00:00,2025-08-09 13:52:00,0.10139934595786752
64607,2025-07-03 13:00:00,2025-08-09 10:00:00,0.10095824777549624
64608,2025-07-03 13:00:00,2025-08-09 07:12:00,0.10063883185033082
64609,2025-07-03 13:00:00,2025-08-09 14:52:00,0.10151342307399802
64610,2025-07-03 13:00:00,2025-08-09 14:46:00,0.10150201536238497
64611,2025-07-03 13:00:00,2025-08-08 21:31:00,0.09953418510913377
64612,2025-07-03 13:00:00,2025-08-09 14:26:00,0.10146398965700813
64613,2025-07-03 13:00:00,2025-08-09 14:12:00,0.10143737166324435
64614,2025-07-03 13:00:00,2025-08-09 18:00:00,0.10187086470454026
64615,2025-07-03 13:00:00,2025-08-09 00:31:00,0.09987641645752529
64616,2025-07-03 13:00:00,2025-08-09 00:18:00,0.09985169974903034
64617,2025-07-03 13:00:00,2025-08-09 15:29:00,0.10158377062894516
64618,2025-07-03 19:00:00,2025-08-09 18:00:00,0.10118640200775725
64619,2025-07-03 19:00:00,2025-08-09 07:38:00,0.10000380257053769
64620,2025-07-03 19:00:00,2025-08-09 13:32:00,0.10067685755570766
64664,2025-07-03 19:00:00,2025-08-09 12:00:00,0.10050193931097422
64665,2025-07-03 19:00:00,2025-08-09 06:29:00,0.09987261388698761
64666,2025-07-03 19:00:00,2025-08-09 04:55:00,0.09969389307171649
64667,2025-07-03 19:00:00,2025-08-09 09:42:00,0.10023956194387405
64668,2025-07-03 19:00:00,2025-08-09 09:29:00,0.10021484523537912
64669,2025-07-03 19:00:00,2025-08-09 09:29:00,0.10021484523537912
64670,2025-07-03 19:00:00,2025-08-09 06:16:00,0.09984789717849266
64671,2025-07-03 19:00:00,2025-08-09 17:03:00,0.10107802874743327
64672,2025-07-03 19:00:00,2025-08-09 09:09:00,0.10017681953000228
64673,2025-07-03 19:00:00,2025-08-09 06:15:00,0.09984599589322382
64674,2025-07-03 19:00:00,2025-08-09 09:09:00,0.10017681953000228
64675,2025-07-03 19:00:00,2025-08-09 17:03:00,0.10107802874743327
64676,2025-07-03 19:00:00,2025-08-09 09:03:00,0.10016541181838923
64677,2025-07-03 19:00:00,2025-08-09 16:42:00,0.10103810175678758
64678,2025-07-03 19:00:00,2025-08-09 16:43:00,0.10104000304205643
64679,2025-07-03 19:00:00,2025-08-09 16:37:00,0.10102859533044338
64680,2025-07-03 19:00:00,2025-08-09 16:30:00,0.1010152863335615
64681,2025-07-03 19:00:00,2025-08-09 16:29:00,0.10101338504829264
64682,2025-07-03 19:00:00,2025-08-09 16:50:00,0.10105331203893832
64683,2025-07-03 19:00:00,2025-08-09 16:43:00,0.10104000304205643
64684,2025-07-03 19:00:00,2025-08-09 16:23:00,0.1010019773366796
64685,2025-07-03 19:00:00,2025-08-09 10:03:00,0.10027948893451974
64686,2025-07-03 19:00:00,2025-08-09 06:55:00,0.09992204730397748
64687,2025-07-03 19:00:00,2025-08-09 16:36:00,0.10102669404517454
64688,2025-07-03 19:00:00,2025-08-09 06:42:00,0.09989733059548254
64689,2025-07-03 19:00:00,2025-08-09 06:48:00,0.0999087383070956
64690,2025-07-03 19:00:00,2025-08-09 09:56:00,0.10026617993763784
64696,2025-07-05 19:00:00,2025-08-09 09:22:00,0.09472583466423302
64697,2025-07-05 19:00:00,2025-08-09 16:22:00,0.09552437447714655
64698,2025-07-05 19:00:00,2025-08-09 12:52:00,0.09512510457068979
64699,2025-07-05 19:00:00,2025-08-09 16:45:00,0.09556810403832991
64700,2025-07-05 19:00:00,2025-08-09 16:57:00,0.09559091946155601
64701,2025-07-05 19:00:00,2025-08-09 16:10:00,0.09550155905392045
64702,2025-07-05 19:00:00,2025-08-09 09:33:00,0.09474674880219028
64703,2025-07-05 19:00:00,2025-08-09 16:34:00,0.09554718990037266
64704,2025-07-05 19:00:00,2025-08-09 07:43:00,0.09453760742261769
64705,2025-07-05 19:00:00,2025-08-09 16:51:00,0.09557951174994296
64706,2025-07-05 19:00:00,2025-08-09 10:26:00,0.09484751692143889
64707,2025-07-05 19:00:00,2025-08-09 16:28:00,0.0955357821887596
64708,2025-07-05 19:00:00,2025-08-09 16:16:00,0.0955129667655335
64709,2025-07-05 19:00:00,2025-08-09 12:58:00,0.09513651228230284
64710,2025-07-05 19:00:00,2025-08-09 15:53:00,0.09546923720435015
64711,2025-07-05 19:00:00,2025-08-09 12:35:00,0.09509278272111947
64712,2025-07-05 19:00:00,2025-08-09 10:00:00,0.094798083504449
64713,2025-07-05 19:00:00,2025-08-09 16:02:00,0.09548634877176972
64714,2025-07-05 19:00:00,2025-08-09 15:50:00,0.09546353334854361
64715,2025-07-05 19:00:00,2025-08-09 09:07:00,0.09469731538520039
64716,2025-07-05 19:00:00,2025-08-09 09:02:00,0.09468780895885619
64717,2025-07-05 19:00:00,2025-08-09 08:56:00,0.09467640124724314
64718,2025-07-05 19:00:00,2025-08-09 16:37:00,0.09555289375617917
64719,2025-07-05 19:00:00,2025-08-09 13:18:00,0.09517453798767968
64720,2025-07-05 19:00:00,2025-08-09 13:24:00,0.09518594569929271
64721,2025-07-05 19:00:00,2025-08-09 12:37:00,0.09509658529165715
64724,2025-07-10 15:00:00,2025-08-09 12:08:00,0.08180850254772226
64725,2025-07-10 15:00:00,2025-08-09 12:28:00,0.0818465282530991
64726,2025-07-10 15:00:00,2025-08-09 12:28:00,0.0818465282530991
64727,2025-07-10 10:10:00,2025-08-09 08:41:00,0.08196630922503613
64728,2025-07-10 10:09:00,2025-08-09 10:01:00,0.0821203133318123
64729,2025-07-10 10:09:00,2025-08-09 12:22:00,0.082388394554719
64730,2025-07-10 15:00:00,2025-08-09 12:21:00,0.0818332192562172
64731,2025-07-10 16:10:00,2025-08-09 10:00:00,0.0814320480644916
64732,2025-07-10 10:07:00,2025-08-09 10:28:00,0.08217545060460872
64733,2025-07-10 15:00:00,2025-08-09 10:21:00,0.08160506502395619
64734,2025-07-10 15:00:00,2025-08-09 10:41:00,0.08164309072933303
64735,2025-07-10 15:00:00,2025-08-09 10:06:00,0.08157654574492357
64736,2025-07-10 10:05:00,2025-08-09 09:54:00,0.08211460947600578
64737,2025-07-10 15:00:00,2025-08-09 09:41:00,0.08152901361320253
64738,2025-07-10 10:04:00,2025-08-09 12:07:00,0.08236938170203058
64739,2025-07-10 15:00:00,2025-08-09 13:14:00,0.08193398737546581
64740,2025-07-10 10:03:00,2025-08-09 10:20:00,0.08216784546353335
64741,2025-07-10 10:02:00,2025-08-09 18:00:00,0.08304433797246939
64742,2025-07-10 10:02:00,2025-08-09 08:40:00,0.08197961822191802
64743,2025-07-10 15:00:00,2025-08-09 10:00:00,0.08156513803331052
64744,2025-07-10 10:01:00,2025-08-09 09:47:00,0.08210890562019925
64745,2025-07-10 15:00:00,2025-08-09 09:40:00,0.08152711232793368
64746,2025-07-10 10:00:00,2025-08-09 09:35:00,0.082087991482242
64747,2025-07-10 15:00:00,2025-08-09 18:00:00,0.08247775496235456
64748,2025-07-10 09:58:00,2025-08-09 10:00:00,0.08213932618450072
64749,2025-07-10 15:00:00,2025-08-09 18:00:00,0.08247775496235456
64750,2025-07-10 15:00:00,2025-08-09 07:35:00,0.08128945166932847
64755,2025-07-13 13:00:00,2025-08-09 16:31:00,0.07432314244429235
64756,2025-07-13 13:00:00,2025-08-09 10:00:00,0.07357973990417523
64757,2025-07-13 13:00:00,2025-08-09 14:31:00,0.07409498821203134
64758,2025-07-13 13:00:00,2025-08-09 18:00:00,0.07449235683321925
64759,2025-07-13 13:00:00,2025-08-09 18:00:00,0.07449235683321925
64760,2025-07-13 13:00:00,2025-08-09 07:03:00,0.07324321241159024
64761,2025-07-13 13:00:00,2025-08-09 00:36:00,0.07250741501254848
64762,2025-07-13 13:00:00,2025-08-09 14:24:00,0.07408167921514944
64763,2025-07-13 13:00:00,2025-08-09 10:00:00,0.07357973990417523
64764,2025-07-13 13:00:00,2025-08-09 10:00:00,0.07357973990417523
64765,2025-07-13 13:00:00,2025-08-09 18:00:00,0.07449235683321925
64766,2025-07-13 13:00:00,2025-08-09 14:17:00,0.07406837021826755
64767,2025-07-13 13:00:00,2025-08-09 18:00:00,0.07449235683321925
64768,2025-07-13 13:00:00,2025-08-09 16:41:00,0.07434215529698075
64769,2025-07-13 13:00:00,2025-08-09 00:42:00,0.07251882272416153
64770,2025-07-13 13:00:00,2025-08-09 00:49:00,0.07253213172104342
64771,2025-07-13 13:00:00,2025-08-09 08:16:00,0.07338200623621569
64772,2025-07-13 13:00:00,2025-08-09 14:24:00,0.07408167921514944
64773,2025-07-13 13:00:00,2025-08-09 16:10:00,0.07428321545364666
64774,2025-07-13 13:00:00,2025-08-09 14:17:00,0.07406837021826755
64775,2025-07-13 13:00:00,2025-08-09 10:00:00,0.07357973990417523
64776,2025-07-13 13:00:00,2025-08-09 10:00:00,0.07357973990417523
64777,2025-07-13 13:00:00,2025-08-09 18:00:00,0.07449235683321925
64778,2025-07-13 19:00:00,2025-08-09 17:04:00,0.07370142216138109
64779,2025-07-13 13:00:00,2025-08-09 18:00:00,0.07449235683321925
64780,2025-07-13 13:00:00,2025-08-09 18:00:00,0.07449235683321925
64781,2025-07-13 13:00:00,2025-08-09 18:00:00,0.07449235683321925
64782,2025-07-13 13:00:00,2025-08-09 16:39:00,0.07433835272644307
64790,2025-07-25 13:00:00,2025-08-09 10:00:00,0.04072553045859001
64791,2025-07-25 13:00:00,2025-08-09 10:00:00,0.04072553045859001
64792,2025-07-25 13:00:00,2025-08-09 12:51:00,0.04105065023956194
64793,2025-07-25 13:00:00,2025-08-09 10:00:00,0.04072553045859001
64794,2025-07-25 13:00:00,2025-08-09 10:00:00,0.04072553045859001
64795,2025-07-25 13:00:00,2025-08-09 18:00:00,0.04163814738763404
64796,2025-07-25 13:00:00,2025-08-09 10:00:00,0.04072553045859001
64797,2025-07-25 11:00:00,2025-08-09 18:00:00,0.04186630161989505
64798,2025-07-25 11:00:00,2025-08-09 18:00:00,0.04186630161989505
64799,2025-07-25 11:00:00,2025-08-09 18:00:00,0.04186630161989505
64800,2025-07-25 11:00:00,2025-08-09 18:00:00,0.04186630161989505
64801,2025-07-25 11:00:00,2025-08-09 18:00:00,0.04186630161989505
64802,2025-07-25 17:00:00,2025-08-09 18:00:00,0.04118183892311202
64803,2025-07-25 11:00:00,2025-08-09 10:00:00,0.04095368469085101
64804,2025-07-25 17:00:00,2025-08-09 18:00:00,0.04118183892311202
64805,2025-07-25 17:00:00,2025-08-09 18:00:00,0.04118183892311202
64806,2025-07-25 17:00:00,2025-08-09 18:00:00,0.04118183892311202
64807,2025-07-25 17:00:00,2025-08-09 18:00:00,0.04118183892311202
64808,2025-07-25 17:00:00,2025-08-09 10:00:00,0.04026922199406799
64809,2025-07-25 17:00:00,2025-08-09 18:00:00,0.04118183892311202
64810,2025-07-25 11:00:00,2025-08-09 10:00:00,0.04095368469085101
64811,2025-07-25 11:00:00,2025-08-09 18:00:00,0.04186630161989505
64812,2025-07-25 11:00:00,2025-08-09 10:00:00,0.04095368469085101
64813,2025-07-25 17:00:00,2025-08-09 10:00:00,0.04026922199406799
64814,2025-07-25 11:00:00,2025-08-09 18:00:00,0.04186630161989505
64815,2025-07-25 17:00:00,2025-08-09 18:00:00,0.04118183892311202
64842,2025-07-25 17:00:00,2025-08-09 16:00:00,0.04095368469085101
64843,2025-07-25 11:00:00,2025-08-09 16:00:00,0.04163814738763404
64844,2025-07-25 17:00:00,2025-08-09 16:00:00,0.04095368469085101
64845,2025-07-25 17:00:00,2025-08-09 16:00:00,0.04095368469085101
64846,2025-07-25 17:00:00,2025-08-09 16:00:00,0.04095368469085101
64847,2025-07-25 11:00:00,2025-08-09 16:00:00,0.04163814738763404
64848,2025-07-25 17:00:00,2025-08-09 16:00:00,0.04095368469085101
64849,2025-07-25 17:00:00,2025-08-09 10:00:00,0.04026922199406799
64850,2025-07-25 17:00:00,2025-08-09 16:00:00,0.04095368469085101
64851,2025-07-25 17:00:00,2025-08-09 16:00:00,0.04095368469085101
64852,2025-07-25 17:00:00,2025-08-09 16:00:00,0.04095368469085101
64853,2025-07-25 17:00:00,2025-08-09 16:00:00,0.04095368469085101
64854,2025-07-25 17:00:00,2025-08-09 16:00:00,0.04095368469085101
64855,2025-07-25 17:00:00,2025-08-09 16:00:00,0.04095368469085101
64856,2025-07-26 19:00:00,2025-08-09 16:00:00,0.037987679671457907
64857,2025-07-25 17:00:00,2025-08-09 16:00:00,0.04095368469085101
64858,2025-07-25 17:00:00,2025-08-09 18:00:00,0.04118183892311202
64859,2025-07-25 17:00:00,2025-08-09 16:00:00,0.04095368469085101
64860,2025-07-25 17:00:00,2025-08-09 16:00:00,0.04095368469085101
64861,2025-07-25 17:00:00,2025-08-09 16:00:00,0.04095368469085101
64862,2025-07-25 17:00:00,2025-08-09 16:00:00,0.04095368469085101
64863,2025-07-25 17:00:00,2025-08-09 16:00:00,0.04095368469085101
64864,2025-07-25 11:00:00,2025-08-09 16:00:00,0.04163814738763404
64865,2025-07-25 17:00:00,2025-08-09 16:00:00,0.04095368469085101
64904,2025-08-02 13:00:00,2025-08-09 10:00:00,0.018822724161533196
64905,2025-08-02 13:00:00,2025-08-09 10:00:00,0.018822724161533196
64906,2025-08-02 13:00:00,2025-08-09 10:00:00,0.018822724161533196
64907,2025-08-02 13:00:00,2025-08-09 16:00:00,0.019507186858316223
64908,2025-08-02 13:00:00,2025-08-09 16:00:00,0.019507186858316223
64909,2025-08-02 13:00:00,2025-08-09 16:00:00,0.019507186858316223
64910,2025-08-02 13:00:00,2025-08-09 16:00:00,0.019507186858316223
64911,2025-08-02 13:00:00,2025-08-09 16:00:00,0.019507186858316223
64912,2025-08-02 13:00:00,2025-08-09 16:00:00,0.019507186858316223
64913,2025-08-02 13:00:00,2025-08-09 16:00:00,0.019507186858316223
64914,2025-08-02 13:00:00,2025-08-09 16:00:00,0.019507186858316223
64915,2025-08-02 13:00:00,2025-08-09 16:00:00,0.019507186858316223
64916,2025-08-02 13:00:00,2025-08-09 16:00:00,0.019507186858316223
64917,2025-08-02 13:00:00,2025-08-09 16:00:00,0.019507186858316223
64918,2025-08-02 13:00:00,2025-08-09 16:00:00,0.019507186858316223
64919,2025-08-02 13:00:00,2025-08-09 16:00:00,0.019507186858316223
64920,2025-08-02 13:00:00,2025-08-09 16:00:00,0.019507186858316223
64921,2025-08-02 13:00:00,2025-08-09 16:00:00,0.019507186858316223
64922,2025-08-02 13:00:00,2025-08-09 16:00:00,0.019507186858316223
64923,2025-08-02 13:00:00,2025-08-09 16:00:00,0.019507186858316223
64924,2025-08-02 13:00:00,2025-08-09 10:00:00,0.018822724161533196
64925,2025-08-02 13:00:00,2025-08-09 16:00:00,0.019507186858316223
64926,2025-08-02 13:00:00,2025-08-09 16:00:00,0.019507186858316223
64927,2025-08-02 13:00:00,2025-08-09 10:00:00,0.018822724161533196
64928,2025-08-02 13:00:00,2025-08-09 16:00:00,0.019507186858316223
64929,2025-08-02 13:00:00,2025-08-09 16:00:00,0.019507186858316223
64930,2025-08-02 13:00:00,2025-08-09 16:00:00,0.019507186858316223
64931,2025-08-02 13:00:00,2025-08-09 16:00:00,0.019507186858316223
64932,2025-08-01 19:00:00,2025-08-09 10:00:00,0.02087611225188227
64933,2025-08-01 19:00:00,2025-08-09 10:00:00,0.02087611225188227
64934,2025-08-01 19:00:00,2025-08-09 10:00:00,0.02087611225188227
64935,2025-08-01 19:00:00,2025-08-09 10:00:00,0.02087611225188227
64936,2025-08-01 19:00:00,2025-08-09 10:00:00,0.02087611225188227
64937,2025-08-01 19:00:00,2025-08-09 10:00:00,0.02087611225188227
64938,2025-08-01 19:00:00,2025-08-09 10:00:00,0.02087611225188227
64939,2025-08-01 19:00:00,2025-08-09 10:00:00,0.02087611225188227
64940,2025-08-01 19:00:00,2025-08-09 10:00:00,0.02087611225188227
64941,2025-08-01 19:00:00,2025-08-09 10:00:00,0.02087611225188227
64942,2025-08-01 19:00:00,2025-08-09 10:00:00,0.02087611225188227
64943,2025-08-01 19:00:00,2025-08-09 10:00:00,0.02087611225188227
64944,2025-08-01 19:00:00,2025-08-09 10:00:00,0.02087611225188227
64945,2025-08-01 19:00:00,2025-08-09 10:00:00,0.02087611225188227
64946,2025-08-01 19:00:00,2025-08-09 10:00:00,0.02087611225188227
64947,2025-08-01 19:00:00,2025-08-09 10:00:00,0.02087611225188227
64948,2025-08-01 19:00:00,2025-08-09 10:00:00,0.02087611225188227
64949,2025-08-01 19:00:00,2025-08-09 10:00:00,0.02087611225188227
64950,2025-08-01 19:00:00,2025-08-09 10:00:00,0.02087611225188227
64951,2025-08-01 19:00:00,2025-08-09 10:00:00,0.02087611225188227
64952,2025-08-01 19:00:00,2025-08-09 10:00:00,0.02087611225188227
64953,2025-08-01 19:00:00,2025-08-09 10:00:00,0.02087611225188227
64954,2025-08-01 19:00:00,2025-08-09 10:00:00,0.02087611225188227
64955,2025-08-01 19:00:00,2025-08-09 10:00:00,0.02087611225188227
65015,2025-08-08 13:00:00,2025-08-09 10:00:00,0.0023956194387405884
65016,2025-08-08 13:00:00,2025-08-09 10:00:00,0.0023956194387405884
65017,2025-08-08 15:00:00,2025-08-09 10:00:00,0.0021674652064795803
65018,2025-08-08 13:00:00,2025-08-09 10:00:00,0.0023956194387405884
65019,2025-08-08 07:29:00,2025-08-09 10:05:00,0.0030344512890714123
65020,2025-08-08 13:00:00,2025-08-09 10:00:00,0.0023956194387405884
65021,2025-08-08 13:00:00,2025-08-09 10:00:00,0.0023956194387405884
65022,2025-08-08 13:00:00,2025-08-09 10:00:00,0.0023956194387405884
65023,2025-08-08 13:00:00,2025-08-09 10:00:00,0.0023956194387405884
65024,2025-08-08 13:00:00,2025-08-09 10:00:00,0.0023956194387405884
65025,2025-08-08 15:00:00,2025-08-09 10:00:00,0.0021674652064795803
65026,2025-08-08 15:00:00,2025-08-09 10:00:00,0.0021674652064795803
65027,2025-08-08 13:00:00,2025-08-09 10:00:00,0.0023956194387405884
65028,2025-08-08 13:00:00,2025-08-09 10:00:00,0.0023956194387405884
65029,2025-08-08 13:00:00,2025-08-09 10:00:00,0.0023956194387405884
65030,2025-08-08 13:00:00,2025-08-09 10:00:00,0.0023956194387405884
65031,2025-08-08 13:00:00,2025-08-09 10:00:00,0.0023956194387405884
65032,2025-08-08 13:00:00,2025-08-09 10:00:00,0.0023956194387405884
65033,2025-08-08 13:00:00,2025-08-09 10:00:00,0.0023956194387405884
65034,2025-08-08 13:00:00,2025-08-09 10:00:00,0.0023956194387405884
65035,2025-08-08 13:00:00,2025-08-09 10:00:00,0.0023956194387405884
65036,2025-08-08 13:00:00,2025-08-09 10:00:00,0.0023956194387405884
65037,2025-08-08 13:00:00,2025-08-09 10:00:00,0.0023956194387405884
65038,2025-08-08 13:00:00,2025-08-09 10:00:00,0.0023956194387405884
65039,2025-08-08 13:00:00,2025-08-09 10:00:00,0.0023956194387405884
65040,2025-08-08 13:00:00,2025-08-09 10:00:00,0.0023956194387405884
65041,2025-08-08 13:00:00,2025-08-09 10:00:00,0.0023956194387405884
65042,2025-08-08 13:00:00,2025-08-09 10:00:00,0.0023956194387405884
