norad_id,has_maneuver,tle_age_days,pred_len,sgp4_peak,sgp4_rmse_alt,eta_trans_soft,ai_rmse_alt,trans_better,trans_residual_mean,trans_residual_std,eta_lstm_soft,lstm_ai_rmse_alt,lstm_better,lstm_residual_mean,lstm_residual_std
44744,False,0.8414583333333333,576,5891.762723960524,2618.2618340492363,0.006898739418126354,2618.08120699802,True,3.0813568,1.4537526,0.0026136306736868065,2618.1934023648237,True,1.4292895,1.6313171
44768,False,0.8602083333333334,576,6144.254179772812,5090.920966088948,0.05102929862790262,5088.323104836247,True,2.6257691,1.3422152,0.03201627304257881,5089.29104294206,True,1.828053,2.4028537
45360,True,0.8011805555555556,864,5338.476000875362,1917.9960398064889,0.021931004322317538,1917.5754040220947,True,4.6143656,4.6181736,0.003708175048888762,1917.9249171659017,True,1.6525842,5.2531395
45532,True,0.8442361111111111,864,5509.535127164003,3554.008565181515,0.14167406951629546,3548.9734566262505,True,5.1045694,5.154448,0.03467940547441373,3552.776056150597,True,1.2379438,3.3720326
45686,False,0.8386805555555555,576,5822.822420930591,4823.030823770068,0.06498373088182907,4819.8966384091955,True,3.1675217,1.4923997,0.032250836894376356,4821.4753559757255,True,1.5083278,3.0241597
45703,True,0.8622916666666667,864,5711.477608110245,2038.0776144761996,0.05560196592294675,2036.9444032655097,True,5.118255,5.0128207,-0.02580364694459991,2038.6035128382985,False,-0.84152275,2.3687954
45786,False,0.8595138888888889,576,6498.648299238803,3499.999200850607,-0.0262126589574585,3500.916643714642,False,2.5435362,1.258948,-0.013199562473564797,3500.4611854416985,False,2.1683452,1.8116372
46375,True,0.8088194444444444,864,5311.252089562303,1937.119166441951,-0.013305192327117688,1937.3769038826529,False,4.7816744,4.814248,-0.037630019816026206,1937.8481047781468,False,3.9448261,7.0708156
47381,False,0.8345138888888889,576,5890.978549593221,2711.990940770041,0.07717967581855056,2709.8978349637187,True,3.1781619,1.4998282,0.0661877198984917,2710.195935812485,True,2.3895936,1.4192572
47625,True,0.8254861111111111,864,5768.736801986286,2393.3524733046665,-0.09589439446300307,2395.647564176317,False,5.14555,5.0378594,-0.04231485073564745,2394.3652168413273,False,2.0967607,3.6295931
47772,False,0.8400694444444444,576,5886.366191595141,4513.022413466665,0.06570603371879313,4510.057085447929,True,3.0438876,1.4331172,0.017159332963345708,4512.248008934026,True,0.84003615,2.7452753
47862,True,0.8338194444444444,864,5353.251120195371,2771.2205423216633,0.1515443489261803,2767.0209142034782,True,4.7265687,4.660659,0.027072119847482146,2770.470314185205,True,0.730262,2.5748098
48125,True,0.8324305555555556,864,6833.6640624858765,5280.099005961637,0.06464623696603722,5276.685620656195,True,3.8524415,3.4366963,0.040593851112946666,5277.955610442536,True,2.0240932,4.0817137
48133,True,0.851875,864,6834.575342578527,4355.865820441473,-0.0331753500888432,4357.310894186809,False,3.9614565,3.4853857,-0.059815067424096036,4358.47128452888,False,7.439661,6.69974
48150,True,0.858125,864,6848.993464846754,3831.733171623579,-0.0006679257527952842,3831.7587647662103,False,4.3878827,3.8719697,-0.01832368650647176,3832.435286407713,False,5.0622234,5.3073006
48276,False,0.8247916666666667,576,5583.055302749259,3102.94807011427,0.06785533147332101,3100.842554425842,True,2.5129483,1.4540143,0.05086176682627119,3101.369855912103,True,1.8137945,1.538478
48294,False,0.851875,576,5456.911836380328,2630.270127216677,0.07210136425063185,2628.3736665814695,True,2.5979636,1.4748873,0.010013278047205088,2630.006750965445,True,0.28690597,1.4199961
48300,False,0.8504861111111112,576,5695.509698006388,3753.5537223352944,0.07565879511677309,3750.713828824907,True,2.9796326,1.4136224,-0.005931015221394276,3753.77634618791,False,-0.29689702,2.7606459
48312,False,0.8150694444444444,576,5709.942233189058,2522.685411692059,0.012245669103627677,2522.3764919940163,True,2.9450593,1.4175527,-0.0018646482821793597,2522.7324509122527,False,0.68465114,1.5932417
48317,False,0.8484027777777777,576,5696.36935370009,2844.0015505110987,0.08637313964996451,2841.5450970902198,True,3.1105494,1.4555333,-0.0010439818012075719,2844.0312413797124,False,0.12686825,1.8635286
48400,True,1.8484027777777778,864,6849.953629400866,3854.4372133008437,-0.003635834514881253,3854.5773542693996,False,4.172033,3.6476257,-0.020123667329041695,3855.212867433057,False,4.9433527,5.626817
48428,False,0.8553472222222223,576,6717.388404776772,5601.335875161927,0.040192968039487464,5599.084532033835,True,2.4233446,1.1522286,-0.016452597736082986,5602.257440431316,False,-1.0798249,2.9729545
48434,True,0.8484027777777777,864,6849.511607322512,4742.795855795467,0.07390029524062536,4739.290915665367,True,4.3583837,3.8454351,0.08758239391813971,4738.642001656302,True,5.1532245,5.342793
48473,False,0.8588194444444445,576,6520.1309973346715,4645.092266000334,0.04703327740612773,4642.907526879091,True,2.374437,1.1885948,-0.010020455673798168,4645.557725421857,False,-0.6702381,3.0812569
48481,False,0.8602083333333334,576,6463.864764052372,4710.920388005369,0.047746700738471315,4708.6710789556755,True,2.409863,1.2225914,-0.011294714374332493,4711.452473017597,False,-0.71046996,3.0682158
48485,False,0.8622916666666667,576,6466.028179803616,3688.6385760697062,-0.029700168386437298,3689.7341079479693,False,2.4283476,1.2667743,-0.013484602788182976,3689.1359743399826,False,1.6071012,1.7277174
48562,True,0.8595138888888889,864,6123.197623887756,4247.719442331559,0.10213159906209412,4243.381178551424,True,4.3754573,4.339802,0.07896173076152868,4244.3653695519915,True,3.554479,4.8519483
48578,False,0.8539583333333334,576,6586.748961180469,3712.9611697992723,-0.027014241366662972,3713.9641981015347,False,2.4335363,1.1785642,-0.018967872936781482,3713.665439566154,False,1.9315047,1.9428141
49163,False,0.8602083333333334,576,4690.172129785883,2248.315374760756,-0.012442894359199208,2248.5951302777003,False,-0.34543642,0.47944725,-0.026457427820236745,2248.9102211882073,False,-0.6265619,3.2918973
49441,False,0.8574305555555556,576,5698.246123818243,4021.7257627842973,0.07031176187344279,4018.8980165527582,True,2.9609392,1.5346918,0.06478461156941284,4019.120303380484,True,2.7692783,1.8802305
49442,True,0.8636805555555556,864,5609.849480695988,2313.992191473674,0.14514223228787593,2310.6336115619874,True,4.8303003,4.9424043,0.06629236748155742,2312.458191276601,True,2.139303,2.679189
49445,False,0.8532638888888889,576,5452.3082238985,2763.0408366398433,0.0799703050816114,2760.831224463245,True,2.7429912,1.4962122,-0.00437093803040689,2763.161607452568,False,-0.14494509,1.647636
49447,False,0.8449305555555555,576,5464.751651254645,2373.0429538830385,0.034538230924940905,2372.223346837675,True,2.6976316,1.4891074,-0.0006078959816191443,2373.0573795257974,False,-0.19557923,1.2720861
49725,True,0.858125,777,6799.641316002829,4079.758708134398,-0.014594313662419367,4080.3541209269347,False,2.7668414,1.2601,-0.024320652810216892,4080.7509320953004,False,-0.77787447,2.9704647
49733,False,0.8477083333333333,576,6725.887889400624,5551.06032136919,0.03910461159919443,5548.889600800878,True,2.3765724,1.1612136,0.0505403509614033,5548.254796010686,True,3.0422554,2.43372
49753,True,0.8595138888888889,748,6805.527782671298,5485.692933110591,0.04205729054882479,5483.385799305092,True,2.7204902,1.2192777,-0.012674529284439906,5486.388218877853,False,-0.68316054,3.0249503
50161,False,0.8664583333333333,576,5960.259363048012,3819.6381263949775,0.07103419005762834,3816.9248773987533,True,2.9094014,1.3868766,0.02530703483600849,3818.6714892537184,True,0.86440647,2.5598578
50842,False,0.8553472222222223,576,6396.847212655172,3057.4045608563147,0.05426442380968011,3055.7454778978295,True,2.5909114,1.3183597,0.06611329842424185,3055.3832098649527,True,2.8734293,2.1875215
51109,True,0.8699305555555555,864,6754.095622271156,5198.195145879657,0.07147577175482533,5194.47969579181,True,4.080272,3.5651407,-0.029877996182170463,5199.748262436887,False,-1.7097425,3.895625
51117,True,0.8359027777777778,864,6781.152483166584,4933.461505112669,0.07214282207479439,4929.9023667669,True,4.1237416,3.56665,0.15060178400549962,4926.03162408273,True,7.9122505,7.6484494
51121,True,0.8720138888888889,864,6816.7876467579745,4394.0827823740265,-0.03504759299501892,4395.62280263346,False,4.0307302,3.5507698,-0.05112508519107273,4396.329260949887,False,3.3465393,5.500963
51137,True,0.8428472222222222,864,6782.820782064899,3626.093436777145,0.012390203575696201,3625.6441564284823,True,4.2015753,3.7130299,-0.0020737485876054507,3626.1686328485757,False,5.2915034,6.3148203
51739,True,0.8692361111111111,864,6836.880496477506,4213.495122265753,-0.02832263936556334,4214.688495303921,False,4.0989747,3.5733776,-0.010302659430427852,4213.929224328318,False,2.062192,2.0454388
51852,False,0.8671527777777778,576,5901.2718898411495,4238.92851662572,0.0679219365478323,4236.049354298342,True,3.072526,1.4456131,0.05673014751512717,4236.523766235171,True,2.6978364,1.8733892
51872,False,0.8720138888888889,576,6044.4721326819845,2768.6918948851376,-0.005539455882730415,2768.845265361184,False,2.9156134,1.4054503,0.006648931578079331,2768.507806465438,True,0.59183663,1.263803
51883,False,1.8699305555555557,576,6394.407405957675,3228.115345638823,-0.022701069564856624,3228.8481623590724,False,2.615992,1.3209373,-0.02837613804946848,3229.0313601157,False,2.7996414,2.1186395
51884,False,0.8713194444444444,576,6379.8152780086075,2896.9119448778933,0.04158021129312406,2895.707402780233,True,2.688607,1.3541914,0.05007766916155232,2895.461238908231,True,3.714095,2.506361
51891,False,1.870625,576,6433.756916569127,2854.5718112035506,0.008650925152331457,2854.324864342743,True,2.6078334,1.3140492,0.017600138035311907,2854.06940263446,True,3.2357903,1.9887468
51894,False,0.8692361111111111,576,6404.2417854704145,2847.810135944249,0.03662913408990498,2846.767007760924,True,2.4605527,1.279926,0.057089893838779826,2846.1843241709025,True,3.718154,2.1960082
51897,False,1.870625,576,6432.867793703197,3961.8187594290375,0.05604096241210721,3959.5985180772245,True,2.526591,1.2823399,0.015691293663755435,3961.1970988230682,True,0.46579063,2.6292973
51898,False,1.8720138888888889,576,6432.141448878717,5077.7510530402105,0.044747015823798364,5075.478910983009,True,2.3677182,1.2288767,-0.009640013340406206,5078.240548929117,False,-0.6349333,3.0752952
51990,False,0.870625,576,5802.184114831686,3113.625002169342,0.08074647408944369,3111.1108597737148,True,2.955102,1.5142184,0.027220144559891857,3112.777468952696,True,1.0593103,2.6312497
51997,False,0.8657638888888889,576,5891.447297918708,2856.4638377057536,0.07880579071839477,2854.2127788018565,True,3.0321622,1.4400997,0.09981587890258714,2853.612633230603,True,3.673186,1.5014646
52106,False,0.8692361111111111,576,6115.293854540016,4739.232385164163,0.052647128879201865,4736.7373153924555,True,2.5590074,1.2827547,-0.02486027620960396,4740.410571435332,False,-1.468613,2.4953756
52113,False,0.8678472222222222,576,5877.746694563515,2684.5018098859236,-0.002747159797777954,2684.5755574504155,False,2.818969,1.3796608,-0.011774506771278226,2684.817896743305,False,0.32605258,1.3329074
52263,True,0.8720138888888889,864,6794.683744447764,3666.2022301994048,0.0008139201949863839,3666.172390249064,True,4.0707564,3.6045682,-0.020151037632110125,3666.941008000483,False,5.4767547,6.594466
52298,False,0.8685416666666667,576,6427.603949317366,3535.9520053259284,-0.026927117052233385,3536.904135271316,False,2.405282,1.1866969,-0.019511969657703965,3536.64193921832,False,1.3234433,1.824169
52371,False,0.8372916666666667,576,6120.619671158638,3101.1513310206947,0.06516387539190482,3099.1305006416273,True,2.8141775,1.3751521,0.06860843618673451,3099.0236795986903,True,3.2777567,2.0322983
52457,False,0.8664583333333333,576,5878.457373013108,2666.35823786413,-0.0002507615431524002,2666.3649240751934,False,2.7449663,1.3637502,0.004754307292920146,2666.2314710099713,True,0.32562244,1.7418
52462,False,0.8720138888888889,576,5550.458602862119,3789.056577892632,0.07869470289786351,3786.0747910860196,True,3.0569105,1.5459721,0.022431073825379677,3788.2066518243573,True,0.96968526,3.0029073
52464,False,0.8734027777777778,576,5557.745493174446,3036.212007109257,0.08684937818640437,3033.5750758706527,True,3.0159898,1.537779,0.015128370030847993,3035.7526777318985,True,0.42977226,1.6518347
52497,False,0.8727083333333333,576,5426.8265551389095,2423.3916753553913,0.0544069281199544,2422.07318239851,True,2.4903834,1.437695,0.009595684348462363,2423.159134349696,True,0.36299336,1.4179281
52498,False,0.8699305555555555,576,5472.090671523824,4247.570949112222,0.0631455047114704,4244.88879900842,True,2.6627543,1.4793831,-0.02533069546630795,4248.646888384059,False,-1.1376599,0.9376297
52536,True,0.8650694444444444,864,6841.01228949775,4737.830046723657,0.07595303018382848,4734.231521248203,True,4.433859,3.9397695,0.08801371141750058,4733.660106668873,True,5.1930957,5.4031467
52576,True,0.8727083333333333,864,6887.459365296447,5239.336095268129,0.07042192454042029,5235.646453966693,True,4.2949677,3.7677333,0.1170913715635602,5233.201284783343,True,6.6770167,6.100427
52639,False,0.8685416666666667,576,5957.012015384128,4745.900451963587,0.05523665109989917,4743.278975499382,True,2.6582963,1.3339278,0.002625825790880665,4745.77583289551,True,0.028482119,2.490902
52649,False,0.8213194444444445,576,5913.564632932486,2744.5962097248907,-0.00828975428983636,2744.8237300169258,False,2.7156756,1.347211,-0.014791510949629938,2745.0021769837767,False,0.7253134,1.4853008
52664,False,0.8685416666666667,576,6775.732888193269,5052.887982510814,0.043737572503710354,5050.677971975928,True,2.4868257,1.1923205,0.07970735516995564,5048.860459150246,True,4.6203256,2.345258
52676,True,0.8713194444444444,315,6739.411539671563,6431.021360510629,0.02556387466023935,6429.377342280653,True,1.6448724,0.70179963,-0.022313305396415295,6432.45633395691,False,-1.8911346,3.2991395
52679,True,0.8692361111111111,864,6884.275644670574,4797.28608117496,0.06261233437327984,4794.282388382965,True,3.6602535,3.2957215,-0.02047959647089037,4798.26854601594,False,-1.1316581,3.2743797
52681,True,0.8678472222222222,831,6867.602803911387,5197.250954515603,0.05332033728374652,5194.479762787167,True,3.284869,2.400525,0.05588686478883442,5194.346373911911,True,1.9568387,4.002849
52682,True,0.8692361111111111,864,6888.775483595124,3937.629506320985,0.05453088948553786,3935.4822819365377,True,3.72772,3.3635743,-0.005201717014768903,3937.834330674994,False,-1.4481516,3.3937008
52686,True,0.8671527777777778,805,6887.468760894087,4931.667221647068,-0.022234165322077004,4932.763736700266,False,2.892333,1.3654844,-0.019439368733342732,4932.625906632988,False,1.929086,4.0365877
52836,False,0.8671527777777778,576,5970.868009492524,3986.899815638953,0.06592250100966313,3984.271551577727,True,2.8642693,1.3881116,0.0538977441548294,3984.750966586605,True,2.6274786,1.6869566
52841,False,0.870625,576,5497.935605533992,2471.407124265336,0.0035220698585081145,2471.3200795899306,True,2.527549,1.4310707,0.011817454957818718,2471.1150668516,True,1.5982602,1.6095814
52848,False,0.870625,576,5492.7431738651085,2410.2136851938467,0.03908385562028105,2409.2716807669813,True,2.6234827,1.458101,0.020446812396801572,2409.720873333271,True,1.093984,1.5335847
52850,False,0.8657638888888889,576,5501.129880375194,4574.173295863771,0.05653002596909262,4571.587514521742,True,2.5390444,1.4073223,-0.04111331405636243,4576.0538901063865,False,-1.7856687,1.558326
52867,False,0.8671527777777778,576,5800.846117614158,2520.926792161663,0.043310353303738225,2519.8349698714446,True,3.3065987,1.549249,0.04181819315304258,2519.8725861364655,True,2.7093997,1.7852755
53001,False,0.8713194444444444,576,6272.914725294487,2872.9195109598995,0.051272429465354374,2871.446495340041,True,2.4946883,1.2444773,-2.5287440408305883e-05,2872.920237457709,False,0.40282142,1.8689575
53014,False,0.8650694444444444,576,6135.27465795325,2654.8821958220956,0.020294755782201968,2654.3433939741462,True,2.6845076,1.3442649,0.0009398480235400797,2654.8572439742507,True,0.7100092,1.7270596
53025,False,0.8671527777777778,576,6214.696695909528,3008.718024711433,-0.01745831761434946,3009.2432962703087,False,2.2688215,1.3682244,-0.005692068735529965,3008.889283019458,False,0.8575226,1.9647379
53138,False,0.8615972222222222,576,6526.1783064788715,3090.6721249362267,-0.010331591091317094,3090.9914405521495,False,2.5194776,1.2449865,-0.01429957451570818,3091.1140779097695,False,2.4806366,1.9570584
53156,False,0.8622916666666667,576,6636.620499575947,3078.240098174131,0.03985511071923353,3077.013262184796,True,2.5020018,1.2056824,0.019770544585862027,3077.6315133530597,True,1.8527377,1.8466587
53177,True,0.8657638888888889,864,6836.126082955314,4635.755152483672,0.06870369011040545,4632.570217639425,True,4.132453,3.6289592,-0.0251362197382754,4636.920406095331,False,-0.99029756,3.4530118
53194,False,0.8734027777777778,576,3627.705998788724,3282.6637789203232,-0.012880111458257737,3283.086589683849,False,-0.41012844,0.56856346,-0.00937914609568935,3282.9716647619794,False,-0.23365392,2.090353
53200,False,0.8754861111111111,576,3631.145940480217,3129.3340616149217,-0.01287825554003863,3129.737065262079,False,-0.4094049,0.5712778,0.003782523476991706,3129.215693829367,True,0.23573719,1.7582222
53231,False,0.8740972222222222,576,3632.0612539262256,3087.1183338645815,-0.015350994475538116,3087.592237239468,False,-0.4812101,0.5788815,0.002708730237177548,3087.034712166814,True,0.20270035,1.756217
53253,False,0.8699305555555555,576,6027.7271876271125,2829.7571472350996,0.06863091209413641,2827.815059104896,True,2.863982,1.3852252,0.04851988481918701,2828.3841523365936,True,2.131383,1.3537979
53262,False,0.8664583333333333,576,5994.990319604734,2987.7264297176816,-0.022947731447486852,2988.412045165161,False,2.9360178,1.4136561,-0.014799925873565378,2988.1686110245864,False,2.1131978,1.6006496
53278,False,0.8629861111111111,576,6274.208809868727,4846.800085073915,0.05250089538695324,4844.255471641631,True,2.6900313,1.3331174,0.08534244977074223,4842.663707155814,True,4.546039,2.449891
53289,False,0.8720138888888889,576,6390.102910332339,4002.5810477336217,0.05651575139441478,4000.318958989319,True,2.6635365,1.3287623,0.08414054576123542,3999.213254205514,True,4.0673046,2.4906063
53394,True,0.8789583333333333,864,6760.690697053749,4042.0272044420562,0.07251925978359886,4039.095956243136,True,4.1454077,3.681463,0.07880930485532067,4038.8417109101647,True,4.605053,5.935003
53417,True,0.8775694444444444,864,6864.334674863404,4572.686473785256,0.07340278209748696,4569.3299947068945,True,4.2059393,3.6938808,-0.032147308503316374,4574.156469422876,False,-1.8262733,3.8266404
53423,True,0.8754861111111111,864,6722.381452110898,3542.9182168189673,0.012162775069546328,3542.4872996553563,True,3.882961,3.362543,0.03579005322632556,3541.650204513399,True,7.496488,6.8184166
53506,True,0.8775694444444444,864,6573.376473313525,5074.616259820614,-0.04826276253264705,5077.065409825539,False,-2.6896832,2.5071032,0.17582930715100975,5065.693597220381,True,10.070793,8.001872
53529,False,0.8803472222222222,576,5864.754437952488,4804.151204076366,0.05863401777744803,4801.334337215307,True,2.8445807,1.4284943,0.0014881443003877948,4804.079711384041,True,0.037041914,0.7518498
53552,False,0.8740972222222222,576,5751.450619642468,4679.698705008259,0.06485978575164753,4676.663462464361,True,3.0886424,1.4703975,-0.035322454728015096,4681.351689474746,False,-1.7892244,0.9899164
53610,False,0.8359027777777778,576,5564.658259881115,2487.463938982178,0.008936297686745753,2487.2416518097393,True,2.8806005,1.5517793,0.012441514750061167,2487.154460799306,True,1.4282738,1.706663
53627,False,0.8761805555555555,576,5460.4761607355285,3573.1060307319526,0.07209094032166741,3570.5301450057004,True,2.6283386,1.4874265,-0.027322856616418534,3574.0823053794848,False,-0.94832927,2.479429
53629,False,0.8775694444444444,576,5452.585979835542,2899.9634113948414,0.0769639442655845,2897.731485181165,True,2.6084404,1.4770186,-0.005883948545193363,2900.134043759798,False,-0.16871975,1.3462433
53652,False,0.8796527777777777,576,3589.1148208771074,2742.264650213788,-0.014076767680548663,2742.650672447786,False,-0.3756423,0.6096456,0.005526733720073729,2742.1130925586704,True,0.23451379,2.8933659
53660,False,0.8747916666666666,576,3591.5688455475956,3176.3744392404524,-0.010350826363447752,3176.703220253312,False,-0.339455,0.6147144,0.011772718806013494,3176.000493619493,True,0.45455784,1.6312664
53670,False,0.8810416666666666,576,3619.295834391909,3041.7603659977,-0.011069720418177553,3042.097080376008,False,-0.34563595,0.6186692,0.020349711292066974,3041.1413765550205,True,0.6801171,1.6760513
53683,False,0.8782638888888888,576,3591.515003131375,2625.331957754691,-0.01674334412136158,2625.7715261287076,False,-0.44717386,0.57881665,0.012980776601823063,2624.991169288197,True,0.43907192,2.772514
53688,False,0.8803472222222222,576,3587.668110654183,2588.5444038420637,-0.01620079262760754,2588.963768563005,False,-0.4542735,0.58338773,-0.00022124790042266085,2588.5501309522087,False,0.022802511,2.2007477
53724,False,0.8789583333333333,576,5783.065837811296,2809.1461307924587,0.06898484392905413,2807.2082457283855,True,2.813815,1.3793862,-0.008769102163652676,2809.3924676965953,False,-0.60419786,0.94108695
53729,False,0.8734027777777778,576,5917.137625023191,4833.760806977686,0.055399155670010636,4831.082944313507,True,2.726521,1.33977,-0.006395340023668261,4834.069942427223,False,-0.18310307,2.0165327
53775,False,0.8754861111111111,576,6323.048521653552,4994.612167190031,0.04705996346893171,4992.2617045387315,True,2.4822092,1.2139018,0.04206963712101164,4992.510951985688,True,2.8225114,2.3254416
53834,True,0.8747916666666666,864,6866.984111423457,4215.442967504201,0.07246743504969455,4212.388144119661,True,4.4739676,3.9803917,0.08046402673153041,4212.051052357968,True,5.1775146,5.482472
53841,True,0.8754861111111111,864,6866.584019278272,4940.71167812486,0.07245270657721958,4937.131998799874,True,4.2097235,3.6950383,-0.039573868023823344,4942.666908853802,False,-1.9303832,3.6380777
53842,True,0.8761805555555555,864,6852.69631031768,5051.487306951072,0.07006941218972162,5047.947759498246,True,4.146788,3.667801,0.1040604305695858,5046.23070751928,True,5.612634,6.1977224
53848,True,0.8775694444444444,864,6858.715272473117,4429.096253760605,-0.03697266577433744,4430.733808725335,False,4.2861533,3.785708,-0.07209790417066486,4432.289539343275,False,5.65375,6.617812
53864,False,0.8803472222222222,576,6561.243258497702,3758.0610478874223,0.05400579047790677,3756.031477321863,True,2.4852574,1.213257,0.02920967623251114,3756.9633304327112,True,1.0343179,2.9760396
53926,False,0.8747916666666666,576,6563.28329151915,4981.068004928041,0.04560780353879412,4978.796249228215,True,2.4994607,1.2029142,0.054801479423449706,4978.338305980246,True,3.1438246,1.6649671
53930,False,0.8775694444444444,576,5962.0453520900555,4872.577052542124,0.05313650297109618,4869.987935501826,True,2.609555,1.3190277,0.01760269351296362,4871.71934774738,True,0.61308724,2.7961116
53936,True,0.8782638888888888,864,6783.655572374465,4065.794396033469,-0.027530705581191306,4066.9137379281806,False,4.080169,3.5450344,-0.04389144454945981,4067.578931936304,False,6.023161,6.0901866
53966,False,0.8803472222222222,576,5452.552034294114,4361.263373666816,0.06361518853083004,4358.488947759325,True,2.7479722,1.4997325,0.0010977389257482706,4361.215498391109,True,0.051572636,1.1952162
53999,False,0.8747916666666666,576,5490.894716958458,4425.28966184733,0.06199485849601727,4422.546209793422,True,2.7198002,1.4977356,0.008339405029811342,4424.920619028685,True,0.4739157,1.315888
54004,False,0.8740972222222222,576,5531.776832840803,2676.141379400888,0.07153509361076393,2674.22699916997,True,2.6908455,1.478442,0.01388436958422723,2675.7698140511743,True,0.4071196,1.3643111
54009,False,0.8810416666666666,576,5518.464887216649,2436.0284142504875,0.016882983226806925,2435.6171399919076,True,2.6242778,1.4641471,0.013576204902376876,2435.6976940514874,True,-0.031721354,2.4230344
54051,False,1.8775694444444444,576,6602.95388645968,4121.715086546784,-0.03179787790543731,4123.025704487617,False,2.5573645,1.2357877,-0.014924829584406218,4122.330245509407,False,0.23158751,2.5676608
54066,False,0.8782638888888888,576,6623.589390251029,5458.812722378496,0.0401846734309208,5456.619116322799,True,2.3312314,1.1738672,0.06791413294231496,5455.105417059141,True,3.9066167,2.5555775
54082,False,0.8740972222222222,576,6783.460359135534,5415.965767090274,0.04314232224752468,5413.629193696216,True,2.5747726,1.2352308,0.04767754002945601,5413.383567853683,True,3.0088525,2.2052383
54088,False,0.8796527777777777,576,6771.382629761787,3349.985904026914,0.041473638409184055,3348.596542996315,True,2.4515676,1.1897724,0.02818350861764074,3349.0417604709596,True,2.388473,2.1248267
54099,False,1.8803472222222222,576,6777.630883952008,5529.135405485774,0.0403054995544605,5526.906859849546,True,2.4477925,1.1867236,0.04973997101329619,5526.385215147794,True,3.172072,2.2793815
54104,True,0.8803472222222222,864,6781.462354275273,5231.616372862229,0.0730433031058575,5227.795027467656,True,4.1968884,3.6969986,0.10445111216673686,5226.151891386467,True,5.2683263,6.929174
54166,False,1.8761805555555555,576,6282.840249359742,2810.9091337746318,0.04912694461329803,2809.528220011347,True,2.6904564,1.3476118,0.0939608779777723,2808.2679788833702,True,4.8692875,2.2440348
54170,False,0.8796527777777777,576,6291.224214348066,4732.197717636216,0.05231880475328188,4729.721888361782,True,2.6465383,1.3301129,0.09646846934512343,4727.632638941618,True,5.037374,2.7163403
54181,False,0.8782638888888888,576,6283.856128864276,5205.4482927961,0.0476663044061687,5202.967047977145,True,2.5460963,1.3013908,-0.000986434572869399,5205.499641147733,False,-0.023598883,3.2566803
54192,False,0.8761805555555555,576,6388.285594051047,5160.306294019099,0.04902161439641617,5157.776628575966,True,2.6466997,1.307752,0.01768323233213298,5159.393785078077,True,0.9579947,2.964236
54202,False,0.8803472222222222,576,6402.061775760985,5228.151429852584,0.04779111942216918,5225.652837769167,True,2.5968328,1.3115853,-0.01110786393307972,5228.732165809629,False,-0.6889868,3.1180952
54208,True,0.8782638888888888,774,6807.16277125319,3603.061079670398,0.00851643381911682,3602.7542273680847,True,2.8344753,1.2719342,-0.028805658830077796,3604.09896516245,False,-0.8432412,2.9460747
54764,False,1.8838194444444445,576,5408.265391685526,3273.845887615146,0.07311971477313994,3271.452060850002,True,2.6661632,1.4618506,0.015669411834862146,3273.332895230175,True,0.52027965,1.3631936
54770,False,0.8782638888888888,576,5697.823620264485,2646.51623733246,0.069037766038893,2644.689141654342,True,3.0287092,1.5712812,0.07745775408370958,2644.466305303554,True,2.9725182,2.0165215
54776,False,0.8490972222222222,576,5402.7158119165715,2416.207612600635,0.0498652525498855,2415.002764582477,True,2.7206244,1.488283,0.008155351718808213,2416.01056238157,True,0.18342811,1.3332297
54781,False,0.876875,576,5649.3092577137895,4683.491946844386,0.05875120061596961,4680.7403391048565,True,2.7050328,1.4857242,0.025638464908084302,4682.291171415119,True,1.3667923,2.871704
54792,False,0.8761805555555555,576,5411.162051886393,2419.433665028771,0.011906581230403113,2419.145593204127,True,2.7557228,1.5063211,0.01209280674551172,2419.141087601322,True,1.3821195,1.5942502
54851,True,0.8740972222222222,864,6860.334456577876,5093.3689579734,0.06723035324929238,5089.944668040658,True,4.0304666,3.5202787,0.09043770654346694,5088.762631912003,True,4.8526893,5.5933704
54865,True,0.8761805555555555,864,6860.748545352424,3882.440847885348,-0.005315036685438201,3882.6472010507036,False,4.041284,3.5233948,-0.026650866594080114,3883.4755520263147,False,4.861112,5.4091506
54873,True,0.8747916666666666,864,6860.16591948408,4315.954755709577,-0.029505774755311798,4317.228211608341,False,4.0079584,3.479607,-0.053752252116257004,4318.274678601095,False,5.436875,5.565526
55269,False,0.8775694444444444,576,6643.882085087369,3281.9255836647017,0.047304623111421584,3280.373081146547,True,2.5287967,1.2631433,0.08383313283569782,3279.174242640571,True,4.9971595,2.82666
55312,True,0.8761805555555555,864,6905.261333616121,3705.3742476177836,0.02729130094705212,3704.363002790649,True,4.6442566,3.7888427,0.042018890935457964,3703.8172904639223,True,7.2360597,6.272901
55331,True,0.883125,864,6860.015261690216,3938.7246453576436,-0.01018246963047087,3939.1257048084863,False,3.9713075,3.4557762,-0.012399092221859753,3939.2130114687875,False,5.8055096,5.488705
55332,True,0.889375,864,6838.3586553124205,4676.685685448832,0.06472694931318745,4673.658609485668,True,3.8438115,3.3106816,-0.048935859702670115,4678.974261804603,False,-1.9880159,3.7336888
55336,True,0.8900694444444445,864,6840.670466701822,4429.108688830963,-0.03387586459955294,4430.609087703361,False,3.951708,3.4228044,-0.0686483598423937,4432.149199311489,False,5.681027,6.2249455
55358,True,0.8852083333333334,864,6860.9354068422845,3789.0056501943527,0.03664613215297319,3787.617126186495,True,4.064092,3.5660808,0.03185140792547614,3787.798798558387,True,4.9557776,5.543991
55374,True,0.8886805555555556,622,6813.474150078591,4075.6308387943186,0.04589237479799557,4073.760435024392,True,2.4714122,1.1523093,-0.015659785801402926,4076.2690738637316,False,-0.90568084,2.921418
55377,True,0.8865972222222223,811,6834.741504197083,3935.9068109783807,0.04536370700789494,3934.12133775454,True,2.973386,1.5327132,-0.01638856844263792,3936.5518497699377,False,-0.49566546,2.9456294
55384,True,0.8865972222222223,814,6832.755891885501,4088.9795382320217,-0.01192616637204491,4089.4671967446716,False,3.0409188,1.6792089,-0.019299198527389372,4089.7686785208516,False,-0.4876742,2.9505117
55393,False,1.876875,576,6019.035281331183,4118.779509138449,0.06358616387357463,4116.16053526017,True,2.7654314,1.3886259,0.06602815223266667,4116.05995514402,True,3.261796,1.8123049
55405,False,1.889375,576,6017.885832205409,4982.657030016352,0.056026311029955256,4979.865431101153,True,2.8328478,1.402242,0.03439791637704914,4980.9430998278085,True,1.8635203,1.6673714
55406,False,1.8879861111111111,576,6009.634446246018,2954.6016135841437,0.06829543834984131,2952.583755470648,True,2.8096895,1.405974,0.09919811997136652,2951.6707043408146,True,4.529026,2.585907
55435,False,0.8845138888888889,576,4462.481048772052,2311.0787354721174,-0.0037538616915133716,2311.1654901814295,False,0.025876708,0.61769134,-0.022091691223624643,2311.589291860295,False,-0.52040195,2.7336402
55458,False,0.8754861111111111,576,6752.402804706072,5377.398005561165,0.04029490588911555,5375.231188105537,True,2.4127905,1.1620464,0.06207107296988257,5374.060196931246,True,3.6769762,2.230353
55468,False,0.8865972222222223,576,6762.3361643680155,3807.5662240292577,-0.026117980048945277,3808.560683426003,False,2.443891,1.1809607,-0.028863936809075952,3808.6652375481276,False,2.3536084,1.9086727
55480,False,0.8852083333333334,576,6634.251243764471,5146.160750622686,0.04587252846737222,5143.800076577375,True,2.5460744,1.2303364,-0.0194830311200489,5147.163378733218,False,-1.1797259,2.9245744
55497,False,0.8740972222222222,576,6631.425881464295,3689.2758441709134,-0.027652533900224263,3690.2960224343983,False,2.5876803,1.2525272,-0.026446855102979505,3690.251541617773,False,2.249043,1.9133182
55500,False,0.8740972222222222,576,6633.894775776058,3084.1219414622783,-0.003322930711280314,3084.224424707445,False,2.584464,1.2560358,-0.007754691967098992,3084.361105628729,False,2.476888,1.999674
55577,False,0.8879861111111111,576,6231.801478143807,2731.55930032237,0.023310761975914307,2730.9225530456383,True,3.3910968,1.5163543,0.01024550076274,2731.2794384034196,True,1.8344345,1.5611814
55619,False,0.8886805555555556,576,6416.306428444172,2854.4182477342433,0.011447456348845364,2854.0914894613193,True,2.874682,1.3538212,0.011445162227874395,2854.091554945127,True,2.8864477,2.0117092
55654,True,0.8740972222222222,864,6907.612255680644,4718.582237448745,-0.04494997845518878,4720.703239157873,False,4.6641703,3.7726095,0.015026539235452052,4717.873197847476,True,-0.64879197,3.5108411
55663,False,0.889375,576,6462.291501071114,3303.0073315723535,-0.021852141998346397,3303.7291094346665,False,2.5955477,1.2725176,-0.022794298271833213,3303.7602289254546,False,5.439573,3.9295564
55767,False,0.8886805555555556,576,6637.354398253677,4793.088725957986,0.04849609060135762,4790.764265316837,True,2.5625372,1.2685355,0.0635807957368395,4790.041242015643,True,3.3611264,2.2851236
55771,False,0.8900694444444445,576,6645.361261032279,3079.9153468905524,-0.0021950016241056858,3079.982951092438,False,2.6256876,1.2807286,0.019590872434382955,3079.311964613854,True,2.734097,2.870931
55789,True,0.8838194444444445,864,6935.95544860568,3810.530024371838,0.004561906635236479,3810.356191559818,True,4.3780055,3.5969367,0.006607361771193698,3810.278248877727,True,2.0995631,2.5335228
55941,False,0.8845138888888889,576,4472.195796541042,3143.243416239728,0.0029647924211451127,3143.150225607145,True,0.103379674,0.6454475,0.003473592142722026,3143.1342327933944,True,0.08235645,1.1025622
55964,False,0.8845138888888889,576,5603.8595878347305,3910.010177515792,0.0645237461357473,3907.4872924849633,True,2.5790148,1.3581561,0.034006028163180435,3908.6805383636392,True,1.5428071,1.9093442
55989,False,0.8838194444444445,576,6126.985075707855,3070.025983270692,-0.023787721560286634,3070.7562725134235,False,3.14536,1.4444767,-0.03320393696031321,3071.0453527728455,False,4.355139,3.0452359
56001,False,0.8838194444444445,576,6180.062724389305,2769.95704007222,0.003711010867246678,2769.8542466754443,True,2.9506314,1.3908423,0.011511966807442597,2769.6381635471853,True,4.5267105,3.2462714
56003,False,0.8852083333333334,576,6125.59732147464,4341.726830428743,0.06719412556518423,4338.8094450606,True,3.181531,1.4558889,0.017018209687258423,4340.9879462626905,True,0.64837074,1.0963775
56032,False,0.8865972222222223,576,5955.980024354289,4300.415367804086,0.07897941009286091,4297.018925125043,True,3.5474164,1.6256101,0.02638035845385911,4299.280902825051,True,1.2952121,3.19353
56034,False,0.8824305555555556,576,5956.617581614811,2685.083421716884,0.07513095118873991,2683.0660930119293,True,3.486479,1.6258031,0.004125022803536105,2684.9726614234437,True,0.054070618,1.3799313
56110,False,1.8886805555555555,576,6605.517451525176,3451.641141402624,0.054094978388607995,3449.7739768831243,True,2.594781,1.264287,0.0038375231279141886,3451.5086838855295,True,0.13767391,3.2305088
56111,False,0.8852083333333334,576,6582.818183983279,2972.9899906496616,0.011653120228527492,2972.643544561668,True,2.713184,1.2911965,0.004766163787139899,2972.8482930873315,True,2.6296556,2.0784607
56124,True,1.881736111111111,308,6756.247730283991,5277.348517853527,-0.029933818017635616,5278.928229765021,False,1.6096503,0.7521683,-0.00200748631535852,5277.454459912837,False,-0.31590778,3.1875513
56317,True,0.8852083333333334,864,6298.73123301191,3235.802291413909,0.0029795944554433795,3235.7058776382446,True,-3.8386805,3.4894214,0.010499870737801231,3235.462536365979,True,4.6925297,3.4438608
56350,False,0.8879861111111111,576,6244.291360894928,4623.0739017541755,-0.04662822005068179,4625.229558836196,False,-2.156212,1.2545489,0.08172016740759513,4619.295918032277,True,4.415229,2.244459
56360,False,0.8872916666666667,576,6242.179994320936,3232.0909898982463,-0.047988215924421596,3233.642012711357,False,-2.0527248,1.2528255,0.04586570437256077,3230.6085686097626,True,1.9575952,2.8197203
56375,False,0.8886805555555556,576,6031.0487707102575,4773.282436559617,0.07036690223430897,4769.923625584109,True,3.5101268,1.6476732,0.055755192103423834,4770.621083777469,True,2.758603,1.883199
56384,False,0.8865972222222223,576,6024.097030087328,2655.837283177048,0.06360718137577992,2654.1479799492854,True,3.438918,1.6396292,0.046726820397324786,2654.596294869688,True,2.5681045,1.3501459
56407,False,0.895625,576,6196.486688073058,3313.956865656519,0.0822466983003034,3311.231245561412,True,3.563162,1.5552808,0.047526143348852745,3312.381869776023,True,2.3150125,1.8047639
56418,False,0.8775694444444444,576,6301.144831295266,4269.323340592708,0.06679244114663474,4266.471755323076,True,3.120965,1.4296833,-0.0038481285360658646,4269.487629652474,False,-0.13392645,3.1447318
56468,False,0.8824305555555556,576,5747.879198972978,4200.770419201812,0.06510578637063391,4198.035474596759,True,2.8089514,1.3851907,0.010337815535110817,4200.33615131482,True,0.47233337,1.1253601
56477,False,0.8872916666666667,576,4863.805194090862,3950.434494440323,-0.01631726195803207,3951.079097195263,False,-0.62611526,0.4441227,-0.034826378559582594,3951.810287722108,False,-1.3844696,0.91807884
56485,False,0.8824305555555556,576,4847.974773737779,3805.7879856217455,-0.015285560577704693,3806.369721659748,False,-0.5829379,0.44303492,0.013932445620068457,3805.2577462902323,True,0.460823,1.0610107
56489,False,0.8838194444444445,576,4458.854733527549,3245.251666483724,-0.00012321601412512706,3245.2556651634754,False,-0.0050860113,0.6208611,0.009464487733124027,3244.9445200478394,True,0.29293358,1.1443962
56504,False,0.8859027777777778,576,5912.646966634054,4665.851382380199,0.07670442073329786,4662.272468115059,True,3.6673393,1.6975436,0.02828668549379465,4664.531567684054,True,1.4733181,3.2322085
56533,False,0.8900694444444445,576,6022.925544603976,2853.3807671509817,-0.014563672705514286,2853.7963241969533,False,3.4698346,1.635008,-0.00922454782685822,2853.6439786345304,False,0.84453034,1.3926497
56547,False,0.8984027777777778,576,5934.228164706823,2816.6906395420874,-0.014929169533628439,2817.111148072904,False,3.4821413,1.6479427,-0.006162036910484225,2816.8642050689505,False,2.6456378,2.2293627
56550,False,0.8928472222222222,576,5940.523202803018,4814.819132919218,0.07104314850508997,4811.398533822359,True,3.505947,1.620453,0.02919194034347594,4813.413593800286,True,1.4654081,3.3351474
56689,True,0.901875,864,6797.406563751442,3865.103220860653,-0.0160981700926488,3865.7254317614047,False,3.9792528,3.4750082,-0.046089688870076806,3866.8846349196597,False,5.3274446,6.2747965
56701,False,0.9004861111111111,576,6619.933155371055,3035.253001354754,0.031041815941323936,3034.3108037147167,True,2.4470532,1.179307,0.034362792775988193,3034.210003665668,True,2.6153545,2.1846697
56709,False,0.8935416666666667,576,6605.1349668803,3587.704571022111,-0.024460196275688517,3588.582130611977,False,2.5363264,1.194388,-0.03517266747730119,3588.966462430948,False,4.0498095,2.5183837
56902,False,0.8838194444444445,576,6311.404414561906,4926.771705087573,0.054612963437039586,4924.081049067641,True,2.8321707,1.3226941,0.003329311341704333,4926.607677528415,True,0.13276726,2.6586359
56910,False,1.881736111111111,576,6297.07527528087,3037.1356018051583,0.05670028382475101,3035.4135373087865,True,2.7610533,1.3347338,0.07670644776163194,3034.805922981302,True,3.7120137,2.4313242
56917,False,0.8859027777777778,576,6290.680597381915,4562.7114345826285,0.05482683137781885,4560.209844488128,True,2.7186718,1.3281168,0.05100769310211195,4560.384100746936,True,2.5979648,1.6855277
57058,True,0.8859027777777778,864,6842.762374892192,3729.8544118873833,0.03160656624437985,3728.675532991868,True,3.8327253,3.3041334,0.05213736080920128,3727.909764244994,True,5.911437,6.4145255
57069,True,0.8838194444444445,864,6753.4180526231785,4680.916401447083,0.06772419538775276,4677.746288487423,True,3.7753801,3.2839334,-0.043527664534415145,4682.953895045446,False,-1.724584,3.6272175
57083,True,0.8977083333333333,864,6739.484332225491,4174.530236321596,0.07087244145100868,4171.571644833997,True,3.8756254,3.434557,0.07540649387748344,4171.382369444523,True,3.907665,5.2125015
57086,True,0.883125,864,6744.047810541663,3716.639649370604,0.057852859365115084,3714.4894670711396,True,3.81949,3.3985605,0.07534869645988707,3713.8392098526842,True,5.459719,6.4679985
57092,True,0.8852083333333334,864,6739.074997367841,5135.625694252542,0.0691383732963402,5132.07500619894,True,3.8778543,3.4725046,0.07175182891673293,5131.9407889005915,True,3.537413,4.8303823
57123,True,0.8845138888888889,864,6795.773247183391,3616.4262003188255,0.024792287856389983,3615.529605535126,True,3.9118786,3.391981,0.04486468591998749,3614.8037020725196,True,6.3998923,6.4468036
57136,False,0.8824305555555556,576,6506.720569929338,2887.6339778395914,0.012312346034526467,2887.278442362028,True,2.5146995,1.2241486,0.008115201657465931,2887.399640529159,True,1.8748682,1.8298662
57148,False,0.8852083333333334,576,6495.519389755309,5355.544777634219,0.04374247824471267,5353.202129634972,True,2.499845,1.2030959,0.060041847982572616,5352.329209590187,True,4.0919557,2.2027903
57228,False,0.8865972222222223,576,5930.980397051056,2884.407952898488,-0.022054025186357684,2885.0440809649,False,3.5307758,1.6890233,-0.009847325452438938,2884.6919899469867,False,2.7673154,2.1434343
57229,False,0.8886805555555556,576,5927.390061877263,2746.3609305812565,0.08492865122230464,2744.028483295209,True,3.6179013,1.704138,0.028114366453213524,2745.588808615102,True,0.63215184,2.201199
57248,False,0.8845138888888889,576,6019.901205377415,2855.0554807603444,0.08346161597682089,2852.6726053290586,True,3.485053,1.6464232,0.04441133048577184,2853.7875126452273,True,1.4013845,2.3523896
57328,False,0.8796527777777777,576,6313.249188281609,5189.156714421662,0.05063050606866071,5186.52941812645,True,2.7548032,1.3085356,0.023128227329183293,5187.956554470281,True,1.325033,3.0581322
57334,False,0.8907638888888889,576,6332.777294006045,2916.4766407514167,0.05576766514765463,2914.850189834287,True,2.7856615,1.3225348,0.06971767888610536,2914.443340942222,True,3.3436399,2.2615876
57413,False,1.897013888888889,576,6180.235354811489,4215.803118632912,0.07476955520560047,4212.650981402759,True,3.4104404,1.513669,0.019798009667804095,4214.968473533907,True,0.987863,2.8406825
57418,False,0.8734027777777778,576,6369.479153077066,2814.5872257582646,0.02639241962052452,2813.844388097054,True,2.706225,1.3057234,0.040514084956699836,2813.4469215084364,True,4.6137695,3.1336179
57444,False,0.9032638888888889,576,6494.564869141631,2941.3058600138297,0.0028301124800234057,2941.2226177596094,True,2.5152254,1.21935,0.006456326241155441,2941.115959721756,True,3.2982686,2.2588212
57522,False,0.9025694444444444,576,6291.059278453845,2849.704602123048,0.05586273764777161,2848.112679127422,True,3.231381,1.4699597,0.05691823811617702,2848.0826004819983,True,3.6178944,2.114742
57642,False,0.9011805555555555,576,6635.070607473921,4866.730104517313,0.04496153053473728,4864.541948185322,True,2.3993783,1.1439866,-0.016284731901117233,4867.522638477186,False,-1.0252844,2.6290166
57645,True,0.9046527777777778,864,6858.39445747678,4535.845827715752,0.0624255609866009,4533.014300522307,True,3.8566227,3.3401108,-0.04729514807224611,4537.991062726304,False,-1.7660782,3.4170287
57646,False,0.901875,576,6630.559951936796,5496.564361342535,0.039661994028039604,5494.384314323788,True,2.3415267,1.1220814,0.007471277990755976,5496.153697749158,True,0.35881963,2.8447437
57678,False,0.9039583333333333,576,6467.245870682891,4684.830961384657,0.04752531920393377,4682.604480526089,True,2.4641619,1.234396,0.07177040520871536,4681.46863923032,True,3.6658227,2.2288063
57683,False,0.9004861111111111,576,6155.514307597237,3114.1571002622095,0.06436246389222022,3112.1527520329996,True,2.835906,1.3833919,0.08634232094805183,3111.4682647538657,True,4.1707034,2.2638159
57699,True,0.9025694444444444,864,6830.751069517042,3673.6976049681084,0.019741314348586947,3672.972368785693,True,3.842653,3.302035,0.04124428632197308,3672.1824146193076,True,7.204581,7.073413
57709,True,0.9011805555555555,864,6860.53300146219,3913.8515035547766,-0.009083271899368306,3914.2070093385832,False,3.941773,3.4209805,-0.011253090240859187,3914.2919328063663,False,5.728387,5.3929973
57710,True,0.9032638888888889,864,6859.982919932217,3792.8222870537447,0.006908789393389458,3792.560248959866,True,3.906442,3.3765175,0.024686689170805298,3791.885964814936,True,6.9234767,5.723931
57712,True,0.9025694444444444,864,6860.890791601505,5309.056982815825,0.0647075590272217,5305.621621644874,True,3.9772558,3.4591258,-0.02607404325616347,5310.441268640021,False,-1.4679375,3.3844259
57740,True,0.8997916666666667,864,6776.820241906176,3642.6955563856077,0.04190456084024463,3641.1691008199527,True,3.9139743,3.3884108,0.07530764135542656,3639.952328290327,True,7.08902,7.328242
57752,False,0.8984027777777778,576,6434.855156437882,2874.326228396725,0.03645046143886388,2873.2785232332126,True,2.8371077,1.3539913,0.026559130834891143,2873.562832343101,True,2.3957872,1.8278477
57753,False,1.9011805555555557,576,6301.668199974097,5230.738893291979,0.05643343346084517,5227.787007749117,True,3.108589,1.435024,0.03462602155684946,5228.927696525202,True,2.354775,2.0161917
57782,False,1.9060416666666666,576,6074.096544826568,4453.8598318392005,0.07228039210214199,4450.64056449906,True,3.4419098,1.61672,0.05359739433798971,4451.472679031863,True,2.669838,1.7211587
57787,False,0.9039583333333333,576,6066.419138007913,2654.4321114937957,0.02017129232843029,2653.8966782429243,True,3.4630954,1.6277283,0.009305044614282831,2654.1851154115643,True,1.5907162,1.5078015
57809,False,0.9039583333333333,576,6043.372276288945,2784.8974066560877,-0.00533975459560132,2785.046113353343,False,3.3241951,1.5181981,-0.00625495691120026,2785.071600798896,False,3.401306,2.4569468
57814,False,0.9032638888888889,576,6053.029848834419,2926.5970555714894,-0.017042865501504245,2927.095831581443,False,3.382684,1.5182805,-0.019293067736936287,2927.1616859338096,False,4.1462216,2.7534556
57824,False,0.9025694444444444,576,6030.86714895777,2652.6962603806223,0.05263670422125388,2651.2999685061523,True,3.4314516,1.527187,0.00786743922547295,2652.4875611244997,True,0.20389059,1.5382081
57827,False,1.900486111111111,576,6034.874343981401,4392.852215408726,0.0721872363925069,4389.681136805608,True,3.4218707,1.5306174,0.011160410771671181,4392.361955066893,True,0.44691214,1.0771755
57869,True,0.9011805555555555,864,6823.16620435853,3665.913512783962,0.014193484596258799,3665.393191924211,True,3.947981,3.4097574,0.025630835968537546,3664.973908514749,True,6.8183775,6.749087
57870,True,1.9067361111111112,864,6815.385684118217,4669.239242388398,0.06568806488601586,4666.172109495168,True,3.8349497,3.300164,-0.0521472246460819,4671.674121075395,False,-2.150864,3.8801453
57899,True,0.901875,864,6849.582273306042,5343.936223045226,0.06470418700799119,5340.478472567873,True,3.8613372,3.4310029,0.10073112519777272,5338.553215967891,True,5.8668957,4.95858
57925,True,0.9032638888888889,389,6790.1186358468485,4214.397104695408,0.03968447582967105,4212.724643305025,True,1.7878186,0.83008343,0.009005489483282503,4214.01757761736,True,-0.41220525,3.2868323
57979,False,0.9067361111111111,576,6470.605780326834,4067.3574385740512,0.060376582793475464,4064.9017071526378,True,2.7994008,1.3587068,-0.008932877576994791,4067.7207706446584,False,-0.44246364,3.10282
58031,False,0.9025694444444444,576,5662.204319509245,3654.2868283774774,0.07816668576051677,3651.430393485544,True,3.004578,1.4292665,0.034914991287537944,3653.010934459724,True,1.2670282,2.5237863
58061,False,0.9032638888888889,576,6299.6289724915605,4489.509434248327,0.06504235181313822,4486.5893517374125,True,3.2333293,1.4557794,0.08305200627848341,4485.780806601114,True,4.3650913,2.3991544
58069,False,0.9032638888888889,576,6197.700285985237,2873.8127667252224,-0.007284166731058583,2874.02210004869,False,2.9894571,1.3951755,-0.010883743875900187,2874.125545156227,False,2.749612,2.521454
58072,False,0.9011805555555555,576,5944.6598496817305,2816.7769142423995,-0.01579620914540225,2817.2218582249343,False,3.5168025,1.6880355,-0.00655042502215597,2816.961425112209,False,2.6897821,2.1445205
58080,False,0.9067361111111111,576,6403.387313785228,3398.137514835459,-0.025994205677726256,3399.0208337002796,False,2.668512,1.2870317,-0.04961130008751535,3399.823375045335,False,4.539817,3.2566357
58138,True,0.9060416666666666,864,6856.767798827901,5323.4131459634955,0.061514085696945386,5320.138497048879,True,3.7324595,3.2681003,-0.020926598080039938,5324.527155246694,False,-1.189465,3.34804
58175,True,0.9004861111111111,511,6801.192156315638,2965.381193705108,0.015065626427912537,2964.9344404622993,True,2.2230442,1.0762618,-0.02086551310638285,2965.9999357167367,False,-0.9235845,3.0903246
58185,True,0.9025694444444444,515,6804.476517988973,5070.623565349366,-0.031156713009661274,5072.203404991425,False,2.288281,1.1019367,-0.021080936283479623,5071.692500282355,False,0.076283574,3.3803902
58188,True,0.9053472222222222,515,6801.843989861518,4495.527725559555,-0.030174971833840658,4496.884249794528,False,2.1852472,1.0602041,-0.009894050677949906,4495.972515360963,False,-0.94195086,3.0800312
58212,False,0.9046527777777778,576,6085.2148877534455,2763.773703370181,-0.0020841244885438925,2763.831303864741,False,3.503811,1.6428807,-0.0031960725394242218,2763.8620355925664,False,0.8214629,1.4814093
58217,False,0.9046527777777778,576,6090.862410923952,3292.608052886374,0.08376582297873192,3289.8499726634013,True,3.518383,1.6367315,0.05652092336563275,3290.7470404220658,True,2.4561174,1.7403651
58226,False,0.8997916666666667,576,6267.672732716916,4330.804088254061,0.06596945626360373,4327.947080355191,True,3.171897,1.4602487,0.0673933277918426,4327.885415268835,True,3.432687,2.169619
58230,True,0.9011805555555555,864,6785.837004758362,3736.0952091342615,0.05250127853906328,3734.133711392024,True,4.0911756,3.569121,0.05931549360539412,3733.87912582939,True,5.467017,6.1864614
58231,True,0.901875,864,6810.426821757944,4335.675332522414,0.06383425132225895,4332.907686644127,True,3.811472,3.273856,-0.05615203105935329,4338.10990229177,False,-2.156525,3.8191109
58246,True,0.9032638888888889,864,6820.8630058598355,5300.107368164002,0.06870568519343756,5296.46589309071,True,4.047163,3.5380914,0.035785379335340206,5298.21070464712,True,1.7012553,3.4412472
58488,False,0.9032638888888889,576,6176.021786680507,2819.1962628525303,-0.0022586258138224125,2819.2599379570656,False,2.950076,1.3872775,-0.005980956363837997,2819.3648777608228,False,3.291021,2.811148
58492,False,0.9046527777777778,576,6187.156222027868,2837.277140934315,-0.004416318045108447,2837.40244412668,False,3.0905643,1.4313656,0.0012734296032101966,2837.241010217277,True,4.779034,3.0335062
58533,False,0.9088194444444444,576,5433.31147628743,2618.548693501454,0.06924094673879111,2616.7355856052504,True,2.7215343,1.4850163,0.028462814715746187,2617.8033808485784,True,1.0850484,1.3891307
58537,False,1.9122916666666667,576,5429.012250522977,4467.852106364984,0.06291350765739168,4465.041223897919,True,2.755259,1.4743843,0.007357772451832556,4467.523371983512,True,0.4494088,3.1030865
58544,False,0.914375,576,5413.8595138403225,3195.0471574486487,0.07870481649835392,3192.532501456335,True,2.7081318,1.4803706,-0.022505404194550493,3195.7662157356413,False,-0.8856672,1.726293
58545,False,0.9122916666666666,576,5425.4035554414395,2389.84881765275,0.032432130426485184,2389.0737387772097,True,2.7336726,1.488107,0.007968944884406692,2389.6583719276496,True,0.40368006,1.389414
58552,False,1.9122916666666667,576,5423.918029950903,4341.572722948322,0.06228114552354613,4338.8687417327255,True,2.6919658,1.4589331,-0.02533155775659157,4342.672510960182,False,-1.0894706,1.208753
58619,False,0.9115972222222222,576,6248.128494694311,4839.949482309915,0.056192562754575626,4837.229790669772,True,2.849662,1.340677,0.0039837729347791395,4839.756669722381,True,0.16991383,2.551734
58635,False,0.908125,576,6239.993425290423,2785.9949227028173,0.05111237938023594,2784.570934418406,True,2.797865,1.347301,0.02254843027018616,2785.3667245903384,True,1.1384815,2.1070113
58676,False,0.9136805555555556,576,5992.826582598881,2941.200600168542,-0.019848219564200242,2941.7843761314894,False,3.5980787,1.574465,-0.012742739437920925,2941.575389707369,False,2.2410727,2.0888112
58711,False,0.9129861111111112,576,5623.668621168278,4091.5224265004977,0.063285724043316,4088.9330769184858,True,2.6567073,1.4811325,0.07003249679886636,4088.657031198127,True,3.010525,1.8424869
58740,False,1.909513888888889,576,5913.72769395489,4624.080365487066,0.07210646956272715,4620.746104395763,True,3.464723,1.6557549,0.04425081851284762,4622.034172086642,True,2.066002,1.3762845
58746,False,0.9122916666666666,576,6242.495379073323,4410.5019214092135,0.06031179163058509,4407.841868690504,True,2.913537,1.3787136,0.03261920932468021,4409.0632505651965,True,1.5707716,1.2237343
58775,False,0.9088194444444444,576,6469.4269012948225,3025.144354582088,-0.008134099637002734,3025.3904228480537,False,2.3869846,1.2429616,0.0006802320024257291,3025.123776592068,True,2.0906088,1.8163396
58784,False,0.9074305555555555,576,6433.151369624013,3775.37043715616,-0.03127161536833345,3776.551056488,False,2.500657,1.2778109,-0.02164907868913435,3776.187770082908,False,1.7878748,1.8258032
58791,False,1.9088194444444444,576,6556.812794735336,5152.353625742628,0.04849164575286835,5149.855164684493,True,2.6733456,1.2945199,-0.016195552454312256,5153.188077886718,False,-0.9190638,2.9654167
58794,False,0.908125,576,6549.296176544829,2946.757720772237,0.03210703202256582,2945.811604337198,True,2.7679448,1.338485,0.0296878157647118,2945.8828927790587,True,3.0435126,2.2054615
58839,False,0.9088194444444444,576,6481.310214839615,2875.0880176044857,0.009625665944401618,2874.8112712463026,True,2.5060456,1.2600346,0.020965841939146745,2874.485231205101,True,3.3447638,2.064277
58844,False,0.9074305555555555,576,6341.993161642342,2966.190760957152,-0.009023335248947717,2966.4584103036373,False,2.378975,1.180932,-0.0121587053640404,2966.5514113623135,False,0.55046755,1.6066839
58877,True,0.9088194444444444,864,6831.491471466329,3684.497065437231,0.03485848686903825,3683.212705521482,True,4.403874,3.9099386,0.027392509579748925,3683.4877892356126,True,5.370039,5.4775505
58880,True,0.9102083333333333,864,6682.488400012992,4997.3275150664285,0.07383815658524862,4993.637580560769,True,4.012799,3.606114,0.11162884009694451,4991.749056335503,True,5.345638,7.033952
58894,True,0.9102083333333333,864,6830.402642341274,4707.996325909619,0.07670624004140203,4704.384998956719,True,4.3610415,3.8673487,0.09744173567783898,4703.4087725839945,True,5.5549803,5.6642766
58943,True,0.9088194444444444,864,6690.628211578003,3500.4421367523214,0.04316999670955779,3498.930996007061,True,3.8940067,3.4865053,0.04733344135031681,3498.7852570365153,True,6.0070224,7.1340265
58946,True,0.9095138888888888,864,6699.355023756491,4609.608637671518,0.07584675109242323,4606.112399291761,True,4.033255,3.575996,0.1002288451428246,4604.988480178366,True,4.834796,6.450906
58967,False,0.8324305555555556,576,6406.1615887518265,2989.7559354764007,-0.008296963183318518,2990.003994435639,False,2.455287,1.1870946,-0.011002892486899896,2990.0848951176026,False,0.624252,1.7162994
58971,False,0.9102083333333333,576,6106.878704150412,3024.2849334404245,0.059872364814261836,3022.4742225420464,True,2.628034,1.3195457,0.0273394818055106,3023.458109621297,True,0.88998944,1.2833508
58972,False,0.9115972222222222,576,6389.5282894389375,5265.538902548124,0.04283446001549507,5263.283437402307,True,2.3659105,1.1531262,-0.003011198839031337,5265.6974584044265,False,-0.23662917,2.595058
58985,False,0.9122916666666666,576,6300.049266462513,5156.83092641601,0.047204545065271386,5154.396667847405,True,2.5358849,1.2374423,0.014463407444864629,5156.085072957878,True,0.8370176,2.6924396
58999,False,0.9122916666666666,576,5521.9722423177545,2393.1738373369317,0.04319783609791905,2392.140038035136,True,2.8567662,1.5409638,0.018774404987798032,2392.724533198646,True,1.1191688,1.6332582
59009,False,0.9109027777777777,576,5513.899621854976,3028.6090198538313,0.08472053378870692,3026.04316613583,True,2.9121103,1.538478,-0.018264569935544372,3029.1621822763386,False,-0.6477182,1.1742747
59015,False,0.9074305555555555,576,5526.843274412332,3737.0247795738774,0.07645213741799273,3734.1677442640453,True,2.9192443,1.5316916,0.027675425671380705,3735.9905420686823,True,1.1556981,3.107772
59179,True,0.9129861111111112,864,6704.066907109087,5152.652927021321,0.07196675638073691,5148.94472985218,True,4.003877,3.5639746,0.023716224240299955,5151.430912308822,True,0.99678344,3.2126088
59223,True,0.9122916666666666,864,6853.817176668141,3997.8106756693523,0.05890962846607506,3995.4555802635323,True,4.2312894,3.738406,0.04966965119198585,3995.824977061426,True,4.2296953,4.5402822
59233,True,0.9004861111111111,515,6799.271758030941,4407.670767722618,-0.03051695927700493,4409.015854825871,False,2.199008,1.0787172,-0.01043604871193704,4408.130754401,False,-0.9539174,3.099088
59268,False,0.9095138888888888,576,6678.573940379119,3794.2215992105735,0.050015622425025885,3792.3238956715386,True,2.4198446,1.1712061,0.02406950235920302,3793.3083489632354,True,0.8672216,3.0967603
59307,False,0.9074305555555555,576,5995.423665192646,2795.4902088405447,-0.00676984214647014,2795.6794591249036,False,3.574811,1.5640285,-0.0003391887694270679,2795.4996908393837,False,1.7552648,1.7757765
59312,False,0.9136805555555556,576,6087.965240009851,2721.939529633807,0.06668740364179637,2720.124338842788,True,3.2935245,1.4779534,0.03204915163305122,2721.0671711165915,True,1.3336974,1.8836979
59390,False,0.908125,576,5449.989703109989,4058.6956183898797,0.06318164883687416,4056.1312675869044,True,2.6003613,1.4687647,-0.036110158758884126,4060.161219831223,False,-1.5131644,1.2123681
59412,False,0.9129861111111112,576,6078.518456356369,2761.7034312567034,0.0649541675532661,2759.909589792634,True,3.3285494,1.5050195,0.046087594254562436,2760.430628594787,True,2.2740946,2.0403676
59475,False,0.914375,576,5912.492459652965,3019.481222922221,0.08600303536580034,3016.884377428199,True,3.5231957,1.6833633,0.06565545674117601,3017.4987687440907,True,2.4458377,1.7973741
59496,False,0.9109027777777777,576,6630.425173568606,3863.075386396203,0.053558733517578005,3861.0063721544147,True,2.6971083,1.2768182,0.06380772180163419,3860.6104460106576,True,3.4535108,2.4723074
59497,False,0.9122916666666666,576,6627.005938173236,3008.7278223927988,0.034042451449334266,3007.7035776946145,True,2.5747156,1.2523638,0.02358540863504066,3008.018201651169,True,1.8565415,2.02828
59503,False,0.9122916666666666,576,6621.8269355715465,3694.5703786938507,0.05642590754042498,3692.4856838379474,True,2.6962132,1.2758998,-0.01124686082827342,3694.9859018925463,False,-0.5416866,3.1469116
59537,False,0.914375,576,6585.617993562365,3943.9447645579503,0.05415419454787296,3941.8089530472853,True,2.6663873,1.3247604,0.0721606731813651,3941.0987874759367,True,3.7979498,2.4780824
59582,False,0.9109027777777777,576,6172.343289883879,5046.35455768637,0.06560138557591966,5043.044079185447,True,3.470471,1.5295746,-0.008925264068171401,5046.804958166461,False,-0.36601365,2.9435248
59609,False,0.908125,576,5914.083769667929,2827.48364242219,-0.01727148791097477,2827.9719909276773,False,3.5240238,1.6850722,-0.0032775646797489344,2827.5763150373796,False,2.1650245,1.9267533
59617,False,0.9136805555555556,576,5916.811823020563,3155.9371123138203,0.09234728494763589,3153.0226900859343,True,3.5312002,1.6738,0.043652607472877136,3154.559463484087,True,1.9504852,2.8744328
59655,False,0.9115972222222222,576,5917.796114699047,3605.6158416331236,0.08466915436001754,3602.5629972005336,True,3.4964066,1.6681398,0.03560065475989305,3604.3322187953722,True,1.329214,1.514542
59683,False,0.9213194444444445,576,6190.472312586001,3267.94548600751,0.07361225074620226,3265.5398777920936,True,3.0221932,1.3966017,0.010100199236284801,3267.615417012489,True,0.34395546,2.8517456
59696,False,0.9227083333333334,576,6127.132779278337,4929.792298942315,0.062319817229594676,4926.720061401809,True,3.212772,1.439665,0.016260815410251706,4928.990674526473,True,0.82543343,2.9236388
59717,False,0.8963194444444444,576,6005.610549115015,4506.095669018023,0.05571962793150531,4503.584889287003,True,2.583749,1.3277202,0.021874291136536606,4505.109992542489,True,1.3999947,1.8660532
59724,True,0.9192361111111111,864,6808.206667867089,4377.125941081244,0.07540793524278833,4373.82524079609,True,4.2945786,3.800299,0.09533829903887181,4372.952863672218,True,5.478448,6.0044103
59735,False,0.9115972222222222,576,6356.820818415402,2805.070440504251,0.025884420542165998,2804.3443642849243,True,3.0396996,1.4181336,0.023889753820782733,2804.4003160915127,True,3.6225467,2.1900096
59750,False,0.9185416666666667,576,6253.031548448743,4869.806359510058,0.06357663799838598,4866.710300359644,True,3.2684844,1.466372,-0.013388751716525427,4870.45836580261,False,-0.66628945,2.968432
59787,False,0.9171527777777778,576,5938.066694354488,2587.779081718562,0.04043255215402386,2586.732776601711,True,3.6190922,1.7033437,0.04625662492812044,2586.582062464758,True,3.1128883,2.2166653
59791,False,0.9185416666666667,576,5936.823467274314,4840.354126885153,0.07082450532653883,4836.925970028727,True,3.5244207,1.6807601,0.0439034009464323,4838.229046815595,True,2.3715506,1.5239955
59797,False,0.8984027777777778,576,5931.939620333023,2636.153918598733,0.009960968915345703,2635.8913321363398,True,3.5449138,1.6928306,-0.003341778954091268,2636.2420130455826,False,1.1970605,1.5642358
59800,False,0.9192361111111111,576,5933.739063957053,4249.101563056571,0.07996099671983004,4245.703939105105,True,3.5316532,1.6826861,0.031123321532755543,4247.779101524844,True,1.564208,3.2375827
59801,False,0.9227083333333334,576,5933.719734979809,4199.3592768612325,0.08396034868493052,4195.833480179838,True,3.6878612,1.7072297,0.0321117568369611,4198.010788831533,True,1.6113931,3.2613356
59837,True,0.9157638888888889,864,6729.730553815215,3997.100868867327,0.06313177479297938,3994.577428158539,True,3.6815782,3.2083561,-0.049283347618733764,3999.0707739932072,False,-1.6376305,2.9563775
59838,True,0.9199305555555556,864,6715.026468934865,3540.2152435051435,0.009764972656833848,3539.869542464621,True,3.9014587,3.4538062,-0.017151972254936254,3540.822460251476,False,4.8548055,6.116003
59866,False,0.920625,576,6456.61055113882,2918.2933933959694,0.038811477816647066,2917.160760612963,True,2.6724796,1.27739,0.041738292710047364,2917.0753475672914,True,3.1661286,2.5007045
59879,False,0.9185416666666667,576,6552.998801243259,4859.591249308573,0.045583373241331326,4857.376083701393,True,2.398139,1.1517558,-0.01836013815594839,4860.4834769857625,False,-1.1943117,2.6700954
59895,True,0.9199305555555556,864,6860.935791971798,3894.1649891477946,0.04364449370087842,3892.4654005643997,True,3.8656118,3.3150022,0.05261051105479586,3892.1162490556817,True,5.2946134,5.170969
59897,True,0.9185416666666667,864,6859.95218259864,4795.367809207509,-0.03933033712453238,4797.253843543235,False,4.0363655,3.5359373,-0.057311873125187596,4798.116124332214,False,3.8935237,4.4934077
59945,False,0.8977083333333333,576,5988.656689476863,2699.4472648104033,-0.00017330161878881256,2699.4519430062114,False,2.847351,1.3797486,0.011585773142619438,2699.1345129841966,True,3.6366777,1.9998744
59961,False,0.9192361111111111,576,5402.1095281173875,4100.158500399024,0.0653363650845562,4097.479605882151,True,2.7075233,1.4692092,0.00511717386891819,4099.948688169657,True,0.039531022,1.1112345
60019,False,0.9185416666666667,576,5487.7631922129085,3180.421171530294,0.07082720302999945,3178.168568179918,True,2.58194,1.4690306,0.0006094539173662206,3180.401788338875,True,-0.10591768,1.143368
60038,False,0.8928472222222222,576,5625.711581321065,4586.1445319353925,0.06760307828840295,4583.044157067042,True,3.050791,1.5559304,0.051733872948545034,4583.771941759999,True,2.5521224,1.463007
60039,False,0.895625,576,5625.144457549187,3871.8156465650045,0.07556722716640651,3868.8898228498924,True,3.0466108,1.551004,0.031555269908556394,3870.593884697366,True,1.2051597,2.8533547
60040,False,0.8977083333333333,576,5625.503937114758,2892.107475058619,0.09468117832696077,2889.369193632742,True,3.5977452,1.6126763,9.265066194252825e-05,2892.1047955118993,True,0.41806963,2.994775
60132,False,0.9213194444444445,576,6189.7136920418025,2903.03211832816,0.05411643555277568,2901.461100832763,True,2.7347102,1.3577864,0.07297247461854894,2900.913703962437,True,4.021536,2.351371
60137,True,0.9164583333333334,864,6793.780446548303,4921.183571417263,0.07480377425099771,4917.502340378015,True,4.2825694,3.7759488,0.006726615287488968,4920.852542340822,True,0.4241366,3.007509
60151,True,1.920625,864,6799.252787551932,5154.7238770849235,0.07394542919849645,5150.912194400008,True,4.226603,3.755556,0.08942079827006788,5150.114481855408,True,4.7397923,5.6039214
60257,False,1.9199305555555555,576,5527.7168455478595,3674.0656366636003,0.062322464710862224,3671.77586841373,True,2.420226,1.4138888,0.03699332369210273,3672.7064776799652,True,1.4249593,1.4050506
60264,False,0.9122916666666666,576,5536.96818161327,2481.9387636082347,0.003481780270575552,2481.8523479640353,True,2.485381,1.4294142,0.009327034209372087,2481.7072723406964,True,1.2676316,1.5091581
60271,False,0.9164583333333334,576,5532.898185489094,3289.338078145596,0.06646497308380184,3287.151820487314,True,2.4709232,1.4208319,0.03727444211802933,3288.111995737587,True,1.4264387,1.4936223
60286,False,0.9109027777777777,576,5535.515179750264,3160.663203818251,0.06733149545686823,3158.5350820267586,True,2.480714,1.4396045,0.037580881887810946,3159.4753987227487,True,1.3549528,1.5138628
60290,False,0.9220138888888889,576,5533.058113726345,3326.9508750522864,0.07017648649382258,3324.616137830792,True,2.4815555,1.4358605,-0.01699119805538274,3327.5161638746736,False,-0.40027454,2.9166436
60297,False,0.9157638888888889,576,5547.947493187889,2822.7361842351343,0.06738281580981331,2820.8341451213073,True,2.5455039,1.4483986,0.03581750945506057,2821.7251504454507,True,1.2174249,1.4498948
60299,False,0.9199305555555556,576,6191.023672169014,3292.466605853781,-0.028843539211775848,3293.416269760278,False,2.7078722,1.3613688,-0.0008784872507217045,3292.4955297631477,False,0.80775315,1.6054921
60303,False,0.8977083333333333,576,6015.849124428972,2984.675368480565,-0.02243989272339153,2985.3451264413957,False,2.4801245,1.3005089,-0.0007361676345629675,2984.6973407046244,False,1.7108485,2.1051528
60336,False,0.9227083333333334,576,5484.923706945538,2430.639374125334,0.05001310304313389,2429.423735960541,True,2.803912,1.5195801,0.010659702383664094,2430.380275212031,True,0.6329577,1.4002792
60348,False,0.9213194444444445,576,5472.833202890989,4489.300678582781,0.06088188472501699,4486.5675077286805,True,2.6915827,1.4989568,-0.01923158807608516,4490.164042406785,False,-0.7263018,1.5446154
60349,False,0.9157638888888889,576,5433.480363897156,3695.1863366758007,0.0667253260443812,3692.7207115546994,True,2.5814738,1.4676226,-0.010653075346578333,3695.579987670444,False,-0.539758,0.98180556
60366,True,0.9213194444444445,864,6724.50379582413,4188.2588962547725,0.07027424697930718,4185.315628863878,True,3.9391806,3.4235718,-0.05076267744026364,4190.384968618647,False,-1.6867416,3.8524516
60372,True,0.9199305555555556,864,6730.567191720511,5132.3086435082905,0.0720597321292149,5128.6103156577265,True,4.0495014,3.5491924,0.0499879453202734,5129.743107879901,True,3.02165,3.6893094
60398,False,0.8470138888888888,576,5619.675686076632,2566.6172261372867,-0.003799476335064611,2566.7147441614056,False,3.0333307,1.5367951,0.021910980599892937,2566.054855144792,True,2.7202733,2.0246673
60407,False,0.8963194444444444,576,5624.258888369091,4539.843159408437,0.06710679784377449,4536.796616047021,True,3.0042233,1.5405612,0.029573140156646804,4538.50058523801,True,1.5115365,1.2837719
60429,False,0.9164583333333334,576,5889.789527955695,4361.752879848198,0.06676228783627502,4358.84087384584,True,2.999764,1.4303228,0.030246608252648688,4360.433597551679,True,1.4647081,2.775812
60596,False,0.9192361111111111,576,6555.449502644581,4011.8627060645686,0.05324008607303643,4009.726786916722,True,2.482605,1.205663,0.030955121073861225,4010.620829116586,True,1.0918198,2.92024
60602,False,0.9185416666666667,576,6554.404605268218,4479.176612498474,0.04537861361731954,4477.144024260247,True,2.3542476,1.1592906,0.08648570279593537,4475.302765135675,True,4.5193706,1.9576749
60728,False,0.8970138888888889,576,5367.35473794003,3322.0485762618887,0.07946170762446192,3319.4088197450687,True,2.7513704,1.4990928,0.04899245901924809,3320.421022984559,True,1.7167934,1.7213367
60928,False,0.8970138888888889,576,6354.389324942155,5148.145640042914,0.04729645974762553,5145.710749422517,True,2.4883394,1.2077229,0.035733304123219956,5146.306037514648,True,1.8348749,1.9117515
60933,False,0.8990972222222222,576,6357.392248753059,2855.986961006046,0.004031450405428405,2855.871823318127,True,2.507557,1.2065825,-0.02509884735810708,2856.7037808239584,False,-0.70524704,2.4950602
60935,False,0.8970138888888889,576,6357.437680882601,3269.803082066097,-0.022654985807601946,3270.543855500278,False,2.3836584,1.1595806,-0.02077271961637983,3270.482309102344,False,3.4956427,1.9227594
60943,True,0.8963194444444444,864,6683.652570996082,3895.0429048294577,0.0683777979962108,3892.3795602701207,True,3.8532877,3.4500847,0.0991034843239591,3891.1827816048485,True,5.7562885,6.7229147
61053,False,0.895625,576,5636.8838234958685,2929.689692526865,0.08195804864644662,2927.2885760334657,True,2.9100385,1.3941513,0.021915051643750516,2929.047649527744,True,0.9214678,1.6078469
61064,False,0.9185416666666667,576,5755.822479398786,4608.554345215712,0.059775714938559155,4605.799548917521,True,2.8164618,1.3603494,-0.028504155686603916,4609.867974731176,False,-1.0833669,2.0300207
61215,True,0.9157638888888889,864,6807.49963196706,4732.905951134889,0.0749920658008052,4729.356647199716,True,4.2454767,3.7526653,0.09878548991149039,4728.230526814,True,5.5842705,5.7836123
61244,False,1.8928472222222221,576,6331.924513988601,3745.9015634145762,-0.03287913208012139,3747.133183347206,False,2.4710472,1.2422398,-0.041717005737385016,3747.4642413947067,False,4.1089683,2.3173308
61262,False,0.9199305555555556,576,6466.720032644921,5370.201223729631,0.04012906495490798,5368.046212202347,True,2.2609122,1.1743634,0.030702477473154577,5368.552438918649,True,1.9611272,2.1114912
61529,True,0.9192361111111111,864,6817.123454521427,4664.5949596395385,-0.04327714059808585,4666.613662968557,False,4.295832,3.7970016,-0.07233269234008244,4667.968986770613,False,5.380292,5.9561067
61530,True,0.9192361111111111,864,6832.443001474446,4082.449898956341,-0.02720728463267985,4083.5606227303388,False,4.3287587,3.821913,-0.04990351221596523,4084.4871848503817,False,5.2979283,5.472732
61593,False,0.9178472222222223,576,5428.949887535314,2444.448745902596,0.05337457776548593,2443.1440317157712,True,2.702701,1.4858344,0.012566865127539018,2444.141555335585,True,0.3175081,1.3586795
61627,True,0.9192361111111111,306,6758.9324781298,4603.857837957373,-0.031563821652724755,4605.310991444494,False,1.4985664,0.6915458,0.02407853415739014,4602.7492964853,True,-1.6621674,3.2173405
61642,True,0.9240972222222222,864,6713.548180974591,3661.1842574421994,0.08681179884452161,3658.0059175392926,True,3.8402677,3.2996342,0.12447907690685822,3656.6268490846637,True,5.3839846,5.8693447
61670,False,0.9171527777777778,576,5777.070211659701,2514.3893954666673,0.0246405253244264,2513.76983672092,True,2.8688726,1.3907212,0.0007230603526919843,2514.3712149238363,True,0.3593622,1.3793473
61687,True,0.8921527777777778,864,6724.547513149607,3697.1471921967627,8.922814143108582e-06,3697.14686231719,True,3.9870634,3.5105674,-0.003885896333066796,3697.2908595139324,False,4.7248383,5.226101
61691,True,0.8921527777777778,864,6726.220480378821,5310.110467231186,0.06516538265939342,5306.650113435571,True,3.9259505,3.4152124,-0.017286460771304135,5311.0283974040185,False,-1.5003493,3.33146
61695,True,0.895625,864,6724.808270134792,3705.7161654948877,0.042212753249071255,3704.151880683832,True,3.9305162,3.4194906,0.0632738183002246,3703.371417391604,True,6.252087,6.464966
61714,False,0.9213194444444445,576,5989.490803917507,3190.6939874758546,0.06695737518227496,3188.5575825417354,True,2.7473226,1.3797767,0.028576908435018478,3189.782185786609,True,0.92030746,0.90075636
61717,False,0.9192361111111111,576,5993.290264346792,2583.985542108625,0.02481429290404069,2583.3443443776055,True,2.800458,1.3958195,0.022198172863607812,2583.411944541215,True,2.2440786,1.8933973
61852,False,0.9213194444444445,576,6084.66901239903,2716.1891569671816,0.06629322957681927,2714.388507463606,True,3.296608,1.4841815,0.027275431150053375,2715.448304673765,True,1.116013,1.8157462
61922,True,0.9192361111111111,864,6823.540365986163,3822.349150773555,-0.010073663030252256,3822.7342013568446,False,4.0746408,3.5727346,-0.03877941997605383,3823.831435613688,False,5.644807,6.1749315
61930,True,0.9227083333333334,864,6757.15301332758,4182.150593944213,0.070875464013187,4179.186475315018,True,3.9455245,3.4674735,0.051315619499114895,4180.00449746854,True,2.6668074,4.1516733
61932,True,0.9178472222222223,864,6816.757187416696,4505.945365338721,-0.03598130905129171,4507.566663476309,False,3.9570954,3.4192886,-0.0707139824253522,4509.13169876247,False,5.1530375,6.0505986
61948,True,0.8984027777777778,864,6736.899567382288,4686.048669580296,0.07489893773524603,4682.538868915016,True,4.425108,3.957202,0.01945098439726234,4685.137186994725,True,0.3131246,3.2154083
61960,False,0.9185416666666667,576,6318.908727376859,2751.0972237067185,0.030675933623114382,2750.253298958464,True,2.973642,1.4021093,0.026310669596618652,2750.3733916159044,True,1.6659955,1.1487207
61971,False,0.9289583333333333,576,6314.984622298102,3979.5263231681784,0.06758919362114257,3976.836593426401,True,3.1328216,1.431449,0.0881330012119097,3976.0190471955434,True,4.390154,2.375433
61979,False,0.9227083333333334,576,6318.5502019035475,2952.988691603365,-0.00953886181469521,2953.2703731240617,False,2.9927683,1.4066098,0.0019701700324836757,2952.9305127151,True,2.0308206,1.4547827
62019,False,0.8970138888888889,576,6591.214290101502,5201.760504790766,0.04481216708878133,5199.429483191797,True,2.442895,1.191201,0.04462902447469608,5199.439009831964,True,2.1879168,2.061182
62035,False,0.9136805555555556,576,6512.7559612456,3205.8182251346348,-0.016628762440129563,3206.3513130415563,False,2.4998465,1.2177409,-0.015704755845669105,3206.3216910697492,False,1.9126977,1.9472004
62044,False,0.9192361111111111,576,6509.932942747441,5336.499108685676,0.04231446268216921,5334.2409977717925,True,2.376458,1.1637331,0.009445589601364546,5335.995044890788,True,0.48656288,2.8070312
62045,False,0.9282638888888889,576,6391.983761613139,4883.4215673990975,0.05125076761287595,4880.918776370027,True,2.7021735,1.2909316,0.028174578621575908,4882.045683960165,True,1.5790094,1.6932468
62046,False,0.9254861111111111,576,6381.427191305604,3886.6173517333405,0.06206630898526466,3884.2050718087326,True,2.7739232,1.3261408,-0.01910285963424574,3887.3598068005645,False,-0.99500495,2.5791285
62055,False,0.9199305555555556,576,6366.734818446837,3598.1806420463504,0.06205511609593817,3595.9477868815807,True,2.7026885,1.2881422,-0.008718403265661756,3598.4943459549518,False,-0.48359743,2.6230059
62062,False,0.8984027777777778,576,5992.624197966325,3152.416309144863,0.06776768528289345,3150.2799895916683,True,2.8189554,1.3751587,-0.020531754122510293,3153.0635555203767,False,-0.24275626,3.0916772
62069,False,0.895625,576,5970.427262840164,4102.849496358997,0.06482582522963076,4100.1897903250465,True,2.7573571,1.3515909,0.04452045917177072,4101.022888934087,True,1.7664746,1.5717981
62075,False,0.9213194444444445,576,6670.996471238441,4523.674883333781,0.046947843531619515,4521.551115537669,True,2.5015118,1.2016782,0.08240588234376123,4519.947109141798,True,4.4341993,2.685736
62095,False,0.8928472222222222,576,6429.9701589747665,5361.394975870389,0.04800844319019504,5358.821053619192,True,2.6538494,1.3049847,0.020754246714638214,5360.282258739749,True,1.0041604,1.504126
62102,False,0.9254861111111111,576,5954.5926266996385,3081.8917240554515,0.09279280298747361,3079.031950349652,True,3.585301,1.7021526,0.03601637005772318,3080.7817385373337,True,1.6344051,3.0105631
62142,False,0.9185416666666667,576,6529.869771008519,3568.951294897449,-0.028591943600853043,3569.9717274488303,False,2.8282814,1.3415936,-0.011699616462612639,3569.3688485206903,False,1.9249499,1.645134
62166,False,0.9157638888888889,576,6459.247544819729,5333.710141763084,0.0470064235257861,5331.202955394204,True,2.6120622,1.273489,0.038743574053368146,5331.643671834514,True,2.071103,1.8684978
62172,False,0.9220138888888889,576,6466.7016103351425,5258.168371831143,0.047178248770729514,5255.687660085892,True,2.5808733,1.2723333,0.053249327530147106,5255.368432542735,True,2.9411185,2.1606708
62174,False,0.9199305555555556,576,6465.75620517192,3994.9117626384773,0.05689889177370455,3992.638702128193,True,2.6057372,1.2826202,0.06267095052807647,3992.4081134740672,True,2.8353686,2.4679048
62202,False,0.9261805555555556,576,6610.813303638934,3495.827014126542,-0.021835419082227858,3496.590342615468,False,2.4710398,1.1757747,-0.028116698752378433,3496.809925287011,False,3.4206069,2.211081
62213,False,1.9289583333333333,576,6600.614797615474,3673.2252757220263,-0.025934589545539843,3674.1779116303705,False,2.5025415,1.1947118,-0.039555887439823856,3674.678252587506,False,4.184004,2.6332242
62219,False,0.8928472222222222,576,5359.603547311843,4452.422469579631,0.06512367463094026,4449.522888467341,True,2.7931545,1.5008489,-0.015576740763778574,4453.116011895427,False,-0.70794106,1.1133187
62262,False,0.9261805555555556,576,5833.502275478555,4735.024208454701,0.06790640355478494,4731.808823817284,True,3.3208425,1.522676,0.06315809301731257,4732.033657470726,True,3.1769373,2.0238705
62282,False,0.9275694444444444,576,5903.71431027006,3404.546556151245,0.09145526293860007,3401.4329191564407,True,3.5419693,1.6669312,0.04038955201702832,3403.1714750590004,True,1.8565352,3.1088443
62287,False,0.9240972222222222,576,5904.673316243837,2657.1160541141835,0.07346654633058058,2655.163962727223,True,3.4284172,1.6698666,0.050714694053133336,2655.7685058466977,True,2.3035998,1.6964184
62304,False,0.9234027777777778,576,6681.275908324614,3023.705578294521,0.014721468803735593,3023.2604444310937,True,2.4771,1.2168791,0.02447731356461924,3022.9654564088482,True,3.0486624,1.9804262
62305,False,0.926875,576,6468.731056625114,5394.5009204599,0.040795646830671384,5392.300198926107,True,2.2992907,1.1873813,-0.011931378782570334,5395.144558808151,False,-0.7513406,3.0851915
62307,False,0.9247916666666667,576,6678.771161105554,3578.683046442632,0.045695390336519814,3577.0477532656487,True,2.4647293,1.1909844,0.05118927904250725,3576.8511444019364,True,2.9500792,2.2471857
62309,False,0.9247916666666667,576,6688.051949819957,4171.814589006951,0.050382335154797175,4169.712731408676,True,2.4727812,1.2202845,0.08652334721621635,4168.204995394879,True,4.573945,2.095098
62315,False,0.9164583333333334,576,6457.710775679365,4696.0559018209515,0.04814056784894216,4693.795193853306,True,2.4980416,1.255668,0.072464684903073,4692.652919718817,True,3.7022831,2.277914
62409,True,0.8928472222222222,864,6720.744940275078,3739.2073354893228,-0.0033815595629871353,3739.333779022556,False,4.0585,3.5216978,-0.013259497259121567,3739.7031355934864,False,4.9427586,5.5482426
62428,True,0.9303472222222222,602,6815.564282921786,5363.292794033421,0.042433942536435065,5361.016937461136,True,2.4803424,1.1648624,0.017774611405874108,5362.33948959072,True,0.42385206,3.1748152
62433,True,0.9282638888888889,864,6854.196914838878,5079.092348853142,-0.0457956292665429,5081.418351165333,False,4.275249,3.7851703,-0.06935042680713543,5082.614721085007,False,4.931537,5.256575
62496,True,0.9303472222222222,864,6834.671662889697,3727.9258828543493,0.0069506676436792425,3727.6667671262285,True,3.8582911,3.310184,0.013297329584072148,3727.4301682730547,True,6.580301,6.5138636
62511,False,0.8984027777777778,576,5986.215471932296,2828.7665162324365,-0.013221592558143591,2829.140524225635,False,3.686639,1.5906602,-0.0033187528669431643,2828.860396012293,False,1.8396555,1.6548932
62524,False,1.928263888888889,576,5911.2648761810715,2604.181953063092,0.06455492747652336,2602.5008253019287,True,3.4248843,1.6562322,0.01015202801226689,2603.9175757917255,True,0.5743749,1.2615725
62529,False,0.9289583333333333,576,5911.013102111373,2648.5789383993924,0.06327075512868596,2646.9031625148814,True,3.4507456,1.6582434,0.04166726630553397,2647.475347969813,True,1.866615,1.6419314
62565,False,0.895625,576,6383.6429922020825,4619.115806306022,0.04901883859536049,4616.851569394391,True,2.3814259,1.1511408,0.058757699173972444,4616.401720146049,True,2.832386,2.3986273
62569,True,0.9192361111111111,864,6849.474029720922,3854.428972273603,-0.006849642570383452,3854.692986891334,False,4.071078,3.5625052,-0.028592938291738257,3855.531066781147,False,5.29596,5.686455
62595,False,0.8949305555555556,576,6153.183091494036,2844.057565299466,0.05395492037435501,2842.5230563147024,True,2.6178236,1.247237,0.07948365279356606,2841.7970044690064,True,3.7036963,2.3488045
62605,True,0.9296527777777778,864,6766.1077430102205,4043.368935673853,-0.027294830177204688,4044.4725663682857,False,3.8619504,3.4269114,-0.0719005810454032,4046.276141442419,False,6.1798763,6.984263
62741,False,0.9254861111111111,576,6702.585845298439,3057.4631717762036,0.021432511838226365,3056.807880629961,True,2.5732832,1.2391456,0.01260305363214309,3057.0778380628803,True,2.540177,2.0489988
62754,False,0.9303472222222222,576,6692.12975350323,3212.6680999097416,-0.008462860547897577,3212.9399835409044,False,2.507543,1.2193712,0.0004970895495670646,3212.6521300823547,True,2.87783,1.8541082
62762,True,0.9261805555555556,864,6826.1089353920015,4942.613155650569,0.07582656741389471,4938.8653417640835,True,4.3184595,3.8537464,0.08075575717426675,4938.62171098252,True,4.4467816,4.8521914
62767,True,0.9310416666666667,864,6811.315708274035,4053.2620038302857,0.06546602248899136,4050.608494425314,True,4.2033653,3.683713,-0.05119888669926631,4055.3372288612563,False,-1.9092096,3.7781494
62771,True,1.9303472222222222,864,6811.011001871905,3864.892598131361,-0.01357759594322605,3865.417357641976,False,4.0011883,3.4770505,0.013489022467738643,3864.3712619104435,True,-1.287732,4.999963
62832,False,0.8928472222222222,576,6160.440765466045,4605.880401617732,0.06150343107613754,4603.047627149467,True,3.003909,1.383607,0.06593229162324965,4602.843639129513,True,3.736902,1.7385814
62858,False,0.9240972222222222,576,6597.529045711992,5424.044114180569,0.04172458784618138,5421.780954139327,True,2.4031193,1.1567425,-0.01703138277271421,5424.967903905417,False,-1.0853487,2.5144742
62862,True,0.9296527777777778,864,6691.610891835205,5076.34236114425,0.07196236331890038,5072.689305221005,True,3.9507995,3.514534,0.08432766746773179,5072.061600048412,True,3.7853806,5.75871
62880,True,0.8963194444444444,864,6731.984553346913,5120.44376642845,0.0666593313792263,5117.030512860092,True,4.051073,3.5165718,-0.011710308292944838,5121.043386189466,False,-1.3969057,3.3134055
62894,True,0.9247916666666667,450,6793.23040708673,5529.884146600147,0.03588882880184441,5527.899535955829,True,2.0253973,0.98923546,-0.007420963154114446,5530.2945172751315,False,-1.1668341,3.1844728
62911,True,1.895625,864,6722.09936034642,3722.341589993806,-0.0021149258196073717,3722.420314767187,False,4.2158175,3.707025,-0.012146301719773156,3722.7937168443686,False,4.9697013,5.6619115
62919,True,0.895625,864,6720.86333098108,5239.483754203069,0.06700459387247726,5235.973059402544,True,4.0155663,3.50838,-0.030083429274885276,5241.059970602637,False,-2.1635745,3.7530441
62922,True,1.925486111111111,864,6858.904732081464,3882.546417502499,-0.007107213383328315,3882.8223583710983,False,4.0350776,3.5384002,-0.029925534646380036,3883.7082902858333,False,4.712272,5.3132744
63008,True,0.8935416666666667,720,6705.307431864271,5258.023567496022,0.04794793952815901,5255.502453545498,True,3.0195858,1.3216429,-0.006430117277234082,5258.361664587877,False,-0.90972376,2.8186035
63012,True,0.8963194444444444,727,6709.263363710667,4771.558323527902,-0.027587582314558823,4772.8746811180945,False,2.8546696,1.2905191,0.005380943662447457,4771.301568672691,True,-1.0624801,2.7774377
63019,False,0.9261805555555556,576,6670.77146666308,4011.124316310252,-0.029935956376037076,4012.3250847457743,False,2.5075028,1.207947,-0.033533577558131356,4012.469389803818,False,2.4547324,2.0794842
63042,False,0.9296527777777778,576,5478.987999219754,3431.647838531511,0.0791254505449035,3428.9325317281505,True,2.8365822,1.5285604,-0.04295967588363592,3433.122063330416,False,-1.5122539,2.8949637
63044,False,0.9240972222222222,576,5721.5719285435825,2606.8458594321396,0.06821055775411144,2605.067715341624,True,3.0854106,1.4581722,-0.010424672131215118,2607.1176145759523,False,-0.5970368,0.95137143
63071,True,0.9289583333333333,549,6794.802753167916,3093.2735713856746,0.02077610825048648,3092.6309095299976,True,2.4140038,1.1429173,-0.005098099857292482,3093.4312695712038,False,0.2442299,3.3035045
63110,False,1.8963194444444444,576,6192.041546680944,2758.0853805096112,0.043023097051619885,2756.8987667695837,True,2.6769845,1.2609,0.05310722110902777,2756.620638018203,True,2.8574994,1.916598
63187,False,0.889375,576,6383.927644901012,5243.279455629528,0.04617139933464909,5240.858560143833,True,2.4899035,1.1988319,0.054484995525505564,5240.422655062733,True,2.872462,2.2490005
63198,False,0.9296527777777778,576,6515.914613758513,4862.516261207976,0.04693206305823594,4860.234182020044,True,2.4586215,1.178908,-0.021090933783085575,4863.541811302821,False,-1.3388005,2.6182115
63201,False,0.9289583333333333,576,6537.79677118284,3450.6868551021435,-0.02433980108467182,3451.5267454287327,False,2.500207,1.2134417,-0.041689714079362616,3452.125436595814,False,3.9018521,2.7615364
63203,False,0.9275694444444444,576,6523.970284015941,4754.582305958046,0.04740392634594581,4752.328447273668,True,2.5247428,1.21163,0.0901359050773376,4750.296720173915,True,5.0717444,2.2872443
63316,False,0.889375,576,5827.415597848789,2745.5781449786573,-0.013297402041834161,2745.9432355529693,False,3.558167,1.6454295,0.003783201173512829,2745.4742742440562,True,2.5516367,1.9863334
63363,False,0.9240972222222222,576,5612.68320266459,3861.817847431574,0.06461485108457676,3859.322539590292,True,2.5088992,1.455192,0.014300600404115738,3861.2655843028765,True,0.5865047,2.9937446
63377,False,0.9261805555555556,576,5539.600236323002,3697.0623753858,0.0639678638592378,3694.6974435687157,True,2.4994478,1.4466857,0.04005830485516171,3695.581394878778,True,1.5599713,1.4329238
63474,False,0.9254861111111111,576,6444.192347140644,3554.250759092116,-0.029267805796151514,3555.2910103117983,False,2.658498,1.2772652,-0.037779935265591646,3555.5935527380816,False,3.2509449,2.6783712
63485,False,0.9254861111111111,576,6425.600038049574,2936.4370787138696,-0.00039454668785410263,2936.448664339104,False,2.6385913,1.2659094,0.0010985555103815159,2936.4048203325324,True,3.153456,2.2344778
63508,True,0.9282638888888889,864,6810.564002789246,3737.691544473181,-0.0011445668388621044,3737.734324861138,False,4.23565,3.7312217,-0.020551701780102682,3738.459703702863,False,4.907403,5.518506
63516,True,0.926875,864,6813.548494364876,3669.981392985615,0.012825232227664518,3669.510709359251,True,4.097752,3.5637808,0.009918831342159429,3669.617373730955,True,6.5711327,6.5283637
63568,False,0.9282638888888889,576,6600.368578036002,3562.9961979532018,-0.023618869421948574,3563.8377373827075,False,2.4664085,1.1793295,-0.0348942211298775,3564.2394777353684,False,4.028132,2.5061707
63581,True,0.9247916666666667,620,6822.111413527129,5589.429344276212,0.04281029407543491,5587.036493146784,True,2.5979857,1.1923996,0.016183611070130777,5588.5247727800925,True,0.43588158,3.135524
63639,False,0.926875,576,6220.75509227471,2802.2243736115543,0.0030037396581250597,2802.140202096734,True,3.2760556,1.5008986,0.010127510737234502,2801.9405780472343,True,3.497964,1.9192624
63643,False,0.9289583333333333,576,6227.540493886125,5164.972365278583,0.06133092527438322,5161.804639946786,True,3.3118916,1.4927069,0.018974304579810752,5163.99234770053,True,1.2587523,1.6096141
63646,False,0.9213194444444445,576,6233.122811184496,2784.5820541443336,0.06354360173412843,2782.8126304238817,True,3.3842964,1.516155,0.05840857837808855,2782.9556193627304,True,1.8958653,2.0705843
63650,False,0.926875,576,6237.196254409376,2818.0357567403094,0.0671766974023491,2816.142693397307,True,3.377468,1.5139759,0.037436355424458334,2816.980786868424,True,1.1684124,1.8072726
63654,False,0.926875,576,6232.748225334171,3054.739205048831,-0.02036312056010736,3055.361245285954,False,3.3199072,1.491605,-0.007992203397066966,3054.9833460293494,False,1.3265073,1.4269227
63669,False,0.8942361111111111,576,5816.308455388758,4238.9468610869135,0.08148421721977384,4235.492788428786,True,3.612943,1.6419867,0.07162734783126012,4235.910615884333,True,3.0934312,2.9080763
63684,False,0.9289583333333333,576,5927.164112454532,2772.0532544489724,-0.011520323875235938,2772.37260397188,False,3.5373704,1.6881627,-0.000837786068474955,2772.0764783349487,False,2.7757215,2.115299
63715,False,0.9282638888888889,576,5827.194701162246,2506.1289174496765,0.05560527638712731,2504.7353775485053,True,3.3431506,1.54439,0.04375433834512554,2505.032377333766,True,2.3870544,1.4506843
63723,False,0.926875,576,5806.947366183157,2764.6398635116843,-0.013305685114262111,2765.0077177964677,False,3.270442,1.5206382,-0.0031604530332352,2764.727238666109,False,1.4956819,1.5693917
63764,False,0.9282638888888889,576,5953.747118978323,3067.6901389933237,0.09083130755008773,3064.9037159384816,True,3.5171208,1.6302775,0.05815260055811455,3065.9061974104284,True,2.42481,2.7849112
63776,False,0.9282638888888889,576,6035.454956893263,4978.893690980115,0.06656545379827294,4975.579467810574,True,3.4396462,1.529921,-0.005111854740547095,4979.148204803285,False,-0.06839919,1.9334631
63819,True,0.9359027777777778,864,6372.51555301234,5583.547543719408,0.09248730663592442,5578.383470991476,True,5.033112,4.8718433,0.029760586771554465,5581.885847217725,True,1.3685862,4.6219993
63840,False,0.9352083333333333,576,6417.557236960741,3019.2772917165325,-0.00950148887350899,3019.564168022466,False,2.7250438,1.2963727,-0.011265635738055835,3019.61743250814,False,3.2122028,2.2926137
63872,False,0.9324305555555555,576,6370.829240053621,2877.3036523616097,0.0005703334746143263,2877.2872421457137,True,2.5581534,1.288023,-0.012201873973838318,2877.654737337117,False,0.89906734,2.5186453
63894,False,0.9352083333333333,576,6381.805494801239,4110.078759651867,0.0631012229806438,4107.4852496990525,True,2.8946414,1.3706183,-0.0011351388970792797,4110.125414764568,False,0.04695924,3.0506794
63906,False,0.9234027777777778,576,6368.853122725342,3431.91849658827,-0.0298516117108516,3432.942979582107,False,2.915695,1.3776566,-0.028800618324997806,3432.9069103457005,False,2.5030072,1.9517953
63943,False,0.9359027777777778,576,4747.770305921243,2349.013068654635,-0.013858661780319359,2349.3386104409965,False,-0.431224,0.4452913,0.03328259172606929,2348.231256235399,True,1.3296307,2.1103408
63967,False,0.939375,576,6368.786996923828,2880.41435996696,0.00277135304668219,2880.3345335258377,True,3.0105581,1.3993461,0.014470860428716925,2879.997539235159,True,3.6623514,2.1390915
63971,False,0.9324305555555555,576,6443.9489418752755,4485.341823630994,0.054781381694102294,4482.8846914163005,True,2.747069,1.3373716,0.0891184536515488,4481.344556366779,True,4.6564693,2.6788683
63978,False,0.9282638888888889,576,6423.155683221657,4722.853167783333,0.054736025481394446,4720.268065679961,True,2.8441708,1.3512061,0.08706111153035101,4718.741399329506,True,4.7436504,2.6887658
64034,False,0.9324305555555555,576,4527.721347318623,2724.0738236320794,-0.012362566847534673,2724.410589089503,False,-0.3335199,0.46512604,0.032054425600736014,2723.200637424971,True,0.66880876,1.328078
64066,False,0.8935416666666667,576,5822.067908155384,2859.248024526395,-0.023943321067831924,2859.932623471035,False,3.638048,1.6343962,-0.0014403725034251025,2859.2892083587453,False,1.091001,1.3610609
64071,False,0.8907638888888889,576,5823.336118947689,4756.83238803905,0.07197741002952229,4753.408543296687,True,3.4393528,1.611636,0.058839000346599946,4754.033515423758,True,2.909106,2.170626
64100,False,0.9352083333333333,576,6135.382424795053,5011.323214485026,0.05279064896110963,5008.677704448555,True,2.7114854,1.3295702,0.005342054707280219,5011.055506867349,True,0.3309569,3.0588822
64103,False,0.9338194444444444,576,6136.18674208534,4344.367128336465,0.061281249887923384,4341.704845870494,True,2.7972977,1.3663011,-0.001054011511958386,4344.41291847612,False,-0.08192168,3.1166496
64114,False,1.933125,576,6163.872449826074,2929.7498261956066,-0.01486304658750992,2930.185276287173,False,2.7894077,1.3636509,-0.004567601872151883,2929.883645513518,False,1.5989127,1.5991291
64116,False,0.9379861111111111,576,6169.716627717059,4434.70385326716,0.061537173419334845,4431.974861876335,True,2.951203,1.394029,0.05664235674311957,4432.191932500086,True,3.064042,1.9068087
64127,True,0.8907638888888889,864,6628.078383701241,3472.9147981759734,0.021379134007859513,3472.1723190772905,True,4.246696,3.7445173,0.01557300051673316,3472.373961146506,True,6.159481,7.315729
64135,True,0.8942361111111111,864,6634.033652764484,4690.887177354407,0.07597355656407956,4687.323343541355,True,4.175628,3.6981387,0.01698582680424998,4690.090391392877,True,0.21001889,2.9769068
64151,False,0.9365972222222222,576,3575.3382380252933,3209.2740735468246,-0.013793913081427966,3209.716758033076,False,-0.42676866,0.5645416,0.027037010603259137,3208.4063817852693,True,0.93360543,1.677213
64185,False,0.9359027777777778,576,5755.642722767961,2607.879828430024,0.06172980128792416,2606.2699894041,True,2.899025,1.4062119,-0.00926199665196581,2608.1213701824213,False,-0.45875058,0.9317436
64186,False,0.9352083333333333,576,5753.533188751842,2664.7439292683134,0.0735528526290552,2662.7839341030694,True,2.9040933,1.4011986,0.014225270058043638,2664.364862258018,True,0.7067449,1.8651555
64189,False,0.9254861111111111,576,5698.51510391112,2496.262019661713,0.0239970154193192,2495.6629912899457,True,3.0428243,1.4373672,-0.004218700637514949,2496.367329493451,False,-0.28240407,1.239144
64192,False,0.9338194444444444,576,5798.402803536467,2549.6848542762013,0.059902713720005885,2548.1575238671758,True,2.8438392,1.3726557,-0.003049510710795289,2549.7626071989243,False,0.040635068,1.7702663
64204,False,0.9345138888888889,576,5860.741270101971,2544.3045099154624,0.035257561385682035,2543.4074502010367,True,3.114507,1.4687005,0.02846980665200949,2543.580151350848,True,2.261899,1.6675107
64208,False,0.9317361111111111,576,5828.128686342381,4835.485518453623,0.06532860776137239,4832.326563095908,True,3.2169085,1.5129439,0.03267079757057756,4833.905726778331,True,1.7626978,1.822423
64227,False,1.9365972222222223,576,5813.261752257687,3293.6027196375744,0.0878347438099003,3290.709792136656,True,3.280892,1.5239375,0.02295714580967667,3292.846602468833,True,0.8734112,2.5152106
64255,True,0.9372916666666666,864,6859.974308338595,4805.671132785389,-0.039738809230382977,4807.58084927909,False,4.050782,3.5304222,-0.07277458461409925,4809.1684400002005,False,5.681482,5.922958
64280,False,0.9379861111111111,576,6382.633717471851,4468.408288700057,0.04818483745119284,4466.255193439486,True,2.397344,1.1670339,0.07172202185349308,4465.203455940725,True,3.8744268,1.9104664
64294,True,0.9365972222222222,864,6951.1934250157665,4537.447866161288,0.0773739763726411,4533.937062331396,True,4.774296,3.8544462,0.09745314309809183,4533.025980609267,True,5.887118,6.126135
64321,False,0.8963194444444444,576,6597.919844818628,3514.6866017613756,0.054098791306544936,3512.785198801604,True,2.7103357,1.2558334,0.05746049212869142,3512.6670455532167,True,2.799675,2.1645086
64328,False,0.8928472222222222,576,6599.406752182054,5532.529356224316,0.041500514271919364,5530.233328099233,True,2.4203746,1.160662,0.04209271594662889,5530.200564367732,True,2.3440907,1.752729
64339,True,0.9345138888888889,864,6860.9453916713455,4987.50598393968,-0.04147678932060472,4989.574641298996,False,4.058468,3.5385184,-0.07017164458720249,4991.005798922502,False,5.085552,5.4832067
64344,True,0.9345138888888889,615,6837.608695960507,4617.476702479461,-0.034825299484508854,4619.08475257973,False,2.97779,1.4648799,-0.000334300931714715,4617.492138757099,False,-0.46540707,3.133508
64370,False,0.8921527777777778,576,5837.409505296212,3805.2081312746272,0.08313861142706935,3802.044534082367,True,3.321419,1.6150388,0.0814540697321009,3802.108634399919,True,3.2435267,2.4293134
64375,False,0.8900694444444445,576,5835.527385541046,2561.9241886826976,0.04263685431068476,2560.8318648088143,True,3.666692,1.6625284,-0.008447883163986702,2562.140617054908,False,0.72621644,3.273877
64376,False,0.8942361111111111,576,5839.7140793177605,4668.129065676458,0.07748097285483757,4664.512153872244,True,3.6382442,1.656616,0.06581425232756732,4665.05677144419,True,3.141599,2.3468282
64392,False,0.9296527777777778,576,6315.948435685979,3965.958035004918,0.06771648149102028,3963.2724277761954,True,3.0133953,1.4105849,0.015024731638857425,3965.3621604632476,True,0.80125016,2.8602717
64413,False,0.9345138888888889,576,5606.7114755130015,4336.632582280933,0.05721573331581853,4334.151346157762,True,2.4751048,1.3274267,-0.008389765832683693,4336.996415609611,False,-0.32570025,1.4304488
64418,False,0.9352083333333333,576,5603.320894381925,2525.4901907155913,0.004624628265981201,2525.3733961923763,True,2.4883428,1.3303059,-0.014021293771304677,2525.8442971243985,False,1.8984988,3.3153377
64420,False,0.9324305555555555,576,5600.327860712701,2445.1206839580427,0.035322577372853825,2444.2570043225883,True,2.489623,1.3275652,0.018759220079767047,2444.661998397721,True,0.25814393,1.2176362
64423,False,0.9352083333333333,576,5607.024291754095,4635.95573274943,0.054181896914018424,4633.443884003327,True,2.4778428,1.3200352,0.017272380188337877,4635.154992859905,True,0.8466531,1.5344737
64429,False,0.9359027777777778,576,5602.945031186242,2579.8906458422193,0.05828228067314978,2578.3870267449433,True,2.4353743,1.3022717,0.009506912619305918,2579.6453779028443,True,0.8438786,1.9569191
64484,False,0.9359027777777778,576,6380.897837475615,3301.411001858954,0.054220672825477934,3299.6209546110063,True,2.3683455,1.1636313,0.004284353531014418,3301.269557750122,True,0.4792089,1.9330676
64485,False,0.9296527777777778,576,6386.26128503878,4650.022364884769,0.050247565251970716,4647.685841872737,True,2.4837039,1.1951715,-0.009717648905227527,4650.4742377422035,False,-0.5743873,2.5849452
64497,False,0.933125,576,6298.791795116894,3823.2475461393383,0.053970515274148756,3821.184119748475,True,2.3279934,1.1892275,0.027908800286657875,3822.180523627219,True,1.0579675,2.921947
64597,True,0.9338194444444444,864,6843.999137331428,5443.212858796364,0.0705788479887115,5439.3711018770455,True,4.293528,3.7975736,0.09214192530045962,5438.197377680058,True,5.0979023,5.4716644
64601,True,0.9317361111111111,864,6853.629775619923,4521.772648962673,-0.037782864699931196,4523.481104214673,False,4.2207527,3.7284713,-0.06589858860903686,4524.7524333284555,False,5.245895,5.5548573
64675,False,0.9372916666666666,576,6577.034950239229,4902.000361845531,0.04628444976785273,4899.731497960428,True,2.4393697,1.1936707,-0.013054245873678205,4902.640281035497,False,-0.7857369,2.5993161
64734,False,0.9379861111111111,576,6685.337367976033,5214.610357478707,0.042006430750562984,5212.419885799976,True,2.43173,1.1801943,0.06410712204747426,5211.267420862531,True,3.6560864,2.1935403
64763,False,0.9365972222222222,576,5430.443183746438,2781.6393510246476,0.0812920558854846,2779.3780992188717,True,2.7680998,1.5001332,-0.009788738708094158,2781.911638442522,False,-0.30137485,1.7324849
64773,False,0.9379861111111111,576,5434.625772575722,3704.996219115204,0.07234313202182374,3702.3159088189987,True,2.8164754,1.5066748,0.010269071117108286,3704.6157504285757,True,0.3161223,1.1646727
64777,False,0.9310416666666667,576,5432.027472729487,4023.3653510836143,0.06840890938869526,4020.6130107362083,True,2.806423,1.5067858,-0.0014674161127326002,4023.4243906050506,False,-0.17286144,1.0731696
64780,False,0.9379861111111111,576,5437.916185964022,2893.5965712472916,0.07529583050284172,2891.4178136875616,True,2.730256,1.4847858,0.021783689076493307,2892.9662391770808,True,0.7707581,1.334743
64795,False,0.933125,576,5287.573426112156,2431.191369469523,0.054740926776197796,2429.860512792167,True,2.2997358,1.2928882,-0.03250850504428193,2431.9817134485065,False,-0.32121253,3.3934395
64812,False,0.9407638888888888,576,5295.230364907283,4286.254483706165,0.05523636652128294,4283.886912479505,True,2.3108284,1.2782768,-0.009917360472977421,4286.6795670241045,False,-0.48626772,0.8518595
64813,False,0.9414583333333333,576,5316.875276820674,3601.3935476319825,0.0616174663303215,3599.1744601853416,True,2.265461,1.2797502,-0.025708268835411552,3602.3194035770316,False,-1.0060853,1.5187728
64857,False,0.9421527777777777,576,4540.908463232894,2738.342911830566,-0.04189511953649472,2739.490143876801,False,-1.3603894,1.2267145,-0.015506217606997552,2738.767525251302,False,-0.48134375,1.4283078
64859,False,0.9379861111111111,576,4538.740316864676,2501.4707637668816,-0.04247508618442364,2502.533265639674,False,-1.3436894,1.2182246,-0.03966545478082395,2502.462983531543,False,-1.039959,1.507471
64861,False,0.9463194444444445,576,4550.919709601518,3654.193265847854,-0.039689050741120724,3655.6435804773187,False,-1.3523928,1.2237,0.03273437719193417,3652.9970884508857,True,1.3688918,1.4827266
64918,True,0.9372916666666666,864,6827.9594665783925,3744.3683041853724,0.036030403684228496,3743.0191931799463,True,3.7263973,3.229131,-0.045977951988618315,3746.0898880565524,False,-1.4949139,3.3425024
64928,True,1.9324305555555557,864,6829.112528570168,4229.1784790415795,-0.02927244435515508,4230.41646296854,False,3.9158223,3.418852,-0.052603489725888686,4231.4031745182965,False,5.7646394,5.5765586
64933,False,0.9463194444444445,576,4002.015078374735,3366.055195064452,-0.0250728695433855,3366.8991617022716,False,-0.7520074,0.8116931,-0.0017811149017887828,3366.115148385134,False,-0.031087134,2.683902
64946,False,0.9407638888888888,576,3998.1735645070376,3367.05082708256,-0.02374868624974713,3367.850457429355,False,-0.72923005,0.7987937,0.027144732766792856,3366.1368501434235,True,1.0503892,1.62613
64955,False,0.9414583333333333,576,3989.02960881954,3426.4153918122065,-0.024705538179059516,3427.2619061850064,False,-0.76034266,0.817844,0.026771177868156748,3425.4981000631597,True,1.0019144,1.5166076
65020,False,0.9442361111111112,576,6287.470095511843,3164.640366098883,-0.02141213301993794,3165.317983113677,False,2.5292974,1.2622948,-0.017943954602461787,3165.208227739509,False,1.1292328,1.7520565
65024,False,0.9435416666666666,576,6286.933701456125,3268.910914977245,-0.02300924113416425,3269.6630665821353,False,2.2982876,1.192839,-0.023533402678710402,3269.680200956077,False,1.5885587,1.8315349
65041,False,0.9463194444444445,576,6293.8868556436655,2975.0645478015113,0.05371262930810028,2973.4665624192685,True,2.4669507,1.2398851,-0.0044601050750436855,2975.197238816394,False,0.10641856,1.9295061
65067,False,0.9421527777777777,576,4629.657800385683,2244.4958196577127,-0.02631358437747977,2245.0864269690696,False,-1.3379242,1.1964577,0.0208735581762598,2244.0273135270304,True,0.70556396,1.9280611
65068,False,0.9470138888888889,576,4628.969175041174,2288.9107570672118,-0.029739838825637577,2289.591475447229,False,-1.3390918,1.1918751,0.028374545281717456,2288.2612890579867,True,0.8705094,2.211364
65069,False,0.9400694444444444,576,4626.200628062343,2325.2716300529787,-0.03188616023124258,2326.0130699007523,False,-1.3405429,1.199123,0.021753609210839464,2324.765799559484,True,0.6100923,2.2672718
65071,False,0.9463194444444445,576,4628.569284943757,2402.4317405052534,-0.03526589057747387,2403.278979464062,False,-1.3393672,1.1921742,0.018760931545136472,2401.9810219409965,True,0.4024626,1.986445
65072,False,0.945625,576,4632.228096733179,3157.3786493506414,-0.044553970851857194,3158.78538692376,False,-1.3603038,1.2163258,0.0306432816017721,3156.4111249298835,True,0.8687543,1.6393251
65089,False,0.9470138888888889,576,6139.21869960152,4422.915885427831,0.06098834001277975,4420.218422459141,True,2.8315437,1.3624309,-0.0024057789460130152,4423.022291017003,False,-0.13333352,3.1061351
65090,False,1.9463194444444445,576,6138.2467448889665,4722.609652861874,0.05627668915394457,4719.9519245175725,True,2.7424579,1.3539916,0.006052329211703178,4722.323824988298,True,0.2441145,3.0137758
65094,False,0.9414583333333333,576,6282.088891603005,4623.418554871253,0.05245094578844034,4620.993528121459,True,2.6050723,1.3270365,0.08776884283757669,4619.360633916096,True,4.487693,2.4328299
65100,False,0.9463194444444445,576,6199.496013015341,3547.9838644002384,0.06397463926529623,3545.714054531791,True,2.7907844,1.3887328,0.08453133243219169,3544.984706375173,True,4.0483522,2.3680537
65280,False,0.9400694444444444,576,3528.9930187069886,3206.1483054274045,-0.014922288163488062,3206.6267361264904,False,-0.46286502,0.5792752,0.009307709827510724,3205.8498864564945,True,0.29796988,1.4445516
65282,False,0.9463194444444445,576,3529.2606007557733,2700.222352999239,-0.016357927138455075,2700.6640534143203,False,-0.4724275,0.57223225,-0.008054884323449585,2700.43985279625,False,-0.2146691,1.589287
65332,False,0.9275694444444444,576,6163.6919583541,3158.925549914745,0.06827138140726996,3156.768907814184,True,2.7822406,1.3594861,0.034670442152584524,3157.8303364693147,True,1.4681149,2.373718
65346,False,0.9449305555555556,576,6158.383828363417,5108.654556308135,0.05312889451170033,5105.940384627942,True,2.8007834,1.3728793,0.05456055973871443,5105.867245797091,True,3.2771225,2.4966474
65391,False,0.9428472222222222,576,3583.3813877561624,2573.411238593498,-0.012692225514143729,2573.737861761308,False,-0.3569386,0.5437982,0.005057936525731943,2573.2810770965034,True,0.22527763,2.276428
65398,False,0.9414583333333333,576,3582.5054845821915,3232.25154928956,-0.009468385297561888,3232.557591330034,False,-0.28600046,0.54477257,-0.0332166309503501,3233.3251943680775,False,-1.0661608,1.2230644
65421,False,0.9414583333333333,576,5564.011584939492,2447.097709408156,0.04999938534870907,2445.8741756045642,True,2.4596236,1.4365401,-8.876885713160476e-05,2447.0998816788256,False,0.25620234,1.541712
65438,False,0.9407638888888888,576,4620.034582892923,2787.493041080216,-0.04425668016956319,2788.7266929701595,False,-1.3151467,1.2291011,0.00223634524131322,2787.4307031222393,True,0.116400614,1.5198972
65467,False,0.9435416666666666,576,5518.986158089438,4163.998670434761,0.0710975331979724,4161.0381701076785,True,3.0180762,1.5586356,-0.03137225961808987,4165.305010918147,False,-1.2853198,1.1575266
65474,False,0.9400694444444444,576,5522.053442789933,2523.3488511864016,0.06422659540241682,2521.728190139152,True,2.870447,1.5329652,0.01464943874812663,2522.979194752044,True,0.65497166,1.351259
65476,False,0.945625,576,5487.888390954079,2437.8941782283828,0.05103683091972622,2436.6499543086334,True,2.8219779,1.5246856,0.021981045283814282,2437.3583036150926,True,0.9088624,1.3648639
65499,False,0.9421527777777777,576,5734.675867158188,3359.7392708003013,0.07637549369986507,3357.1732533551917,True,2.8292403,1.3850381,-0.017805353266342472,3360.3374842562966,False,-0.45813507,1.9556971
65503,False,0.9414583333333333,576,5735.296304514092,2557.544975579991,0.06446893144299581,2555.896153673054,True,2.8394706,1.388759,0.009212012706916184,2557.3093742218543,True,0.40869603,1.4860187
65516,False,0.9463194444444445,576,5738.516542361033,2469.524982382831,0.03395957388986348,2468.6863422317065,True,2.859879,1.3874543,0.005792020132189268,2469.381947008681,True,0.639889,1.4278069
65523,False,0.9435416666666666,576,4177.229725168853,2280.9371453000217,-0.02331488957418859,2281.468943286707,False,-0.8889062,0.8922729,-0.0415537584700143,2281.8849604222364,False,-1.0996941,0.91646975
65542,False,0.9400694444444444,576,4169.955018611306,3601.1883991845593,-0.027240505409120708,3602.1693811152345,False,-0.86068845,0.8774345,-0.014497538198265936,3601.710482858324,False,-0.44099653,2.6913254
65598,False,0.9414583333333333,576,4073.579594753419,3492.88509219529,-0.019001077932645494,3493.5487780237577,False,-0.5629504,0.75951374,0.015230117714537528,3492.3531216941133,True,0.48203114,2.0081992
65641,False,0.9428472222222222,576,6547.62640885674,4088.6604436659723,0.052700251338910764,4086.5057093457604,True,2.4741802,1.2001942,0.027380015715949835,4087.540967803922,True,0.9873062,2.9224422
65645,True,0.9407638888888888,864,6694.18075921767,3489.9140730743734,0.015355152776630465,3489.378191446678,True,3.8158824,3.4390247,-0.003011020361198824,3490.019155107702,False,5.2552557,6.0796905
65653,False,0.9379861111111111,576,3903.5496842345683,2411.66115849602,-0.013264085635067424,2411.9810433073117,False,-0.4734074,0.75168866,0.004217592658362079,2411.559444462054,True,0.12672408,1.7275503
65676,True,0.9421527777777777,864,6829.141745522445,5198.0513103790645,0.06578588087090553,5194.631726546403,True,3.8225687,3.4417977,0.08506776174344033,5193.629444485041,True,4.5383334,4.9233017
65689,True,0.9449305555555556,864,6828.236197241611,4485.792302870381,0.06861514866061125,4482.714369823153,True,4.005511,3.5513108,0.07496651599712134,4482.429460676044,True,4.4574194,5.085438
65700,True,0.9470138888888889,864,6831.5151680486615,3783.347572314492,0.04181282606974257,3781.765647784462,True,3.9657156,3.4354746,-0.047173365245600785,3785.132304693295,False,-1.5711992,3.4171667
65734,True,0.9386805555555555,864,6840.901826687824,5158.172666651612,-0.046521340137739564,5160.572317712762,False,4.302317,3.772827,-0.06528638124838615,5161.540250934219,False,5.8204803,5.2173085
65801,False,0.9428472222222222,576,4065.021624057229,2898.971142678577,-0.03426931422019219,2899.9646002186173,False,-1.0011545,0.95474666,0.010976835759268777,2898.6529273875353,True,0.45647007,2.531435
65807,False,0.945625,576,4066.563354323317,2642.0703122958375,-0.033398353482438914,2642.952720287996,False,-1.0278623,0.97077465,-0.03395823183680591,2642.9675126677816,False,-0.99379516,1.882276
65814,False,0.9400694444444444,576,4064.3690526339988,3332.8138959010676,-0.03328141790128747,3333.923103631638,False,-1.0140481,0.9612349,0.015215718220285002,3332.306784339859,True,0.57048184,2.735751
65842,False,0.9428472222222222,576,5663.885536575703,2634.976493268148,0.07223315160107546,2633.0731667131054,True,3.0467257,1.4491405,-0.010328885447807856,2635.248656981715,False,-0.47113016,0.9439655
65891,False,0.9407638888888888,576,6491.12445818326,5271.288635634159,0.04554504794826997,5268.887824707563,True,2.5535827,1.2637188,0.08720886187203458,5266.691604819023,True,4.912931,2.6195917
65903,False,1.9428472222222222,576,6491.070310614373,5272.913123514308,0.04650951269016268,5270.460717325981,True,2.6117308,1.2725333,0.08722033743620017,5268.314070905252,True,4.913218,2.618133
65932,True,0.9546527777777778,864,6832.411259901904,3772.953286976364,0.04587364736498012,3771.2224957002463,True,3.8348546,3.4280417,0.0455211041168857,3771.235796992313,True,5.086271,5.4725065
65935,True,0.9428472222222222,864,6827.523918558637,5253.609405545007,0.06653093444545233,5250.1141301253765,True,3.9729996,3.484462,0.10302999119722323,5248.196612246927,True,5.130335,5.6971517
66021,False,0.9497916666666667,576,6095.4647279060455,2690.0639172667716,0.005349904127061045,2689.9200014362405,True,2.621082,1.3287113,-0.004982496045902174,2690.197949605082,False,0.89548194,1.4708118
66022,False,0.9421527777777777,576,6109.614876447205,3827.546447774513,0.062644081194696,3825.1487164799983,True,2.7193887,1.363525,0.037075984455725575,3826.1273472584967,True,1.5308032,1.2279714
66028,False,0.9449305555555556,576,6054.8748009582005,2625.4958013396295,0.045022918435211334,2624.313726516468,True,2.6925623,1.3423941,0.003591396673197078,2625.4015093807648,True,0.4447759,1.6948127
66110,False,0.9567361111111111,576,6094.340343041073,4143.6619581001605,0.05875573289805258,4141.227319157855,True,2.5687246,1.3096939,-0.005103481833224066,4143.873429145423,False,-0.34249985,2.385583
66120,False,1.9553472222222221,576,5865.894487191386,2546.894611094742,0.03893479806629241,2545.9029828309467,True,3.2388911,1.5101179,0.029500147276151356,2546.1432734434975,True,2.2995868,1.6872013
66122,False,0.9532638888888889,576,5812.969618836192,2603.4512529133663,0.0676017692004871,2601.6912738161177,True,3.3423538,1.5463984,0.06461879289785255,2601.768934150043,True,2.8989613,1.833109
66124,False,0.951875,576,5861.73391578753,4860.636679816293,0.06317261639615657,4857.566088462135,True,3.137953,1.4609365,0.03128075721918755,4859.116235867169,True,1.5476199,2.4588408
66125,False,0.9532638888888889,576,5847.718518604037,4668.039507284798,0.06717660747508347,4664.903676718201,True,3.2478452,1.5057667,0.0455528352905854,4665.91308294674,True,2.3555374,1.8332058
66132,False,1.9359027777777778,576,5846.538525625699,2541.6517851357885,0.06289703035536887,2540.0531616509575,True,3.249762,1.5158161,0.06143654404709986,2540.0902821272834,True,3.2243545,1.7174
66141,False,0.9504861111111111,576,5851.401194693008,4130.930888965271,0.07668617728416871,4127.763035990265,True,3.2940626,1.5222021,0.03456320615911057,4129.503106815824,True,1.5591937,2.8777401
66177,False,0.9428472222222222,576,5405.433687882491,2627.0417130438154,0.07886620330860294,2624.9698649953966,True,2.7733665,1.5042449,-0.02650624531046475,2627.7380431746856,False,-1.0196491,1.1055951
66191,False,0.9421527777777777,576,5408.462905697459,4507.3795689746385,0.06159886145871152,4504.603074488521,True,2.7272046,1.4627936,0.0013957104524120467,4507.316659016864,True,0.2762397,3.2156053
66211,False,0.9525694444444445,576,5627.555861411086,4042.1508866752883,0.06556329376510295,4039.500719425022,True,2.647017,1.478812,0.02094356220313509,4041.3043162999907,True,0.84261924,3.03348
66219,False,0.9497916666666667,576,5612.490223262507,3380.554733858465,0.07180659097241193,3378.1272727581177,True,2.583304,1.4734479,0.006440224373771564,3380.337018558526,True,0.4600952,2.783373
66266,False,0.945625,576,6505.19691460177,3566.136232949042,0.05333986335311902,3564.2340607653955,True,2.4160585,1.2127414,0.02447120650236334,3565.263556397319,True,1.3778564,2.5261614
66337,False,0.9414583333333333,576,5908.811492924747,2990.8873222620105,0.09210636303643716,2988.1325247369477,True,3.5526068,1.6920302,0.02084188297563072,2990.2639650363694,True,1.1302911,3.3320625
66361,False,0.9546527777777778,576,5566.555099061085,3585.03026554142,0.06510870479248254,3582.696098779101,True,2.5030553,1.4554998,0.042463891882138505,3583.507922175514,True,1.7223524,1.5292685
66386,False,0.9539583333333334,576,5898.229097813104,2787.058617440018,-0.012849660047331568,2787.41674500768,False,3.0887125,1.4539765,-0.009341535331830464,2787.3189715154863,False,1.3243117,1.6303303
66408,False,0.9567361111111111,576,5953.796004638519,2691.947259161657,0.07086171706834898,2690.0396991212333,True,3.0875876,1.4579059,0.08806124512460434,2689.5766968971325,True,3.6567726,1.5125868
66436,True,0.9504861111111111,864,6717.048070457635,3750.4214765138345,-0.014882970830454312,3750.9796506582043,False,3.92385,3.495064,-0.051112815908593845,3752.3384225489262,False,5.247807,6.1247954
66521,True,0.9539583333333334,864,6762.108100142179,4070.7324030460854,-0.027159618265470975,4071.837998437364,False,3.7881076,3.325349,-0.06386070695951762,4073.332001547107,False,6.5072565,6.702249
66537,True,0.9560416666666667,864,6767.067416016678,4353.904165429574,-0.037166379244091274,4355.522353973625,False,4.1004233,3.608733,-0.08376541370731516,4357.551231276175,False,6.193113,6.9376564
66540,True,0.9539583333333334,864,6761.459908316713,5229.368676379692,0.06892504972154656,5225.764331429367,True,3.9470506,3.4286275,0.012621517087729739,5228.708650728621,True,0.38917506,3.1617486
66574,False,0.9484027777777778,576,6521.325095952514,5426.053623238637,0.04788273459402914,5423.455480393287,True,2.760455,1.3076774,0.040744079735532956,5423.842827633887,True,2.5712354,2.2037234
66598,False,0.951875,576,6053.9757563114545,3012.8196762488487,-0.021770022423872604,3013.4755677779613,False,3.2591712,1.4762896,-0.014965565488034294,3013.2705617605357,False,2.4659133,2.2359357
66599,False,0.9525694444444445,576,6074.602256692753,4224.37262188896,0.07240386920938091,4221.314012670883,True,3.355118,1.4933612,0.008057995882182478,4224.032222127039,True,0.18355691,1.0911245
66611,False,0.9553472222222222,576,6070.994072867446,3215.591928420606,0.07939472421205629,3213.0389180872435,True,3.3183997,1.4989077,0.031496482164694584,3214.5791300923784,True,1.1947879,1.5620552
66614,False,0.9532638888888889,576,6067.508412955181,3030.3566685793553,0.08235511556669017,3027.8610148528555,True,3.3199522,1.4895619,0.011839819188108613,3029.9978798390393,True,0.5652158,2.209143
66633,True,0.9511805555555556,864,6781.663437601171,3893.217765098922,-0.019426933822375148,3893.9740979477106,False,4.1898556,3.6839788,-0.042394840212178764,3894.8682885595517,False,5.191451,6.1924047
66822,False,0.9532638888888889,576,6134.843759375077,5040.693914464298,0.05000327382779224,5038.173402493423,True,2.558881,1.3323164,0.032236707728716674,5039.06896070959,True,1.6842017,1.3358773
66823,False,0.9539583333333334,576,6132.267953269645,3195.9443407569665,0.06279936141165843,3193.9373081298927,True,2.5559995,1.3351012,0.0381662229995694,3194.724569522927,True,1.5303069,1.7018355
66831,False,0.9532638888888889,576,6131.881281592324,2797.772374419317,0.05223092098359805,2796.311072151128,True,2.5514994,1.332581,0.037423022406712914,2796.7253634467456,True,1.5319955,2.0204968
66832,False,0.9511805555555556,576,6141.455110628822,3735.627307729212,0.061606429728533474,3733.3259211269497,True,2.6018045,1.329145,0.06505346610979901,3733.1971526945836,True,2.6089733,1.7979393
66840,False,0.951875,576,6143.859425949946,3188.513174233764,0.06366355312720229,3186.4832534651114,True,2.642415,1.3229128,0.09756767726557536,3185.4022160003474,True,3.516766,1.9216645
66870,False,0.951875,576,6586.64692207233,2982.9643297731154,0.004727259141090734,2982.82331732916,True,2.6676865,1.3094279,0.020958746262145223,2982.339137858146,True,3.845919,2.1882398
66903,False,0.9504861111111111,576,6243.830385042834,3769.507299455165,0.06449957271412732,3767.075983363582,True,2.741547,1.3744923,0.06790131093383778,3766.9477545930813,True,2.8949351,2.8181624
66929,False,0.964375,576,6733.26079425809,5649.5600632795495,0.03893615635860437,5647.360341749733,True,2.3942702,1.1487762,0.003339736668461768,5649.371382860509,True,0.19688752,2.4371746
67026,False,0.964375,576,4743.732075900701,4005.1859903276545,-0.009632555749394811,4005.571792111041,False,-0.39948013,0.45321932,0.00851712497018653,4004.8448636415687,True,0.37181932,1.3197618
67075,True,0.9595138888888889,864,6952.307260409011,5372.180349803612,0.0773577563959793,5368.024551625451,True,4.805786,3.9300356,0.10198644371622878,5366.701454124815,True,5.9601893,5.8782854
67080,True,0.9490972222222223,864,6952.208453759928,4728.800005273326,-0.04516628529407374,4730.935828584698,False,4.8416114,3.9676857,0.018438157741107464,4727.92810167909,True,-1.1892488,3.6439526
67171,True,1.9504861111111111,864,6856.776839473033,3799.132675325156,0.0365157660423554,3797.7453929357916,True,3.9071965,3.391463,0.03515674541249014,3797.7970239326055,True,4.246128,5.1553845
67173,True,0.9609027777777778,864,6856.665348669967,3877.7882741161993,-0.006990842635756778,3878.059364202191,False,3.906363,3.4470754,-0.028930434714746767,3878.9101351312215,False,5.0614877,5.559096
67196,True,0.958125,864,6767.95848559571,5216.285261887537,0.08374078842755539,5211.917103492593,True,4.723194,3.9854271,0.13588259978648543,5209.197237871391,True,7.3053994,7.6219077
67204,True,0.9636805555555555,864,6762.439668455455,3690.6918276360047,0.0667697069037465,3688.2275635299648,True,4.629679,3.9313986,0.11748871850600917,3686.3556811136973,True,7.869425,6.967369
67207,True,0.9636805555555555,864,6763.649774701439,3718.067030969204,-0.010494791914705814,3718.4572343773543,False,4.5929728,3.8780243,0.00125504782334529,3718.020367459861,True,2.0560048,3.7885354
67215,True,1.9622916666666668,864,6764.536820055969,4318.309145075247,0.08548688585914288,4314.617557075343,True,4.57503,3.8522685,0.08567241742640785,4314.609545248707,True,4.4401855,6.0985723
67306,True,0.964375,429,6783.288093693254,6115.774792034071,0.031305844250828496,6113.860197112942,True,1.9145389,0.92007303,-0.004310456777734117,6116.038409873105,False,-1.0668539,3.1665409
67311,True,0.9588194444444444,439,6789.160711101097,4416.229312074813,-0.03297294828090713,4417.685473091853,False,1.9965796,0.9650259,-0.022221098890096158,4417.210646767465,False,-0.063193075,3.3942604
67318,True,1.964375,434,6787.790633178212,4593.70987654434,0.041184059331089706,4591.818000353282,True,2.0035036,0.9546798,0.017818662889645953,4592.891338877308,True,0.027617916,3.318075
67331,True,0.9609027777777778,416,6791.220060748842,3837.5283205908813,0.04433061753467138,3835.827120598291,True,1.9246066,0.91055065,0.016665581276487096,3836.888774199603,True,-0.039295122,3.304208
67404,False,1.9588194444444444,576,6092.363324016114,4646.751820506811,0.06617088653496639,4643.677023642095,True,3.2789624,1.4704907,0.007993344161671967,4646.380389651458,True,0.4826225,1.0671399
67414,False,0.9615972222222222,576,6078.095046952444,4985.40275440332,0.06354164224576797,4982.2349476306,True,3.3197186,1.486611,-0.022134520302397043,4986.506249398151,False,-0.8798959,2.1095548
67428,False,0.9595138888888889,576,6094.976731822377,4271.061847608326,0.07174907484772675,4267.997400256486,True,3.2637165,1.4652199,-0.0006793799486537466,4271.090864356113,False,-0.077641696,2.63824
67456,False,0.9602083333333333,576,5965.787911902378,2707.505594198204,-0.0010038901962605706,2707.5327745914274,False,3.5138378,1.6783797,0.008028491241618418,2707.2882223587067,True,3.0385413,2.2032657
67457,False,0.9595138888888889,576,5960.163714795072,4953.23163595811,0.06953864530959697,4949.787225789411,True,3.5234227,1.6713089,0.029003885783518424,4951.79500632182,True,1.6709987,1.6651648
67470,False,0.964375,576,5963.006904403464,2918.464545120121,-0.02319011250817571,2919.1413403416477,False,3.4952912,1.6735234,-0.012745957412318987,2918.8365313781364,False,1.6986947,1.8141747
67515,True,0.9595138888888889,864,6847.161663828719,5105.641212168163,-0.04224685521483362,5107.798185028861,False,3.9067729,3.4638088,-0.07889092254929064,5109.669099632507,False,5.894281,6.270934
67537,False,0.9609027777777778,576,4102.267304944676,2394.711192539758,-0.023463503500353866,2395.273075694245,False,-0.7859478,0.87215495,-0.023497438374353585,2395.273888336471,False,-0.66329384,1.8214399
67568,False,0.964375,576,3696.395557445867,2552.7480101121137,-0.022872231060988568,2553.3318805453932,False,-0.65077895,0.6131454,-0.002978012495558069,2552.8240312768353,False,-0.064353056,1.8828422
67584,False,0.9636805555555555,576,3696.7085634856285,2475.371363921882,-0.02142451463564843,2475.9017002320343,False,-0.6106557,0.6120271,-0.02769992675963895,2476.05703998672,False,-0.71925664,1.3387289
67596,False,0.958125,576,3975.65935811905,3306.23570384762,-0.015624754512266747,3306.7522950699445,False,-0.47172642,0.6870398,0.013158006972791014,3305.8006691331693,True,0.513726,2.8928185
67609,False,0.9636805555555555,576,3980.2385575244352,2347.287550684657,-0.014150473917284856,2347.6197030072817,False,-0.50445724,0.7036369,-0.05912623271528972,2348.6754133943778,False,-1.5686967,1.0961901
67619,True,0.9497916666666667,708,6828.348803882517,4378.923371314795,0.047243168015986825,4376.854629199189,True,2.735456,1.2487171,-0.02178667212313634,4379.877393002229,False,-1.0746973,2.8577573
67620,True,0.958125,724,6827.676205693662,4153.078039729102,-0.017991531141303696,4153.825242067944,False,2.779768,1.2459745,-0.02209554318466367,4153.995684890865,False,0.9288654,3.3912408
67624,True,0.9615972222222222,700,6824.9084594560745,3577.503332552637,0.03881479062638471,3576.1147321344506,True,2.814586,1.2924744,0.02389958034503259,3576.6483242793247,True,1.7831864,3.3466902
67631,True,0.9588194444444444,670,6825.39737688661,3496.5569159961665,0.03649002419072733,3495.281021541673,True,2.7357683,1.2611501,0.02036187141619683,3495.844951582935,True,1.541327,3.181016
67641,True,0.9636805555555555,690,6817.97581817409,4728.398842961876,0.04568501932789015,4726.238673046564,True,2.639731,1.2202576,-0.013684668644620146,4729.045908685733,False,-0.8061593,2.8724384
67657,False,0.9602083333333333,576,4459.654306604057,3756.7283935668916,-0.04136127433289616,3758.2822243137007,False,-1.3848934,1.2349037,0.0017347509909115821,3756.663223693858,True,0.13885535,1.4712301
67693,True,0.9615972222222222,864,6358.242004617119,4728.331759990546,-0.07861981633043857,4732.049165745751,False,-3.7619581,3.4267583,0.13242441434337948,4722.070294359153,True,6.138724,7.240304
67696,True,0.9615972222222222,864,6359.583535525495,4691.93372580396,-0.07552890542665835,4695.477492000412,False,-3.7926235,3.4333613,0.16359859014477562,4684.257788388001,True,7.4716244,8.374146
67722,False,0.9629861111111111,576,3430.2489805633804,3157.192323817459,-0.011448647978262727,3157.553779662611,False,-0.3626244,0.63825953,0.01087358086985235,3156.849023966911,True,0.3858925,2.8213656
67724,False,0.964375,576,3430.0225110421943,3124.5035020622595,-0.0113935986429059,3124.8594954608693,False,-0.35264412,0.6466343,-0.012022198010885887,3124.8791360701357,False,-0.3510839,2.6961236
67726,False,0.9615972222222222,576,3431.2679349137798,3078.5794376459385,-0.010301004345603104,3078.896562257594,False,-0.31372628,0.67268956,-0.0716207079286546,3080.7843380433333,False,-2.1696155,1.628774
67731,False,0.9588194444444444,576,3430.8021650121846,2785.537639207454,-0.012258419149735467,2785.879102096843,False,-0.33593112,0.6446232,0.003164315461634537,2785.4494960192465,True,0.113265306,1.6538725
67855,False,0.958125,576,6220.755819263514,2932.5166087620937,0.05915723496618952,2930.78181303142,True,2.65556,1.342119,0.05699567918506787,2930.845201013709,True,2.7199984,1.5060555
67863,False,0.9622916666666667,576,6193.915001829737,2965.0193731979166,0.06092818286888013,2963.2128407821106,True,2.6415515,1.3230135,0.054197128404387396,2963.412417851004,True,2.242344,1.1335514
67872,False,0.9609027777777778,576,6226.910280818893,4799.203105389831,0.05129826040637386,4796.741197693392,True,2.5523627,1.2844535,0.0027275124849790444,4799.072206535951,True,0.10850927,3.0094151
67917,False,0.9615972222222222,576,6191.179206776119,3445.9206510556965,0.07012967915505097,3443.5040379691663,True,2.8890095,1.366759,-0.01977794646530473,3446.602183407301,False,-1.0198607,2.4628713
67918,False,1.9615972222222222,576,6207.211449458158,4873.802223455985,0.05659227138349321,4871.044028084986,True,2.871305,1.3495376,0.002165656921382375,4873.696673630798,True,0.060137615,2.424185
67920,False,1.9622916666666668,576,6202.386378056635,5096.3159712244715,0.0583667226864204,5093.341418624317,True,3.106579,1.4222383,0.010689731882862485,5095.771188721243,True,0.8882863,1.9289501
67931,False,0.9629861111111111,576,6197.4277928906795,2919.257432951252,0.0632260059885481,2917.411703081867,True,2.8249974,1.3409201,0.050825202127069424,2917.77371447034,True,2.1043835,3.2974267
67932,False,0.964375,576,6126.748239114417,2683.8021065563526,0.02277765428329026,2683.190799400871,True,3.658922,1.5951496,0.015957565353030834,2683.373837091251,True,2.227952,1.5561334
67971,False,0.9595138888888889,576,5745.449680098849,4282.206334366262,-0.04923232424158819,4284.314564083496,False,-2.1289117,1.2308328,0.06360249520196426,4279.482744297902,True,2.9349864,2.5586274
67991,False,0.9560416666666667,576,5982.820868701821,3022.111547426424,0.08811197021886263,3019.448705409766,True,3.4665947,1.6065546,0.06532339107868657,3020.137401691458,True,2.9111269,2.8533227
68057,False,1.9609027777777779,576,5662.79352536313,4028.8963917724604,0.06791757340441906,4026.1600631181836,True,2.7525618,1.4916254,0.023305061783873704,4027.957454989147,True,0.9688508,3.0050516
68111,True,0.9609027777777778,864,6843.200770015262,3959.575149764148,-0.0213273859878349,3960.4196236498187,False,-1.2051222,1.572157,-0.03125654828888269,3960.812776292872,False,-0.15515818,3.4008126
68156,False,0.9609027777777778,576,5153.292800473113,2760.575394739526,-0.023627249251445548,2761.2276427788174,False,-0.8100172,0.9334398,0.026754180064880728,2759.836825437588,True,1.1205225,1.4226408
68160,False,0.9622916666666667,576,5158.001667841605,2284.204310597887,0.0018530337064115443,2284.161983532088,True,-0.76181483,0.9207314,0.028879773894519012,2283.5446375676943,True,1.5687047,1.6274135
68166,False,0.9629861111111111,576,5111.351729831134,3286.6228399242245,-0.02479661956615864,3287.4378112964177,False,-0.7915948,0.93755275,0.021805990047740753,3285.9061592848416,True,1.0219855,1.5622766
68195,False,0.9678472222222222,576,5615.756508199673,4323.42464272291,0.07379189924903162,4320.234305576437,True,3.2372088,1.4958473,0.02213150014759302,4322.4678040017225,True,1.0262804,3.1714206
68219,False,0.9615972222222222,576,3483.031605509448,3107.5352031553166,-0.010336031073965302,3107.8563989695504,False,-0.3157821,0.63559663,-0.044766333883794474,3108.926332749922,False,-1.4008359,1.4584173
68221,False,0.970625,576,3478.9280665167134,2760.5578321027856,-0.01731477401620829,2761.0358164630024,False,-0.47742844,0.58473766,0.03879904986394678,2759.486761902981,True,1.0572773,2.148317
68252,False,0.9685416666666666,576,6199.191169811703,3730.556542184684,0.057542690351197745,3728.4098795952327,True,2.4042196,1.2738494,0.04908921898383323,3728.7252411243703,True,2.0262198,3.0349925
68271,True,1.9685416666666666,864,6775.1653968807395,3767.6978529276794,0.05558532817682149,3765.603565721413,True,4.1148915,3.5955822,-0.05212182082912076,3769.66164566197,False,-1.845315,3.8531985
68309,True,0.9692361111111111,864,6724.526651487868,4238.328688733129,-0.047219318576474656,4240.329998668984,False,-2.9306657,2.5970278,0.18488504276501505,4230.492652934424,True,10.693331,10.06297
68324,True,0.9699305555555555,839,6807.923664144009,4912.419853688103,0.056792780271530674,4909.629953884577,True,3.4023836,2.6421697,-0.02732219974508343,4913.762034862848,False,-1.1334803,3.231422
68347,True,0.9657638888888889,822,6808.236086535908,5373.1442349795625,0.0491584989886773,5370.502877935145,True,3.1686323,2.0468304,-0.021214283390547095,5374.284109034556,False,-1.004132,3.024961
68348,True,0.9678472222222222,864,6831.499656772115,4766.738772253307,0.06915672239772297,4763.442251963148,True,4.045819,3.541422,0.08256839312471564,4762.802952654596,True,4.6811047,5.180532
68389,True,0.9713194444444444,864,6846.795257612225,4684.289007308534,0.01642517589629522,4683.519604609591,True,-0.9765489,1.416742,-0.0879815403021178,4688.410316939376,False,7.879608,7.832258
68392,True,0.9727083333333333,864,6846.555914380397,5328.81296113056,-0.01899132900458067,5329.8249735420495,False,-0.9074652,1.3696209,0.1154933176681916,5322.658538259407,True,6.7979484,7.3037515
68395,True,0.9699305555555555,864,6846.46583011198,4282.354405537248,-0.009504034510721127,4282.761401987822,False,-0.72604597,1.256531,0.12488579309035686,4277.00635328494,True,8.631979,7.0171604
68515,False,0.9629861111111111,576,6588.414985587864,4337.343182177071,0.049264297648399236,4335.206420531766,True,2.3964643,1.1735924,0.005205408674191503,4337.117405748836,True,0.011481285,2.6192286
68533,False,0.9588194444444444,576,6591.566121146104,5201.135306857034,0.042956091853463274,5198.901102407193,True,2.372844,1.1633133,-0.01181746561658148,5201.7499492435945,False,-0.7001501,2.703362
68616,False,0.9671527777777778,576,5263.9746031920085,2633.1260812152364,-0.03507474830812818,2634.0496435708615,False,-1.2558836,1.0630355,0.003972360573423206,2633.021483962937,True,0.48039177,1.2536865
68617,False,0.9699305555555555,576,5267.64756582299,4111.824056768041,-0.033643237839453555,4113.207407525003,False,-1.2950021,1.0754836,0.03103141583818969,4110.548099556448,True,1.4522887,1.7001201
68667,False,0.9602083333333333,576,3450.733673875514,3102.7716044431645,-0.014778727917930112,3103.230154626501,False,-0.4556292,0.569297,0.01910023758502355,3102.1789677049933,True,0.6316373,2.6847436
68674,False,0.9650694444444444,576,3450.967251475292,2904.721715921955,-0.013913227866257927,2905.125856483173,False,-0.39715737,0.5942279,0.008424056393829815,2904.4770205365207,True,0.2523769,1.6694942
68676,False,0.9671527777777778,576,3452.1201076750394,2544.3863409705546,-0.012950926055221856,2544.715862574134,False,-0.34431347,0.6082587,0.0012397293977617352,2544.3547974750927,True,-0.021305773,1.6271927
68709,False,0.9657638888888889,576,5986.251468372011,3008.7823758578043,0.07539553294657608,3006.513888360316,True,2.9193804,1.40543,0.06689461737520164,3006.769662409815,True,2.6442406,1.3210878
68721,False,1.958125,576,6013.42747775906,4986.750674824946,0.05506239987063122,4984.004850237817,True,2.7980242,1.3543416,0.008433953840258912,4986.330094584901,True,0.48637116,2.855998
68735,False,0.9664583333333333,576,3789.857188924144,3341.5333289644527,-0.016870821749925824,3342.097073106098,False,-0.5033705,0.64802575,0.020841548638295126,3340.8369016804295,True,0.74497247,2.4416852
68739,False,0.9692361111111111,576,3796.0747451239713,2450.0350886745205,-0.01621231936288492,2450.432296197601,False,-0.516517,0.65338445,-0.00024790743500258117,2450.0411625036654,False,0.0011363295,1.9234519
68740,False,0.9699305555555555,576,3787.3622626624083,2714.5563381802194,-0.01714853000225336,2715.0218446983017,False,-0.51898605,0.66139126,-0.017445757289258346,2715.02991310046,False,-0.5432159,1.5864187
68769,False,0.964375,576,4208.891523094851,2706.0318911083987,-0.04181228827828676,2707.1633449736155,False,-1.2711705,1.1167356,0.00639062070543206,2705.858958884069,True,0.09257833,1.6764898
68807,False,0.970625,576,4823.019056285572,3189.175065393939,-0.03208607104161487,3190.1983463810657,False,-1.0296665,1.1172656,-0.02967986792699051,3190.121608351311,False,-0.88695455,1.083984
68825,False,0.9664583333333333,576,4816.409776366997,2227.249994450801,-0.010934309739973891,2227.493528873879,False,-0.9664025,1.0765212,0.028608517123751565,2226.6128112647466,True,1.1377013,1.7697531
68910,False,0.9692361111111111,576,5463.812769134938,3200.477153048203,-0.05989179367758002,3202.3939762314103,False,-2.080482,1.2755228,0.019300854173665005,3199.85943363003,True,0.9695448,1.3539399
68965,False,0.9588194444444444,576,5575.160361213565,4023.1348927033164,0.07945283817545334,4019.9383978574288,True,3.3661852,1.5485646,-0.019009081492993296,4023.899653703645,False,-0.7003158,1.1563405
68966,False,0.9629861111111111,576,5571.740736461185,3218.0420181474424,0.07806245706474257,3215.529935488693,True,2.9082284,1.4865557,0.010825326541075153,3217.693654600748,True,0.27664497,1.1049782
68968,False,0.964375,576,5585.701363319539,2596.4432347576567,0.07690554412695949,2594.4464259700108,True,3.199717,1.5259432,0.0034555980653272478,2596.3535121254686,True,0.2863952,1.393175
68973,False,0.9720138888888888,576,5570.4825585553335,4093.1306312079596,0.07851981186683954,4089.916712746863,True,3.274342,1.51729,0.018918665751732622,4092.3562655150577,True,0.8563099,2.9684203
68976,False,0.958125,576,5568.066324931129,2485.1408118222616,0.014764082800200473,2484.773903585101,True,3.2739544,1.5361539,0.008687230826354142,2484.9249219135777,True,2.3094282,1.8328618
69026,False,0.9685416666666666,576,4342.066649246645,3346.256482250435,-0.043995578395827906,3347.7286871544134,False,-1.3674349,1.1904099,0.0269290393599686,3345.3553675352414,True,0.9937207,2.3004394
69045,False,0.9657638888888889,576,4337.384309854192,3167.4227582222225,-0.04463264998746386,3168.8364629455277,False,-1.3551798,1.1794907,0.004921125447254759,3167.266885384845,True,0.23958227,2.3956249
69125,False,0.9657638888888889,576,5419.461500316991,2400.2228618938293,-0.008835015830510606,2400.434921973646,False,-1.9556609,1.2487303,0.023922809182741478,2399.6486611686155,True,2.1292844,1.9717623
69137,False,0.9699305555555555,576,5421.492989846387,4197.848110734167,-0.047801539404424,4199.854746762962,False,-1.9551375,1.2524754,0.029591773508652608,4196.605893038998,True,1.4529052,1.8430544
69144,False,0.9657638888888889,576,5410.919142425373,4094.4779734121976,-0.05056331086292776,4096.548277048113,False,-1.9878439,1.2540655,0.01921036672135612,4093.691409188178,True,1.1629987,1.8074105
69151,False,0.9713194444444444,576,5437.601723778307,3007.805455910954,0.0701270673427068,3005.6961701633427,True,2.5343451,1.467433,0.016436573752243167,3007.3110757588674,True,0.3941081,1.3300456
69165,False,0.9727083333333333,576,5432.85208207265,2991.6567487148563,0.07553497225587513,2989.3970016297158,True,2.5547867,1.4718549,-0.016235489439186956,2992.1424588403524,False,-0.5787456,1.5166652
69198,False,0.9678472222222222,576,6473.769180382154,3493.3089190219275,-0.02568321909923732,3494.206113215416,False,2.462719,1.2003093,-0.016359284246192374,3493.8803993675892,False,1.2141131,1.7348393
69211,False,0.970625,576,5361.286737104649,3076.4399402679173,-0.05453621855739943,3078.1177142875345,False,-1.8401701,1.2227501,0.024903509982698857,3075.6737987502784,True,1.1013129,1.3387489
69220,False,0.9678472222222222,576,5363.823407067968,2340.3403163945977,-0.018473035648924885,2340.772648305553,False,-1.7939355,1.2173514,0.040525172252203756,2339.391889460087,True,1.7149401,1.4532938
69224,False,0.9657638888888889,576,5358.998731175768,3196.627684525381,-0.05060554792510885,3198.245355490266,False,-1.8085458,1.2233384,0.018533075293813983,3196.035251119743,True,0.69089544,1.0029976
69225,False,0.9713194444444444,576,5364.817800026693,4130.402735332911,-0.04500046257280843,4132.261435679935,False,-1.802936,1.2182868,0.024201917275157303,4129.403098689772,True,1.190125,1.7783624
69231,False,0.9699305555555555,576,5365.356724205419,3819.6767941258113,-0.05089251376000359,3821.6207236738546,False,-1.889116,1.2367548,0.014826429611425329,3819.1104724445445,True,0.8121688,1.571601
69238,True,0.9720138888888888,864,6839.725765081564,4499.578714266707,-0.036600777302631116,4501.225595061475,False,4.0642667,3.5738966,-0.05863376729546843,4502.216986789313,False,5.4106846,5.296288
69245,True,1.9713194444444444,864,6838.15211799824,4487.611917304159,0.06897076069930508,4484.516777237554,True,4.1112456,3.6335204,0.07994527995806022,4484.024283403431,True,4.9032583,5.3723426
69319,False,0.9775694444444445,576,4871.988116731869,2516.144045934205,-0.02598495134209511,2516.7978647502405,False,-0.9821679,1.092231,0.01339867678019635,2515.806915936165,True,0.294266,1.3569344
69330,False,0.9803472222222223,576,4649.880950711825,2627.5252203320124,-0.03848213219950214,2628.5363480708793,False,-1.243444,1.2119981,-0.0316858561860478,2628.3577742045823,False,-0.88668245,1.3215872
69333,False,0.9789583333333334,576,4647.305048613294,2287.328559038166,-0.02680713234337606,2287.941726242118,False,-1.229181,1.2033341,0.032651751373802274,2286.5817062139636,True,1.1003861,1.5669916
69336,False,0.9803472222222223,576,4642.52239551309,2246.4457586672406,-0.02564508336388993,2247.0218615647777,False,-1.2866731,1.2297218,-0.019057986799109194,2246.8738860133785,False,-0.8598243,1.5884963
69345,False,0.9803472222222223,576,4641.065007802423,3833.756635780641,-0.03735102014925662,3835.1885830041483,False,-1.2625654,1.2250718,-0.022250900977582866,3834.6096811833922,False,-0.771025,1.5429258
69356,True,0.9713194444444444,864,6796.327770407467,5186.393044972067,0.07468540421720071,5182.51956637213,True,4.3935843,3.926008,0.09184722940926981,5181.629486663976,True,5.191731,5.3820868
69362,True,0.9671527777777778,864,6805.038674213525,4020.653574444185,-0.022411382994924622,4021.554658525655,False,4.300678,3.8078907,-0.0122830651647865,4021.147433952785,False,-2.0817373,3.6491501
69369,True,0.9664583333333333,864,6797.520589370344,3734.5271713132474,0.010491217352703863,3734.135373960608,True,4.200532,3.680307,0.01795092218931371,3733.8567892565843,True,6.1202207,6.1572585
69468,True,1.9713194444444444,500,6771.0315321209855,4370.768896873807,0.044112123222295185,4368.840857922251,True,2.2066436,1.0307459,-0.011263815438056213,4371.261212225575,False,-1.0424463,3.287235
69529,False,0.9720138888888888,576,5482.414446018138,4558.1217333202685,0.05766795743865627,4555.493157629089,True,2.578805,1.4277941,-0.02776032184990118,4559.387082593751,False,-1.2347581,1.5386308
69554,False,0.9782638888888889,576,4699.366595284432,2796.848758332017,-0.03892404725398535,2797.9374050743363,False,-1.2443746,1.2254632,0.0033710951834242664,2796.754473908237,True,-0.035458274,1.5634134
69555,False,0.9754861111111112,576,4698.991031776462,2791.6508993342995,-0.038941239970813335,2792.7380028201605,False,-1.2456061,1.2263145,0.0038715465378591496,2791.5428192805566,True,-0.021175332,1.5761869
69556,False,0.9775694444444445,576,4701.972605132056,3231.067874854187,-0.03965993968719772,3232.3493144346103,False,-1.2629745,1.2328618,-0.020035730814038644,3231.7152429260136,False,-0.58762467,1.0010716
69563,False,0.9796527777777778,576,4697.6947560852705,3688.521071391226,-0.03662276398237463,3689.871909767646,False,-1.2044965,1.1938095,0.028988957180786645,3687.451807607233,True,1.316324,2.2118297
69669,False,0.9789583333333334,576,3729.1820131599907,3234.5972861011737,-0.018684425923409798,3235.201652045018,False,-0.55389404,0.6332677,0.006474199957484661,3234.3878718150513,True,0.26986316,2.8778017
69691,False,0.9754861111111112,576,4753.900426317457,2274.2800157336264,-0.020689329441747617,2274.750549028511,False,-1.092347,1.1401201,-0.006083130355438726,2274.4183631616315,False,-0.4182021,1.4564215
69708,False,0.9789583333333334,576,4150.974690926192,3172.6375270794597,-0.03939810820476897,3173.887486255327,False,-1.2108533,1.0693266,-0.004729029346073332,3172.7875620491604,False,-0.02942631,1.6404803
69724,False,0.9803472222222223,576,4136.729602803383,2313.9592738323113,-0.034711964402411866,2314.7624945617335,False,-1.1838311,1.0625172,0.04551767276090857,2312.906013432223,True,1.2994598,1.8319881
69749,False,0.9782638888888889,576,5160.84910462765,3924.341157390814,-0.021782975842188357,3925.1959956870955,False,-0.81916404,0.93486583,0.023524412418840512,3923.4179792022246,True,1.1174077,1.4488357
69836,True,0.9720138888888888,864,6796.248946666116,4608.454805856822,0.07210033556479534,4605.13209448744,True,4.2305384,3.779949,0.07625643560487116,4604.940562495406,True,3.9925253,4.3704844
69845,True,0.9671527777777778,864,6796.599344736653,4114.926634354781,0.05960668131912428,4112.473863159319,True,4.035097,3.5396013,0.09091115882512435,4111.185706876676,True,5.5921745,4.6756372
69962,True,0.9782638888888889,864,6795.953885707137,3698.3860732901376,0.030360161699372057,3697.2632373080164,True,4.3006296,3.8024354,0.038401281204791804,3696.9658456640905,True,4.368962,4.879377
69978,False,0.9789583333333334,576,5105.887271683256,2285.1913952539426,-0.0056728973982567155,2285.3210318271495,False,-0.8757157,0.93585414,0.028642501842557344,2284.536859276448,True,1.6764587,2.1321306
