norad_id,has_maneuver,tle_age_days,pred_len,sgp4_peak,sgp4_rmse_alt,ephemeris_alt_median,mode_used,passes_peak,score_vector_km,score_offset_km,score_vector_m,eta_trans_soft,ai_rmse_alt,trans_better,trans_residual_mean,trans_residual_std,eta_lstm_soft,lstm_ai_rmse_alt,lstm_better,lstm_residual_mean,lstm_residual_std
44744,False,0.8414583333333333,576,10.012520462761131,5.427219108596607,474.9423315258455,vector_km,False,5.343285925499458,1424.870594049808,6836.698394076139,-2.6921960574870063,5.573330497738646,False,-0.15697059035301208,0.19755621254444122,-11.200531394191993,6.03509649980661,False,-0.42424848675727844,0.6262161135673523
44768,False,0.8602083333333334,576,13.570062743774542,6.108404079315662,404.35415191034826,vector_km,False,5.07157686554001,4470.085081637877,6767.588393918142,4.835277195128118,5.813045819398708,True,2.606656551361084,0.6388030052185059,3.7206043490390917,5.8811345411117015,True,0.868164598941803,0.758942186832428
45360,True,0.8011805555555556,864,11.44445175416422,4.581751330567344,289.3139672342704,vector_km,False,3.552227596501325,59.53200803565824,6655.459051339807,-13.927384399521682,5.219869461998395,False,-1.1943963766098022,1.3377927541732788,-6.896369205404973,4.897725829086459,False,0.5810824632644653,1.5692652463912964
45532,True,0.8442361111111111,864,9.929100133226711,4.735921200353058,342.47022565736097,vector_km,False,4.368909895734305,3627.7635738813365,6704.233967233945,4.290264853719616,4.532737647165428,True,0.3232592046260834,0.23276443779468536,5.0301962686106645,4.497695078345537,True,0.6337337493896484,0.4750800132751465
45686,False,0.8386805555555555,576,11.266521370944247,8.074373271805115,426.4469730064866,vector_km,False,6.844476843160919,4330.242822174372,6782.959623571525,20.467146585166486,6.421779466384545,True,2.2800581455230713,0.5964622497558594,1.7675541684337936,7.931654360287665,True,0.1963784247636795,0.8118380308151245
45703,True,0.8622916666666667,864,13.845671711303112,7.8363555931801265,326.1894617846051,vector_km,False,5.982471164148137,226.41441486024678,6683.872798943508,3.0735926047591455,7.5954979568781535,True,0.29088008403778076,0.19347313046455383,11.014227178910584,6.973241594498578,True,1.0291978120803833,1.6863927841186523
45786,False,0.8595138888888889,576,9.8644822670758,4.956921765187524,473.6142693170241,vector_km,False,4.101218971701201,2825.942067709474,6835.195649207661,-5.108628823482819,5.21015250975225,False,-0.26299047470092773,0.27632445096969604,-19.25220613484977,5.911238573289881,False,-0.875203013420105,0.8247448205947876
46375,True,0.8088194444444444,864,21.81315757747325,13.556746287836937,333.64396076963567,vector_km,True,12.05147232529589,370.5698677301216,6686.216866756719,-7.010536714863758,14.50714697438773,False,-0.6741085648536682,1.226342797279358,4.346356589527012,12.967521761795442,True,0.8622092008590698,0.873003363609314
47381,False,0.8345138888888889,576,11.072444871018888,6.78233312340226,481.20500503843505,vector_km,False,6.326014037754703,1415.0051280691587,6839.1642242510225,-1.5842942089586254,6.889785244467035,False,-0.25805410742759705,0.2317511886358261,-13.920238491930936,7.726450080889107,False,-0.9153397679328918,0.8451867699623108
47625,True,0.8254861111111111,864,9.329873385462633,3.8406637398934245,347.91202157597945,vector_km,False,2.929723629946693,1502.5156306147237,6714.296592008894,-0.7242938038045876,3.8684814394588716,False,0.24037621915340424,0.207187220454216,-26.42933092619422,4.855725482115138,False,1.7974653244018555,1.7781405448913574
47772,False,0.8400694444444444,576,9.46648393860778,5.566000946045319,474.7854243449351,vector_km,False,5.1842620601887575,4368.158010937714,6839.202493241935,0.6658157883771998,5.528941642898744,True,-0.24987421929836273,0.22754046320915222,-0.36558067417324924,5.586349179864919,False,-0.3089435398578644,0.5566545128822327
47862,True,0.8338194444444444,864,11.072890344302323,4.530657659328127,312.2651298233177,vector_km,False,3.0859496584726003,2455.0764374359237,6678.445551654495,2.557314892537399,4.414794486020511,True,-0.29458701610565186,0.768006443977356,-48.05159429718175,6.707710911587829,False,2.671727418899536,3.9999258518218994
48125,False,0.8324305555555556,576,10.915055825937998,6.575782997348863,480.8500416348397,vector_km,False,6.215736157549145,5301.277404974425,6839.099612884163,-1.7241294055800216,6.689158015825699,False,-0.25625690817832947,0.23073512315750122,-12.465734591435385,7.39550266435368,False,-0.8535277843475342,0.8317103981971741
48133,False,0.851875,576,11.368601473827766,7.105346555817119,481.4988262217048,vector_km,False,6.5257606471755025,3995.049698774125,6839.133030438795,-3.3475811222182683,7.343203806122598,False,-0.2595568299293518,0.23244719207286835,-11.78344804425353,7.942601386764332,False,-0.8916599750518799,0.46849966049194336
48150,False,0.858125,576,11.482931204805936,5.663396242133637,474.8338725500057,vector_km,False,5.206522555684387,3045.7933471205224,6839.07469182358,-1.2122497371067187,5.732050758311439,False,-0.25196823477745056,0.23222285509109497,-5.1274061609315025,5.9537815804835015,False,-0.54874587059021,0.6556198596954346
48276,False,0.8247916666666667,576,11.104092330300773,5.172193140418749,474.8484738484426,vector_km,False,4.653884980021758,2677.6424534057855,6839.149590044495,-2.780910081297394,5.316027191162917,False,-0.25015756487846375,0.2268829345703125,-10.078087670100988,5.6934513105849085,False,-0.7001990675926208,0.6541188359260559
48294,False,0.851875,576,10.08561538979211,4.593877009941263,474.85488176128,vector_km,False,4.157423865807232,1602.9092749704487,6839.15132925282,-0.09114146137207957,4.598063946590873,False,-0.24750369787216187,0.22575126588344574,-7.7853548749058366,4.9515266484604386,False,-0.5245789289474487,0.5722959041595459
48300,False,0.8504861111111112,576,9.993954348912666,5.068134496690151,477.94709912879716,vector_km,False,4.3888135491633875,4015.9537533030184,6838.871377096857,-1.8475966516231068,5.161773190135514,False,-0.24961286783218384,0.22594542801380157,-14.52247364541317,5.8041530047383185,False,-0.7420378923416138,0.6976652145385742
48312,False,0.8150694444444444,576,11.47535774658445,6.205059057558084,474.79697065007167,vector_km,False,5.997956796830749,1477.3955627504606,6839.012073144497,-0.05596644310024157,6.2085318184104645,False,-0.2486068457365036,0.22804665565490723,-2.0276638082460385,6.330876804551249,False,-0.38616305589675903,0.5932351350784302
48317,False,0.8484027777777777,576,10.08410765665576,4.697040719365261,474.81787571507766,vector_km,False,4.061789648517333,2042.322212349241,6839.054131705174,0.13882884457602218,4.690519881991418,True,-0.2483270913362503,0.2270314246416092,-5.609618199549415,4.960526780959984,False,-0.496503084897995,0.5690493583679199
48400,False,1.8484027777777778,576,10.089109880962496,4.6170496420004765,474.8277061138242,vector_km,False,4.013870591048089,3024.7292760697865,6838.9049309973425,-0.08152789138859973,4.620813835226117,False,-0.24629198014736176,0.22418048977851868,-5.881165273312083,4.8885859727855046,False,-0.4438643455505371,0.5586597919464111
48428,False,0.8553472222222223,576,11.22387652985708,5.183459053984252,475.4742806899976,vector_km,False,4.636529109417552,4884.752938462958,6839.116378160257,-0.23235025559611433,5.195502844368139,False,-0.24773746728897095,0.22529740631580353,-9.290959528714993,5.665052147806537,False,-0.5845932364463806,0.6079952716827393
48434,False,0.8484027777777777,576,10.813846581789221,5.431115541924442,474.88506582814034,vector_km,False,5.028606582464818,5054.819202884292,6839.1180640423545,0.8011094648799566,5.387606371189408,True,-0.24795211851596832,0.22685392200946808,-2.1483774736433148,5.547796415009525,False,-0.35831770300865173,0.536780834197998
48473,False,0.8588194444444445,576,10.97159849694981,5.975762352451182,474.87859450189717,vector_km,False,5.745174711480104,4756.15170794436,6839.075282470189,0.7931258704982902,5.928367045195081,True,-0.2491108775138855,0.22698712348937988,-0.7567849257852144,6.020986031210959,False,-0.3104810416698456,0.5401867032051086
48481,False,0.8602083333333334,576,9.98409053271007,5.549861153219062,474.87357446967053,vector_km,False,5.195071364485102,4729.71715912142,6839.157599372899,0.8568746657956372,5.502305808924607,True,-0.2500196099281311,0.22840148210525513,-0.4502370059956018,5.574848691957253,False,-0.32166609168052673,0.5408935546875
48485,False,0.8622916666666667,576,10.856409320942475,6.157261277054516,479.84591880528296,vector_km,False,5.716517640612437,3331.986220265122,6839.097642200049,-3.812160231809525,6.391985953208212,False,-0.2518778145313263,0.22540821135044098,-14.85530597053022,7.071941290651472,False,-0.9453606009483337,0.5528315305709839
48562,True,0.8595138888888889,864,12.950880054314439,9.45113620504044,357.17318625984444,vector_km,False,9.469104622723535,4457.172485949486,6711.912435776127,2.4700406799033514,9.217689305815863,True,0.2350396066904068,0.16353850066661835,19.645037905225095,7.59445692312129,True,1.9650522470474243,1.6612387895584106
48578,False,0.8539583333333334,576,10.222946591493383,4.789281236884099,474.7536009218261,vector_km,False,4.21978165372002,3215.4923232084893,6839.156690607829,-2.413812374475155,4.904885510269805,False,-0.24992585182189941,0.22786086797714233,-8.18568677438114,5.181316808498207,False,-0.6193931102752686,0.6487700939178467
49163,False,0.8602083333333334,576,9.199427433888559,5.395690318347882,585.6209910368839,vector_km,False,4.238287756072168,1913.8022945010316,6946.229760665629,0.45463219308282676,5.371159783076156,True,0.041705477982759476,0.06440101563930511,-1.6264401289487473,5.483448001081939,False,-0.09965571016073227,0.07440818846225739
49441,False,0.8574305555555556,576,10.739550631627935,5.786110874398163,471.22091399679084,vector_km,False,5.502422714437216,4278.966621591019,6831.171484826464,-0.4670593756471053,5.813135457769081,False,-0.2038375288248062,0.2771832048892975,-17.091686016802644,6.775054789343539,False,-0.8118192553520203,0.9204329252243042
49442,True,0.8636805555555556,864,9.353442156407255,4.0939447290924385,469.2492361824043,vector_km,False,3.2359179972118,1487.012218152941,6830.975827629009,-4.274210563381775,4.2689285575897395,False,-0.1427939534187317,0.2615136206150055,-6.172657581054164,4.346649929394196,False,0.3538896441459656,0.9759407639503479
49445,False,0.8532638888888889,576,10.612527228685394,5.601010673108286,473.13521209640476,vector_km,False,5.229906533747908,2018.6312366704792,6833.656093180107,-4.400132991976302,5.847462602059851,False,-0.25711923837661743,0.26644283533096313,-11.640520698222057,6.252997490985135,False,-0.4462321698665619,0.7577173113822937
49447,False,0.8449305555555555,576,10.010999606079167,6.9130801487739895,481.63574136849,vector_km,False,6.137378835278923,1259.4388335799113,6839.169265418585,-3.4032611902399035,7.148350332867719,False,-0.25482988357543945,0.22511573135852814,-11.744651157018925,7.724997307627085,False,-0.8796159029006958,0.41648784279823303
49725,False,0.858125,576,10.754033507154418,5.037984693155488,464.8800016682053,vector_km,False,4.442474223188583,3329.685606669894,6828.173120145291,-3.0718411847649785,5.192743592149179,False,-0.08901149779558182,0.28655189275741577,-7.625488669328995,5.4221556558571375,False,1.10439932346344,1.0497304201126099
49733,False,0.8477083333333333,576,9.500876273364156,5.426289189359783,479.6921489865008,vector_km,False,5.016551654640352,4913.639177483756,6839.207703132382,-1.9645205786017472,5.53288976733565,False,-0.2518882155418396,0.226572647690773,-15.756848864711959,6.281301387465092,False,-0.8068506121635437,0.7830651998519897
49753,False,0.8595138888888889,576,9.85452593790069,4.665129685745758,470.47102398264724,vector_km,False,4.164155856012712,5181.4825773238745,6831.1290055675145,-0.3303724793578544,4.680542000386853,False,-0.20241908729076385,0.27874237298965454,-21.033124322606113,5.646352224462779,False,-0.8016100525856018,0.8905686140060425
50161,False,0.8664583333333333,576,10.777108294018035,6.652277024491602,470.1181577347179,vector_km,False,6.094637138492089,4014.994928783181,6828.18312636808,-2.1445504659008296,6.7949384726278055,False,-0.10148748010396957,0.28666695952415466,3.659131216528222,6.408861488912582,True,0.8092724680900574,0.8000644445419312
50842,False,0.8553472222222223,576,10.592925388521508,5.2889642339951175,474.8780329745923,vector_km,False,4.711321980279081,2212.160444172242,6839.195662244156,-1.096065332274554,5.346934747509945,False,-0.24940429627895355,0.22798877954483032,-4.769822462381601,5.5412384485325274,False,-0.5696010589599609,0.6572282314300537
51109,False,0.8699305555555555,576,14.737133235759757,6.246190416501487,500.88967476789685,vector_km,False,5.333023757028968,5099.974519093552,6868.40723897741,0.5256218728134532,6.213359083402215,True,-0.04970895126461983,0.08898516744375229,0.7314592441026502,6.200502089222587,True,-0.1343909204006195,0.4062712490558624
51117,False,0.8359027777777778,576,9.304355069595658,5.526200239241292,513.0125050445272,vector_km,False,5.672764717289283,5128.878651738429,6877.803624616425,0.08414200847567388,5.521550393359193,True,-0.011511189863085747,0.08231161534786224,2.0228758406974467,5.414412079490828,True,-0.3187216520309448,0.15953628718852997
51121,False,0.8720138888888889,576,9.414831937630879,5.619516343389137,549.1013433591961,vector_km,False,5.047703511734653,4416.013381732034,6908.075666888429,0.22405837842907061,5.606925356172177,True,0.028894493356347084,0.06944253295660019,-0.05286353602380611,5.622487028440974,False,-0.015899620950222015,0.04574541375041008
51137,False,0.8428472222222222,576,13.972554601682532,10.21275317752864,472.4729115885316,vector_km,False,9.26805342172338,2932.298040215423,6828.104543952117,-1.5250851425393508,10.368506369035854,False,-0.2129635214805603,0.27750688791275024,-6.20741069696753,10.846700721346187,False,-0.4923678934574127,1.0153820514678955
51739,False,0.8692361111111111,576,10.10499900096329,4.5728339937253715,464.0521115108959,vector_km,False,4.120430449380365,3325.975719372459,6828.046039633053,1.1118245901849177,4.521992110803615,True,-0.0828692615032196,0.2848127782344818,-10.21437963951033,5.039920629150501,False,-0.2746707499027252,0.8543482422828674
51852,False,0.8671527777777778,576,10.750883321348738,5.322420042270478,469.48477095690487,vector_km,False,4.739516372217167,4384.275707533459,6831.213910439539,-3.9213257166149873,5.531129478526433,False,-0.20582908391952515,0.27980688214302063,-6.9621935542052205,5.692977238077379,False,0.24493175745010376,0.8631759285926819
51872,False,0.8720138888888889,576,22.394381074903322,14.485280370741812,469.4399370574256,vector_km,True,11.129582239073443,1623.7994880189422,6825.712509117676,-1.2761837229968265,14.670139171191291,False,-0.25412580370903015,0.27444326877593994,-4.111495715014546,15.080842062903855,False,-0.5447059273719788,0.8167893290519714
51883,False,1.8699305555555557,576,9.791183623386132,4.86513819945201,466.8377589867955,vector_km,False,4.047493392482465,2257.999433268714,6831.180567757042,0.7666653091379483,4.827838882558527,True,-0.19930937886238098,0.274079293012619,-5.54365352916244,5.134844615498927,False,-0.3680249750614166,0.7597705721855164
51884,False,0.8713194444444444,576,10.323252004121969,5.687756100242076,466.83226935953144,vector_km,False,5.096425129320778,2132.8204488101373,6830.953131773333,-0.5697986652016596,5.720164868638162,False,-0.1994442343711853,0.2742480933666229,-7.344993046547965,6.105521401043964,False,-0.062215905636548996,0.8973580598831177
51891,False,1.870625,576,10.943886499218024,6.7665123518452726,473.2807296351302,vector_km,False,6.263088860847347,2247.206485056452,6831.197870136797,-0.9561946005682165,6.831213387696018,False,-0.20641088485717773,0.274004727602005,-12.162388258816726,7.589481866873725,False,-0.6755808591842651,1.0015547275543213
51894,False,0.8692361111111111,576,9.715215087032448,6.814558071100771,473.63646851278236,vector_km,False,6.29021049492394,2215.379698824635,6831.237520314731,-1.4794193951571888,6.915373975046827,False,-0.20943951606750488,0.2778617739677429,-11.500333120374705,7.598254961108774,False,-0.6387209296226501,1.0512967109680176
51897,False,1.870625,576,10.503850760664136,7.730661009735089,473.69067100945085,vector_km,False,7.0002587425919955,3942.0280589110153,6831.13156741493,-2.1178380223567217,7.894383898190548,False,-0.21838071942329407,0.2800673544406891,-5.473081916132871,8.153766430003742,False,-0.3803725838661194,0.9468918442726135
51898,False,1.8720138888888889,576,9.760801928637193,7.2768925067803565,473.68979472283854,vector_km,False,7.051279137541314,4702.472697834524,6831.116107916592,-2.7593873305152616,7.477690166943606,False,-0.2190096229314804,0.28151223063468933,-1.7368803024579105,7.403283429535348,False,-0.011285861022770405,0.6679425835609436
51990,False,0.870625,576,11.824513018244033,4.051588452228854,481.75990363187793,vector_km,False,2.8931994966305865,2645.1206855041182,6846.3275601749165,1.8685773303545705,3.9758813987043844,True,-0.19137929379940033,0.18192549049854279,3.242648202196685,3.920209701797982,True,-0.4104834794998169,0.6962384581565857
51997,False,0.8657638888888889,576,12.596184410590467,8.603818065884377,471.0705590821931,vector_km,False,7.384767637542154,1889.3819738354427,6828.164416083007,-0.3345468875315172,8.632601881466124,False,-0.09195324033498764,0.28549525141716003,-2.687775571241735,8.83506939632208,False,0.07157328724861145,1.1294399499893188
52106,False,0.8692361111111111,576,10.070301558239407,5.696263331190628,471.62205047775296,vector_km,False,5.358824460728101,4637.4948300901415,6831.152333424821,-0.9373944071056295,5.749659795164957,False,-0.20349130034446716,0.2776986062526703,-15.645425037127492,6.587467952153981,False,-0.8560032248497009,0.9258187413215637
52113,False,0.8678472222222222,576,9.966768498080455,4.561668521530609,469.45385581368646,vector_km,False,4.07201175338696,1737.38457004592,6833.618064311649,-4.440189840850417,4.764215274240901,False,-0.2545323967933655,0.27144336700439453,-15.616289350530167,5.274031888626509,False,-0.5003910064697266,0.885941743850708
52263,False,0.8720138888888889,576,19.590617942296376,8.707030176952202,537.5214467184633,vector_km,False,6.027715221719518,2926.241552855874,6908.129902567591,-0.09757080125163409,8.715525706070833,False,0.017422053962945938,0.07199768722057343,-0.06871570242998892,8.713013283905958,False,-0.008264346048235893,0.0474715493619442
52298,False,0.8685416666666667,576,10.865946610044375,5.208550812126293,468.53543248934875,vector_km,False,4.636449111869297,3007.7789580881317,6831.138283281416,-3.7420685351429395,5.40345836357801,False,-0.20426900684833527,0.2820082902908325,-9.104902749227616,5.682784309124988,False,0.15621770918369293,0.9230164885520935
52371,False,0.8372916666666667,576,11.040056936802102,7.8078063112664635,481.7185931371032,vector_km,False,6.790126348380454,2207.4377847698333,6839.167575221845,-2.0683333989676145,7.969297787135922,False,-0.26359426975250244,0.23206953704357147,-11.463671770853079,8.70286761044037,False,-1.0157301425933838,0.8363701701164246
52457,False,0.8664583333333333,576,10.412347893450715,4.819665653380027,543.8770998165082,vector_km,False,4.380772334832727,1635.2922013338507,6908.1463310443005,0.27584945070904254,4.806370642121581,True,0.028842955827713013,0.06925780326128006,-0.19694799786875716,4.829157898408022,False,-0.02665688656270504,0.047537293285131454
52462,False,0.8720138888888889,576,5.541233871185796,3.371103912483305,485.12976364074893,vector_km,False,3.301242165401163,4134.3115156577505,6847.422329080672,-1.9313623377657407,3.4362121540090915,False,-0.1526421457529068,0.15250565111637115,-8.30385252299033,3.6510354206030606,False,-0.29286524653434753,0.5017400979995728
52464,False,0.8734027777777778,576,13.928584919185596,6.644373222671342,473.5972730356252,vector_km,False,5.763035934798154,2632.546783588157,6840.666634233692,3.5479394980920453,6.40863489034874,True,-0.25653326511383057,0.23645266890525818,1.8072437734497626,6.524293211139126,True,-0.5269121527671814,0.631588339805603
52497,False,0.8727083333333333,576,7.41936207730123,4.744751446271986,481.71414429978495,vector_km,False,4.567787106318065,1224.6045127180291,6847.271062460706,2.3978829130074875,4.630977871837366,True,-0.15836909413337708,0.15960673987865448,3.7833244081585837,4.5652421163203885,True,-0.2974766492843628,0.3418111205101013
52498,False,0.8699305555555555,576,9.892852269184914,6.538670964880727,550.5308629995252,vector_km,False,5.954087855332546,4236.933253825595,6908.172125554789,0.30878444265356464,6.5184805761539915,True,0.02884543687105179,0.06933396309614182,-0.3495496171544765,6.561526874240413,False,-0.02063848078250885,0.04666869342327118
52536,False,0.8650694444444444,576,11.31351371144774,5.542726681555405,466.787900490584,vector_km,False,5.0953090132634316,5093.258090656828,6831.122216955882,0.8593943912490354,5.495092809245914,True,-0.19924964010715485,0.2767125368118286,-5.546691794408765,5.850164658142413,False,-0.40795522928237915,0.7750523686408997
52576,False,0.8727083333333333,576,16.80693985841208,6.902407273986135,529.8028127866355,vector_km,False,4.5264106137915405,5587.041628385861,6898.212726653062,-0.1082525944091639,6.909879318947737,False,0.001683526556007564,0.0747709795832634,0.374964017996926,6.876525740295588,True,-0.033412955701351166,0.06968863308429718
52639,False,0.8685416666666667,576,10.197476162280509,4.770346615745495,467.9030418947941,vector_km,False,4.234422454827836,4535.115717382143,6831.168017669632,-3.9342058387659806,4.9580218812249495,False,-0.20585258305072784,0.27849826216697693,-10.104222227892578,5.252353049851594,False,0.19187317788600922,0.9335366487503052
52649,False,0.8213194444444445,576,11.12099500570821,7.836868551537344,481.68260045916577,vector_km,False,6.759762181872247,1787.43169853961,6839.146743807575,-2.0360342497541817,7.996429889558462,False,-0.25950413942337036,0.22802786529064178,-11.024321372689938,8.700830137316524,False,-0.9890087842941284,0.8374520540237427
52664,False,0.8685416666666667,576,10.565616128903457,5.50504986981723,543.8990314156586,vector_km,False,5.160386575048506,4947.048310957069,6908.180818302222,-0.2260273031146287,5.517492795595697,False,0.028732027858495712,0.06954372674226761,0.2955517679439357,5.488779607571235,True,-0.015335078351199627,0.045362409204244614
52676,False,0.8713194444444444,576,18.745117913680588,13.213640128504634,464.2046138419082,vector_km,False,9.883452622253117,4966.394277245494,6821.845975618827,-0.32669201764436995,13.256808046077383,False,-0.06648033857345581,0.29215770959854126,-2.7216359909317367,13.57326732422638,False,-0.3510993719100952,0.8617145419120789
52679,False,0.8692361111111111,576,10.83971029109125,5.675386927634402,543.817416494629,vector_km,False,5.405984099495981,5260.884377763751,6908.201379166112,-0.21809131609946686,5.687764463700426,False,0.028693024069070816,0.06953597813844681,0.2932943792089082,5.658741346747964,True,-0.015518058091402054,0.04535111412405968
52681,False,0.8678472222222222,576,14.334795852751085,8.472401137442318,541.2810016390945,vector_km,False,6.913802948286957,5283.763735836871,6908.165579427081,-0.2742779269664375,8.495639073673805,False,0.021161863580346107,0.06864044815301895,0.15070363211925342,8.45963293118541,True,-0.008122405968606472,0.04655349254608154
52682,False,0.8692361111111111,576,10.603258160285804,5.997360536268114,543.8795647650745,vector_km,False,5.691102367289204,2932.2246508578705,6908.183982017394,-0.12609671076251328,6.004923020649527,False,0.028997421264648438,0.06957121938467026,0.19214102504540032,5.985837156238846,True,-0.02069859206676483,0.045633915811777115
52686,False,0.8671527777777778,576,9.64276287283974,5.041180562802621,547.5195218251092,vector_km,False,4.506976118620514,5270.170090715857,6908.234992982837,0.5792802323786428,5.011978010265863,True,0.029231442138552666,0.06968418508768082,-0.5967601139478917,5.071264327733197,False,-0.028168976306915283,0.04897255823016167
52836,False,0.8671527777777778,576,10.866935051512883,5.087996127922695,490.9970611491344,vector_km,False,4.63151098605249,4249.91349565437,6854.586236633511,-0.9224915058989591,5.1349324701154995,False,-0.0976928099989891,0.10896429419517517,-2.8305023613091507,5.232011988749916,False,-0.2807396650314331,0.3497055768966675
52841,False,0.870625,576,8.415265311046824,4.686999374888079,463.80944342126077,vector_km,False,4.028851448900241,1218.959268809148,6827.467757774763,-0.4227111918111204,4.706811855848119,False,-0.08867230266332626,0.28010788559913635,-6.2685231311706335,4.980805025487613,False,0.5205351114273071,1.0205551385879517
52848,False,0.870625,576,11.637858698169111,7.4453815662805365,504.6575583066151,vector_km,False,5.952318463224401,1318.7537321950322,6870.629502028845,0.34715991077399755,7.4195341962435375,True,-0.03667701780796051,0.08622166514396667,0.8627947858715013,7.381143212252151,True,-0.18899525701999664,0.23260590434074402
52850,False,0.8657638888888889,576,10.74583747615543,7.741230424442313,481.70758684689145,vector_km,False,7.089224618549906,4208.032990202688,6838.556449473602,-3.09429314780052,7.98076679733071,False,-0.262306272983551,0.22990481555461884,-9.817526670731924,8.501227796986504,False,-0.8557685017585754,0.35363203287124634
52867,False,0.8671527777777778,576,11.207612883181355,6.319077462377714,466.8580320500723,vector_km,False,6.122481444851019,1323.7458160609008,6831.232426470209,-0.043556170364156266,6.321829820527025,False,-0.19905416667461395,0.27509093284606934,-5.942003108942684,6.694557252242895,False,-0.06636996567249298,0.9185397028923035
53001,False,0.8713194444444444,576,9.329814122876996,5.411584378500428,469.28000097180666,vector_km,False,5.053473945102269,2320.8648217345876,6833.653593747613,0.3552196845461264,5.392361375506649,True,-0.2506309747695923,0.27029240131378174,-2.890663826165496,5.568015100841229,False,-0.43475422263145447,0.7868350744247437
53014,False,0.8650694444444444,576,10.246490387849917,6.200040324843443,479.1579713494916,vector_km,False,6.370463569612184,2134.214056447688,6843.629668005496,0.8807262944282135,6.145434949349322,True,-0.20118099451065063,0.19598710536956787,1.6122626285094976,6.1000794015722475,True,-0.24820944666862488,0.5003854632377625
53025,False,0.8671527777777778,576,10.804710877686375,6.940871468051633,519.9057173018305,vector_km,False,7.0371213828102555,2171.2779151733052,6886.034285609736,0.017662653845340603,6.939645535948614,True,-0.0023922754917293787,0.07923611998558044,1.1455725390009497,6.861358760431724,True,-0.12346979975700378,0.08045961707830429
53138,False,0.8615972222222222,576,11.294279197572905,7.886598303237774,481.72198265355564,vector_km,False,6.978806404838906,2398.5698014150175,6839.1679346332585,-2.8760012368368226,8.113416978270845,False,-0.2657388150691986,0.2341790646314621,-9.321518452838173,8.621749030307457,False,-0.9231557846069336,0.33930283784866333
53156,False,0.8622916666666667,576,10.017566117138813,7.615932449863089,550.767566141431,vector_km,False,7.000852938979733,2520.2866532073035,6908.137899731981,0.33625116920126263,7.59032379792122,True,0.028803331777453423,0.06954076886177063,-0.4033717744815979,7.646652981769759,False,-0.02445853501558304,0.04807039350271225
53177,False,0.8657638888888889,576,10.723662530896945,7.052825992886973,470.6989393548715,vector_km,False,5.686324468332259,4738.656108807908,6828.3820366970795,-0.12878643260525457,7.061909085893947,False,-0.0949019193649292,0.28961771726608276,-4.123131649403633,7.343623303989375,False,0.2530958950519562,1.1701788902282715
53194,False,0.8734027777777778,576,12.223198676858374,9.26605800519982,563.3281979216163,vector_km,False,9.829549388652595,3236.4453730493087,6917.622408389141,0.15518786126272888,9.251678217942668,True,0.006236460525542498,0.0685727670788765,-0.6924073241739492,9.330216879559272,False,-0.05721910670399666,0.05868648737668991
53200,False,0.8754861111111111,576,12.58109230869104,7.087704104094888,559.2970198827879,vector_km,False,6.078558074311331,3235.355524032088,6917.563692722402,0.2159095702325975,7.072401082602787,True,0.006173998583108187,0.06817735731601715,-0.7498402435748508,7.140850571887881,False,-0.056551165878772736,0.05655495822429657
53231,False,0.8740972222222222,576,13.501482868658968,7.034076253844919,558.0898202079898,vector_km,False,6.373974301479848,3228.6145566139908,6917.578584640813,0.2001150257497808,7.020000020318267,True,0.005984206218272448,0.06792157888412476,-0.5502225677221695,7.072779338879383,False,-0.05612006410956383,0.05579046905040741
53253,False,0.8699305555555555,576,10.920959333530845,5.145443149143677,474.7846249753011,vector_km,False,4.730315068541131,1623.6145540628295,6839.289007587806,-2.7177326548080583,5.285282548114313,False,-0.25295060873031616,0.23179323971271515,-10.314133717640761,5.676151046942955,False,-0.7278980612754822,0.6765011548995972
53262,False,0.8664583333333333,576,10.864338892798514,7.392187332307278,476.1471349559515,vector_km,False,6.373909055653712,2126.9599323615626,6833.627850403764,-3.2749688408441946,7.63427917442467,False,-0.26380455493927,0.2651546001434326,-6.4887889482186045,7.871850777606527,False,-0.43393224477767944,0.5255420804023743
53278,False,0.8629861111111111,576,10.378233733201341,5.805968436956496,479.72054228280103,vector_km,False,5.478589810467838,4580.712850924604,6839.181865843604,-1.5726299142063915,5.897274843562718,False,-0.2504006028175354,0.2245343029499054,-15.121689903438472,6.68392899139674,False,-0.8075038194656372,0.7817776799201965
53289,False,0.8720138888888889,576,9.769890146405487,7.103255117673245,473.67751673519433,vector_km,False,6.7229436644383895,3982.9417689185257,6831.1659577821465,-1.6041171277651145,7.217199659805105,False,-0.21058689057826996,0.28187674283981323,-10.544630002731314,7.852267099036428,False,-0.6264616847038269,1.056653380393982
53394,False,0.8789583333333333,576,27.32171487358937,19.05428699302013,475.0985466519551,vector_km,True,14.529393901214917,3363.012114817916,6827.530891694012,-1.2381417894896218,19.290206093093815,False,-0.24834254384040833,0.22613085806369781,-1.3966491382154445,19.32040853824091,False,-0.26874157786369324,0.5301546454429626
53417,False,0.8775694444444444,576,10.308626723342059,4.9983461192881355,543.7968952638857,vector_km,False,4.074403224535217,4777.700382563654,6907.949938895082,-0.2527710142590456,5.010980499495315,False,0.028440888971090317,0.06959476321935654,0.3127196519011277,4.982715318671812,True,-0.014899428933858871,0.04538973048329353
53423,False,0.8754861111111111,576,11.123930335015757,7.104282977098867,481.6848960942757,vector_km,False,6.47963925923159,2837.3464350654076,6839.146783139753,-3.3247398277397755,7.3404819130462835,False,-0.25969555974006653,0.23129653930664062,-11.86540952645756,7.947235257436599,False,-0.9129642844200134,0.44514384865760803
53506,False,0.8775694444444444,576,12.253038094740987,7.953830251477917,268.56417370136387,vector_km,False,7.407129000370787,5047.126380567508,6628.859313672037,-11.385759891145963,8.8594342771991,False,-0.9072465896606445,0.6778243184089661,0.41867707766625184,7.920529397376627,True,0.0031938154716044664,0.6425408720970154
53529,False,0.8803472222222222,576,9.05820115421102,6.9808386688403345,528.6653110645525,vector_km,False,6.654548573595093,4592.943083466398,6885.505970078274,-0.1096606913953746,6.988493914800747,False,-0.006251811981201172,0.07725103944540024,-3.069584715802587,7.195121435960853,False,-0.2592921853065491,0.09867644309997559
53552,False,0.8740972222222222,576,11.14982352345487,7.516704188538119,550.7234626220466,vector_km,False,6.743647600208988,4428.055768777412,6908.189391554113,0.20148161929359754,7.501559421201395,True,0.029009481891989708,0.06927589327096939,-0.18493897995219832,7.5306055146089195,False,-0.01905956119298935,0.046233728528022766
53610,False,0.8359027777777778,576,15.204164139224304,5.348401282410454,544.4410598014474,vector_km,False,4.233000968907163,1246.4714518954574,6908.209539017175,-0.18385691945639326,5.358234698266846,False,0.022306276485323906,0.06885784864425659,-0.06170318152636245,5.351701426168669,False,-0.01537415012717247,0.046507302671670914
53627,False,0.8761805555555555,576,7.596603716804566,4.326008048563485,466.52784450249055,vector_km,False,3.7290803533337566,3782.246292230745,6827.839461812586,-3.1360149841289653,4.461672319494662,False,-0.09705271571874619,0.286780446767807,7.733187872164516,3.9914697280297937,True,0.9753716588020325,0.9887376427650452
53629,False,0.8775694444444444,576,10.799171793741152,6.760153523747146,469.765659418179,vector_km,False,5.455874979502369,2372.8090540150297,6827.732476539755,-2.0309858916616186,6.897451298272214,False,-0.09975147247314453,0.2875021696090698,5.14287360814124,6.412487381790236,True,0.8413498401641846,0.812009871006012
53652,False,0.8796527777777777,576,11.358531125621084,6.247071451778501,558.1026850067256,vector_km,False,5.082252227714434,2573.2859635268915,6917.573821435188,0.20276721547116683,6.234404448926958,True,0.005843705963343382,0.06852235645055771,-0.6911948681435298,6.290250899131573,False,-0.05524922162294388,0.0552317313849926
53660,False,0.8747916666666666,576,13.708969206373695,6.811844846425542,557.0470813831998,vector_km,False,5.687047136905676,3213.494686688899,6917.525043978296,-0.15430544413981284,6.822355903885365,False,0.006159020587801933,0.06773298233747482,-0.12458957180332408,6.820331704764069,False,-0.038005150854587555,0.047475360333919525
53670,False,0.8810416666666666,576,18.553002240826572,7.448231736688623,531.1016945194497,vector_km,False,5.116216847080523,3178.182725987443,6900.5019230815515,0.16071513243774982,7.436261311172662,True,-0.029425164684653282,0.07726851850748062,-0.10464350981149728,7.4560258378072515,False,0.015785375609993935,0.07162442058324814
53683,False,0.8782638888888888,576,13.467477384193444,8.382202922230935,561.4318785625992,vector_km,False,7.389860391031107,2518.8093037990034,6917.5684943449005,0.19148279946373803,8.366152455399568,True,0.0060246847569942474,0.06829795986413956,-0.6575664294633077,8.437321484762775,False,-0.05724941939115524,0.05737203359603882
53688,False,0.8803472222222222,576,13.360128700261157,9.973167819093787,563.3909975879924,vector_km,False,9.87502385173184,2519.775708659618,6917.599371054801,0.10697633796831196,9.96249889937079,True,0.006068049930036068,0.06796558946371078,-0.6161907501161634,10.034621566750225,False,-0.05324548855423927,0.056684572249650955
53724,False,0.8789583333333333,576,10.655370393451449,5.051825111636242,465.68067374799557,vector_km,False,4.398603040225225,1736.966225148945,6828.174417482023,1.155797412808779,4.993436257580746,True,-0.08842604607343674,0.2816116511821747,-11.216609568221969,5.618468621599534,False,-0.31621018052101135,0.8762844800949097
53729,False,0.8734027777777778,576,9.646230086814285,5.267266538466789,508.520535557343,vector_km,False,5.217884829999548,4513.7860622555045,6874.747165821866,0.2431940568653812,5.254456869261659,True,-0.022116750478744507,0.08416444808244705,2.0267021695877574,5.160514743051042,True,-0.327881395816803,0.19428977370262146
53775,False,0.8754861111111111,576,11.204331956132592,5.802597204836518,481.94163661121456,vector_km,False,5.580036675582505,4729.895577375421,6846.189279093245,-0.14876523051774448,5.8112294619591855,False,-0.16196076571941376,0.15919990837574005,-0.5383607696649806,5.833836121862871,False,-0.25593510270118713,0.5232042074203491
53834,False,0.8747916666666666,576,16.83761297770252,9.941552535155532,497.33208107190694,vector_km,False,6.380469892843394,3447.3361134960123,6855.999453992945,-0.7692983459636649,10.018032744448524,False,-0.0738297551870346,0.09863705933094025,-0.7715987032891558,10.018261435680763,False,-0.0674670934677124,0.4149661958217621
53841,False,0.8754861111111111,576,9.57642877741182,6.576252374219916,550.7105052353218,vector_km,False,6.086865216711885,5328.950565855684,6908.160135684575,0.4777427362552267,6.544834816136494,True,0.029546061530709267,0.06946786493062973,-0.5744367636064673,6.614028795582422,False,-0.029219508171081543,0.04991242662072182
53842,False,0.8761805555555555,576,10.960075075855457,5.4748723570639894,543.9686134005951,vector_km,False,4.99872998027422,5362.4113932032815,6908.151711776809,0.03552442091906416,5.472927450359532,True,0.02874802239239216,0.06951657682657242,0.11215739708366756,5.468731892723437,True,-0.024677226319909096,0.0466422364115715
53848,False,0.8775694444444444,576,10.338580160395395,5.405835652468531,547.7523906613906,vector_km,False,5.043328466737876,4355.319041676389,6908.170383860288,0.10285958024051078,5.400275242597624,True,0.028581390157341957,0.06939169764518738,0.10594044668063018,5.400108696020891,True,-0.014882023446261883,0.04564828798174858
53864,False,0.8803472222222222,576,10.836302311505278,7.778785315342885,481.70956696044595,vector_km,False,6.6224078931340955,3358.8788452160566,6839.0711607581525,-2.873738701803874,8.002327289767504,False,-0.2634226083755493,0.23133619129657745,-10.083762652029726,8.56317957476138,False,-0.956807017326355,0.350148469209671
53926,False,0.8747916666666666,576,11.126051575784004,5.549085726165202,490.48013266761654,vector_km,False,4.973321532600494,4874.4198146166955,6854.081027632468,0.04684098977838502,5.546486489482731,True,-0.09738825261592865,0.10807773470878601,0.7262218907923557,5.5087870608103335,True,-0.09836903214454651,0.41649842262268066
53930,False,0.8775694444444444,576,9.092394051736846,5.0897114669587395,408.760529777127,vector_km,False,4.489792243477041,4533.627529585978,6774.046637934364,-23.743360870129713,6.298180040181462,False,1.849770188331604,0.4830484092235565,-6.672115333952822,5.42930289686686,False,-0.26615065336227417,0.8814312219619751
53936,False,0.8782638888888888,576,10.072910654389489,4.928639167581492,477.4427883817016,vector_km,False,4.208339147257448,3254.3448067353675,6839.180140880711,-1.2672843138664236,4.991099048766057,False,-0.24886004626750946,0.224411740899086,-13.024479873951144,5.570568795325265,False,-0.7214320302009583,0.6930322647094727
53966,False,0.8803472222222222,576,15.009323945201686,9.95480091356776,529.7355183483505,vector_km,False,6.315629702119622,4256.193197814246,6897.591339973126,-0.14400591534391438,9.96913642575841,False,0.010081284679472446,0.07542149722576141,-0.08762335801224541,9.963523654420426,False,0.007438760716468096,0.06680178642272949
53999,False,0.8747916666666666,576,18.8791607682042,12.792844590971725,535.5549431679415,vector_km,False,8.010373870626609,4248.668967501519,6906.928924453301,-0.15202227955326553,12.812292574953831,False,0.016559859737753868,0.07307237386703491,-0.13203076224466148,12.809735091211165,False,0.017835699021816254,0.05930589511990547
54004,False,0.8740972222222222,576,11.12514150433617,7.369222059394101,550.7391731080884,vector_km,False,6.612563916461113,1619.0839293799577,6908.221395532921,0.19403364181785898,7.35492329943921,True,0.028993705287575722,0.06963253766298294,-0.1709342060019381,7.381818590626939,False,-0.018856290727853775,0.046251554042100906
54009,False,0.8810416666666666,576,15.996673572478358,5.709017788052438,542.3244043283576,vector_km,False,3.9495572287723917,1224.2386131908825,6908.170429477599,-0.0734545440372214,5.713211331045001,False,0.02230490930378437,0.07066971063613892,-0.17005255410553755,5.718726128632365,False,-0.01761622168123722,0.04796655476093292
54051,False,1.8775694444444444,576,11.384471617832787,5.393374498297036,547.7943457935189,vector_km,False,4.924293513311568,4072.5500606913965,6910.6682224556425,-0.06259566240001124,5.396750526796218,False,0.03127429261803627,0.06799011677503586,0.22303524809590414,5.381345382081714,True,-0.018553242087364197,0.045343559235334396
54066,False,0.8782638888888888,576,11.166281979289124,7.3155133562577355,553.3175112495414,vector_km,False,6.682003859213637,4814.495057981056,6910.599414931652,0.45374171205453395,7.2823198306640995,True,0.0325237512588501,0.06824811547994614,-0.5882588816541023,7.358547523373339,False,-0.034377556294202805,0.05109595134854317
54082,False,0.8740972222222222,576,9.653790448143809,4.4575867670930265,545.1574401537055,vector_km,False,4.045698318206632,4957.845676658924,6908.098832085396,0.5068884966713982,4.434991782490797,True,0.028995759785175323,0.06930699944496155,-0.4585213188963877,4.478025762774304,False,-0.02787172794342041,0.048367153853178024
54088,False,0.8796527777777777,576,9.51876093973624,5.639392854481096,543.8681627575052,vector_km,False,5.267898453126691,2753.4290202772168,6908.182932109379,-0.2171742881414529,5.651640175790033,False,0.02909182570874691,0.0693727508187294,0.23962825811996158,5.625879285591398,True,-0.019256262108683586,0.04541300609707832
54099,False,1.8803472222222222,576,10.787467809617738,5.154523475137564,545.9174679116231,vector_km,False,4.565112306037008,4997.103314655642,6908.1101862393825,0.49226385002707485,5.129149629379076,True,0.029077503830194473,0.06939275562763214,-0.5001752763307277,5.180305137222883,False,-0.028185341507196426,0.048657480627298355
54104,False,0.8803472222222222,576,10.005374469300477,5.331724896062333,478.7304880463298,vector_km,False,4.890560469207685,5215.564155880898,6839.159697842234,-4.341394833446022,5.5631961356676785,False,-0.25021451711654663,0.22420750558376312,-16.19008959111754,6.194935945105753,False,-0.879403829574585,0.5850648880004883
54166,False,1.8761805555555555,576,9.65980685636805,6.754904199054282,473.69248905372706,vector_km,False,6.341548397091628,1979.8410417611608,6831.172755812613,-1.4639561072822715,6.853793041763799,False,-0.20862595736980438,0.2796444594860077,-11.949274824785316,7.56206627714517,False,-0.6597977876663208,1.051056981086731
54170,False,0.8796527777777777,576,8.72815140840521,4.363820464364677,468.7407040930625,vector_km,False,3.7824929804892236,4613.758269197291,6830.887247059362,-4.451637936748543,4.5580819620930955,False,-0.20658591389656067,0.279029905796051,-3.363254057026732,4.51058684351011,False,0.2661404013633728,0.8973802924156189
54181,False,0.8782638888888888,576,11.080778458811437,7.318737925190276,473.7065094715049,vector_km,False,6.58810991737937,4595.50624667014,6831.173375945673,-2.9646976454320795,7.535716386430206,False,-0.21737705171108246,0.28133153915405273,-2.099901491229228,7.4724242222304955,False,0.03539592772722244,0.648008406162262
54192,False,0.8761805555555555,576,13.528845837539848,5.165380803755362,495.1459630206,vector_km,False,3.300977796518964,4626.691640105835,6862.021965702184,0.7383738459688205,5.127240992781901,True,-0.07969097048044205,0.1016632616519928,-0.9554107847569382,5.214731419123746,False,-0.03245727717876434,0.3576674461364746
54202,False,0.8803472222222222,576,30.64951313027359,21.32665850765746,471.0218299804187,vector_km,True,12.170057000075758,4674.654179457611,6819.674760887256,-0.5133940587030539,21.436148315407003,False,-0.10323089361190796,0.2877153158187866,3.8187332481582015,20.51225031812251,True,0.7970835566520691,0.7944420576095581
54208,False,0.8782638888888888,576,10.48344503847602,5.284169513318207,474.8368727507841,vector_km,False,4.863247978389609,2891.462797472033,6839.095114090809,0.8275409256204735,5.240440857933584,True,-0.24980047345161438,0.2285955846309662,-1.6056954309815907,5.369017191919449,False,-0.3732205927371979,0.5468241572380066
54764,False,1.8838194444444445,576,10.714025222438067,5.629076338813047,478.6023837806506,vector_km,False,5.320202707772751,3132.7177526895493,6839.124490197013,-4.006330062750796,5.854595726830739,False,-0.2552741765975952,0.2299230545759201,-15.134417933960599,6.481004289264144,False,-0.928645670413971,0.5920279622077942
54770,False,0.8782638888888888,576,10.653151359961157,5.562134358135518,466.8547478723126,vector_km,False,5.209084599349808,1266.364057277705,6831.101467560681,-0.8243665682347912,5.607986744346725,False,-0.19882190227508545,0.27449625730514526,-8.026484679837932,6.008578231065916,False,0.15666499733924866,0.9536889791488647
54776,False,0.8490972222222222,576,9.878703975658937,4.867302845342119,466.80186413093406,vector_km,False,4.35980761401288,1265.2072931605212,6831.0323333322685,-2.4815946065442684,4.9880895804844645,False,-0.20107164978981018,0.2759585976600647,-12.318670633594998,5.46688986283128,False,0.13652977347373962,0.9714061617851257
54781,False,0.876875,576,10.922021368226524,7.80376449940225,473.67354635036054,vector_km,False,6.652811969744562,4270.198104297362,6831.136228602326,-2.361903996151482,7.988081935200073,False,-0.21880286931991577,0.28203654289245605,-2.9865276103713256,8.036826091123906,False,-0.09823352843523026,0.7104987502098083
54792,False,0.8761805555555555,576,9.757675710548028,5.809861484030019,474.9415162865057,vector_km,False,5.431546565630015,1259.6018363915377,6839.318623181938,0.6533871755260212,5.7719006041122025,True,-0.24365639686584473,0.22085998952388763,-0.2973928978629914,5.827139609488941,False,-0.30484747886657715,0.5581417083740234
54851,False,0.8740972222222222,576,8.042317870457737,4.4767656873565445,491.64853237746365,vector_km,False,3.6898379061913147,5555.391477898545,6855.584507862213,-0.2736516788209409,4.489016441844241,False,0.014697836712002754,0.11641184240579605,0.31205342829527805,4.462795796521196,True,-0.046286530792713165,0.3163110315799713
54865,False,0.8761805555555555,576,9.250889787306733,4.751695775963614,491.467115445103,vector_km,False,3.9989757622097386,3041.2621773479864,6855.394592936546,-0.18196261781451284,4.760342096006335,False,0.050344809889793396,0.11448583006858826,4.560679226845698,4.534986183330269,True,0.3401111662387848,0.38268885016441345
54873,False,0.8747916666666666,576,7.24959985496389,4.723443065306542,488.23785692281035,vector_km,False,4.202317088082054,3636.49150181972,6855.486988254299,-0.22994314594395604,4.734304308910774,False,0.0423792339861393,0.11502942442893982,-0.8464400064793987,4.763424187179218,False,0.21393078565597534,0.2758523225784302
55269,False,0.8775694444444444,576,10.63549784711995,5.953750615745137,583.3202632778725,vector_km,False,4.791300591539311,2540.8569239911058,6943.641931831204,0.1647107364394773,5.943944159243702,True,0.03955288603901863,0.06451854854822159,-1.0190745578690041,6.014423783611072,False,-0.09322551637887955,0.07149586081504822
55312,False,0.8761805555555555,576,13.761273044151494,7.9544206410221925,583.3133870119132,vector_km,False,7.118389450093673,3009.9913716645224,6943.882036078156,0.051816281964467414,7.950298965989019,True,0.03953833878040314,0.06453331559896469,-0.5976918278482124,8.001963573206023,False,-0.09301095455884933,0.07124778628349304
55331,False,0.883125,576,8.570193393859881,4.607948763911781,491.6384247960409,vector_km,False,3.843003095255426,3017.302621780452,6855.5108774486935,-0.3064179942483314,4.622068358120792,False,0.01763955131173134,0.1162199079990387,0.13284727639198968,4.6018272394681015,True,0.05604010075330734,0.3294064700603485
55332,False,0.889375,576,8.794069674167076,4.8096530500931625,491.63930597649414,vector_km,False,3.955945045473527,4975.093978237603,6855.538490740679,-0.3141326433141023,4.824761750385071,False,0.021325085312128067,0.1158001646399498,3.1791281147781625,4.6567480274364526,True,0.2749716341495514,0.363706111907959
55336,False,0.8900694444444445,576,9.16847483964375,5.397402624426218,490.1589782986812,vector_km,False,5.192081843160395,4249.176914220396,6855.520466497016,-0.07126098455765284,5.4012488766840505,False,0.02254863828420639,0.1159549206495285,0.13541843656301733,5.3900935561636665,True,0.07709839940071106,0.3163492977619171
55358,False,0.8852083333333334,576,9.638464406472849,5.668837357270271,487.66766110455546,vector_km,False,4.280322079529924,3036.1226050819805,6855.524596800855,-0.20916128780605892,5.680694380511285,False,0.03332224488258362,0.11545312404632568,-3.6140290504282024,5.873710796544948,False,0.3408709764480591,0.32320767641067505
55374,False,0.8886805555555556,576,8.95569488160163,4.949526646183534,491.7797269671223,vector_km,False,4.344311794071473,3516.852749128747,6855.631387411515,-0.5150231771716696,4.975017865623169,False,-0.027787020429968834,0.11901721358299255,2.481651071337687,4.826696674894211,True,0.08506684750318527,0.36318668723106384
55377,False,0.8865972222222223,576,8.641767917410107,4.550593144187551,491.62615602578535,vector_km,False,3.6910453608088574,2950.2670742145424,6855.584618500294,-0.39536717784716124,4.568584705916568,False,0.013442854396998882,0.11617052555084229,2.6521016325849023,4.429906798853046,True,0.21864838898181915,0.34441283345222473
55384,False,0.8865972222222223,576,9.691154585144432,5.449169718778508,491.7596333286183,vector_km,False,4.712560405504064,3197.630777695816,6855.609195509747,-0.23854751741587688,5.462168587886287,False,-0.007937218062579632,0.1177358627319336,0.39448686411033274,5.4276734699954,True,-0.09709098935127258,0.309442400932312
55393,False,1.876875,576,13.139583103953555,6.979614880203295,578.3423631165842,vector_km,False,6.6620703145358675,4480.075881564054,6943.875638072784,0.19273781906391507,6.966162532684857,True,0.0401475727558136,0.06433876603841782,0.03523095319799552,6.977155905347927,True,-0.0910549983382225,0.06669631600379944
55405,False,1.889375,576,12.07634893834711,6.750078949602393,583.195026174697,vector_km,False,6.016633828132399,4462.762093934556,6943.8011745248705,0.341985864902572,6.726994643690791,True,0.04010660946369171,0.06435592472553253,-1.0457544306468947,6.8206682093946,False,-0.09556920826435089,0.07139570266008377
55406,False,1.8879861111111111,576,9.77189271698171,5.744483407839171,583.4327411531776,vector_km,False,4.990017734452522,1967.9506328784682,6943.839419521524,0.1990510048274552,5.733048965873816,True,0.03985847532749176,0.06439667195081711,-1.1272260041924609,5.8092367287315785,False,-0.09267216175794601,0.07080698013305664
55435,False,0.8845138888888889,576,10.560209324114112,5.445436548334433,578.4240313067326,vector_km,False,4.963447959201403,2020.32083435083,6943.660370128454,-0.11550392840433688,5.4517262514780755,False,0.03979944437742233,0.06445212662220001,0.7994776133383841,5.401901512102005,True,-0.08712071180343628,0.0648840144276619
55458,False,0.8754861111111111,576,8.77389364319788,4.923671864638277,491.1247017320129,vector_km,False,4.194589051674939,4959.90561687007,6855.539948983818,-0.09174732019234799,4.928189211638322,False,-0.002667265711352229,0.11738544702529907,3.061264996483093,4.7729452309982925,True,0.10907767713069916,0.36330923438072205
55468,False,0.8865972222222223,576,8.857087039837097,4.971550080213177,491.66847392814907,vector_km,False,4.14652921906054,3143.4839386367885,6855.528459054025,-0.2984710578306071,4.986388728358015,False,0.01784752495586872,0.1160854920744896,0.25527882789221357,4.958858775414806,True,0.053769562393426895,0.33137691020965576
55480,False,0.8852083333333334,576,10.660274617580399,6.404816281073173,487.57292680138016,vector_km,False,5.344134447146644,4798.560664014203,6855.520763368784,0.01697003595254598,6.403729391445883,True,0.021605290472507477,0.11608047783374786,-1.9473389420675336,6.5295397728771265,False,0.23536290228366852,0.2707599699497223
55497,False,0.8740972222222222,576,9.958545289132417,5.54589030679452,491.72217710060886,vector_km,False,4.698313701484949,3100.5936125277276,6855.602011594202,-0.2796036933087054,5.561396830947127,False,0.007526660803705454,0.11655326187610626,0.5150800137840084,5.517324544186329,True,-0.006661888677626848,0.32417231798171997
55500,False,0.8740972222222222,576,10.108485157172254,5.302478510167783,491.70509404622726,vector_km,False,4.44019839945031,2590.9652660037505,6855.54434270524,-0.3657066464937575,5.321870036544941,False,-0.00030913783120922744,0.11696016788482666,1.1853216508405318,5.239627094237066,True,0.047293521463871,0.32669320702552795
55577,False,0.8879861111111111,576,8.542505620754127,4.4121934022958635,491.5649963725714,vector_km,False,3.4851011403397933,1997.859028946063,6855.5654148936155,-0.3286430192628531,4.4266937779417495,False,0.028480185195803642,0.11538833379745483,3.005542014175233,4.279583085542639,True,0.25091612339019775,0.34848111867904663
55619,False,0.8886805555555556,576,8.942913875312115,4.653272561098488,491.70698023784416,vector_km,False,3.7906864900860455,2240.6879745674014,6855.56691332443,-0.44123838603318255,4.673804595888928,False,0.0026581445708870888,0.11676465719938278,1.9270284640531932,4.56360268414344,True,0.1167631521821022,0.32993409037590027
55654,False,0.8740972222222222,576,11.843535129700285,6.646805863922459,581.856299538741,vector_km,False,6.334549012945445,5056.687004670808,6943.645993027046,0.3961434583472645,6.620474987263874,True,0.03971196338534355,0.06449195742607117,-0.8040736390609204,6.700251087794222,False,-0.09420047700405121,0.06964533776044846
55663,False,0.889375,576,9.250280031295915,5.097098285149302,582.3239389812534,vector_km,False,4.609070618711485,2485.3848816943355,6943.858286092567,0.5747125121089325,5.067804633492588,True,0.039579179137945175,0.06458041816949844,-1.3622961445320492,5.16653586870713,False,-0.09450919181108475,0.07013886421918869
55767,False,0.8886805555555556,576,12.671723927393941,7.259616874323897,578.6460316308526,vector_km,False,6.87829069460804,4841.635402540893,6943.568572476251,-0.1466987114092655,7.270266648746449,False,0.03935147821903229,0.0647059753537178,0.6327789718224008,7.213679555245027,True,-0.08738979697227478,0.06536759436130524
55771,False,0.8900694444444445,576,9.77673008509555,5.510488985696173,583.2454894553503,vector_km,False,4.230365109499417,2567.189825232584,6943.552131316967,0.39647479695918975,5.488641295639028,True,0.03944595530629158,0.0646023079752922,-1.4745208053261294,5.5917423024129205,False,-0.0952402651309967,0.0724363923072815
55789,False,0.8838194444444445,576,12.48816293238815,6.861875595088979,578.436074712306,vector_km,False,6.661223451510978,3030.8095810667087,6943.697832506695,0.13526843014686207,6.852593653679345,True,0.039839450269937515,0.06443218141794205,0.2166885470265889,6.84700670654154,True,-0.09033360332250595,0.06622309982776642
55941,False,0.8845138888888889,576,11.791391241607016,6.321723027279523,579.1206273977896,vector_km,False,5.794612225347464,3226.4268519778866,6943.564892694903,0.30170951978435445,6.30264979706165,True,0.03941630572080612,0.06462585926055908,-0.27677215848516123,6.339219806583255,False,-0.0917649120092392,0.06748109310865402
55964,False,0.8845138888888889,576,12.50364253931366,7.917833395866027,535.9380861913896,vector_km,False,7.656896224038519,4209.13748721208,6902.059639665375,-0.024749983040339707,7.919793068291141,False,0.001681643188931048,0.07964390516281128,0.036789956151017655,7.914920438427898,True,0.0010408064117655158,0.04921700060367584
55989,False,0.8838194444444445,576,10.3814498469319,6.017059750501951,491.691490553098,vector_km,False,5.222777656914332,2198.2821464431854,6855.520994919558,-0.2437872579011513,6.031728585498352,False,0.010545488446950912,0.11621265113353729,2.907492078989804,5.842114224577274,True,0.14922375977039337,0.37504664063453674
56001,False,0.8838194444444445,576,10.200764807057567,5.531231011909207,491.6393068010575,vector_km,False,4.713849342384492,2211.273521719165,6855.537662167402,-0.3456564420351693,5.550350078260284,False,0.014287499710917473,0.11618419736623764,1.5486125381898863,5.445573684787672,True,0.11735350638628006,0.32680946588516235
56003,False,0.8852083333333334,576,10.420357295889517,5.571734874235857,487.7619702858865,vector_km,False,4.380320663507064,4609.354444575116,6855.305121942785,-0.6478799892880138,5.6078330396070015,False,0.07277020066976547,0.11287835985422134,-4.151554134042246,5.803048474160225,False,0.32910606265068054,0.274773508310318
56032,False,0.8865972222222223,576,8.692229452494757,4.868585382800726,487.6267895286278,vector_km,False,4.500782184834861,4522.531485618869,6855.487107592489,-0.1207952194291595,4.874466411209055,False,0.025835003703832626,0.11509545147418976,-1.4967588071116422,4.941456373449221,False,0.1329340636730194,0.3198762536048889
56034,False,0.8824305555555556,576,9.636790555483458,5.197236255719874,491.50380085247207,vector_km,False,4.541319098453641,1821.894075786101,6855.473408562789,-0.11601339089701845,5.203265755744665,False,0.04916474223136902,0.11468173563480377,1.273622966332777,5.13104307102509,True,0.13589246571063995,0.340531587600708
56110,False,1.8886805555555555,576,8.758776197652878,4.692552602431157,491.7163306826301,vector_km,False,3.8667109036696274,2554.9206364832685,6855.536116102446,-0.35764385706316126,4.709335238588974,False,0.002144190249964595,0.11679468303918839,4.222694830950724,4.494400435826383,True,0.1685739904642105,0.3798651695251465
56111,False,0.8852083333333334,576,11.821226357927117,6.650108216227094,487.5798733960655,vector_km,False,5.232994468739889,2517.64921845345,6855.459229556045,0.005409497652819617,6.649748488778687,True,0.019510827958583832,0.11620789021253586,-1.6659676536838752,6.760896878211009,False,0.26546376943588257,0.2987995743751526
56124,False,1.881736111111111,576,8.443417131969,4.446335460408401,488.76347215086844,vector_km,False,4.09274942261527,5003.483732446433,6855.593255596408,-0.08852458858670254,4.450271570590764,False,0.0382172167301178,0.11525686830282211,-1.593595494592548,4.5171920721392995,False,0.2158275991678238,0.29567694664001465
56317,False,0.8852083333333334,576,12.781401745714902,6.113792582643563,520.5038418622166,vector_km,False,4.8881933879092685,2233.7339123410643,6880.893021608139,-0.33482428380606777,6.13426305490527,False,-0.04206240922212601,0.08160877227783203,-1.0880778438403071,6.180315415262467,False,-0.10798340290784836,0.06918176263570786
56350,False,0.8879861111111111,576,11.28525572921535,5.484662824421809,522.2703143983999,vector_km,False,4.864715508469999,4490.5506384024775,6883.028474364105,-0.6429142008585131,5.5199245106535155,False,-0.03879856318235397,0.08078213036060333,-1.3653106237639268,5.559545518777802,False,-0.15140758454799652,0.07500067353248596
56360,False,0.8872916666666667,576,19.392348922735437,14.109181580226817,514.4913214805097,vector_km,False,8.314351614152201,2456.1889362270495,6883.241061800152,0.312122519044189,14.065143657230884,True,-0.051834095269441605,0.08514074236154556,1.575146928736082,13.886941249738564,True,-0.2522238492965698,0.10895869880914688
56375,False,0.8886805555555556,576,8.764235775983252,4.815632744704517,491.6686241429079,vector_km,False,4.057278063387457,4473.90986981192,6855.5200754894895,-0.2511485370444433,4.8277271459173905,False,0.013162720948457718,0.11651989072561264,0.2776407147817017,4.802262597503093,True,-0.021330667659640312,0.3174276351928711
56384,False,0.8865972222222223,576,9.024815189287438,4.919961680214032,489.73460765936306,vector_km,False,4.609301483376385,1761.1763730966436,6855.444353451158,0.009178817069843692,4.919510095930581,True,0.027266323566436768,0.11574690788984299,0.5313935644567502,4.893817330418496,True,0.1780804544687271,0.2996688485145569
56407,False,0.895625,576,9.76939261958887,6.0964060919741225,487.5946632075511,vector_km,False,5.318358205430286,2669.2108985826612,6855.555019675169,0.04361636633541943,6.0937470711553905,True,0.0193791426718235,0.11620140075683594,-0.7983779955564207,6.145078466812042,False,0.1852460354566574,0.32796549797058105
56418,False,0.8775694444444444,576,9.19699614262936,4.726676203368265,491.66991511437664,vector_km,False,3.838586565595051,4589.323317489,6855.539260627975,-0.36461463993613386,4.743910366824585,False,0.01448892243206501,0.11608309298753738,3.8267203268239514,4.5457995339281485,True,0.22480446100234985,0.3597293794155121
56468,False,0.8824305555555556,576,12.754701586150986,6.478310513680555,579.3212244400293,vector_km,False,5.907306384662661,4422.296409652052,6943.817087895448,-0.06413218184548874,6.482465205566118,False,0.039678413420915604,0.06448137015104294,0.21293203411710815,6.4645161253060595,True,-0.08779626339673996,0.0655336007475853
56477,False,0.8872916666666667,576,11.382477652848138,6.7225402610361575,583.2258050540813,vector_km,False,6.3866390617663455,3935.287246168111,6943.674107935537,0.03672124422030576,6.720071670605422,True,0.03982078284025192,0.06445455551147461,-0.6078800491905012,6.763405252142584,False,-0.09036707133054733,0.06825113296508789
56485,False,0.8824305555555556,576,12.46090224409727,7.419375292069006,583.4165422121268,vector_km,False,6.996020258136923,3923.7173967454473,6943.733101307513,0.18772432043275833,7.405447330202841,True,0.039786629378795624,0.06439447402954102,-0.8786824635125479,7.484568051750467,False,-0.09454397857189178,0.07270526885986328
56489,False,0.8838194444444445,576,12.641845562342496,7.163465072566659,583.4180795173188,vector_km,False,6.324461514491304,3422.306376952496,6943.791129416581,0.016535177958920677,7.162280590867232,True,0.040016189217567444,0.06438178569078445,-0.47611076854647827,7.197571111225825,False,-0.09076620638370514,0.0687149167060852
56504,False,0.8859027777777778,576,9.083996483023839,4.659076962570381,491.62177703250154,vector_km,False,3.6859695538632877,4436.492911173444,6855.516871882781,-0.34022136674005665,4.674928147923931,False,0.015535291284322739,0.11601913720369339,4.5420454862070585,4.447459577238836,True,0.21927374601364136,0.37331047654151917
56533,False,0.8900694444444445,576,9.689366574992164,6.033065784102293,487.53428686705,vector_km,False,5.063820867710547,1774.1219076973507,6855.505656984391,0.006292771677451903,6.03268614704672,True,0.02173639088869095,0.11564883589744568,-1.1397633057975254,6.101828464238093,False,0.20227889716625214,0.2551630437374115
56547,False,0.8984027777777778,576,10.343889106958159,6.163255334295915,487.50616370957505,vector_km,False,4.885317152616608,1793.2297898723905,6855.502228250636,0.23693319638377064,6.148652546407381,True,-0.004542217589914799,0.11764132231473923,-0.3766951651548833,6.186472029194028,False,0.13725081086158752,0.3358169198036194
56550,False,0.8928472222222222,576,8.452484762048698,4.577186051733402,491.5789856267379,vector_km,False,3.7256201359018633,4472.896849130881,6855.511516220466,-0.24585386957420852,4.588439250783784,False,0.028497986495494843,0.11542258411645889,4.085211645616238,4.390198323697946,True,0.25755172967910767,0.3742831349372864
56689,False,0.901875,576,8.724912994747683,4.855828893228683,490.825442725366,vector_km,False,4.352501820647831,2924.4232061810417,6855.572231649021,-0.12528746335944696,4.861912648086613,False,0.0074825710617005825,0.11679986119270325,0.32888144609793946,4.839858982911703,True,-0.02787710912525654,0.3081427216529846
56701,False,0.9004861111111111,576,8.583111825691049,4.549559194488875,491.58393726200484,vector_km,False,3.542097207470306,2787.3442752434003,6855.458618277853,-0.1602186772575731,4.556848448067357,False,0.03581951558589935,0.11521968990564346,1.6924769228663594,4.472558964860759,True,0.08073663711547852,0.3335438370704651
56709,False,0.8935416666666667,576,9.913893296587958,5.814543220922713,487.54510848289647,vector_km,False,4.720078725670646,2884.14319238481,6855.553178393409,0.1246651024524037,5.807294524646744,True,0.009447683580219746,0.11683249473571777,-0.8781705182086208,5.86560483534517,False,0.18227365612983704,0.33132266998291016
56902,False,0.8838194444444445,576,9.229901272175084,5.313265162851541,488.6090155975835,vector_km,False,5.122327209438481,4710.45790646678,6855.508652147216,-0.04026532530641003,5.315404576357782,False,0.021128930151462555,0.11592695116996765,-0.3601157828205803,5.332399079322088,False,0.05370667204260826,0.306989848613739
56910,False,1.881736111111111,576,9.202845795352005,5.742251176324149,487.92589559621047,vector_km,False,5.377313144929303,2366.841531556451,6855.512547727439,0.04163033874241551,5.739860667703842,True,0.017302848398685455,0.11625439673662186,-0.16390352350690307,5.751662938347151,False,0.08567468076944351,0.24991530179977417
56917,False,0.8859027777777778,576,11.551224781671408,6.741949898908984,487.55827594332914,vector_km,False,5.379965984508999,4728.804497701161,6855.5205101379115,0.10142867961729918,6.735111638135917,True,0.010196181014180183,0.11660667508840561,-0.9053908688385182,6.802990907765912,False,0.17261269688606262,0.29471468925476074
57058,False,0.8859027777777778,576,9.018234706300973,5.52133718450845,487.6545545323456,vector_km,False,4.595497882044583,3001.6511640055433,6855.514237793954,-0.10266801686706906,5.527005841910595,False,0.029005838558077812,0.1155480146408081,-1.9995909580750926,5.631741353814678,False,0.19251909852027893,0.25263530015945435
57069,False,0.8838194444444445,576,11.296301312459946,6.364481202109474,487.5891093342807,vector_km,False,4.870938736765311,5118.475976000602,6855.486871458583,0.07261951719741422,6.3598593565811194,True,0.012500759214162827,0.11671052128076553,-0.9729710933084945,6.426405774542349,False,0.19362470507621765,0.31730303168296814
57083,False,0.8977083333333333,576,8.199091523410061,4.215949293947473,491.49390204736574,vector_km,False,3.325811515859641,3894.214078710055,6855.493731309596,-0.2036360935056436,4.22453449841421,False,0.046917278319597244,0.11472070217132568,1.4513576577711684,4.154760800876881,True,0.13554047048091888,0.34252336621284485
57086,False,0.883125,576,8.906015942079648,4.436148083810639,491.380660858536,vector_km,False,3.6889537179731633,2863.4980109769276,6855.414895395355,-0.1653140886248572,4.443481671601971,False,0.06522554904222488,0.11366258561611176,2.2428308635284555,4.336652795210824,True,0.29051169753074646,0.36668217182159424
57092,False,0.8852083333333334,576,8.259195717893817,4.453853612424961,489.3840240907575,vector_km,False,4.253252218436501,5083.203711449153,6855.541587933776,-0.052107946873602984,4.456174434104362,False,0.014514436013996601,0.11640605330467224,-0.04768462604571866,4.455977425869438,False,-0.0074103157967329025,0.30346423387527466
57123,False,0.8845138888888889,576,8.045520750179094,4.467617944154208,491.64659790780297,vector_km,False,3.6467574954758675,2937.0576485734205,6855.569430798203,-0.27760140364032626,4.480020124304227,False,0.020362064242362976,0.11612100154161453,0.6699697677442273,4.4376862645230615,True,0.05220921337604523,0.32713767886161804
57136,False,0.8824305555555556,576,11.30337455506924,6.372651832653484,487.5120996037581,vector_km,False,4.840517953406561,2611.584858430785,6855.52071249029,0.18312695576657712,6.36098179933243,True,6.129675603006035e-05,0.11745224893093109,-1.071258305984868,6.440919404829407,False,0.20831793546676636,0.31905245780944824
57148,False,0.8852083333333334,576,10.014255224831686,5.38411502613206,491.63340857315234,vector_km,False,4.532729147972532,4833.933171451072,6855.556567242468,-0.2559052914036464,5.397893271404781,False,0.016342969611287117,0.11603572964668274,4.202950578887121,5.157823342052999,True,0.21114522218704224,0.37894198298454285
57228,False,0.8865972222222223,576,10.175004651951895,5.6340789598697185,491.6285747870161,vector_km,False,4.924453929033916,1862.0531870852305,6855.535089370028,-0.3248681532627584,5.652382298172499,False,0.019781839102506638,0.11573856323957443,1.144578921522077,5.569592489558682,True,0.14659205079078674,0.330730140209198
57229,False,0.8886805555555556,576,8.651167243046984,5.372338912202639,490.730625542551,vector_km,False,5.093713434597703,1728.935421168073,6855.573759293148,-0.05315887316337253,5.375194797036199,False,0.012787164188921452,0.11668097972869873,0.6151181335569689,5.3392926912960315,True,-0.05027657747268677,0.3056243062019348
57248,False,0.8845138888888889,576,9.686889853507637,5.254660612924369,489.37168069750624,vector_km,False,5.12369897899498,1754.1805787810422,6855.4307740788445,-0.18023871913668277,5.264131555926108,False,0.04009068384766579,0.11472364515066147,-0.9586602120994936,5.305034963597205,False,0.15179522335529327,0.31811341643333435
57328,False,0.8796527777777777,576,8.728315166591528,4.873730637989856,491.85841083290825,vector_km,False,4.168718951225856,4729.8661588035175,6855.561892302441,-0.35264056975181646,4.890917399515096,False,-0.03136269375681877,0.11941345781087875,4.581018103274703,4.650464164700593,True,0.009453714825212955,0.394611120223999
57334,False,0.8907638888888889,576,10.240656427905378,6.159934429709495,487.5389920244952,vector_km,False,5.0995677667538075,2380.215069981298,6855.461210608972,0.05127199777225089,6.156776118260796,True,0.016406090930104256,0.11628889292478561,-1.7735009919327638,6.269180938100152,False,0.22932296991348267,0.2752588093280792
57413,False,1.897013888888889,576,16.885939147963654,8.452367455882374,483.71679117915573,vector_km,False,6.328414086955036,4565.454538084372,6854.7614009350345,-0.3605938792918373,8.482846185619602,False,0.017257265746593475,0.1381186991930008,-0.6825969291707201,8.510063066646714,False,0.21073269844055176,0.3547001779079437
57418,False,0.8734027777777778,576,7.120003200520841,4.1076040677847185,490.32689469084744,vector_km,False,3.738029019609712,2471.7052784866,6855.419860109059,-0.1625668927102808,4.114281682098814,False,0.03431881219148636,0.11530028283596039,0.7737958258433708,4.075819608888648,True,0.09042918682098389,0.321767657995224
57444,False,0.9032638888888889,576,10.177257785463553,5.925434441374436,487.5924929203943,vector_km,False,4.3341958883943335,2623.5984533954925,6855.514158557933,-0.027989817152995755,5.927092969642897,False,0.018629368394613266,0.11630707234144211,-1.8199486522864072,6.03327431581434,False,0.23732508718967438,0.3164103329181671
57522,False,0.9025694444444444,576,8.610483676140575,4.477916257282207,491.6122546288034,vector_km,False,3.5377147823382984,2078.227853376193,6855.569033979211,-0.34813561255679915,4.49350548850909,False,0.01715078204870224,0.11592558771371841,3.847482512401934,4.305629221978522,True,0.22710926830768585,0.3631972670555115
57642,False,0.9011805555555555,576,8.864488661377436,5.142424718028579,491.1882072722765,vector_km,False,4.511083295166372,4981.259769348242,6855.535906018975,-0.14519026654169487,5.149891028197909,False,0.018189022317528725,0.11628624051809311,0.23849905519813808,5.130160093637955,True,-0.05782194808125496,0.299524188041687
57645,False,0.9046527777777778,576,8.720301691932036,4.636284228063377,491.7143814401634,vector_km,False,3.7533830019051493,4421.840588099152,6855.571324639662,-0.3964380911181786,4.654664234795568,False,0.0012550933752208948,0.1168278157711029,3.6857673664331347,4.465401586601754,True,0.1921917200088501,0.3618486225605011
57646,False,0.901875,576,7.512106917699384,4.459940959590259,488.4312633319432,vector_km,False,4.104194105617353,4971.4381725225485,6855.492535482516,0.03352008875910917,4.458445993418649,True,0.015265739522874355,0.11635684967041016,-0.05669522232421009,4.462469543038497,False,0.04996485263109207,0.3132552206516266
57678,False,0.9039583333333333,576,11.380029356752857,7.197541675603942,473.64579694730264,vector_km,False,6.5825070428404615,4699.884093012379,6831.062691960622,-0.9462358813630223,7.265647407609188,False,-0.20745518803596497,0.2775058150291443,-12.01819350795985,8.0625561731959,False,-0.6744664907455444,1.0340194702148438
57683,False,0.9004861111111111,576,10.27137124157889,7.59269584034936,473.7307721560519,vector_km,False,6.807549658651624,2191.761460566676,6831.126826329781,-1.8219291791453651,7.731029391530634,False,-0.21438349783420563,0.28143277764320374,-7.638793178299119,8.172686183014847,False,-0.5102704763412476,1.0133793354034424
57699,False,0.9025694444444444,576,9.477942598701702,5.840029728877892,487.563890765236,vector_km,False,5.026511147067595,2961.5201709633047,6855.567148262338,0.039651312862976074,5.837714090414838,True,0.014285455457866192,0.11653775721788406,-0.7820797767440935,5.885703430421496,False,0.12961149215698242,0.24382944405078888
57709,False,0.9011805555555555,576,7.679855740319908,4.720115369093468,487.6130595588115,vector_km,False,3.7830391243655868,3028.365813430407,6855.44656100359,-0.07176672323170319,4.723502851233799,False,0.02105586789548397,0.11596070230007172,-0.9332946934893949,4.764167965453124,False,0.1337207406759262,0.2450820356607437
57710,False,0.9032638888888889,576,9.626987648507566,5.697458224882732,487.51680916249416,vector_km,False,4.709448325080757,3019.55155375942,6855.498578832818,0.0020503427161089327,5.69734141746281,True,0.015836268663406372,0.11648616194725037,-0.9141460664395362,5.749541325223948,False,0.1489783674478531,0.2472013384103775
57712,False,0.9025694444444444,576,7.31796588751331,4.582240868309969,487.62163099583404,vector_km,False,3.930941269152754,5567.251163545818,6855.237560743558,0.02605830868440684,4.581046823837236,True,0.01861528307199478,0.11634156852960587,-0.7534761558399161,4.6167669707311845,False,0.1386130005121231,0.32693007588386536
57740,False,0.8997916666666667,576,9.11375841685549,5.380963396815859,487.51650733893666,vector_km,False,4.287072203158459,2929.590675098423,6855.509453226581,-0.013049556287492159,5.381665598664441,False,0.01697201281785965,0.11630402505397797,-1.1682199749931899,5.443824896181356,False,0.14994916319847107,0.24899068474769592
57752,False,0.8984027777777778,576,10.931172491863435,6.2072658117411095,487.5199070621493,vector_km,False,4.6175451882591005,2274.204333511988,6855.498330356819,0.13119337881823956,6.199122299977337,True,0.0051174708642065525,0.11719367653131485,-1.3808688163595262,6.2929800198220756,False,0.22619713842868805,0.321968138217926
57753,False,1.9011805555555557,576,9.03736381300223,5.257014087902782,491.6838236198273,vector_km,False,4.472067297051581,4586.7765869787545,6855.579599351755,-0.20682521543855525,5.267886928636404,False,0.01819504238665104,0.11622856557369232,0.38711837303478935,5.236663230456771,True,0.010956770740449429,0.32146894931793213
57782,False,1.9060416666666666,576,9.227823958974113,5.578477242593868,490.5097229931298,vector_km,False,5.31975605555408,4518.302332491294,6855.5540705608055,-0.09719279693058969,5.583899130661801,False,0.03142579272389412,0.1155611053109169,0.5334267916472846,5.548720160362583,True,0.08305376023054123,0.3207782506942749
57787,False,0.9039583333333333,576,8.607409807833392,5.316684647844758,488.70453751832065,vector_km,False,5.117751361648516,1812.1324967266632,6855.458555286475,0.0065944194297618,5.316334053358662,True,0.017730461433529854,0.11612972617149353,0.13591165235747882,5.3094586638756445,True,0.14145523309707642,0.27596315741539
57809,False,0.9039583333333333,576,9.450771878325213,5.6878105222731445,487.5509536789182,vector_km,False,4.792958446446846,1948.4528478603088,6855.47755489409,0.11495349965716661,5.681272195012427,True,0.011679010465741158,0.11659277230501175,-0.4897439327563813,5.715666239261631,False,0.15303990244865417,0.32709071040153503
57814,False,0.9032638888888889,576,9.805928393753675,5.8886434654993165,487.62738217100696,vector_km,False,4.463643552061058,1988.3182742546,6855.483858202897,-0.10267894833575486,5.894689872691201,False,0.025571439415216446,0.11602002382278442,-2.7047280917098293,6.047915269801785,False,0.29968690872192383,0.3189209997653961
57824,False,0.9025694444444444,576,8.883840793883792,4.938584034278229,488.8243869512753,vector_km,False,4.689103756091754,1955.2932528248184,6855.479123312503,-0.03892396018034816,4.940506336765097,False,0.01630256697535515,0.11635270714759827,-0.18090393312406583,4.947518137054966,False,0.05217422917485237,0.30989882349967957
57827,False,1.900486111111111,576,9.515875668715125,5.388010757253871,491.64520194931583,vector_km,False,4.627919773690337,4602.706869888535,6855.524576829917,-0.33695826379149807,5.406166114788109,False,0.016324305906891823,0.1162218227982521,0.5518596359710859,5.35827651064762,True,0.07576722651720047,0.3301892876625061
57869,False,0.9011805555555555,576,9.106844771502438,5.185925899900625,491.7309931022178,vector_km,False,4.432660846064209,2968.6900681400475,6855.545445382026,-0.2478301511193104,5.198778197920068,False,0.004735792055726051,0.11694680154323578,0.4283484975998286,5.1637120741789255,True,-0.023953594267368317,0.31711137294769287
57870,False,1.9067361111111112,576,10.129353378985797,5.464989367111685,491.7387340376108,vector_km,False,4.663061327543346,5042.0116134127065,6855.549545329181,-0.4044071862683962,5.487090186881529,False,-0.006888178642839193,0.11741059273481369,3.1815205844584526,5.291119615140409,True,0.16544252634048462,0.365649551153183
57899,False,0.901875,576,8.754194538492811,4.8642513150864595,488.16369748122634,vector_km,False,4.353239237803336,5350.2666229411025,6855.581830749006,-0.10738356603170462,4.869474731620081,False,0.04020248353481293,0.11518193036317825,-2.169504237453368,4.969781463704592,False,0.2378820776939392,0.28978684544563293
57925,False,0.9032638888888889,576,11.486730769681344,6.430095538361965,487.5558353230249,vector_km,False,4.82659075976926,4146.713239825851,6855.478398210542,0.03255241695193645,6.428002396848655,True,0.015188591554760933,0.1165752112865448,-1.9762990778849465,6.557173467391364,False,0.2707705497741699,0.3042246699333191
57979,False,0.9067361111111111,576,11.398829367889448,6.67740113311006,487.57757518808876,vector_km,False,5.484503519631744,4112.374360706245,6855.507490114158,0.06138243638855734,6.6733023916009815,True,0.015012688003480434,0.1165287047624588,-1.3952882955153623,6.770570139704484,False,0.22923162579536438,0.3185334801673889
58031,False,0.9025694444444444,576,11.451503409279212,5.708161362085588,469.8154541143267,vector_km,False,5.475625509727706,3850.655637798407,6831.12997210148,0.05137957376846192,5.705228543102594,True,-0.20195773243904114,0.2795736789703369,-15.092167656388211,6.569646656457935,False,-0.8374369740486145,0.8582763075828552
58061,False,0.9032638888888889,576,7.61696965253941,4.631382000185965,490.6809686053866,vector_km,False,4.21561282487437,4601.390377770464,6855.484147284073,-0.11985821937576802,4.636933102195864,False,0.010831366293132305,0.11656006425619125,3.2345104262920477,4.481579476185086,True,0.13397783041000366,0.34609875082969666
58069,False,0.9032638888888889,576,8.627315097995961,5.712817188760621,487.8712595319903,vector_km,False,5.322603414574587,2197.447299264109,6855.490833223355,0.05698852223804396,5.709561548660886,True,0.019978579133749008,0.11608031392097473,0.19544018129212803,5.701652058470475,True,0.09299882501363754,0.3131900131702423
58072,False,0.9011805555555555,576,9.379830020982808,4.940267659668355,491.5036391495596,vector_km,False,4.056874926850924,1732.2664995584132,6855.648497706366,-0.3113613566346096,4.955649754106015,False,0.03391799330711365,0.11536786705255508,2.213274297409773,4.830925995112341,True,0.2245754897594452,0.34098729491233826
58080,False,0.9067361111111111,576,9.214749969870354,5.396035920652594,491.46427773915457,vector_km,False,4.605927173588952,2696.556998261289,6855.51953139483,-0.11707449940716597,5.402353312706236,False,0.014932189136743546,0.11630981415510178,3.150761458939555,5.226019710239061,True,0.12326863408088684,0.36811697483062744
58138,False,0.9060416666666666,576,7.392322267838608,4.746719503026409,488.3520958985764,vector_km,False,4.286485218955022,5407.306524000336,6855.444961964256,0.050332936652297544,4.744330349700855,True,0.018552638590335846,0.11613443493843079,0.1588694077895303,4.739178427846634,True,0.0642910823225975,0.31354549527168274
58175,False,0.9004861111111111,576,10.709520718837666,6.002972923554442,487.6313626400233,vector_km,False,4.4627632008650835,2853.83721494802,6855.444739737337,-0.11035392362441776,6.00959744972073,False,0.02743368409574032,0.11589531600475311,-2.28112686749935,6.139908361990465,False,0.27446815371513367,0.2857647240161896
58185,False,0.9025694444444444,576,9.278386525823407,5.5267713656414506,488.71221592797156,vector_km,False,5.299903260218343,5125.882059865358,6855.446556200557,0.028418812188424347,5.525200732864123,True,0.020167427137494087,0.11574029922485352,0.09805595690304258,5.521352047083222,True,0.12905117869377136,0.2755277454853058
58188,False,0.9053472222222222,576,7.64312858548692,4.294722164240364,490.3989140770127,vector_km,False,3.9160761534103585,4508.291699539774,6855.504293978874,-0.03924296319446352,4.296407550482505,False,0.00497909402474761,0.11701442301273346,2.6846790120008346,4.1794226694047865,True,0.11075133830308914,0.3383749723434448
58212,False,0.9046527777777778,576,8.496526507658018,5.488439125461547,487.8383678747082,vector_km,False,5.067031863381544,1821.3466530823757,6855.56147263284,-0.02401984811739588,5.489757450205901,False,0.023366643115878105,0.11619352549314499,-0.9006716545856497,5.537871951033836,False,0.18670882284641266,0.26054856181144714
58217,False,0.9046527777777778,576,9.03776322898284,5.562377538369877,487.57392984172566,vector_km,False,4.956020914977216,2717.104827511955,6855.415283816139,0.03928506005960175,5.560192365009258,True,0.015499886125326157,0.1163313239812851,-0.5345375222667315,5.592110543496054,False,0.12155001610517502,0.320331871509552
58226,False,0.8997916666666667,576,7.751903646899336,4.724151904554944,488.8891649045481,vector_km,False,4.4639468816426415,4594.640174156913,6855.563096036894,0.10425349800928796,4.7192268209327475,True,0.004538916051387787,0.11695685237646103,0.42567537319051496,4.704042363262575,True,0.015964524820446968,0.3123578727245331
58230,False,0.9011805555555555,576,18.66278762093134,8.416322859117994,461.19686904374475,vector_km,False,4.004047928727232,2921.514291709504,6830.979074159362,0.08742248527675578,8.408965110496895,True,0.034944579005241394,0.48312458395957947,-5.3971501835078595,8.870564454293211,False,0.5620248317718506,1.2524464130401611
58231,False,0.901875,576,10.073041226878559,5.2599867319116775,491.702653585593,vector_km,False,4.401896354575456,4053.569157489953,6855.5453666994645,-0.3922815623448983,5.280620700081983,False,0.002126154722645879,0.11689663678407669,2.486453291487045,5.129199628435632,True,0.17907579243183136,0.33859527111053467
58246,False,0.9032638888888889,576,7.8798989036604326,4.827213061690648,490.4779510336248,vector_km,False,4.500369894606592,5334.909717259341,6855.557176463429,-0.09023060765811497,4.831568695378186,False,-0.00028346313047222793,0.11724760383367538,2.900613055068213,4.6871942991372295,True,0.11914220452308655,0.3333489000797272
58488,False,0.9032638888888889,576,7.833336224705818,4.327024308513599,491.4125049814338,vector_km,False,3.554643181015308,2177.1902254975685,6855.521923338627,-0.11724933799424075,4.332097725881907,False,0.014383082278072834,0.11630287021398544,3.7553763005236385,4.164528272738245,True,0.11515920609235764,0.36385664343833923
58492,False,0.9046527777777778,576,10.562967399256195,5.595248146044072,491.64406917420956,vector_km,False,4.76616988243677,2198.8531217350424,6855.577195225707,-0.3256801991157632,5.6134707713796965,False,0.01714950241148472,0.11600757390260696,2.233162488285312,5.47029717309682,True,0.1472054421901703,0.33365896344184875
58533,False,0.9088194444444444,576,10.399141873799636,4.866930984680731,466.8705009539981,vector_km,False,4.261062870477872,1464.083142443702,6830.963799459285,-2.279977438744396,4.97789592331871,False,-0.20301911234855652,0.27832624316215515,-9.124948930533684,5.311035962429663,False,0.21762996912002563,0.9634851217269897
58537,False,1.9122916666666667,576,10.382226700447063,7.6876280271490005,473.66996534928103,vector_km,False,7.099538349623799,4201.575134866565,6831.138392186625,-2.2023402963776695,7.856935767246761,False,-0.21675923466682434,0.28009095788002014,-4.5688331867166365,8.038862938181596,False,-0.3136155605316162,0.9088114500045776
58544,False,0.914375,576,11.353141775294716,6.611452032150425,472.3913820051748,vector_km,False,6.160600239406904,3047.3059607113273,6830.9513102143355,-0.731183414675951,6.659793882951884,False,-0.20498868823051453,0.2757839262485504,-13.792138367045759,7.523312655874684,False,-0.7384862899780273,0.9505038857460022
58545,False,0.9122916666666666,576,9.81182071907915,5.434692431630055,466.8520502245028,vector_km,False,4.981450146280167,1246.4992292913885,6831.165503486007,-0.5103167739089143,5.462426588770053,False,-0.1981750875711441,0.2719062864780426,-7.594485269863194,5.847429358572018,False,0.1322898268699646,0.937314510345459
58552,False,1.9122916666666667,576,10.064109834785995,7.163298320738362,473.7150113441853,vector_km,False,6.31814520733451,4194.956551999794,6831.13625502622,-2.8297135005451945,7.365999150687594,False,-0.21734823286533356,0.28051233291625977,-1.552035671162888,7.274475276063237,False,0.05005086958408356,0.6483675241470337
58619,False,0.9115972222222222,576,7.648756481583405,4.9830366187340545,488.41029990422703,vector_km,False,4.577111694002724,4677.256647836775,6855.472290801492,0.06286510308759485,4.979904037620508,True,0.017966823652386665,0.11618853360414505,0.19103100597367417,4.973517483734147,True,0.04731471836566925,0.3079928755760193
58635,False,0.908125,576,10.293807313762045,5.401230589667865,491.60997422399896,vector_km,False,4.519987696523003,2256.9317051219673,6855.508402486708,-0.2664247847696366,5.415620816667942,False,0.02191699668765068,0.11586841940879822,0.9568522957633663,5.3495488006754695,True,0.028081191703677177,0.3173447847366333
58676,False,0.9136805555555556,576,11.17078394930013,6.590244769832217,487.6070092771747,vector_km,False,5.345890641821825,1959.3440609310828,6855.456293618868,0.027816274602554536,6.588411619247278,True,0.018702255561947823,0.11632075160741806,-1.285897353823895,6.674988563066596,False,0.229998379945755,0.3227413594722748
58711,False,0.9129861111111112,576,11.08431744533118,5.601253496643306,470.1453607351723,vector_km,False,5.34459662449899,4249.507929127229,6831.170642526542,-0.11737880188249505,5.607828190899805,False,-0.2024502158164978,0.2783108353614807,-16.602138890295336,6.531181393413766,False,-0.8333828449249268,0.8772075772285461
58740,False,1.909513888888889,576,10.240052736141479,5.595970983836972,491.66683115680325,vector_km,False,4.782439189753859,4489.797146033549,6855.599105577003,-0.28770611238528865,5.612070944433548,False,0.010501408018171787,0.11641011387109756,1.016266065567628,5.5391010395875995,True,0.07113715261220932,0.3367706537246704
58746,False,0.9122916666666666,576,10.215705773261107,6.080144417321127,487.68553559156135,vector_km,False,4.818945757608617,4692.55957035024,6855.439966745241,-0.009522147775231637,6.080723387658444,False,0.020619327202439308,0.11623171716928482,-1.4947412962480033,6.171026856947817,False,0.18059271574020386,0.27441173791885376
58775,False,0.9088194444444444,576,9.712234041609918,6.031583892496602,472.72051661321984,vector_km,False,5.37506136716047,2312.8709224758454,6831.082992570748,-1.14298516821294,6.100524011910458,False,-0.2028091698884964,0.27540796995162964,-15.539775407009504,6.968878494429913,False,-0.7151119709014893,1.003615379333496
58784,False,0.9074305555555555,576,10.993606140186785,5.139986702096046,480.47227961349836,vector_km,False,4.5843477108414845,3541.1655802158507,6843.668051657327,-0.2458177464258915,5.152621711598311,False,-0.19025659561157227,0.17823487520217896,-6.490012378648369,5.47357248597196,False,-0.38313695788383484,0.4611276090145111
58791,False,1.9088194444444444,576,10.380072108626337,5.60826972204261,491.64743979048535,vector_km,False,4.792362494537429,4757.07645938721,6855.494556669013,-0.29344228232561775,5.624726766743293,False,0.015838628634810448,0.11619090288877487,0.9962612459122444,5.552396714136043,True,0.10009077936410904,0.3403131067752838
58794,False,0.908125,576,11.95943091297886,6.862759652961019,487.68140415284734,vector_km,False,5.516381033219659,2437.5198574065357,6855.483590749639,-0.050834324193149705,6.866248300456685,False,0.028749922290444374,0.11593522131443024,-2.2045874640298946,7.0140552021771585,False,0.32607486844062805,0.31271931529045105
58839,False,0.9088194444444444,576,10.440099582830953,4.805423024208322,467.10929967508946,vector_km,False,4.33701961152201,2344.7400095476155,6831.070989095088,-3.535731047387669,4.975329868387144,False,-0.20308631658554077,0.28104105591773987,-10.13075014956124,5.292248435433431,False,0.22382275760173798,0.9518142938613892
58844,False,0.9074305555555555,576,10.296443842083136,7.559573402939506,473.6732176556329,vector_km,False,6.791432542453549,2411.075163169746,6831.074387247789,-1.6005292753603628,7.680566598505962,False,-0.21326525509357452,0.2764042615890503,-8.90574335207761,8.232809619607792,False,-0.4977453052997589,1.0092767477035522
58877,False,0.9088194444444444,576,10.879032161849864,7.851678350252113,481.7097466715545,vector_km,False,6.788500520503021,3004.885301663094,6839.12352308705,-2.388892267761178,8.039246497489653,False,-0.2609311640262604,0.228476420044899,-9.71907632518021,8.614788972892674,False,-0.9950745701789856,0.7868810892105103
58880,False,0.9102083333333333,576,10.716989599574845,5.916691704311566,483.9018698879745,vector_km,False,5.537241473175982,4930.366430359422,6843.629371071211,-2.96788832963224,6.092292517200937,False,-0.19492118060588837,0.18340341746807098,-10.719641466512098,6.550939852764594,False,-0.6574790477752686,0.45509618520736694
58894,False,0.9102083333333333,576,10.915178656023272,7.491536267180372,481.65482177953663,vector_km,False,6.516671169293659,5130.521977586202,6839.146543841602,-3.0223905787518657,7.717959763825649,False,-0.25867515802383423,0.22773760557174683,-9.965053625868237,8.23807188460277,False,-0.8599951863288879,0.3507799208164215
58943,False,0.9088194444444444,576,10.000506113735355,7.616993177084182,486.1897308143725,vector_km,False,7.10855511458476,2792.985706368513,6843.606196236261,-2.1494879698360503,7.780719539303789,False,-0.20245453715324402,0.18572981655597687,-5.335337002764118,8.023385443092707,False,-0.5794491171836853,0.5647239685058594
58946,False,0.9095138888888888,576,9.691260178582525,6.688174690668594,481.7000211475206,vector_km,False,6.149097225387777,4992.092203276876,6839.128874284113,-3.616432510849532,6.930048024925987,False,-0.2586785852909088,0.23003587126731873,-13.053188225290956,7.561194733183156,False,-0.9434753060340881,0.4293254613876343
58967,False,0.8324305555555556,576,11.464699414048482,8.013435578606652,473.70605727037037,vector_km,False,6.987745465242824,2503.657481112622,6831.076085631699,-1.412491304263308,8.126624669468463,False,-0.20908720791339874,0.281846284866333,-8.298475209732947,8.678428554375094,False,-0.5104963779449463,1.0341843366622925
58971,False,0.9102083333333333,576,9.079851138259983,4.1363227297684455,466.7538283985414,vector_km,False,3.7278359535748677,2082.027922390982,6831.054572533267,0.01190546638071277,4.135830291255265,True,-0.19543766975402832,0.28114309906959534,-13.165663975242037,4.680897092617884,False,-0.6653052568435669,0.7865198254585266
58972,False,0.9115972222222222,576,9.133883299402441,4.157235379937804,466.9191081799577,vector_km,False,3.6623171108622046,4783.124173836977,6831.013067467615,-4.428071799848277,4.3413207578929525,False,-0.20160293579101562,0.28120312094688416,-12.427423298999107,4.6738726293811705,False,0.1850334256887436,0.952059268951416
58985,False,0.9122916666666666,576,10.327900816758302,4.8263929068923,466.91594091816614,vector_km,False,4.191280519162319,4733.339642292943,6831.096950339679,-3.092822420464758,4.975664679125668,False,-0.20250341296195984,0.27799805998802185,-12.359822286788823,5.422926504282351,False,0.10660753399133682,0.9555564522743225
58999,False,0.9122916666666666,576,11.091033776036056,6.9919208549878755,479.0776033880643,vector_km,False,6.181025067722658,1230.4361122040273,6843.352093403874,0.9954401338416741,6.922320478571336,True,-0.19146431982517242,0.182078018784523,0.8758827479658171,6.930679836380024,True,-0.21030548214912415,0.40306463837623596
59009,False,0.9109027777777777,576,9.017665482160737,4.59567472709456,470.75104856054986,vector_km,False,3.7249340453249715,2639.0176351437294,6832.71658960768,-2.9890306627229357,4.7330408641453285,False,-0.24149969220161438,0.25282275676727295,-12.685031900950783,5.178637543558941,False,-0.644214928150177,0.723617672920227
59015,False,0.9074305555555555,576,11.582913911883225,4.837811798180668,479.78753280343244,vector_km,False,3.992176714912148,4055.1295363596582,6843.558355412376,2.4667410766348152,4.7184755170979855,True,-0.25350725650787354,0.2279644012451172,-7.2670295845654875,5.18937702352676,False,-0.8435744643211365,0.787077009677887
59179,False,0.9129861111111112,576,8.34487310951954,5.415721584658609,487.65480647507275,vector_km,False,4.89705245681489,4989.188251672566,6855.452785581877,0.025060031012247297,5.41436441314745,True,0.02408919483423233,0.11586038768291473,-0.07560382305682456,5.419816087230285,False,0.09290984272956848,0.31079551577568054
59223,False,0.9122916666666666,576,9.667145464365603,5.700006488895473,479.4372708873507,vector_km,False,5.30579021361109,3020.5697719506516,6843.743898784097,0.6048794561148818,5.665528330586441,True,-0.19096094369888306,0.18026383221149445,0.7732632713339904,5.655930442175864,True,-0.12824560701847076,0.4485824406147003
59233,False,0.9004861111111111,576,7.539767092609509,4.595308007257355,490.48512255184323,vector_km,False,4.291039784005989,4353.630700156915,6855.501913210463,-0.10722746381679471,4.60023544949883,False,0.013922088779509068,0.11653310060501099,2.884426117208727,4.462759752641397,True,0.14865517616271973,0.34812256693840027
59268,False,0.9095138888888888,576,10.306560629640444,5.487609731148733,466.88375971341566,vector_km,False,4.834607881993179,3252.272676976379,6830.710164326107,-0.5407179375297666,5.517282231360754,False,-0.19888871908187866,0.274608850479126,-6.358413389084183,5.836534653670621,False,-0.0381871797144413,0.9143263101577759
59307,False,0.9074305555555555,576,10.167556411658552,6.045821447385149,487.5352042863533,vector_km,False,4.573368668074636,1912.3326960748195,6855.56911622559,0.06831385701517867,6.041691323559357,True,0.010316971689462662,0.11679573357105255,-1.8961457182661734,6.1604590420833745,False,0.23725631833076477,0.3050719201564789
59312,False,0.9136805555555556,576,9.750261607104221,5.977322314018564,487.63689744774047,vector_km,False,4.923869782926886,2037.6239988431535,6855.47826404509,-0.11942081738665067,5.984460491195741,False,0.03745051100850105,0.11515673249959946,-2.632516845406574,6.134676341102601,False,0.29990464448928833,0.27267035841941833
59390,False,0.908125,576,11.010866937956052,5.376202233645876,466.87598600493584,vector_km,False,4.954106020990366,4239.3182661768515,6831.14597095068,0.5041237765679774,5.349099529859276,True,-0.19709067046642303,0.27453166246414185,-8.154644198570615,5.814612408010768,False,-0.48685774207115173,0.768348217010498
59412,False,0.9129861111111112,576,9.114732015084883,5.1451836539280835,490.1333055982486,vector_km,False,4.871581087353206,2035.9671519238905,6855.521338702923,-0.004247759723097211,5.1454022189674395,False,0.020165935158729553,0.11618123948574066,1.3997731045981898,5.073162766818238,True,0.10709097236394882,0.32560649514198303
59475,False,0.914375,576,9.189716894482444,5.110208402370367,491.00647348613074,vector_km,False,4.497373476996017,2175.93250904886,6855.497586182912,-0.04875058405502397,5.112699668817827,False,0.01884729228913784,0.11618503928184509,2.3790812816597784,4.988632400577861,True,0.1422378271818161,0.3578101396560669
59496,False,0.9109027777777777,576,9.766816326898152,4.9244366853059605,491.65682805493043,vector_km,False,3.984536839789598,3418.9490582143994,6855.203781340584,-0.29383819756019225,4.93890657133144,False,0.011219712905585766,0.11630093306303024,4.166251495981522,4.719272277819113,True,0.19900991022586823,0.3684985041618347
59497,False,0.9122916666666666,576,9.76946629590384,6.039602737766065,487.61813961247844,vector_km,False,5.195477361508438,2584.66980332191,6855.554015777461,0.01091660576695297,6.038943428144201,True,0.025036923587322235,0.1158444881439209,-1.0647005411286825,6.103906430903553,False,0.21318703889846802,0.327375590801239
59503,False,0.9122916666666666,576,10.29854391943445,6.183851582732835,487.64260235508664,vector_km,False,5.011417433562656,3118.5668875092006,6855.531106432714,-0.0169320126002237,6.184898643263695,False,0.019052697345614433,0.11627441644668579,-2.0457047996328637,6.310354941567544,False,0.24540652334690094,0.32220929861068726
59537,False,0.914375,576,8.746034059144222,4.876579064546238,491.64384537513934,vector_km,False,4.115545637926516,3665.185103574784,6855.522136377616,-0.24656183219711192,4.88860285726098,False,0.013391990214586258,0.11620182543992996,3.4827129989832395,4.7067418212113195,True,0.20820091664791107,0.37318289279937744
59582,False,0.9109027777777777,576,11.265041578066302,6.445648231723612,487.53337344910597,vector_km,False,5.1112464692469075,4548.424512051206,6855.596448872262,0.12026531922227912,6.437896362289758,True,0.005663150921463966,0.11700377613306046,-0.906354878775506,6.504068689031182,False,0.16371199488639832,0.2786644697189331
59609,False,0.908125,576,10.000236349284933,5.508856059163419,491.6260066826285,vector_km,False,4.745579869937046,1727.4909031719312,6855.568548890889,-0.3255502347390138,5.526790163028014,False,0.019031336531043053,0.11589612066745758,0.6419745032852586,5.473490617776707,True,0.07694963365793228,0.32493066787719727
59617,False,0.9136805555555556,576,8.0328261443683,4.1838285690488135,490.1775660426583,vector_km,False,3.8129672605750784,2612.4595580333284,6855.478181321609,-0.09763804345293003,4.187913587414822,False,0.006746532395482063,0.11685013025999069,0.04070587387466906,4.1821255150642935,True,-0.08020530641078949,0.2986823618412018
59655,False,0.9115972222222222,576,7.623437927592022,4.2748861456290035,489.14008367076167,vector_km,False,4.012553405470953,3521.3767277975735,6855.466220900689,0.001571980105841142,4.274818955269089,True,0.018921799957752228,0.11625216901302338,0.6015963581849637,4.249168596200186,True,0.10129192471504211,0.2953997254371643
59683,False,0.9213194444444445,576,9.386247192786868,5.336264403459426,491.6238268829843,vector_km,False,4.581102217501211,2652.795816216243,6855.564828760687,-0.2014325162619235,5.347013385141847,False,0.025748608633875847,0.11585924029350281,0.4498262145574805,5.312260497249583,True,-0.026798294857144356,0.30946120619773865
59696,False,0.9227083333333334,576,8.935618531132604,5.620164047828256,487.5298361631194,vector_km,False,4.792656204157538,4586.075876868249,6855.503682744297,0.09982978190755665,5.614553460306479,True,0.011296533048152924,0.11639393866062164,-0.28765321237183006,5.636330640281166,False,0.09683927893638611,0.3222372829914093
59717,False,0.8963194444444444,576,10.177632893218288,5.766955124765762,363.88602694771225,vector_km,False,5.34394536403488,4564.996733088017,6728.223613111068,0.7566256826156192,5.723320871111205,True,-0.02159172110259533,0.11351500451564789,-1.317422736387508,5.842930312908433,False,0.07430421561002731,0.18621718883514404
59724,False,0.9192361111111111,576,11.427232675591767,5.86939559163005,474.8818742252861,vector_km,False,5.67052427754561,4249.723482750195,6839.14247557315,0.7735483441306479,5.823992989143163,True,-0.24682463705539703,0.22504350543022156,-2.0224035771821525,5.988098468236388,False,-0.31355661153793335,0.5280961394309998
59735,False,0.9115972222222222,576,10.533368808276464,5.9377360725785495,487.62119245685017,vector_km,False,4.156425213373041,2193.2792519410577,6855.501139671236,-0.09015349418350915,5.943089159132389,False,0.02368689514696598,0.11614833772182465,-2.674553208308983,6.096543993476074,False,0.29915851354599,0.3136340081691742
59750,False,0.9185416666666667,576,8.667273996454242,4.654162297377219,491.67411563738597,vector_km,False,3.8032323235261174,4576.688836283482,6855.546040263025,-0.41983576682966817,4.6737021453898935,False,0.009743688628077507,0.11637774109840393,1.872157472802416,4.567029059943303,True,0.1756851226091385,0.33999621868133545
59787,False,0.9171527777777778,576,10.527131164850289,6.326435998005027,487.4941709819418,vector_km,False,5.3189446557667,1685.2360616526835,6855.636092903232,0.0946955485329859,6.320445154724658,True,0.010866254568099976,0.11683376133441925,-0.8774650213094093,6.381948271070795,False,0.18530431389808655,0.3331368863582611
59791,False,0.9185416666666667,576,9.097769379967758,4.749682641959753,491.64702965763536,vector_km,False,3.884756269749687,4435.787201089945,6855.498282524402,-0.273597804087955,4.762677679396662,False,0.025802509859204292,0.11565887182950974,1.4751546025732476,4.679617489711745,True,0.13902658224105835,0.34773552417755127
59797,False,0.8984027777777778,576,9.783726404202753,5.944235892770828,487.49124857848983,vector_km,False,5.051876420277949,1695.1905203229953,6855.495912607859,0.0653402758285182,5.94035192263606,True,0.011005999520421028,0.11655382812023163,-0.980975460957989,6.002547398318464,False,0.17442290484905243,0.252238929271698
59800,False,0.9192361111111111,576,9.891700654617125,5.325450592144509,491.522551881917,vector_km,False,4.558769994269824,4433.275380753003,6855.560416275796,-0.1992060844954402,5.33605922377078,False,0.03589240834116936,0.11513962596654892,3.938020158376687,5.115733283907666,True,0.3134678602218628,0.38001206517219543
59801,False,0.9227083333333334,576,9.561496884316512,5.406799755523842,491.6707962812375,vector_km,False,4.636900942483862,4452.76143048068,6855.402696903815,-0.19620916493692242,5.417408402193588,False,0.016537530347704887,0.11598356068134308,3.5704911701794906,5.213750457306528,True,0.23461958765983582,0.3766006529331207
59837,False,0.9157638888888889,576,8.970820188443213,4.585663973840513,491.6753798550467,vector_km,False,3.707559573974777,3267.370400075271,6855.33889839323,-0.3462984901519972,4.601544068979997,False,0.01686915010213852,0.11601172387599945,1.8402963443136522,4.501274177183388,True,0.14858205616474152,0.34126466512680054
59838,False,0.9199305555555556,576,9.18716924689943,5.533435348685082,487.5110847194487,vector_km,False,4.525478793379079,2833.8292304439574,6855.014636805626,0.2425798031734261,5.520012362083254,True,-0.003667814889922738,0.11771969497203827,-0.7734828880011424,5.576235534303115,False,0.17109131813049316,0.3297560513019562
59866,False,0.920625,576,8.778525836734843,5.107478779957993,491.4181203838207,vector_km,False,4.363166286750584,2567.20406931322,6855.550051314323,-0.17464671480427185,5.116398833873979,False,0.017274759709835052,0.11626659333705902,0.5461491720928358,5.07958433683182,True,-0.011070854030549526,0.3144563138484955
59879,False,0.9185416666666667,576,7.698093575725579,4.440175268990117,488.9540522956122,vector_km,False,4.169893877116465,4854.207548309232,6855.506002563357,0.0547755077967893,4.437743150433983,True,0.006847181357443333,0.11678475886583328,0.6206116738472711,4.412619032869424,True,0.10973186045885086,0.2710212469100952
59895,False,0.9199305555555556,576,10.037631192084518,5.992674182591617,487.58063798305875,vector_km,False,4.717314437651112,3030.5034103928942,6855.454583506029,0.09284950883357013,5.9871100240378,True,0.009574449621140957,0.11695970594882965,-1.4910383667675164,6.082027263998534,False,0.19551341235637665,0.2892563045024872
59897,False,0.9185416666666667,576,8.280144831070174,4.876036052010163,491.02055149863645,vector_km,False,4.380703645198537,5140.5474572937055,6855.545116178649,-0.13660395691124094,4.882696920211288,False,0.015965566039085388,0.11633538454771042,3.5297463072284097,4.703924359172234,True,0.14205467700958252,0.3550303280353546
59945,False,0.8977083333333333,576,9.824849623087175,5.33495024563115,367.8978965549777,vector_km,False,4.842961735491826,1639.6476451841827,6728.184929688741,-0.6988496488161244,5.372233536757143,False,-0.02119341865181923,0.11293399333953857,-0.4964275131859264,5.361434416514887,False,0.11414427310228348,0.29862579703330994
59961,False,0.9192361111111111,576,11.021924008433416,7.264612391975916,473.6841262868684,vector_km,False,6.445609672043702,4204.963240195533,6831.1494460243475,-2.9238719444337535,7.477020365869145,False,-0.21738167107105255,0.27950581908226013,-2.0876069297486755,7.416268953898947,False,0.06257741898298264,0.6481665968894958
60019,False,0.9185416666666667,576,10.20481247137377,6.047524526477147,484.7860558280436,vector_km,False,5.593193228504333,2903.710199500656,6843.6220571987915,-3.084773330562629,6.234076960537625,False,-0.1976310908794403,0.1868024468421936,-10.77627758341222,6.699222567452888,False,-0.6612235307693481,0.4411007761955261
60038,False,0.8928472222222222,576,9.844345348540628,4.487486315272964,363.864913700168,vector_km,False,3.9354807384452215,4222.842445176759,6728.112783485918,0.7314513703907788,4.454662545050656,True,-0.018038488924503326,0.1136983335018158,-2.142906297421976,4.5836489523331885,False,0.08915489912033081,0.2576082646846771
60039,False,0.895625,576,11.113999300359865,6.204814795561279,368.71576034234386,vector_km,False,6.021502909904939,4220.550720248297,6728.226486671454,-0.14240630481627825,6.2136508530465715,False,-0.01999853551387787,0.11295202374458313,0.16580384969894224,6.194526983746968,True,0.21867017447948456,0.3205794095993042
60040,False,0.8977083333333333,576,10.367574117478398,7.271053990946395,370.59470198877443,vector_km,False,6.175901143434203,2157.5388720834267,6728.13683600716,-0.41644617681904084,7.301334027347785,False,-0.022262096405029297,0.11245828866958618,1.7623496228125535,7.1429126081862195,True,0.2580743134021759,0.3281906843185425
60132,False,0.9213194444444445,576,9.899559582184338,5.6302066516030695,466.941316736521,vector_km,False,5.1793715938597416,1841.7834079422068,6831.180466089505,-0.3127004413271184,5.647812342681531,False,-0.1998959183692932,0.26918965578079224,-7.145756873304254,6.032527541105805,False,0.06196810305118561,0.907782793045044
60137,False,0.9164583333333334,576,9.72184317709798,5.031843009728751,466.8452126936986,vector_km,False,4.355850623249353,5321.26309851081,6831.224162227592,-1.3170059435840598,5.098112691370399,False,-0.2005687952041626,0.2767772674560547,-9.51326055243582,5.510535356785102,False,0.08047106862068176,0.9783662557601929
60151,False,1.920625,576,11.274048003594544,6.522670736933995,472.2823705537767,vector_km,False,6.230350151333823,5320.31347225721,6831.177868061549,-3.435460778100685,6.74675454212956,False,-0.2103922963142395,0.28044745326042175,-4.345122866166995,6.80608880504381,False,0.07674892246723175,0.7461501359939575
60257,False,1.9199305555555555,576,9.824115213323239,5.067987452483847,470.18186279682504,vector_km,False,4.496526485729191,3872.6502158697244,6831.137335266758,-4.448378395381125,5.293430721845603,False,-0.2084769755601883,0.27890923619270325,-5.662460442608541,5.354960247783356,False,0.24664272367954254,0.8389798998832703
60264,False,0.9122916666666666,576,15.335579977668203,9.472476307262173,474.95561734078274,vector_km,False,7.447400727096465,1214.7992600514494,6843.255811863243,1.8702837181077236,9.29531413499881,True,-0.24664603173732758,0.22439323365688324,1.2783111553327453,9.35138859581236,True,-0.26514932513237,0.5370329022407532
60271,False,0.9164583333333334,576,11.311832546228288,5.378326053046062,468.12217898080326,vector_km,False,4.732784611176612,3106.5650225416957,6831.181772199484,-3.5885611782052074,5.571330584181826,False,-0.20498335361480713,0.2769172191619873,-8.914091297608762,5.857754958589076,False,0.3256858289241791,0.9170560836791992
60286,False,0.9109027777777777,576,38.3803623084159,28.469224413548613,469.8980371443149,vector_km,True,18.97318078416629,2826.5421955995726,6817.338876606851,-0.9160066506181064,28.730004412647716,False,-0.25349488854408264,0.26535576581954956,-1.4295164786839676,28.876196678036763,False,-0.350734680891037,0.8413032293319702
60290,False,0.9220138888888889,576,11.25917616742754,7.395054547776381,473.6540086823038,vector_km,False,6.326671265521782,3265.2623699090204,6830.275385109975,-1.615624082099254,7.514530840096195,False,-0.20778894424438477,0.2753439247608185,-11.521644083276428,8.247086423687486,False,-0.6195496916770935,1.0239497423171997
60297,False,0.9157638888888889,576,11.048904641057561,5.2709449150043115,474.9452082569537,vector_km,False,4.6209546631826015,1994.1702097113002,6839.192577616161,-2.1317090645973646,5.383306135760563,False,-0.2478967010974884,0.22610822319984436,-7.803612997970943,5.682269068287837,False,-0.581550121307373,0.6506101489067078
60299,False,0.9199305555555556,576,9.493642265651033,4.302696679926873,479.61123216179385,vector_km,False,4.085567934115261,2697.266655464232,6843.459099850594,-0.8026265219511775,4.337231274719342,False,-0.19168943166732788,0.18122178316116333,-3.704313659281744,4.462082071129298,False,-0.3670063316822052,0.40335696935653687
60303,False,0.8977083333333333,576,11.15496229715609,5.221550321258641,364.0099080538407,vector_km,False,4.694170120060335,2036.2916941438848,6728.212916757027,-0.024775454200276492,5.222843994069506,False,-0.021517984569072723,0.11284346878528595,-1.7521434974150374,5.313039385852042,False,0.10303440690040588,0.2641972303390503
60336,False,0.9227083333333334,576,10.772811737455413,4.996283983617564,479.3875857876865,vector_km,False,4.423464685488398,1225.1715855142024,6843.66307513569,-2.1854283020765974,5.105474198066205,False,-0.19331754744052887,0.18435168266296387,-7.132265058841236,5.352632211134828,False,-0.4675365686416626,0.5307132601737976
60348,False,0.9213194444444445,576,11.392075631002626,8.078448385717854,481.7316962040736,vector_km,False,6.970008229176074,4236.283429036483,6839.139524246133,-2.509627281118898,8.281187340547902,False,-0.2611425220966339,0.2288423329591751,-7.772242356140779,8.706324983648813,False,-0.9087210893630981,0.6480421423912048
60349,False,0.9157638888888889,576,11.291977329036854,7.183504369366313,473.700323215769,vector_km,False,6.541702627354425,3949.6904280606786,6831.162782311155,-3.0409424521962602,7.401950613593841,False,-0.21491414308547974,0.27678200602531433,-2.211922391628973,7.342397921237164,False,0.06671935319900513,0.6591328382492065
60366,False,0.9213194444444445,576,16.351491175947558,7.185408433665063,479.36475804655447,vector_km,False,3.5939689335268667,3916.949031368395,6839.147439623743,-1.5874124572061277,7.299470512400943,False,-0.19305434823036194,0.1837003231048584,-1.7409336921517582,7.310501640179545,False,-0.20764821767807007,0.44968563318252563
60372,False,0.9199305555555556,576,15.044077391262363,7.990389278101102,477.68492252051874,vector_km,False,6.731752994929138,5051.142531133068,6843.519982542577,1.1613678766364433,7.897591473690896,True,-0.19090670347213745,0.1799313873052597,2.147577861594119,7.818789456694654,True,-0.48912346363067627,0.5228166580200195
60398,False,0.8470138888888888,576,10.697250930285918,5.857650296566172,363.9119405873371,vector_km,False,5.576905110058306,1216.9458401830243,6728.214384420102,0.8721899163951607,5.8065604712546115,True,-0.02129518985748291,0.11456909775733948,-1.215201694679413,5.928832572359958,False,0.07231827080249786,0.19226975739002228
60407,False,0.8963194444444444,576,10.215848090406325,6.676507545174957,370.59584575190684,vector_km,False,5.8893852874412005,4226.620534500347,6728.208112857008,-0.6850513231843491,6.7222450585241855,False,-0.02249547466635704,0.11332201957702637,0.30705214363908606,6.656007195606566,True,0.1336687207221985,0.29872769117355347
60429,False,0.9164583333333334,576,10.736552074641622,6.089403857458451,466.88883604758166,vector_km,False,5.780792614822076,4366.829380065634,6831.189385917443,-0.1566949352961977,6.098945654908489,False,-0.19891199469566345,0.27614521980285645,-6.308452747413873,6.47355103303626,False,-0.18117520213127136,0.9112725853919983
60596,False,0.9192361111111111,576,9.627509265018489,7.231825034309061,473.72182955472954,vector_km,False,6.9751978292811145,3905.231738440926,6831.054511927562,-2.7631484283896723,7.431651104364777,False,-0.21615391969680786,0.2838691174983978,-2.2036264927630445,7.391187456895728,False,-0.05593030899763107,0.6417335271835327
60602,False,0.9185416666666667,576,9.720019635807148,5.642748767632244,466.8011234081291,vector_km,False,5.214266520165438,4755.322289593716,6831.167897364092,-0.10225099530192239,5.64851854441976,False,-0.1924087107181549,0.2758835554122925,-5.6629319673029865,5.962293801995379,False,-0.1356477290391922,0.944943368434906
60728,False,0.8970138888888889,576,10.181445139519383,5.528052712822436,368.0921291706836,vector_km,False,5.194578059926243,3346.5803824543423,6728.221063284327,-0.14861626799478334,5.536268308471879,False,-0.02054659277200699,0.11315419524908066,0.10664525845687223,5.52215731670855,True,0.1915402114391327,0.3082984387874603
60928,False,0.8970138888888889,576,9.010206970582658,4.5615198783394035,366.65583205638177,vector_km,False,3.628375238301487,4761.1064296228,6728.171133320784,-0.636183029698012,4.590539503765318,False,-0.021915273740887642,0.11271189153194427,-0.6465062852580417,4.591010401120813,False,0.11298021674156189,0.2962162494659424
60933,False,0.8990972222222222,576,10.845890811882782,5.139416107225279,365.2271020036278,vector_km,False,4.51088477415442,2544.6085266602645,6728.265241672072,0.3536871694177268,5.121238661835666,True,-0.021222315728664398,0.11358286440372467,-1.7970034440234928,5.231771601854516,False,0.14057467877864838,0.29087790846824646
60935,False,0.8970138888888889,576,11.043963905519377,7.568492196661162,370.7142251173459,vector_km,False,6.688770092740924,2581.1846656027456,6728.219105140495,-0.3755256696102771,7.596913837699629,False,-0.020654495805501938,0.11274729669094086,1.7658711864449894,7.434842383535398,True,0.27712178230285645,0.33568793535232544
60943,False,0.8963194444444444,576,10.08642778981448,5.454722128332027,466.76581703686634,vector_km,False,5.1714979329308335,3086.3335522315997,6831.16161291169,0.251383746961098,5.441009853434371,True,-0.19864718616008759,0.27935200929641724,-5.713848757073947,5.766396711434949,False,-0.37963172793388367,0.8457044363021851
61053,False,0.895625,576,9.7939468469458,6.929713106991847,370.61488313232394,vector_km,False,6.452064716778295,2318.4787554317822,6728.166776754655,-0.7115205172553596,6.97901944760618,False,-0.023310627788305283,0.11313346028327942,0.43361972301063645,6.899664514168515,True,0.12770265340805054,0.3102892339229584
61064,False,0.9185416666666667,576,11.506157822126625,8.117742441646612,481.6794317111803,vector_km,False,7.059180048586768,4423.389546871037,6839.143199565628,-2.2676673255182633,8.30182584479233,False,-0.2617983818054199,0.22998756170272827,-8.965606502768587,8.845547296769448,False,-0.9773684740066528,0.7716245651245117
61215,False,0.9157638888888889,576,11.205546113781566,7.518454462764796,473.6845314034281,vector_km,False,6.647480563904992,5244.877679115941,6831.141716619184,-2.7818392554108007,7.727605790688356,False,-0.2128886729478836,0.2817304730415344,-2.7635104914260245,7.72622775091274,False,-0.016569707542657852,0.6541747450828552
61244,False,1.8928472222222221,576,10.482109821735321,4.930712078975036,365.10426312972504,vector_km,False,4.436494060073983,3497.1269389308773,6728.288460074973,0.4055123255334525,4.910717443717674,True,-0.021070705726742744,0.11365325003862381,-1.8776912643589938,5.0232956391404135,False,0.13592883944511414,0.28505781292915344
61262,False,0.9199305555555556,576,9.675782469620572,4.78362545722609,469.65097136832446,vector_km,False,4.046355189654605,4703.122532368816,6831.073597947307,-0.6454842235617875,4.814503014931318,False,-0.2012420892715454,0.2783491015434265,-18.633179946751866,5.674967008512977,False,-0.7829585671424866,0.85489422082901
61529,False,0.9192361111111111,576,9.547995847501625,4.563858760677347,481.2901668393306,vector_km,False,3.8872044915069637,5006.745134679208,6843.639347901721,-3.436970621020019,4.7207172558103725,False,-0.1932973712682724,0.1828540414571762,-11.122385143839985,5.071468720573002,False,-0.5374686121940613,0.5067341923713684
61530,False,0.9192361111111111,576,11.124661197838577,5.279685648693866,474.8113848766834,vector_km,False,4.714020220597831,3055.1081724372552,6839.213854062404,-2.1999849870917965,5.39583795055077,False,-0.2488989531993866,0.22630847990512848,-8.058957095616503,5.7051732607114225,False,-0.6192951202392578,0.652935266494751
61593,False,0.9178472222222223,576,10.377000155772294,5.235819558290082,466.8557202037323,vector_km,False,4.797564316980242,1264.780070891397,6831.200225329176,-1.8299532812942276,5.331632620282651,False,-0.200138121843338,0.2770795226097107,-11.10772062223877,5.817399778220253,False,0.1725202202796936,0.967337965965271
61627,False,0.9192361111111111,576,7.625448455169135,4.691521986898365,487.7284701838371,vector_km,False,4.078535072702834,4609.045033037295,6855.507666368987,0.03721886542910058,4.689775865639763,True,0.012479913420975208,0.11655943840742111,-0.561932615739047,4.717885189173509,False,0.1185266450047493,0.252104789018631
61642,True,0.9240972222222222,864,38.12109202260399,20.96272990220358,357.7668987993584,vector_km,True,18.845720328099105,3188.49402189383,6730.838775715275,0.5670674209980797,20.843857100319656,True,-0.15410611033439636,0.8506420254707336,-8.161405705014202,22.673583347184884,False,3.1267025470733643,3.622830867767334
61670,False,0.9171527777777778,576,10.378777070787692,4.883145105973054,476.16714705450704,vector_km,False,4.2670499152363845,1571.8125135147984,6839.080714808959,-3.69689828905293,5.0636700242174335,False,-0.24639596045017242,0.2224465310573578,-12.990348519268613,5.517482685239597,False,-0.753814697265625,0.6336302757263184
61687,False,0.8921527777777778,576,10.216339943710409,7.119675259221374,370.6901795909416,vector_km,False,6.293729583198456,2911.9501453142366,6728.222042549975,-0.42392723716446756,7.1498575118852665,False,-0.021273531019687653,0.11258344352245331,2.003279869718577,6.97704824776373,True,0.27030032873153687,0.33103588223457336
61691,False,0.8921527777777778,576,10.18767731449043,5.338245024577913,367.4953116981078,vector_km,False,4.894637939900804,5275.846665769822,6728.197729026568,-0.6675157034174539,5.373878658470622,False,-0.022056616842746735,0.11279719322919846,-0.7864849869990254,5.380229530344089,False,0.12199662625789642,0.30226001143455505
61695,False,0.895625,576,10.409779785222781,5.753802802840471,363.96669145516853,vector_km,False,5.373709181581489,2901.5567999833975,6728.218403682567,0.8891762440212836,5.702641365100865,True,-0.02038610726594925,0.11445245146751404,-1.336215928861928,5.83068604254095,False,0.07877078652381897,0.19669625163078308
61714,False,0.9213194444444445,576,11.079041881628655,7.430577403319829,473.6941975818995,vector_km,False,6.572272380546565,2563.3354292130466,6831.084917232338,-2.939993031465904,7.649035871469111,False,-0.21823154389858246,0.28000518679618835,-2.3521807841440756,7.605358027386888,False,-0.03217829763889313,0.6473448872566223
61717,False,0.9192361111111111,576,11.14698501339717,6.290633477502707,466.86162821848484,vector_km,False,6.089801475406148,1912.6208688967417,6831.184621208752,0.03525735544501751,6.288415576494275,True,-0.19887259602546692,0.27649208903312683,-5.2909236446871954,6.623466102093599,False,-0.1547691971063614,0.9377301931381226
61852,False,0.9213194444444445,576,8.7501718058802,5.39440013202371,487.639059228306,vector_km,False,4.296974092930213,2040.1624262982627,6855.57236285232,0.014900742699419656,5.39359633633837,True,0.016071120277047157,0.1162508875131607,-2.1554590484023306,5.510674227991989,False,0.21540997922420502,0.2622215151786804
61922,False,0.9192361111111111,576,8.391591197016169,5.244588608585446,487.532245231057,vector_km,False,4.394984284593647,2983.4694504387135,6855.239834801498,0.026333117726085042,5.243207554890265,True,0.013257008045911789,0.11658962070941925,-1.9625842880721667,5.347518090787825,False,0.22394397854804993,0.33325302600860596
61930,False,0.9227083333333334,576,8.508152753576724,5.2755227564417835,487.5368812464376,vector_km,False,4.422468139563989,3852.780246963804,6855.252877309464,0.14337447418886207,5.267959013414684,True,0.006211256142705679,0.11683061718940735,-1.4775639025803144,5.353471986511133,False,0.18657973408699036,0.26274415850639343
61932,False,0.9178472222222223,576,7.996552213426185,4.952864011682151,489.51161211974613,vector_km,False,4.762702495967915,4568.659473973144,6855.284270678107,0.04023545352198621,4.9508712143807,True,0.010568981058895588,0.11662270128726959,0.475197650822734,4.929328128202673,True,0.0326518788933754,0.3111574053764343
61948,False,0.8984027777777778,576,14.456292987037159,10.259651276607528,370.6868011681581,vector_km,False,9.2041582245065,5035.9109041537195,6725.8252072777195,-0.4389216013959141,10.304683112332343,False,-0.022605201229453087,0.11313000321388245,0.652976193364696,10.192658206183747,True,0.13340036571025848,0.2952309548854828
61960,False,0.9185416666666667,576,9.219916594053757,5.63503785584636,490.77741275060635,vector_km,False,5.053278394449535,2116.7755889756413,6855.177139407542,-0.041615527147942366,5.6373829165592175,False,0.008161257952451706,0.11673378199338913,2.4200210056566807,5.49866876581617,True,0.15175718069076538,0.35039326548576355
61971,False,0.9289583333333333,576,7.348572406952371,4.77143349050919,487.75961531797293,vector_km,False,4.300992327451695,4004.254440805459,6855.070636706027,-0.11474138476244011,4.776908309380693,False,0.04837806895375252,0.11487381160259247,-1.4813531462357643,4.84211528078953,False,0.3235969841480255,0.3458598554134369
61979,False,0.9227083333333334,576,8.981207305690077,5.538167899189719,489.42844519169284,vector_km,False,5.379480670811972,2129.2394409997437,6855.277926335625,0.025543813252326686,5.536753249921395,True,0.014110024087131023,0.11647453904151917,0.9369500332029213,5.486278043125732,True,0.15043285489082336,0.29823338985443115
62019,False,0.8970138888888889,576,15.533580392218937,11.27258966124409,370.620621760786,vector_km,False,9.827545157486838,4799.387250163687,6724.774916326272,-0.4046103073427787,11.318199730958403,False,-0.023073814809322357,0.11311222612857819,0.7308795591154826,11.190200617554005,True,0.13517551124095917,0.3019758462905884
62035,False,0.9136805555555556,576,11.199206867516295,6.4961462017169485,487.60970727922677,vector_km,False,5.3628037179323655,2642.5610697024904,6855.310706949018,0.045311937970127225,6.493202681975046,True,0.02026093751192093,0.11629647761583328,-1.2385124915032408,6.576601794015378,False,0.25989195704460144,0.3280360698699951
62044,False,0.9192361111111111,576,8.563687684163597,4.68615646974338,491.3911064948943,vector_km,False,3.8588192779411656,4813.217076085542,6855.3016568417515,-0.12993318380249974,4.692245352055478,False,0.014186213724315166,0.11618116497993469,4.199012795940604,4.489384169521156,True,0.16458453238010406,0.3588272035121918
62045,False,0.9282638888888889,576,9.36099373644538,4.683325736486903,491.69074887755505,vector_km,False,3.718110779259405,4772.011039308415,6855.156833983589,-0.3825267465392468,4.701240720094774,False,0.007364740129560232,0.11642968654632568,3.6939278888991622,4.510327070609429,True,0.19918619096279144,0.3531745374202728
62046,False,0.9254861111111111,576,8.337900565132259,5.443146903933592,487.60514435387995,vector_km,False,4.944956529776846,3830.8908609129594,6855.311077676759,-0.030322795105619527,5.444797428219601,False,0.025646623224020004,0.11569532752037048,-0.8020853679902462,5.486805598888465,False,0.18423527479171753,0.2507403790950775
62055,False,0.9199305555555556,576,9.016060905652921,5.512360453760849,487.5760344574628,vector_km,False,4.677051274069072,3219.9277708532627,6855.258295105328,0.0557539321496936,5.509287106048037,True,0.010596213862299919,0.11652857810258865,-0.7146757129910197,5.5517559652078665,False,0.15961173176765442,0.24721574783325195
62062,False,0.8984027777777778,576,13.647259397273046,5.96907454656915,363.99859699283934,vector_km,False,3.787935839792681,2488.347484402052,6725.889201378914,0.14634708332120772,5.960338990054343,True,-0.021740995347499847,0.11299538612365723,-0.2216833529240514,5.982307001184688,False,0.10397876054048538,0.22306272387504578
62069,False,0.895625,576,15.665541160938119,11.24506270134888,370.64013956767303,vector_km,False,10.04892845704262,4402.52378529306,6725.079551848589,-0.35762356814363905,11.285277705857197,False,-0.022611720487475395,0.11337590962648392,1.7202812866524364,11.051616001853215,True,0.23092776536941528,0.2943767011165619
62075,False,0.9213194444444445,576,9.95110056442536,7.369442087135338,486.1825235428196,vector_km,False,7.186041962833315,4720.138581877807,6843.368796187463,-1.9108880856865573,7.5102638881510675,False,-0.20126229524612427,0.18621647357940674,-6.815307067808707,7.871692205239474,False,-0.5909004211425781,0.7399894595146179
62095,False,0.8928472222222222,576,9.60772865590934,4.639653019260462,361.29546710062914,vector_km,False,3.619314709524133,4696.1327208320945,6726.810015944228,1.0667903875036244,4.59015765673079,True,0.15071693062782288,0.09920887649059296,-0.2408745330173767,4.650828771828319,False,1.3517008483177051e-05,0.1632823646068573
62102,False,0.9254861111111111,576,9.038175738776772,5.445943809352098,490.70520057619797,vector_km,False,4.979545106537898,2398.3228076958717,6855.304047669464,-0.08216744929898656,5.450418612478716,False,-0.0009743653936311603,0.11724897474050522,2.795065521908535,5.2937261213148785,True,0.11175569891929626,0.34069815278053284
62142,False,0.9185416666666667,576,8.430732952021572,4.745595392639334,489.57089419125896,vector_km,False,4.507182951904724,2947.062007319319,6855.194758165324,0.06676643682016481,4.74242693768309,True,0.010441477410495281,0.11667881906032562,0.9998963674865968,4.698144366592732,True,0.1398771107196808,0.30650052428245544
62166,False,0.9157638888888889,576,9.080567213593895,5.145353328856227,582.9462860303192,vector_km,False,4.123756623319878,4808.361078105045,6943.722195612598,0.19111976600281189,5.135519551594987,True,0.03988124057650566,0.06442378461360931,-0.9495544899085218,5.194211272506994,False,-0.08991995453834534,0.0677274763584137
62172,False,0.9220138888888889,576,10.887945302525623,6.531033112109975,583.3483387878305,vector_km,False,6.090716628793416,4822.69678384864,6943.4584764206065,0.0846083455069202,6.525507323040849,True,0.03972606360912323,0.06449377536773682,-0.7524951994295925,6.58017883282701,False,-0.09063198417425156,0.0685647502541542
62174,False,0.9199305555555556,576,18.48921906949454,10.5789160846635,583.3829176686218,vector_km,False,6.581988297732096,3962.7904770750897,6939.783460064602,0.2448345029835597,10.553015258022084,True,0.03973834216594696,0.06443313509225845,-0.849229639745408,10.66875538570318,False,-0.09435395896434784,0.0725674256682396
62202,False,0.9261805555555556,576,8.784579792275508,5.220967086728748,487.563744030977,vector_km,False,4.087065355515733,2776.4899675268325,6855.361109983263,-0.028234731321941098,5.222441222760915,False,0.020514488220214844,0.11619105935096741,-1.82421694841568,5.316208863378479,False,0.22671948373317719,0.3281124234199524
62213,False,1.9289583333333333,576,9.71033658169381,5.79760352654904,487.61755791516134,vector_km,False,4.915403291215625,3092.1893345174676,6855.137054190395,0.07705297168117964,5.793136310737836,True,0.018939726054668427,0.11625927686691284,-0.8269786150585379,5.845548477982178,False,0.21566441655158997,0.3299674689769745
62219,False,0.8928472222222222,576,16.713207449111906,12.03941364404342,370.6443620789869,vector_km,False,10.15839385640129,4145.129554737543,6724.358272092148,-0.37547633467804875,12.08461880314835,False,-0.024055328220129013,0.11283645778894424,0.941067042755872,11.926114700004167,True,0.1414617896080017,0.2727218568325043
62262,False,0.9261805555555556,576,10.138182250157115,4.567668952578543,475.4466623561293,vector_km,False,3.953027639855918,4326.958620948103,6838.8789734517695,-1.0482798615889743,4.6155509164573045,False,-0.2491348385810852,0.2263682335615158,-11.639273163062281,5.099312430317473,False,-0.5998659729957581,0.6074884533882141
62282,False,0.9275694444444444,576,8.27753729693086,4.7273490975847405,490.56755290416277,vector_km,False,3.964998600470608,3178.3942174821036,6855.122233213865,0.018869765603812816,4.726457067888865,True,0.018874606117606163,0.11606784909963608,2.2278515558119105,4.622030786942753,True,0.17644281685352325,0.33284562826156616
62287,False,0.9240972222222222,576,8.564211620031529,5.590214361735334,488.0158022884616,vector_km,False,5.364257078320406,1713.2011332175907,6855.286649279737,0.09928137018476724,5.584664330310809,True,0.0023386660031974316,0.11706515401601791,0.17526328321152418,5.580416778488868,True,0.10697456449270248,0.2492716908454895
62304,False,0.9234027777777778,576,9.922546349887853,4.628037373986787,466.8566910439117,vector_km,False,3.991130010310826,2666.3006848988316,6831.029584696276,-2.7758879358309896,4.756506515394625,False,-0.20211580395698547,0.2781091332435608,-11.055362548889125,5.13968369568465,False,0.18635159730911255,0.9599793553352356
62305,False,0.926875,576,10.173862946966437,4.53940097776351,467.014693158937,vector_km,False,3.911553602821641,4699.437068823566,6830.835811971509,-0.2415102214145648,4.550364105139952,False,-0.19943542778491974,0.2766156792640686,-14.200507375901882,5.18401895985263,False,-0.6396586298942566,0.7779712677001953
62307,False,0.9247916666666667,576,11.55256003452996,8.2382345869138,473.73775933765137,vector_km,False,7.00909356832517,2662.2086880416664,6830.845707933699,-1.8698696601818776,8.392278846176099,False,-0.21592062711715698,0.2848402261734009,-6.062882371383171,8.737709070003277,False,-0.4348336458206177,0.9694451689720154
62309,False,0.9247916666666667,576,9.866278069129294,6.286983164060512,447.2650505340389,vector_km,False,4.932439818702278,4058.563975818014,6812.71688908694,-19.146813008267173,7.490740086259098,False,1.9812772274017334,0.6803590655326843,-22.04443526509907,7.672913109993952,False,2.3572492599487305,0.975071132183075
62315,False,0.9164583333333334,576,10.210415249484868,6.852993600959306,473.65064713980155,vector_km,False,6.169613153159389,4700.145302670897,6830.793470749954,-1.296432371344669,6.9418380385379646,False,-0.2069905549287796,0.2791377902030945,-13.275169878709537,7.762740154591264,False,-0.692173957824707,1.0403538942337036
62409,False,0.8928472222222222,576,11.707347344268783,5.978522719439752,365.06707163419287,vector_km,False,4.497880602984424,2970.814946928777,6726.047673758812,1.7824049639401651,5.871961243539927,True,0.1527714729309082,0.1003531739115715,1.3001175651802588,5.900794905296012,True,0.0792238861322403,0.21445661783218384
62428,False,0.9303472222222222,576,8.534110000905457,4.778385644529002,491.4776651324173,vector_km,False,4.032639643819039,5150.021080082057,6855.309396865096,-0.1419925087252194,4.785170604196433,False,0.005472441669553518,0.11681865900754929,3.8491070745381495,4.59446047425181,True,0.17211078107357025,0.36884769797325134
62433,False,0.9282638888888889,576,11.066926105033417,6.345646646025617,484.3419293627312,vector_km,False,5.657345644936413,5548.883452469614,6843.191600524017,-1.4283157849790618,6.436282528872628,False,-0.19611671566963196,0.18368104100227356,-10.473769589605375,7.010275065748239,False,-0.5952875018119812,0.6939699053764343
62496,False,0.9303472222222222,576,9.091645958464142,5.142648934400382,491.7385503752007,vector_km,False,4.426068624687105,2966.919220134395,6855.370694995858,-0.2719013554193017,5.1566318765846635,False,0.00028139850473962724,0.1172400489449501,0.1956720361574349,5.132586218498445,True,-0.06271190196275711,0.3122727870941162
62511,False,0.8984027777777778,576,11.344670827412301,5.289096435967896,365.07630774241443,vector_km,False,3.171161154501533,1804.5774432138764,6726.520723377491,1.7996223306369963,5.19391268523733,True,0.14051814377307892,0.09881388396024704,2.0972059188994474,5.178173202246757,True,0.1233765184879303,0.18649359047412872
62524,False,1.928263888888889,576,9.059823327858794,5.461889395300219,487.6365773058101,vector_km,False,4.848318603716507,1750.4773930918277,6855.372828134968,-0.01325791469044546,5.4626135379380605,False,0.031844694167375565,0.11546076089143753,-1.8236073588655755,5.561492822428374,False,0.2227984517812729,0.2589676082134247
62529,False,0.9289583333333333,576,8.619433048073006,5.064134654764335,487.61845046201097,vector_km,False,4.696371469125097,1731.2714935486824,6855.086320492956,-0.030302349486333036,5.065669216548911,False,0.02407582849264145,0.11600169539451599,-0.7806328047283095,5.103666961233103,False,0.16480034589767456,0.3249683678150177
62565,False,0.895625,576,13.787018153401732,7.254305142505546,364.2359442595907,vector_km,False,5.9249608470363455,4797.945197088649,6725.616168572456,1.1101193100012452,7.173773710201166,True,0.15737690031528473,0.1013544574379921,1.290740910600141,7.1606708681223825,True,0.12235018610954285,0.1956419199705124
62569,False,0.9192361111111111,576,8.707510104663925,5.226361093712601,487.58112342498816,vector_km,False,4.128085888141868,3023.842484157856,6855.403933216734,0.053677713594624255,5.223555712567929,True,0.013917475938796997,0.11652666330337524,-1.731020531350702,5.316830487460393,False,0.22512827813625336,0.33348578214645386
62595,False,0.8949305555555556,576,12.981595624776674,6.257349321965687,365.0415474115257,vector_km,False,4.555041325217644,2216.259543256556,6726.966336216527,1.9288090524403612,6.136657011607916,True,0.22690026462078094,0.10958932340145111,1.5765033909407422,6.15870200756424,True,0.0986454114317894,0.19217942655086517
62605,False,0.9296527777777778,576,8.531638157021007,5.389494452959468,487.58258758760576,vector_km,False,4.671705869148809,3344.4317039801035,6855.243190099366,0.0931438848768229,5.384474478441446,True,0.011049365624785423,0.11662845313549042,-0.7441631721972097,5.42960109592042,False,0.151754692196846,0.32758018374443054
62741,False,0.9254861111111111,576,10.006795250514188,5.925769333215761,487.58258729729005,vector_km,False,4.81170636401157,2702.5903644563364,6855.064906529914,0.053728680820430696,5.922585505519189,True,0.016415594145655632,0.11648194491863251,-1.685941630216825,6.025674355483662,False,0.24364358186721802,0.2990745007991791
62754,False,0.9303472222222222,576,8.089998074915457,4.329333490024469,491.42498492523373,vector_km,False,3.5347899239177423,2680.9047647152047,6855.218264209169,-0.09876957600767344,4.333609564366402,False,0.01694696769118309,0.11626078188419342,4.449145924248887,4.136715135060989,True,0.1864616572856903,0.3774656355381012
62762,False,0.9261805555555556,576,11.357827985042604,7.472812096280418,481.677662488863,vector_km,False,6.317555257740878,5415.57799204547,6838.789004545653,-3.1967426190090853,7.711698675720354,False,-0.2576241195201874,0.22835621237754822,-11.64679464897831,8.343155186802889,False,-0.9297420978546143,0.43038827180862427
62767,False,0.9310416666666667,576,11.35673496913114,5.85563259171916,466.9034940008919,vector_km,False,5.348720791887445,3006.10862539794,6830.628823486983,0.11095712624330512,5.849135360060926,True,-0.20031112432479858,0.2751055061817169,-4.424314311721611,6.114704192958857,False,-0.23885822296142578,0.8800628185272217
62771,False,1.9303472222222222,576,10.283591434934351,4.631533364392671,467.3069833542486,vector_km,False,4.059121229117409,2978.5647111006865,6830.897705488982,-0.12444718969282231,4.637297187516788,False,-0.19909252226352692,0.27611786127090454,-14.467284236619804,5.301590472179967,False,-0.6712529063224792,0.7842524647712708
62832,False,0.8928472222222222,576,12.227649669931452,5.620655808165455,365.09775773367664,vector_km,False,3.335833438125519,4592.671777401257,6726.993235248238,2.101822284910182,5.502519621621152,True,0.19904449582099915,0.1072097048163414,2.082713663364888,5.503593651469809,True,0.09286697208881378,0.20126423239707947
62858,False,0.9240972222222222,576,12.15273991295362,6.747665834110397,471.63729970736586,vector_km,False,6.276893576934981,4930.27238066649,6830.733247385566,-0.5758218534271053,6.786520378637022,False,-0.20438791811466217,0.27505040168762207,-14.316458367289652,7.713692615446286,False,-0.8215265870094299,0.9161443114280701
62862,False,0.9296527777777778,576,11.028526650742606,7.359653211964681,473.71142548136913,vector_km,False,6.302727176369899,4980.744515262122,6830.816148175688,-1.3584259003469379,7.459628657507568,False,-0.20889922976493835,0.27864643931388855,-11.174186643015972,8.182034609265752,False,-0.7459402084350586,1.0426626205444336
62880,False,0.8963194444444444,576,14.513098364314828,7.147008099724632,365.07849444643125,vector_km,False,5.27069290508507,5416.397017629355,6726.2315790504745,1.318688294195547,7.052761350396486,True,0.18173715472221375,0.10456423461437225,1.7631953722079485,7.02099239348264,True,0.17337839305400848,0.19428418576717377
62894,False,0.9247916666666667,576,8.612610373290408,4.884201694370467,491.4842288831737,vector_km,False,4.125795222865236,5059.94068222218,6855.324055151061,-0.14352743879930685,4.891211873982542,False,0.002813903847709298,0.11693025380373001,3.7335847307891967,4.701845895315145,True,0.1703048199415207,0.36819183826446533
62911,False,1.895625,576,11.529394505371783,5.207487835820186,361.04174039731333,vector_km,False,3.0370128524964457,2963.0159128953023,6724.053755428721,1.9664677243060424,5.105084278084972,True,0.15153735876083374,0.09988009184598923,2.0897992247162156,5.098661805191044,True,0.11679352819919586,0.1770348995923996
62919,False,0.895625,576,12.46528617889453,6.317905769762859,365.00325441650057,vector_km,False,4.197204093747587,5350.230746974741,6725.153290105958,1.9234773219284351,6.1963822948683145,True,0.1510552316904068,0.09975364804267883,1.0340774179259937,6.25257374280849,True,0.0640018954873085,0.2082730531692505
62922,False,1.925486111111111,576,9.569375971663248,5.332255536235438,491.6764478480868,vector_km,False,4.597272268509641,3004.814637585457,6855.189342807113,-0.16305280884252316,5.340949938678237,False,0.014592273160815239,0.11618229746818542,3.4690208199636197,5.147278491162866,True,0.17967860400676727,0.382930189371109
63008,False,0.8935416666666667,576,10.503219323759367,5.266244115658757,361.77128543593153,vector_km,False,3.306442708008035,5111.1806805922715,6725.330095840109,2.16894879852092,5.152021986968102,True,0.16483402252197266,0.10192086547613144,2.518429796345578,5.133617464449868,True,0.12779879570007324,0.1993965059518814
63012,False,0.8963194444444444,576,12.433121677145209,5.931189312106874,362.06781657147167,vector_km,False,3.805296542469023,5152.518794018048,6726.034036324648,1.1966282783298254,5.860215033437265,True,0.16268402338027954,0.10040917992591858,0.4467825141729054,5.90468980533321,True,0.015885451808571815,0.17086561024188995
63019,False,0.9261805555555556,576,10.20405543036577,5.492880010910061,491.71409108983516,vector_km,False,4.710054690591733,3751.45771148842,6855.381489546375,-0.2357420173139113,5.505829047079987,False,-0.0009492470417171717,0.1172286719083786,0.3937493357736521,5.471251842312884,True,-0.07073526084423065,0.31005969643592834
63042,False,0.9296527777777778,576,11.248641590414081,6.036912438682457,470.6323641742474,vector_km,False,5.334141095152063,3502.271700816437,6830.527642395044,-3.8692201026338857,6.270493878725286,False,-0.20828336477279663,0.27997520565986633,-5.163051534922736,6.348601349526097,False,0.13251212239265442,0.8384243845939636
63044,False,0.9240972222222222,576,9.833958558394443,5.315329974101069,470.67462123782843,vector_km,False,4.663560625936952,1499.7540497989999,6830.726707572599,-1.180311819656299,5.37806745215715,False,-0.20282046496868134,0.2768911123275757,-18.12384572213366,6.278672190041859,False,-0.8428658843040466,0.8907560110092163
63071,False,0.9289583333333333,576,6.369548942280744,3.7708626485182766,475.4211210108374,vector_km,False,3.0285435464206785,2870.6783931735895,6842.432153193857,-22.05465969601763,4.602513585458686,False,1.1238676309585571,0.28061509132385254,-73.9614484855432,6.5598473011588565,False,3.128345251083374,1.2334145307540894
63110,False,1.8963194444444444,576,12.932439501950284,5.987456757856397,364.65504444506405,vector_km,False,2.976704012509799,2065.5518184945113,6725.813145354698,2.5206505621693798,5.8365339051777765,True,0.21858474612236023,0.10623398423194885,0.9034316531746911,5.933364188195432,True,0.027433207258582115,0.1985577791929245
63187,False,0.889375,576,12.990381698266901,5.990910895827101,364.95004418512053,vector_km,False,3.844926265462618,4822.696872568209,6726.564008269408,1.6256528761524613,5.893519490378791,True,0.16606879234313965,0.1011122465133667,1.1599974654046274,5.921416491164857,True,0.04490675777196884,0.21058864891529083
63198,False,0.9296527777777778,576,7.934480147265276,4.333277049992425,490.5845610377737,vector_km,False,3.597182400840211,4844.208502177763,6855.290434023658,-0.131551661320084,4.338977557954447,False,0.018061727285385132,0.11653118580579758,-0.28744468681656254,4.345732834666414,False,-0.06465813517570496,0.29198774695396423
63201,False,0.9289583333333333,576,7.439459016915862,4.359315487480308,490.72857285651116,vector_km,False,3.56112124223273,2667.9947170441665,6855.275067889216,-0.05947944169428787,4.361908393999902,False,0.012054633349180222,0.11650019139051437,3.2796823595265368,4.21634379611334,True,0.0750424712896347,0.33868005871772766
63203,False,0.9275694444444444,576,11.050517148849394,6.196080207417293,487.62932359495244,vector_km,False,4.802300653249858,4856.284536391553,6854.979673916374,0.07386314307389341,6.191503597821329,True,0.015719950199127197,0.1165926530957222,-0.8856109352269215,6.2509533813781735,False,0.2085988074541092,0.30838868021965027
63316,False,0.889375,576,10.024374896756854,5.1637127874244495,361.0384292153658,vector_km,False,4.801856792294529,1651.7697553263579,6727.025760149792,-0.006494396967471339,5.164048149431775,False,0.18856632709503174,0.10245592892169952,0.014327295814409169,5.162972977016956,True,-0.009628189727663994,0.13715818524360657
63363,False,0.9240972222222222,576,10.133140408808686,7.430002822444175,473.76538141156107,vector_km,False,6.838709875120458,4248.661292706836,6830.83007847393,-1.6256237880318825,7.55078672593983,False,-0.2131427377462387,0.2817569375038147,-9.178680567802555,8.111979058612908,False,-0.4866499900817871,1.0275171995162964
63377,False,0.9261805555555556,576,10.693798789022367,5.6645816868466285,470.1707193998509,vector_km,False,4.765968159660133,3911.959341933129,6830.44261121467,-4.063818110266881,5.894779993713945,False,-0.20748701691627502,0.27540186047554016,-2.886601092536134,5.828095573995405,False,0.2847050428390503,0.8237048387527466
63474,False,0.9254861111111111,576,8.314926909875794,5.3363184994711075,487.551676919255,vector_km,False,4.825074249829868,3047.142814873367,6855.298652715614,0.09715489251960197,5.331134014958727,True,0.018362127244472504,0.1162242516875267,-0.012572641986463573,5.33698942569256,False,0.13912087678909302,0.32179534435272217
63485,False,0.9254861111111111,576,10.974515285196503,6.280218000996241,487.5188885767775,vector_km,False,4.840452565326814,2565.294271689198,6855.39383724284,0.18550318881458416,6.268568006321335,True,0.0011101117124781013,0.11741550266742706,-0.8382595814032001,6.332862540206426,False,0.19461022317409515,0.3218148648738861
63508,False,0.9282638888888889,576,16.76991569377151,7.804153884500429,467.5782217149176,vector_km,False,5.854233137973097,2978.023575832863,6829.266409633688,-2.6102875915098966,8.00786475523091,False,-0.1972186416387558,0.2706141471862793,-2.2510389649100793,7.979828439547181,False,0.1400187462568283,0.949329137802124
63516,False,0.926875,576,10.251286586742935,7.290349443635563,481.73477817724734,vector_km,False,6.569352094355054,2918.660734123814,6838.8086358124365,-3.257077270643083,7.527801768640378,False,-0.2600952982902527,0.23020856082439423,-11.163325991383942,8.104194929055978,False,-0.8790769577026367,0.3805760145187378
63568,False,0.9282638888888889,576,8.437299640021592,5.1309066438758375,487.5957221793815,vector_km,False,4.142077734503346,2831.6084128786656,6855.272754558873,0.03237576571162304,5.129245483558696,True,0.01609792932868004,0.11640577018260956,-1.544492952501808,5.210153145544396,False,0.21338100731372833,0.3305092751979828
63581,False,0.9247916666666667,576,7.781045824399371,4.549368418542092,490.622585000503,vector_km,False,4.049303584027712,5170.097153873348,6855.307160931721,-0.10619554405175702,4.554199655095701,False,0.0054764822125434875,0.11692644655704498,3.354854153873388,4.396743752842143,True,0.13921403884887695,0.3448184132575989
63639,False,0.926875,576,7.336854908317946,4.291653181132159,490.57499307308626,vector_km,False,3.7335153738176814,2007.3595676958312,6855.3051985577495,-0.0532522881809383,4.293938594657227,False,0.019290925934910774,0.11609452217817307,0.5093608973193109,4.269793187927975,True,0.0013609594898298383,0.3073751926422119
63643,False,0.9289583333333333,576,9.25343584908569,5.4165237519750695,487.6282069678032,vector_km,False,4.298653996834219,4600.341589523179,6855.267217668661,-0.05768957396108387,5.419648531456854,False,0.02358347922563553,0.11595382541418076,-1.8858855631236349,5.518673201625319,False,0.20197568833827972,0.25937357544898987
63646,False,0.9213194444444445,576,8.2872565157395,5.393389241769143,488.6365033002312,vector_km,False,5.195900587424603,1989.7939930511575,6855.340336192307,0.06077368054637766,5.39011149061465,True,0.02083481289446354,0.11601344496011734,0.0744610978026472,5.389373274923506,True,0.09162662923336029,0.3135620653629303
63650,False,0.926875,576,8.211337311937314,4.680503255306982,488.4456838621227,vector_km,False,4.535615047709598,1990.0864634409909,6855.1346120055605,-0.029608960836924325,4.681889113685777,False,0.021866440773010254,0.11594502627849579,-0.676904080979801,4.712185782920237,False,0.10806310176849365,0.31534498929977417
63654,False,0.926875,576,9.2982484208178,4.920934460758791,491.63586281220387,vector_km,False,4.094731605540801,2000.2300805599207,6855.282023862386,-0.3674893677506397,4.939018381732805,False,0.012803260236978531,0.11622051149606705,0.983110200375592,4.872556262022963,True,0.09817233681678772,0.3303781747817993
63669,False,0.8942361111111111,576,18.967000879574698,9.283344959905268,365.0821744363993,vector_km,False,4.4770849091432865,4449.204265241762,6723.848934782844,1.7146604896021822,9.124167121592832,True,0.19895070791244507,0.10663953423500061,1.2959845992030816,9.163034248804403,True,0.09468241780996323,0.1890481412410736
63684,False,0.9289583333333333,576,9.669614462938625,4.764212482238455,491.66726681383943,vector_km,False,3.772958464459407,1711.0875347105757,6855.269571479494,-0.3626159284817687,4.7814882856020295,False,0.01115548238158226,0.1163049042224884,3.3861518301287585,4.6028890237413,True,0.16316570341587067,0.34325116872787476
63715,False,0.9282638888888889,576,9.996598821180669,5.283418390462336,482.9611999929057,vector_km,False,4.6708107051131265,1350.3581012504092,6843.516960094912,-3.310679244909509,5.458335436868173,False,-0.19199948012828827,0.17966073751449585,-10.969887068157668,5.8630034323313165,False,-0.5682743191719055,0.46789228916168213
63723,False,0.926875,576,10.740836105342169,7.562216692397824,486.16973080136177,vector_km,False,6.631746053029929,1661.4780444693424,6843.397597398287,-2.4666355343222923,7.748749026761623,False,-0.19896435737609863,0.18456275761127472,-6.950405237269686,8.087821408134966,False,-0.5546876192092896,0.3808799386024475
63764,False,0.9282638888888889,576,7.8207032273530785,4.169702181853192,491.0102173931991,vector_km,False,3.344951181621582,2364.9365988785157,6855.05737709471,-0.0710435491633854,4.172664496279828,False,0.01874581351876259,0.1161922961473465,0.39709695378413734,4.153144431467473,True,-0.04999351501464844,0.30228564143180847
63776,False,0.9282638888888889,576,11.128993261472715,6.424577294642825,487.62323320964515,vector_km,False,5.179926487450757,4546.002079228838,6855.340613658679,0.03864985857048309,6.422094214600829,True,0.0196851659566164,0.1163000762462616,-1.0225729246330806,6.4902732926822235,False,0.20688775181770325,0.3151578903198242
63819,True,0.9359027777777778,864,16.989624894585177,7.916694412210056,435.24188395642614,vector_km,False,5.368757785312937,6239.676463089351,6805.55885865446,-63.48744273922973,12.942801260350459,False,5.927438259124756,3.0371413230895996,-0.6305823196522065,7.966615697537406,False,0.3500097692012787,0.7616515159606934
63840,False,0.9352083333333333,576,11.273771202842909,5.708694909759442,491.6778726810908,vector_km,False,4.727346525951361,2530.4963684223035,6855.022848823197,-0.2807873213796164,5.724724211310369,False,0.016084816306829453,0.1161392331123352,2.931544953490195,5.541341961929083,True,0.15995781123638153,0.34494727849960327
63872,False,0.9324305555555555,576,11.323007637621231,5.4276975057255825,578.8042021548554,vector_km,False,4.789036847454099,2115.5318418249567,6943.485812181278,0.34988155401977084,5.408707003310069,True,0.03941093385219574,0.06463564932346344,-0.4992603544885288,5.454795857583159,False,-0.09183155000209808,0.0675230324268341
63894,False,0.9352083333333333,576,10.341102377785319,5.084558526835758,491.6407813199412,vector_km,False,4.002551284725541,4268.951054540306,6855.022802686559,-0.306897343295609,5.100162911903617,False,0.014047442004084587,0.11629671603441238,4.139371276708048,4.874089781214571,True,0.22855885326862335,0.3656919300556183
63906,False,0.9234027777777778,576,8.394854422631397,5.003730585367805,487.614546358212,vector_km,False,3.9383151120473485,2825.4422863422205,6855.1722308323315,0.010919015099541962,5.003184237268556,True,0.015939466655254364,0.11636114120483398,-2.0570046784936347,5.106657567813738,False,0.22119413316249847,0.267789363861084
63943,False,0.9359027777777778,576,9.884572901417414,5.544093888987214,582.9210955888516,vector_km,False,4.03874217017119,1891.490442304173,6943.366261870112,0.2782927566739479,5.52866508724313,True,0.03912787139415741,0.06480199098587036,-1.3039882940050873,5.6163882344386575,False,-0.0937035083770752,0.07203996181488037
63967,False,0.939375,576,7.238811757117219,4.267575578385196,490.28184858543955,vector_km,False,3.8323605998280073,2203.851353595672,6855.338595586571,-0.04249087003218577,4.269388918381981,False,0.016232268884778023,0.1163502186536789,2.6030236870601575,4.156489584956332,True,0.16691423952579498,0.33213144540786743
63971,False,0.9324305555555555,576,7.035366218051422,4.401445913726856,488.11322971399477,vector_km,False,4.144953412176619,4692.7875886988895,6855.097993065605,0.13278865409446228,4.395601302924043,True,0.007331336382776499,0.11683057248592377,0.09387436262526805,4.397314094419661,True,0.06489578634500504,0.3191758096218109
63978,False,0.9282638888888889,576,9.149137379091371,5.582204116769829,488.8484500918785,vector_km,False,5.44843148283644,4701.292634308218,6854.941177712662,0.08765638106035256,5.577310968648901,True,0.025476209819316864,0.11577978730201721,0.45753892830971976,5.556663369832146,True,0.13210783898830414,0.3222128748893738
64034,False,0.9324305555555555,576,10.440270117456748,5.26303721717812,578.4136457033233,vector_km,False,4.668132448342931,2325.114431759185,6943.656777974529,-0.1644004750538164,5.271689685381859,False,0.03999314829707146,0.06436746567487717,0.42693806751110674,5.240567317748015,True,-0.08731912076473236,0.06506498903036118
64066,False,0.8935416666666667,576,14.018302298259187,6.541589173033109,365.03494638568327,vector_km,False,4.19857478166432,1820.8935920090548,6726.622749240479,1.859949353590784,6.4199189373087195,True,0.21254147589206696,0.10724510997533798,1.6034923126537537,6.436695303357784,True,0.0705718845129013,0.20319989323616028
64071,False,0.8907638888888889,576,9.34132232619686,5.408858072470787,360.9040427848736,vector_km,False,4.3273851603057665,4459.752522057169,6727.47313196163,-0.31939180959945634,5.4261335321790565,False,0.11860430240631104,0.09597044438123703,0.2701996465195422,5.3942433670512075,True,0.0082119544968009,0.13769057393074036
64100,False,0.9352083333333333,576,11.615163380573904,8.131279563622256,486.18250310258645,vector_km,False,6.770329748754193,4501.435338874746,6843.1701471847755,-2.2249378316634427,8.3121954890541,False,-0.1981188803911209,0.18227675557136536,-5.399294085475148,8.570311270714292,False,-0.46681535243988037,0.3587197959423065
64103,False,0.9338194444444444,576,11.441212350152455,7.838460351518459,486.1800441852761,vector_km,False,6.997353541712982,4491.324636734858,6843.1958258169525,-2.3230005340341364,8.020547837576586,False,-0.20242717862129211,0.18546338379383087,-4.490124995023481,8.190417029436007,False,-0.47367212176322937,0.473589688539505
64114,False,1.933125,576,11.073173751684408,5.392205008187148,474.8860639952445,vector_km,False,4.748445980008,1775.9196343723074,6838.736974252404,0.21449378313382894,5.380639073649307,True,-0.24454516172409058,0.2232881486415863,-3.2667443506994243,5.568354570996908,False,-0.30247339606285095,0.5258352160453796
64116,False,0.9379861111111111,576,17.057151022298967,8.40034359373118,476.1799057836024,vector_km,False,7.570565928859651,4526.140258234236,6837.54663931956,-2.5243290120087636,8.612395914428589,False,-0.2452077567577362,0.22073233127593994,-8.480969649004933,9.11277419517575,False,-0.666960597038269,0.6303669214248657
64127,False,0.8907638888888889,576,11.578298234508111,5.5312028085839735,360.9686063653785,vector_km,False,4.868041293343595,2854.554247720353,6726.017663737695,0.46817833465579994,5.505306925341492,True,0.16006475687026978,0.10109448432922363,0.8669676735418075,5.483249078188817,True,0.08581174165010452,0.1579272747039795
64135,False,0.8942361111111111,576,9.530550515693903,4.5598100509398005,361.62814962931225,vector_km,False,2.6256263264444897,5036.664662820211,6725.633716708428,2.4406661523774797,4.44852032016974,True,0.17873536050319672,0.10208915919065475,0.09976692630644379,4.555260878596589,True,0.01288900151848793,0.16911809146404266
64151,False,0.9365972222222222,576,19.798383208194537,6.064178907637152,552.1981671611875,vector_km,False,4.338211524669987,3238.2258384779534,6917.514173368048,-0.030732195965499365,6.066042572985819,False,0.006371279712766409,0.06955927610397339,0.15643252284047726,6.054692569566732,True,-0.04962209239602089,0.054844629019498825
64185,False,0.9359027777777778,576,10.54539924846813,5.86005631391009,479.10055842777365,vector_km,False,5.195116415596658,1547.8225998087937,6838.704760411467,-4.16237399973669,6.10397378470645,False,-0.2520473897457123,0.22698384523391724,-15.512708938145025,6.769109805049624,False,-0.9128808975219727,0.5658164620399475
64186,False,0.9352083333333333,576,10.364582809856074,5.02653147648213,474.9253604061214,vector_km,False,4.123595266940811,1547.4106038276668,6838.785348550336,0.16848631469034148,5.018062468823806,True,-0.24323613941669464,0.22144831717014313,-3.018506149778588,5.17825764852215,False,-0.3334704339504242,0.520807147026062
64189,False,0.9254861111111111,576,11.655173184933119,5.3661190256250615,467.05507806605056,vector_km,False,4.613067005391713,1472.1977239295406,6830.761010060549,-3.599068467761546,5.5592493337787925,False,-0.2043173462152481,0.27894458174705505,-9.763968045658844,5.890065183555509,False,0.24711847305297852,0.9475287795066833
64192,False,0.9338194444444444,576,10.26425365992418,5.320966503867324,479.45058180987826,vector_km,False,4.7173088065260345,1578.7957405456273,6843.303645432577,0.42560134184752574,5.298320408985047,True,-0.18869248032569885,0.17856156826019287,0.12368124905749456,5.314385476021042,True,-0.20365279912948608,0.39704856276512146
64204,False,0.9345138888888889,576,11.389035492946277,6.0532167421342065,466.8460234242548,vector_km,False,5.64965269752156,1387.0812279387828,6830.801935481783,-0.023140966333223822,6.054617524984895,False,-0.1987873613834381,0.2751522958278656,-5.082743514798005,6.360886234039974,False,-0.07217726111412048,0.9040068984031677
64208,False,0.9317361111111111,576,10.107099860048947,7.49627096820002,486.159910139545,vector_km,False,7.269093901692486,4332.229222726872,6843.357145968248,-2.493953778377289,7.683224511498239,False,-0.19960574805736542,0.18555819988250732,-6.360609081628366,7.973079470822881,False,-0.5045490264892578,0.3708046078681946
64227,False,1.9365972222222223,576,10.920723851014372,7.66266858091989,486.1461072196307,vector_km,False,6.774290243075939,3035.1776034353175,6843.291563458992,-1.7155048416660934,7.794122041597948,False,-0.19556434452533722,0.17897409200668335,-5.959831123263704,8.119350698474086,False,-0.548827588558197,0.7283965945243835
64255,False,0.9372916666666666,576,7.92674907052151,4.559981488940998,490.8251289474638,vector_km,False,3.835179864092879,5170.616359200885,6855.261677776012,-0.1286252444798519,4.565846786292247,False,0.006367686670273542,0.11685661971569061,0.08840523586984839,4.555950236541238,True,-0.03944225236773491,0.30456244945526123
64280,False,0.9379861111111111,576,12.45091809400219,8.684261743451042,473.693192562891,vector_km,False,7.152878377317393,4769.245858507481,6830.618752579305,-1.9177887480423816,8.850807548209275,False,-0.21796292066574097,0.27788591384887695,-5.248903208385958,9.14009024725257,False,-0.41484519839286804,0.9330087900161743
64294,False,0.9365972222222222,576,14.148595686470799,8.27723947642991,583.1050368147471,vector_km,False,7.572913119150144,4259.325766650496,6943.788030934826,0.08131545865485146,8.27050881117756,True,0.03944694623351097,0.0645643025636673,-0.6343929967367767,8.329749714054953,False,-0.09309540688991547,0.07150670140981674
64321,False,0.8963194444444444,576,9.731756078549552,4.657386941871569,361.0278027024924,vector_km,False,3.750621161595973,2681.6659600189923,6726.480331607484,0.35032859200063715,4.641070793739056,True,0.1554073691368103,0.09998758137226105,1.0063615674792081,4.610516799539142,True,0.09371455758810043,0.1664852499961853
64328,False,0.8928472222222222,576,9.293609040316369,4.720493025890607,362.7134095834772,vector_km,False,3.809920385316218,4859.423905454232,6726.724963646104,1.4676990133031254,4.651210406179798,True,0.14104315638542175,0.09815233200788498,-0.14301351904777437,4.72724397909764,False,0.023127468302845955,0.1800309717655182
64339,False,0.9345138888888889,576,8.38134675287165,5.32278795936143,489.7076507199454,vector_km,False,5.091567267502796,5569.585386294149,6855.179139711962,-0.053516161208611024,5.325636521151906,False,0.026412345468997955,0.1160026490688324,1.7506422599503968,5.2296049937622335,True,0.1577739119529724,0.3165047764778137
64344,False,0.9345138888888889,576,13.22027159938716,7.312986504057621,582.04183321248,vector_km,False,6.898998057483823,4801.728296459854,6943.73218488748,-0.041665775160071306,7.316033526576054,False,0.040049176663160324,0.06438598036766052,-0.220191018779059,7.3290890535661,False,-0.08919985592365265,0.0668969452381134
64370,False,0.8921527777777778,576,11.00703027462896,5.383020696439945,361.04079103566346,vector_km,False,4.538694576867329,4039.5236737385844,6726.623239026345,0.8204946345913067,5.338853310364666,True,0.13734589517116547,0.09830619394779205,1.5934100026597342,5.297247116058286,True,0.08543644845485687,0.18187326192855835
64375,False,0.8900694444444445,576,16.524423093218502,7.921987456331115,365.08390351592607,vector_km,False,4.662786570213939,1660.2563490810726,6725.226445759109,1.4136377041572779,7.809999264588444,True,0.1633712500333786,0.10149595141410828,0.944108107699082,7.847195340370577,True,0.038061633706092834,0.20966683328151703
64376,False,0.8942361111111111,576,9.409462301951862,5.5324460103066695,360.9602523619383,vector_km,False,4.380898660846469,4389.129212901926,6728.6402143408195,-1.2067737202121398,5.599210124964652,False,0.1394168734550476,0.09844807535409927,0.07009880894096598,5.528567841541133,True,0.044747497886419296,0.15194158256053925
64392,False,0.9296527777777778,576,10.609204098125701,5.645797776375573,491.6166614165868,vector_km,False,4.8344093323889865,4046.544047666815,6855.245366893017,-0.2850304818635019,5.661890031011118,False,0.011696871370077133,0.11625299602746964,3.412269793549927,5.453147933906169,True,0.22058886289596558,0.37261345982551575
64413,False,0.9345138888888889,576,12.242166063876539,7.313501864391569,583.430495303221,vector_km,False,6.912396921718937,4230.99212761541,6943.577154893166,0.2830535265883172,7.292800749419,True,0.039839740842580795,0.0644013062119484,-0.9907955180723294,7.385963723177176,False,-0.09564709663391113,0.0730777233839035
64418,False,0.9352083333333333,576,10.32039763618286,4.902142372451411,580.0609226788065,vector_km,False,4.223710810547345,1315.7412746883056,6943.520586304454,0.01375996160059012,4.901467849541979,True,0.04009067267179489,0.06435257941484451,-0.023776535715147595,4.903307942085782,False,-0.08798660337924957,0.06567153334617615
64420,False,0.9324305555555555,576,10.427601948580559,5.976104542117458,582.6304107589995,vector_km,False,5.6482943511523445,1323.710902206048,6943.630165461998,0.039200789163373884,5.973761871971799,True,0.039799898862838745,0.06447333842515945,-0.6195106301490894,6.013127155086649,False,-0.08964182436466217,0.06742390990257263
64423,False,0.9352083333333333,576,9.401411380449645,5.1648252981243,582.6996937541853,vector_km,False,4.330066417776834,4232.37682483079,6943.687022024036,0.5630138340907531,5.1357466271329395,True,0.039717163890600204,0.06451021134853363,-1.5024383919842732,5.242423626432479,False,-0.09473910927772522,0.07049426436424255
64429,False,0.9359027777777778,576,12.103329361171745,7.18195277731768,583.456771541154,vector_km,False,6.858716784451644,1331.5383444869472,6943.639767892486,0.04225154128004727,7.178918301571033,True,0.040107231587171555,0.06436114758253098,-0.6068375674648241,7.225535574908712,False,-0.09103914350271225,0.06893669813871384
64484,False,0.9359027777777778,576,10.621537107409495,5.4197017559437715,466.8300224434479,vector_km,False,5.003335179887017,2510.3616222213973,6830.848039496121,0.0447918314837259,5.417274182261849,True,-0.19909650087356567,0.2772446274757385,-6.330799653945052,5.762812226586994,False,-0.37410104274749756,0.8336243629455566
64485,False,0.9296527777777778,576,11.227551087764368,5.238622512702046,468.3547136937623,vector_km,False,4.470710085924111,4777.902467669868,6830.853153251826,-0.09940589185086779,5.243830022141438,False,-0.20056287944316864,0.2788519859313965,-15.379038679624824,6.0442723067479305,False,-0.790079653263092,0.8109992742538452
64497,False,0.933125,576,10.700482376635591,4.762423401409843,466.8613431904405,vector_km,False,3.9355333917965254,3778.883131897117,6830.520775909741,-0.22933211299749345,4.773345177649117,False,-0.19982244074344635,0.2758362591266632,-9.979018174886622,5.237666509199487,False,-0.5044295787811279,0.7631023526191711
64597,False,0.9338194444444444,576,10.460106792860643,5.588413161843667,473.1938493343796,vector_km,False,5.123335663308353,5524.022705164646,6833.54986614597,-4.557416057606201,5.843100411102651,False,-0.2573518455028534,0.2684900164604187,-11.951401374215177,6.256306860460214,False,-0.46658337116241455,0.7645841836929321
64601,False,0.9317361111111111,576,9.972561329538621,6.497406236044218,485.64299622593353,vector_km,False,5.981844122541133,4333.533833075368,6843.340394282415,-1.7925548695295834,6.613875818100802,False,-0.19727754592895508,0.1841769963502884,-10.344118324547491,7.1695056361615705,False,-0.6800470352172852,0.7684124708175659
64675,False,0.9372916666666666,576,10.608281965714013,4.846351786397096,467.71003922182445,vector_km,False,4.1265053882220855,4916.419030497119,6830.817753398391,-0.2006997857650683,4.856078414069887,False,-0.20071792602539062,0.27554208040237427,-13.104502864518075,5.481442106380577,False,-0.7229332327842712,0.786230742931366
64734,False,0.9379861111111111,576,10.014223093057808,6.488199712975755,473.24494194623185,vector_km,False,5.717220445740622,4845.755429581367,6830.911184439534,-1.236623872458531,6.568434349642861,False,-0.20613259077072144,0.2776085138320923,-14.115090453825285,7.404014982698624,False,-0.7013270258903503,1.0152393579483032
64763,False,0.9365972222222222,576,10.199437038409997,5.560979489809307,470.8552027564856,vector_km,False,5.020307377209065,2083.531759328924,6830.965263941239,-4.042550943301926,5.785784929035675,False,-0.2088233232498169,0.27987977862358093,-4.727482679745965,5.823873842487015,False,0.1404617875814438,0.8272027969360352
64773,False,0.9379861111111111,576,11.823360667907764,5.84512002800508,469.5345347389184,vector_km,False,5.438147058071536,3970.9231095674845,6830.649857695054,-0.36857175580189416,5.866663499557884,False,-0.201706662774086,0.2780742347240448,-15.80184910388156,6.768757086351387,False,-0.8312329053878784,0.8596851229667664
64777,False,0.9310416666666667,576,11.46827528135691,5.290318312799767,467.5117901765825,vector_km,False,4.713115642946832,4185.986851097942,6830.90589819382,0.32236084063552717,5.273264408182094,True,-0.1961461752653122,0.2785626947879791,-13.199931706302648,5.988636728455352,False,-0.7536689639091492,0.8099725246429443
64780,False,0.9379861111111111,576,10.035448629104394,6.549280015784751,473.29815039258756,vector_km,False,5.844815050154011,2262.4008650323044,6830.919864098107,-1.3018535297346645,6.634542058972636,False,-0.2067907452583313,0.2772666811943054,-14.178710998028876,7.477883513092402,False,-0.7452589869499207,1.0248836278915405
64795,False,0.933125,576,11.642487228976279,6.576312906650806,578.4440961045334,vector_km,False,5.7956194499438425,1390.8240054213284,6943.614464605416,0.0005279321132256598,6.5762781981830525,True,0.040022943168878555,0.06444597244262695,0.6066837621467314,6.536415494037527,True,-0.08827997744083405,0.06520576030015945
64812,False,0.9407638888888888,576,9.741163598921048,5.679106706017603,583.3789594288564,vector_km,False,4.6818928950160625,4188.012585193514,6943.722106261843,0.210450930123407,5.667154983111042,True,0.03964591771364212,0.06447587162256241,-1.14719887684529,5.744257364478602,False,-0.09223386645317078,0.07045678794384003
64813,False,0.9414583333333333,576,12.765551453701846,6.338627357580416,578.42223679675,vector_km,False,5.939155638749071,3861.0688237784007,6943.549637051014,-0.05245831654199229,6.341952504789318,False,0.039840564131736755,0.06441685557365417,0.2952337520564119,6.3199136001742335,True,-0.08743006736040115,0.06521417945623398
64857,False,0.9421527777777777,576,14.211307250481696,6.857390487991396,554.3530659425082,vector_km,False,5.955964103621227,2365.3685791024313,6917.515246156552,-0.19123525953472775,6.87050424650754,False,0.005321658216416836,0.06774799525737762,0.2564492066676305,6.839804774461196,True,-0.037776198238134384,0.046668048948049545
64859,False,0.9379861111111111,576,13.897549878526661,10.4047261760927,563.4384627871395,vector_km,False,9.762880112628864,1885.0027806505486,6917.502263315915,0.07620785577949762,10.396796967366551,True,0.005939522758126259,0.06809964030981064,-0.5512663260294204,10.462083937872196,False,-0.05049128085374832,0.055033016949892044
64861,False,0.9463194444444445,576,11.959928013106037,6.018574690372014,554.6187506110932,vector_km,False,4.461737327798801,3774.44464450347,6917.499666638881,0.009362682920388554,6.018011200306491,True,0.00607092771679163,0.06870973110198975,0.1553351631081945,6.009225737544402,True,-0.0480000264942646,0.05023115873336792
64918,False,0.9372916666666666,576,11.664832131436924,5.916337854719634,466.85991146270317,vector_km,False,5.474790652289812,2909.1341140144605,6830.730705683231,0.07817903246342128,5.911712529019729,True,-0.20049317181110382,0.2740042507648468,-5.794956550389085,6.259187073354354,False,-0.2869082987308502,0.8514963388442993
64928,False,1.9324305555555557,576,11.827603545815691,5.361511981326412,466.8675759632456,vector_km,False,4.692291195073722,3576.159141914528,6830.681627333845,0.21994147033445044,5.349719803020531,True,-0.19916874170303345,0.27662065625190735,-10.898235234107512,5.945822180246046,False,-0.6459308862686157,0.784130334854126
64933,False,0.9463194444444445,576,11.37870560995816,7.234561835545309,560.3957262608092,vector_km,False,6.758123650739435,3460.1566764764275,6917.5267147765835,0.19534448469737953,7.220429527988015,True,0.006236580666154623,0.06756024807691574,-0.7916855474903839,7.291836826100744,False,-0.05735723301768303,0.056878525763750076
64946,False,0.9407638888888888,576,13.431382290067631,7.030943569698041,554.496267502358,vector_km,False,6.266673722470387,3469.168705066196,6917.559595576244,-0.0732126542027034,7.036091120108233,False,0.006054999306797981,0.06828873604536057,0.30479652585189143,7.009513507932515,True,-0.0461294911801815,0.04923432320356369
64955,False,0.9414583333333333,576,11.890396191141008,6.024584188201551,554.4647335947238,vector_km,False,4.861683452327725,3471.3761153798273,6917.540050282929,-0.05285521199711596,6.027768504951455,False,0.006233840715140104,0.06786574423313141,0.25098283644808816,6.0094635258967015,True,-0.047678910195827484,0.04980882257223129
65020,False,0.9442361111111112,576,10.679644082802952,6.505769820288239,472.30096936049995,vector_km,False,5.6029966500996125,2369.952331005819,6830.556900616795,-1.267557492408744,6.5882342032109245,False,-0.20498210191726685,0.27647554874420166,-14.492003240606843,7.448586204920033,False,-0.8166288733482361,0.9550324082374573
65024,False,0.9435416666666666,576,10.802364781266078,6.772212979452175,473.0249669839732,vector_km,False,5.660054616146681,2521.7321157172573,6830.656664328706,-0.9521357243613027,6.836693648654586,False,-0.19888485968112946,0.28217774629592896,-16.186281303035987,7.868382434365647,False,-0.8441002368927002,1.038066029548645
65041,False,0.9463194444444445,576,10.873873356293188,8.115919303116138,473.72560303938144,vector_km,False,7.5761077938655035,2355.607800342873,6830.630978513921,-2.2737589117307166,8.300455751766991,False,-0.21740104258060455,0.2816324234008789,-3.9177587785670154,8.433881454467162,False,-0.22919736802577972,0.7572861313819885
65067,False,0.9421527777777777,576,11.575439886787535,5.560510028884125,555.4536021716203,vector_km,False,4.307008329231849,1915.403036667526,6917.678686187135,-0.1984571473544472,5.571545268485653,False,0.006541786715388298,0.06965500116348267,-0.1145727314229017,5.566880867116719,False,-0.03733907639980316,0.04745909944176674
65068,False,0.9470138888888889,576,12.486923073050093,5.821144611571308,554.7155127797773,vector_km,False,4.715569802463051,1917.28354984331,6917.505846145721,-0.2237849732024788,5.834171468502769,False,0.0058785537257790565,0.06927421689033508,0.17052632550388358,5.811218037545875,True,-0.037747904658317566,0.047219231724739075
65069,False,0.9400694444444444,576,13.75638642713966,6.603535892516894,554.5325728731978,vector_km,False,5.604825156491188,1926.9541106375677,6917.557724871858,-0.21865547060260226,6.617974895020954,False,0.005363404750823975,0.06861986219882965,0.2485702224442221,6.587121478634824,True,-0.03798243775963783,0.04701386019587517
65071,False,0.9463194444444445,576,11.83981937941553,6.142907927446001,554.6872087915253,vector_km,False,4.393340402413742,1924.4588512135124,6917.437676039452,-0.2064512859967893,6.155590049880457,False,0.005573577247560024,0.06916297227144241,0.28467587346466816,6.125420560618946,True,-0.039025261998176575,0.04728822037577629
65072,False,0.945625,576,12.564046384746689,10.023195546606177,562.9741836329199,vector_km,False,9.569466569926135,3223.8543616094585,6917.578466083276,0.10245904911960757,10.01292588574748,True,0.00687178410589695,0.07019513100385666,-0.5722484580368725,10.080553138624877,False,-0.04993683099746704,0.0553138367831707
65089,False,0.9470138888888889,576,11.53171908639797,8.225648658685397,486.2107833575278,vector_km,False,6.940469623193167,4503.510215286669,6843.387431149595,-1.9730190804112757,8.387942286406156,False,-0.20272259414196014,0.1859380155801773,-4.14667857546005,8.566739879722391,False,-0.4772251844406128,0.4539168179035187
65090,False,1.9463194444444445,576,10.96261304492964,8.022654049516976,486.2007337199293,vector_km,False,7.184948769860057,4472.029260203009,6843.293245716806,-2.1583020773620065,8.1958071687431,False,-0.20239172875881195,0.18611669540405273,-4.428026089641812,8.377899274354098,False,-0.4383188486099243,0.3372371196746826
65094,False,0.9414583333333333,576,9.932687601511134,4.631995610843801,468.1252268893195,vector_km,False,3.753144035302739,4605.197510833739,6830.80345685716,-4.597678287597229,4.844959877785791,False,-0.20536848902702332,0.27511313557624817,-8.397258358708036,5.020956260290098,False,0.29875171184539795,0.9250516891479492
65100,False,0.9463194444444445,576,11.094230191213683,5.2327598135205395,466.8762787245996,vector_km,False,4.249939898926186,3197.4854881980427,6830.722557252337,-1.9631061230811708,5.335484452022203,False,-0.19997215270996094,0.2742021381855011,-9.576778571142984,5.733889644978834,False,0.1837558150291443,0.9660115838050842
65280,False,0.9400694444444444,576,12.650900707592882,9.863421580914082,563.115951286215,vector_km,False,9.847849732090708,3217.2659626760455,6917.568946318718,0.04043441244118151,9.8594333743472,True,0.006322747096419334,0.06978429108858109,-0.4850096049543007,9.911260133007152,False,-0.046408187597990036,0.05287982523441315
65282,False,0.9463194444444445,576,12.338328644304966,5.595870707317033,554.3497692436049,vector_km,False,4.6417868537200775,2517.064142076663,6917.531691413422,0.1784211621729037,5.585886499749503,True,0.006222654599696398,0.0693875104188919,0.003593894235554007,5.595669607641894,True,-0.05471126362681389,0.0551089383661747
65332,False,0.9275694444444444,576,9.178055877805491,4.3688441270740705,474.8591078672648,vector_km,False,3.3008899820288207,2417.3751563061505,6838.763454651032,-2.603136832874564,4.482571127977127,False,-0.2469562441110611,0.22499123215675354,-7.412566833188161,4.692687628572509,False,-0.5351316928863525,0.6439942121505737
65346,False,0.9449305555555556,576,11.129497967855059,5.072530071353592,467.48808341923177,vector_km,False,4.406861142865637,4528.008254032211,6830.895983861248,0.02514078090227745,5.071254807679637,True,-0.199928417801857,0.2762371003627777,-14.28178499116688,5.796977921184775,False,-0.6699365973472595,0.7854249477386475
65391,False,0.9428472222222222,576,13.582672952892608,10.180819500667658,563.4891840859691,vector_km,False,10.006149468269086,2472.6384392743676,6917.522192380186,0.06393112185710814,10.174310798540242,True,0.006329825613647699,0.06761873513460159,-0.5715969445231783,10.239012763918055,False,-0.053330693393945694,0.056608423590660095
65398,False,0.9414583333333333,576,14.399065272968073,6.805809545300621,554.538448209777,vector_km,False,5.905107957340078,3254.133520216807,6917.53645490943,0.08798502500417804,6.799821462061653,True,0.006023974623531103,0.06827583909034729,0.024158534625540184,6.804165371442655,True,-0.04941967874765396,0.05088737979531288
65421,False,0.9414583333333333,576,11.30965758723869,6.497713123317996,480.02857975452025,vector_km,False,6.22073710427685,1210.582349581071,6839.0343716615,-3.5867087333094627,6.730767177736109,False,-0.25465476512908936,0.2282005399465561,-13.462318829508678,7.372455991952123,False,-0.9418484568595886,0.5512358546257019
65438,False,0.9407638888888888,576,14.139558034594302,10.377425740987931,563.4940134502394,vector_km,False,9.669323228406029,2453.6909946773153,6917.506655774669,0.11558533804072457,10.365430968353728,True,0.00628169160336256,0.06780798733234406,-0.6082420877585815,10.440545622031337,False,-0.05429523438215256,0.05730091780424118
65467,False,0.9435416666666666,576,10.925983611111405,5.491346696271822,474.8642748500756,vector_km,False,5.114200272466405,4288.544111128137,6838.922558256967,0.32016681268242086,5.47376523654901,True,-0.24764344096183777,0.22575953602790833,-3.0650508896149953,5.65965927734425,False,-0.3320939242839813,0.5328711271286011
65474,False,0.9400694444444444,576,10.286943260989574,6.382037922240007,485.18388439123555,vector_km,False,5.5656268340026145,1252.216752975421,6843.307498904751,-1.6530758098744158,6.4875378574748765,False,-0.1913093775510788,0.17593654990196228,-9.588171189895611,6.993958654587253,False,-0.5820052027702332,0.7166480422019958
65476,False,0.945625,576,11.408050328487661,7.29187633743812,481.6730135889984,vector_km,False,6.4035664913676555,1220.0605087156696,6838.830950252632,-1.747473880478334,7.419299982006379,False,-0.2552197277545929,0.22791533172130585,-13.147341229848486,8.250564212894423,False,-0.922856330871582,0.8582219481468201
65499,False,0.9421527777777777,576,11.0603261043143,7.114741970993139,473.38765341302405,vector_km,False,5.872763836422109,3226.143834190724,6830.703700316167,-3.0840135530400437,7.334161587950797,False,-0.21464772522449493,0.274861216545105,-2.8855984750564945,7.320044867100881,False,0.01884784922003746,0.6815866827964783
65503,False,0.9414583333333333,576,11.514186645001246,8.264878832583404,473.70083913208146,vector_km,False,7.061115557005905,1556.5847985105588,6830.710213070946,-2.414231503307862,8.46441215131128,False,-0.21808117628097534,0.28176379203796387,-2.9497209420185078,8.508669704635544,False,-0.16264837980270386,0.6903648376464844
65516,False,0.9463194444444445,576,11.354682339168903,8.262171952350249,473.7151398992696,vector_km,False,7.639152745533011,1558.8001500510545,6830.702527098927,-2.203369156846402,8.444218111054287,False,-0.21824948489665985,0.28611448407173157,-5.328391723505543,8.702412849373916,False,-0.40801113843917847,0.8816509246826172
65523,False,0.9435416666666666,576,12.59318955215167,5.853745958699489,470.9637859942786,vector_km,False,4.5056434961256855,2156.8404364677463,6833.337101052262,-1.746358127572445,5.955973337191316,False,-0.24597924947738647,0.2267037034034729,-13.177947067307239,6.625149513909339,False,-1.0080525875091553,0.8011908531188965
65542,False,0.9400694444444444,576,12.654061823922348,9.753999949142695,479.08053898106436,vector_km,False,10.053657820309581,3470.2094789868547,6833.17189743688,-2.3051833265511634,9.97884753987266,False,-0.2492179274559021,0.23060265183448792,-14.091236795715112,11.128459190439449,False,-1.466726303100586,0.4470110535621643
65598,False,0.9414583333333333,576,13.116850937458366,10.036124698946452,563.175139687331,vector_km,False,9.705142058458478,3450.0683243488293,6917.519852302155,0.146713822357869,10.021400326769355,True,0.006459293887019157,0.06938569992780685,-0.6359167581271308,10.099946107837182,False,-0.055621419101953506,0.05831717327237129
65641,False,0.9428472222222222,576,11.178006496869784,7.94749950239756,473.7132356143775,vector_km,False,7.020409996305261,4072.271624293244,6830.664147264288,-2.5984630122747543,8.154012347627926,False,-0.21064583957195282,0.28224220871925354,-2.3607759392763716,8.135122168660349,False,-0.06752251833677292,0.6368066668510437
65645,False,0.9407638888888888,576,12.177105068967649,8.59160983053833,486.1783640686608,vector_km,False,7.193191680917607,2777.8846474304046,6843.029536421725,-1.7161823563460965,8.739057532747744,False,-0.20111574232578278,0.18556322157382965,-5.808223677435498,9.090629757569356,False,-0.6480668187141418,0.6822848320007324
65653,False,0.9379861111111111,576,12.871932527506033,6.754075329571254,473.549238264407,vector_km,False,5.292020986549687,2237.299689550078,6833.40108094867,-3.8432891739205832,7.013653985895436,False,-0.26700666546821594,0.24535731971263885,-22.11859899376625,8.247982179667876,False,-1.5120854377746582,0.9167757034301758
65676,False,0.9421527777777777,576,9.415816749228725,6.863770193933673,481.6560374003102,vector_km,False,6.383851943238369,5269.500829428978,6838.542277794388,-3.4489812415126497,7.10050035072788,False,-0.25380539894104004,0.22503088414669037,-12.63864267103969,7.731257593770143,False,-0.8993661403656006,0.4435514211654663
65689,False,0.9449305555555556,576,11.323202587052947,8.26726838145126,473.67633012205806,vector_km,False,7.504718672323634,4461.726656431603,6830.559390530405,-2.2003686636765885,8.449178774478794,False,-0.2180720865726471,0.2806933522224426,-3.5837793102148296,8.56354904558402,False,-0.18405209481716156,0.7742146849632263
65700,False,0.9470138888888889,576,11.13580498841111,5.779508881052855,466.89256525427027,vector_km,False,5.30624180912082,2967.7577304077104,6830.813477431806,0.0009248209555168252,5.779455440943505,True,-0.19980546832084656,0.2730923891067505,-6.0157935272685314,6.127192212828722,False,-0.24787548184394836,0.8542729020118713
65734,False,0.9386805555555555,576,11.314503464358495,6.340494112810188,471.6316910595051,vector_km,False,5.77017091992866,5565.769642015302,6830.768646077582,-0.7691925442204095,6.389264730869578,False,-0.19967004656791687,0.27421486377716064,-14.764369106427267,7.276628078273212,False,-0.7705826163291931,0.953331470489502
65801,False,0.9428472222222222,576,12.204801470623352,9.694057350350432,563.3442888054369,vector_km,False,9.511780710991843,2832.0654196489504,6917.497547243382,0.12107425133239813,9.682320352977655,True,0.00632321834564209,0.06833118200302124,-0.6634123159279248,9.758368930792114,False,-0.056446630507707596,0.05857357382774353
65807,False,0.945625,576,14.518978105388669,6.793283571792375,554.4121431150138,vector_km,False,6.263363639493036,2275.6450284499933,6917.594680957997,-0.20761805944238265,6.807387665337311,False,0.005881074350327253,0.06764506548643112,0.06761238811553438,6.7886904805312644,True,-0.03715033084154129,0.04692752659320831
65814,False,0.9400694444444444,576,13.526487968364563,8.655701676586286,561.8862177646624,vector_km,False,7.649986012566387,3501.4130969222338,6917.5126922804675,0.1846429990191023,8.639719539406027,True,0.00613090954720974,0.06798349320888519,-0.6601985376368136,8.712846502543334,False,-0.057830777019262314,0.057859260588884354
65842,False,0.9428472222222222,576,11.652968499003691,6.234139109008307,470.8210658550688,vector_km,False,5.837391546177969,1422.1556084876343,6830.7548398509825,-3.6892204433859765,6.464130253855884,False,-0.20704953372478485,0.2816237509250641,-5.2382158464348905,6.560696782228996,False,0.13464099168777466,0.8095666170120239
65891,False,0.9407638888888888,576,11.540176283561777,6.042448061482429,483.0165699821946,vector_km,False,5.559245369375276,4710.914559120259,6843.339448536939,-2.801072567170171,6.211701426798227,False,-0.1888064742088318,0.1757945865392685,-9.412507188559438,6.611193930575684,False,-0.5442359447479248,0.4677799940109253
65903,False,1.9428472222222222,576,11.799228709634008,6.2068331314272145,483.0345232524269,vector_km,False,5.743271295247723,4716.386677545799,6843.19642827618,-2.8335527966014906,6.382707035486514,False,-0.1944984644651413,0.18288679420948029,-9.886580992580353,6.820476727028735,False,-0.6045104265213013,0.48029986023902893
65932,False,0.9546527777777778,576,9.777797256498161,5.207084386191649,479.41586593158127,vector_km,False,4.609244392438541,2949.663848463425,6843.314221526958,-0.21645997232149217,5.218355649634402,False,-0.193090558052063,0.18408189713954926,-0.1882965971622852,5.216889158921046,False,-0.20638316869735718,0.4880743622779846
65935,False,0.9428472222222222,576,11.640075660029652,7.107765069260494,473.13491545025863,vector_km,False,6.49988588694805,5330.846495176697,6830.882788251269,-0.7693645236763524,7.1624497022065805,False,-0.20515014231204987,0.2822192311286926,-13.90756167132543,8.09628189111158,False,-0.7836726307868958,1.028849720954895
66021,False,0.9497916666666667,576,10.49230646288288,5.3916028881700315,466.81867474333103,vector_km,False,4.618010319797122,2051.3463835063635,6830.601111566106,-0.8456506285862586,5.437197021969281,False,-0.19903074204921722,0.27731963992118835,-6.680165485320777,5.751770894079141,False,-0.06430574506521225,0.9605358242988586
66022,False,0.9421527777777777,576,10.348809468889158,7.817269438656095,486.21947406751497,vector_km,False,7.315316968957632,3861.527469568549,6843.271600663478,-2.275834415372957,7.995177557111046,False,-0.20196695625782013,0.18591199815273285,-5.10097388477011,8.216026321734155,False,-0.47934257984161377,0.3335361182689667
66028,False,0.9449305555555556,576,11.420265088773704,5.997956376268683,466.8082446282824,vector_km,False,5.590473148971796,1989.916894052889,6830.729994032905,0.15682999657842256,5.988549791473322,True,-0.19942960143089294,0.27558428049087524,-4.322087849894829,6.257193330481592,False,-0.22336451709270477,0.8949258327484131
66110,False,0.9567361111111111,576,7.504063724390107,3.734086289251658,468.180824168815,vector_km,False,3.6720062113431595,4530.248311594248,6833.038278426473,1.592270149945052,3.674629557735486,True,-0.20129083096981049,0.27239951491355896,-15.020859617281413,4.2949781602503885,False,-0.6716334223747253,0.7750989198684692
66120,False,1.9553472222222221,576,11.30867271022089,5.764166440209634,466.916973859903,vector_km,False,5.069047716981913,1386.513410975319,6830.463966753323,-0.3100163676591716,5.782036309664402,False,-0.2001330554485321,0.2722048759460449,-5.305630081443469,6.069991799336429,False,-0.053502678871154785,0.893886387348175
66122,False,0.9532638888888889,576,10.009636791830417,5.429248587884589,479.44359547128806,vector_km,False,4.938381523883891,1339.3278258558435,6843.432476536362,0.017949154307494997,5.428274093676017,True,-0.19177696108818054,0.18201567232608795,-0.06322286496507346,5.432681124394247,False,-0.17317812144756317,0.47789838910102844
66124,False,0.951875,576,10.952597043768037,7.857256211040253,473.6822666220369,vector_km,False,7.012429823764705,4372.433127941255,6830.607800052993,-2.7696284414793215,8.074873024058087,False,-0.21705663204193115,0.27764424681663513,-0.24620857038188948,7.876601459253319,False,0.07568628340959549,0.6642661094665527
66125,False,0.9532638888888889,576,10.57238044634687,6.445994626041927,472.53562918275657,vector_km,False,5.68022292607975,4353.945387314079,6830.888478090137,-3.525535180999362,6.673250444700917,False,-0.21292193233966827,0.27783912420272827,-2.331562801344278,6.5962870491525285,False,0.12184439599514008,0.7296770215034485
66132,False,1.9359027777777778,576,10.502487836296496,6.150549987945256,471.8856340687653,vector_km,False,5.290125146732862,1385.757280619453,6830.631794288465,-1.1546406965103007,6.221566751280745,False,-0.2036638855934143,0.27379828691482544,-14.503554270088603,7.04259835480618,False,-0.718603253364563,0.9216031432151794
66141,False,0.9504861111111111,576,10.496873772720392,7.774326209700124,473.6395098917269,vector_km,False,7.112863252448733,4358.785960139209,6830.987443542004,-1.8609213133189195,7.919000313289464,False,-0.21457664668560028,0.27843335270881653,-6.24291965749717,8.25967115950774,False,-0.3478078842163086,0.9667689204216003
66177,False,0.9428472222222222,576,10.971774705742064,6.623279634866965,472.46961834001377,vector_km,False,5.847974601907936,1652.5624799886928,6830.795580010536,-3.4566204267853173,6.8522212819945505,False,-0.21332380175590515,0.27931293845176697,-3.3875344590589496,6.847645525156671,False,0.04176326468586922,0.7354832887649536
66191,False,0.9421527777777777,576,9.287631570681697,5.865920136303944,466.8486883426135,vector_km,False,5.597873662089114,4189.1931780467385,6831.6274081817855,0.5464373960325397,5.833866565003133,True,-0.19050300121307373,0.27516040205955505,-3.7764530948231068,6.087443869208891,False,-0.29195043444633484,0.8717825412750244
66211,False,0.9525694444444445,576,10.609917990889699,5.538270459572385,466.82188526927075,vector_km,False,5.093460187598339,4245.787318216177,6830.956638476034,-0.7292031509127384,5.578655712342577,False,-0.19947583973407745,0.27726343274116516,-7.214418917135035,5.937824502011319,False,-0.0046541159972548485,0.9636200666427612
66219,False,0.9497916666666667,576,10.382285103803952,4.726340216894805,466.90166500663554,vector_km,False,3.9935352835500453,3337.222451891026,6830.811057432949,-3.2644894166127925,4.880631103394899,False,-0.20259615778923035,0.27774372696876526,-11.754671457368527,5.281905992523735,False,0.16249841451644897,0.9703639149665833
66266,False,0.945625,576,11.063591539386834,5.909992895696049,466.8279807383906,vector_km,False,5.6195839340985,2994.8925973692535,6831.024542365893,-0.46538332759689105,5.937497027341317,False,-0.1978955864906311,0.27744030952453613,-6.71243771187211,6.306697498266956,False,0.004866838455200195,0.946788489818573
66337,False,0.9414583333333333,576,8.21327919369287,5.233274178132007,489.81786644231215,vector_km,False,5.005983238998397,2193.7143912451143,6855.273322563856,-0.049426247045047944,5.235860799160777,False,0.028436435386538506,0.11570556461811066,1.4701139154262743,5.156339096059867,True,0.21018871665000916,0.31410646438598633
66361,False,0.9546527777777778,576,10.318827034833703,6.00770177583877,479.95024053385805,vector_km,False,5.546566953146339,3693.9881425804892,6838.932435457911,-1.9911166347177156,6.1273221354608385,False,-0.2555695176124573,0.23056533932685852,-13.885024529815372,6.841872652480639,False,-0.871232271194458,0.8004598021507263
66386,False,0.9539583333333334,576,11.683176588600872,7.403753423433656,473.58421685997564,vector_km,False,6.598596962183365,1647.5596698072827,6830.866003123463,-2.998578242929306,7.625760773048729,False,-0.21414729952812195,0.2829461991786957,-3.1342734051755805,7.6358073082825415,False,0.011063601821660995,0.6802385449409485
66408,False,0.9567361111111111,576,11.45027612708327,5.342930492452252,467.55764484612973,vector_km,False,4.661227984868674,1512.600972616202,6830.920208065101,-3.5780959423864944,5.534105681965027,False,-0.20513604581356049,0.2782507836818695,-9.169170882188649,5.83283293033868,False,0.26996976137161255,0.9356562495231628
66436,False,0.9504861111111111,576,10.675650800781114,6.3398957572649906,487.5591142676635,vector_km,False,5.400820546414707,2817.1700525569527,6855.27060401728,0.09156035756656689,6.334090936031135,True,0.0159135852009058,0.11648380011320114,-0.7858877053302793,6.38972022863068,False,0.20967645943164825,0.32762598991394043
66521,False,0.9539583333333334,576,7.939264834586538,4.4618586883054725,489.7825028688749,vector_km,False,4.204488915735055,3409.380935613817,6855.35436022437,-0.046460926345837095,4.463931719188947,False,0.014661552384495735,0.11634134501218796,0.2577968075288317,4.4503561690247935,True,0.02237824909389019,0.30940109491348267
66537,False,0.9560416666666667,576,7.004173773856564,4.62569081702714,487.69502130164346,vector_km,False,4.1925269052781005,4343.340771371924,6855.181914935456,0.10409133150568461,4.620875883853951,True,0.014523155055940151,0.11637416481971741,-0.15351999858321808,4.6327921875192555,False,0.11762579530477524,0.3194202482700348
66540,False,0.9539583333333334,576,9.103809066600661,5.037663462936095,491.53132295672094,vector_km,False,4.247994463828945,5119.34152312713,6855.318227824786,-0.1545740998567524,5.045450395903199,False,0.006909873802214861,0.11665087938308716,4.0162759503971746,4.83533700641062,True,0.1458156853914261,0.36662477254867554
66574,False,0.9484027777777778,576,8.542439921423465,4.993233014392314,487.6146655809375,vector_km,False,4.125130597916723,4727.607750131536,6855.070932642617,-0.0994181918583914,4.998197206380441,False,0.026403216645121574,0.11582425236701965,-1.4333569539622726,5.064803877174982,False,0.19818000495433807,0.2546707093715668
66598,False,0.951875,576,10.495938030151592,5.324586534272167,491.6546541107341,vector_km,False,4.395694962015114,2104.6736293592658,6855.243726304071,-0.3150510623049163,5.341361710743241,False,0.012140467762947083,0.116192527115345,3.7510169486634215,5.124860400550266,True,0.17491836845874786,0.36272791028022766
66599,False,0.9525694444444445,576,9.039541225940411,5.560773135414235,487.5790076293374,vector_km,False,4.7036738136544045,4582.514595335553,6855.309341730148,0.16538628636045827,5.5515763892161045,True,0.004646713379770517,0.11702846735715866,-0.7876081233104903,5.604570246426386,False,0.10535255074501038,0.2529553771018982
66611,False,0.9553472222222222,576,7.874667699856218,4.506950747386208,488.52782616565673,vector_km,False,4.276725614456609,2549.1509339676504,6855.180881549778,0.0729490478844963,4.503662979720072,True,0.018048930913209915,0.11626975238323212,0.011017360653309272,4.506454210366799,True,0.09090113639831543,0.27257540822029114
66614,False,0.9532638888888889,576,10.201065728743743,4.883156704246139,491.6192097468065,vector_km,False,3.718074022062865,2148.1439734362684,6854.567587482624,-0.047325707571155284,4.8854677027129645,False,0.01833902671933174,0.11620637774467468,0.8418375155828439,4.842048469080913,True,-0.056284718215465546,0.30483585596084595
66633,False,0.9511805555555556,576,10.242183913921508,4.692072312830272,466.86587303657325,vector_km,False,3.834880301272733,2927.155855211752,6830.632092182293,-3.040976053763056,4.834757118592785,False,-0.20282956957817078,0.27585193514823914,-11.456988612295959,5.229642514537627,False,0.09400074928998947,0.9720953702926636
66822,False,0.9532638888888889,576,9.812104300456667,4.543658772799946,579.5253278598348,vector_km,False,3.7551076499030387,4629.01850127061,6943.57946020605,0.493838851913575,4.521220430432096,True,0.03950168192386627,0.06457411497831345,-0.8090896762887878,4.580421056937369,False,-0.0920768454670906,0.06768777966499329
66823,False,0.9539583333333334,576,9.653405560212377,5.514683254934412,578.6053528234916,vector_km,False,5.263031879065238,2496.740488138923,6943.681398567933,-0.22092956596955204,5.5268668307362265,False,0.03956245630979538,0.06459740549325943,0.9750305233260925,5.460913419836546,True,-0.08735004812479019,0.06518527120351791
66831,False,0.9532638888888889,576,14.015387277820082,7.423379095129966,578.6441252507193,vector_km,False,6.923417951206375,2021.9836460995543,6943.7478865561125,-0.07680158594061126,7.429080378013089,False,0.03942352160811424,0.06462795287370682,0.44522201483391255,7.390328587109346,True,-0.08747050166130066,0.06544381380081177
66832,False,0.9511805555555556,576,12.157598864018837,6.7420699458668585,583.3085738842315,vector_km,False,5.450902693290118,3696.9197400235953,6943.654275046316,0.24606149679287093,6.72548031761863,True,0.039445631206035614,0.06458622217178345,-1.048051192973798,6.812730300470449,False,-0.09520271420478821,0.07247401028871536
66840,False,0.951875,576,9.773717185555142,5.868073757885271,583.2878301948822,vector_km,False,5.13470045405893,2467.417071095131,6943.773559605925,0.3720755717539159,5.84624009886247,True,0.039461035281419754,0.06455431878566742,-1.380848719227279,5.9491029893524265,False,-0.09487178176641464,0.07275395840406418
66870,False,0.951875,576,7.3142480435990365,4.654930579478934,488.2438625253726,vector_km,False,4.2752225890626505,2501.8819486838174,6855.3997159378905,0.08759843055804462,4.650852943338984,True,0.013482378795742989,0.1164187490940094,-0.305279450495366,4.669141136003436,False,0.10278400778770447,0.3176417946815491
66903,False,0.9504861111111111,576,10.848463925083706,8.038723291845473,473.6444651488873,vector_km,False,7.512444556043647,3716.330614381466,6830.787049426117,-1.9191299957749486,8.192996852008541,False,-0.21631163358688354,0.2761234641075134,-6.077424346821192,8.52727062896542,False,-0.3936518430709839,0.9880406856536865
66929,False,0.964375,576,11.377710960315198,6.05668264159015,470.71700842613154,vector_km,False,5.54838402445057,4960.860750042377,6830.787222017336,-3.7573405425973982,6.2842528443948105,False,-0.20620645582675934,0.2769440710544586,-5.116219651221754,6.3665558396229445,False,0.20326413214206696,0.8509654402732849
67026,False,0.964375,576,11.68799323845451,6.505298027886202,583.3552257438196,vector_km,False,5.334281690645184,3777.09640239254,6943.543430966154,0.26623329548407515,6.487978768538876,True,0.039635419845581055,0.0644759088754654,-1.127298927392295,6.578632192890965,False,-0.09534641355276108,0.07281839102506638
67075,False,0.9595138888888889,576,12.768177796228883,6.848152751914329,578.6391846974475,vector_km,False,6.468790239160626,5657.354466743512,6943.668979199347,0.2609718235857761,6.830281012769621,True,0.039584629237651825,0.06452753394842148,-0.1913163441204624,6.861254397418207,False,-0.09170312434434891,0.0673297867178917
67080,False,0.9490972222222223,576,11.627942022571006,6.348662054260952,582.8863536425961,vector_km,False,5.282359103637191,4843.2623589531995,6943.600087693436,0.04739354771633453,6.345653208076178,True,0.03970067948102951,0.06451345980167389,-0.4817026403863167,6.379243737053702,False,-0.09022268652915955,0.06798204034566879
67171,False,1.9504861111111111,576,10.879741595082123,5.435915874017222,491.65471912681323,vector_km,False,4.4329687517929415,3030.4656472977927,6855.033350920068,-0.2838126721880663,5.451343702145547,False,0.014138569124042988,0.11618117243051529,1.8058433551631836,5.337751758233437,True,0.14698706567287445,0.3372857868671417
67173,False,0.9609027777777778,576,8.982860272896687,5.743627865198226,487.5907353947059,vector_km,False,5.033540160805387,3003.427135612795,6855.144644061396,0.09865472849129864,5.737961514712398,True,0.015555856749415398,0.11637110263109207,-0.6873428428044726,5.7831062903157235,False,0.1910669505596161,0.32975447177886963
67196,False,0.958125,576,13.783206736768989,7.651754267168794,582.5185474472883,vector_km,False,7.02997400580216,4967.318095681547,6943.76751831145,-0.02715153788805935,7.653831846130461,False,0.03976058214902878,0.06448015570640564,-0.24826199238332514,7.67075067478957,False,-0.08937403559684753,0.06712836772203445
67204,False,0.9636805555555555,576,13.554141211347996,7.874421741907213,578.4934709121931,vector_km,False,7.490537495799799,2804.6525695740656,6943.69407663793,-0.02976290174223628,7.876765408316002,False,0.03989652916789055,0.0644768476486206,0.5281192531684797,7.832835414559704,True,-0.08803562819957733,0.0650954470038414
67207,False,0.9636805555555555,576,11.633246835021964,6.874930487471455,583.226595929581,vector_km,False,6.457616503892041,2774.540638709778,6943.669482620764,0.3973637631655591,6.847612014931686,True,0.039702240377664566,0.06450356543064117,-1.0194527816740129,6.945017167666083,False,-0.09533637762069702,0.07141198217868805
67215,False,1.9622916666666668,576,13.417222400821629,7.7095046299902386,583.4273847477052,vector_km,False,6.961383784494501,4324.298382957042,6943.845824802067,0.09309780403763401,7.702327260468228,True,0.03979996219277382,0.06440419703722,-0.7053065504056377,7.763880281219916,False,-0.0939699113368988,0.07222145795822144
67306,False,0.964375,576,9.614266321557807,5.924643772567465,488.61725362970265,vector_km,False,5.884198593376368,5054.640654965036,6855.13606369414,0.0036019895608863095,5.924430377516897,True,0.048140253871679306,0.11441878974437714,-0.7582180383692183,5.969565500436012,False,0.25747981667518616,0.3128032982349396
67311,False,0.9588194444444444,576,9.727205906247036,5.336823070733814,491.64911545720315,vector_km,False,4.558763795891537,4388.075818407462,6855.3447933202515,-0.15254591078519564,5.344964186109315,False,0.010717615485191345,0.11661136895418167,0.6020363233824377,5.304693467273139,True,-0.01464866567403078,0.312601774930954
67318,False,1.964375,576,10.608830819823197,5.801226362056548,491.6535310115173,vector_km,False,4.988439903905601,4635.278149649728,6855.317179818252,-0.21721303477402198,5.813827391913403,False,0.015312420204281807,0.11594889312982559,3.436679196896264,5.601856832163221,True,0.23396740853786469,0.3744439482688904
67331,False,0.9609027777777778,576,8.863588180329316,4.59102610706627,491.69361611612976,vector_km,False,3.711858631792893,3492.7667523426985,6855.210084847759,-0.3803851483018317,4.608489698570248,False,0.0025590460281819105,0.11681592464447021,3.7739828934609587,4.417761576773864,True,0.18814213573932648,0.36188167333602905
67404,False,1.9588194444444444,576,10.063102220467044,4.981649406588632,491.6848074961981,vector_km,False,3.9684948143813017,4613.897896368262,6855.113736121795,-0.3627926279437643,4.999722473422019,False,0.006183371879160404,0.11651147156953812,2.4428246946847976,4.859956454437584,True,0.1430157870054245,0.3377361297607422
67414,False,0.9615972222222222,576,8.98134134148495,4.541192885363379,491.70019872489,vector_km,False,3.6469612271848746,4613.137478251641,6855.447710249796,-0.42404091268704036,4.560449411163757,False,0.0035092830657958984,0.11668646335601807,4.0892560417084445,4.355491890524097,True,0.19636894762516022,0.3629532754421234
67428,False,0.9595138888888889,576,8.91467378438665,5.226294554868472,490.59870648860397,vector_km,False,4.646518924775137,4611.577885089257,6855.146542566415,-0.06675596488743274,5.22978342823311,False,0.007324271835386753,0.11675123870372772,2.8569807578257556,5.076980334802887,True,0.13043077290058136,0.3334614038467407
67456,False,0.9602083333333333,576,10.45921688544604,6.2081014997688815,487.5094436030722,vector_km,False,5.252018456057613,1711.3749531519989,6855.055819653253,0.10820914841350726,6.201383775992515,True,0.010681040585041046,0.11680188030004501,-1.4358113217033397,6.297238134108979,False,0.24534691870212555,0.3232581317424774
67457,False,0.9595138888888889,576,9.90480264823509,4.930996597264626,491.6758783724631,vector_km,False,3.9958775481700286,4486.161480538225,6855.221915493383,-0.30661289505586886,4.946115678717266,False,0.012857875786721706,0.11619089543819427,1.6811956415697882,4.8480969072173385,True,0.10805211961269379,0.33763551712036133
67470,False,0.964375,576,10.583716534159976,6.054456722316,487.56789468499574,vector_km,False,4.865040261557169,1938.2202139713809,6855.147867913685,0.0882060109895999,6.049116337545333,True,0.00996695552021265,0.11671078950166702,-1.2955772291429968,6.1328968950882015,False,0.22593270242214203,0.27932009100914
67515,False,0.9595138888888889,576,7.600905667693041,4.84109689647259,489.8534202788387,vector_km,False,4.603986726868243,5373.265804245984,6855.31793778435,0.0309593868532132,4.839598132553376,True,0.013945583254098892,0.11641063541173935,0.5779570024180947,4.813117447907786,True,0.04406776279211044,0.31272685527801514
67537,False,0.9609027777777778,576,12.795774262152008,10.187136555185083,479.26269542356613,vector_km,False,9.960212737456459,2192.116602632433,6833.310264063559,-2.209847187144809,10.412256716021426,False,-0.278388649225235,0.2603183686733246,-16.267593423367654,11.844338523092613,False,-1.8359642028808594,0.5308433771133423
67568,False,0.964375,576,13.019324826963384,7.944285847572169,476.38046201628595,vector_km,False,7.200291621843007,2421.858057477344,6833.2942804356335,-1.8995386426249539,8.09519063731734,False,-0.2653525173664093,0.2436159998178482,-18.346246782480115,9.401764146108025,False,-1.604458212852478,1.0104453563690186
67584,False,0.9636805555555555,576,12.566039104514857,6.624887685916292,473.40376376140193,vector_km,False,4.798880791907322,2425.3071895488483,6833.145883587802,-1.8353813504674577,6.746479649176553,False,-0.22877410054206848,0.21572159230709076,-15.581327354201125,7.657133134665202,False,-1.1230403184890747,0.8490425944328308
67596,False,0.958125,576,13.065954719326328,10.486478409138813,479.1096515645431,vector_km,False,10.206321657220542,3374.635330257715,6833.332150261868,-1.9202620435418094,10.68784628392574,False,-0.246511772274971,0.2287195771932602,-13.251131151867511,11.876055427671181,False,-1.6252646446228027,0.686976432800293
67609,False,0.9636805555555555,576,12.95412330948966,5.958819449653666,470.98055000288923,vector_km,False,4.615627107394175,2266.579457134675,6833.3900991131995,-1.1747214578491816,6.028818990480711,False,-0.238242045044899,0.22044067084789276,-8.102112244367188,6.441609700714001,False,-0.8448624610900879,0.7620213031768799
67619,False,0.9497916666666667,576,11.27039060165771,5.79793834098863,491.6424604125368,vector_km,False,4.898905821966309,4228.350403308438,6855.242783499864,-0.27455019909281564,5.813856602274548,False,0.020087745040655136,0.11591329425573349,1.6434539023804096,5.702651906901696,True,0.1535622477531433,0.3384084105491638
67620,False,0.958125,576,8.1480362735183,4.403463398411154,491.1689414859611,vector_km,False,3.5314979177296664,3563.645321881098,6855.154773209657,-0.04510865853024626,4.405449751683559,False,0.030576808378100395,0.11567163467407227,4.154626301575359,4.220515959465057,True,0.20714272558689117,0.3654267489910126
67624,False,0.9615972222222222,576,10.667666272266615,6.272363150457157,487.63961180124716,vector_km,False,5.30700890336675,2924.729046831857,6855.016403465988,-0.010119055662261012,6.272997864376703,False,0.025387251749634743,0.11613190919160843,-1.8560784713640421,6.388783142724172,False,0.26362720131874084,0.29614338278770447
67631,False,0.9588194444444444,576,10.206567225673098,5.370695400573839,491.59199159664195,vector_km,False,4.4965503268563225,2905.9189006630195,6855.444259174041,-0.29564347081392217,5.386573520892504,False,0.014076686464250088,0.1161206066608429,3.670565245722679,5.173560531379693,True,0.19199848175048828,0.3739737570285797
67641,False,0.9636805555555555,576,10.252285182172272,5.217366402033588,491.72156331264387,vector_km,False,4.300035538776683,5054.122510569539,6855.226740807853,-0.3632935186619335,5.236320766053351,False,0.0016103445086628199,0.11698522418737411,0.9743591084706793,5.166530527175649,True,0.009350154548883438,0.32356059551239014
67657,False,0.9602083333333333,576,13.389098981786447,8.21886678127525,476.7488322078798,vector_km,False,7.384880103375963,3689.0278712800473,6833.364951062489,-1.7026888859308587,8.358808522679755,False,-0.26377201080322266,0.2421121597290039,-18.56990682354467,9.745102696366319,False,-1.6356467008590698,1.0255404710769653
67693,False,0.9615972222222222,576,11.996714812995378,5.946266461651912,471.671936639209,vector_km,False,4.1809473368853105,4706.487619661322,6833.3046583592495,-4.01204605455896,6.184833421021384,False,-0.2548235356807709,0.23447275161743164,-19.548819965328068,7.108691398853809,False,-1.2364166975021362,0.8939377069473267
67696,False,0.9615972222222222,576,12.73119461141414,9.69433936997104,479.1788095182792,vector_km,False,9.975567902683451,4703.142090599265,6833.162133594744,-2.390788583231407,9.926110539087095,False,-0.2574458718299866,0.23778925836086273,-14.40827024911946,11.091125996704081,False,-1.4738956689834595,0.48037010431289673
67722,False,0.9629861111111111,576,14.173901857197052,10.776794023789185,479.1870555896303,vector_km,False,10.332914968529167,3137.1586593010793,6833.330939413687,-1.8700598644741717,10.978326533692124,False,-0.2597736418247223,0.24001657962799072,-14.51462502379426,12.341005277380317,False,-1.883767008781433,0.9380223751068115
67724,False,0.964375,576,12.735771758190822,10.061814884751458,479.0885401332753,vector_km,False,9.906129968077039,3135.8106961872904,6833.4097983171505,-2.087511744917303,10.271856462431234,False,-0.244680717587471,0.22948017716407776,-13.267019774398658,11.396717866501525,False,-1.513745903968811,0.4187072813510895
67726,False,0.9615972222222222,576,13.66693559196483,10.112638087751563,478.9856159558676,vector_km,False,9.716280924558305,3138.41755800123,6833.187730407972,-2.018132541372064,10.316724537993476,False,-0.22730249166488647,0.22081723809242249,-12.300932966639454,11.356586931314826,False,-1.388907790184021,0.3883136510848999
67731,False,0.9588194444444444,576,12.323623646280794,6.19968653796022,472.2430607340211,vector_km,False,4.319562674989811,2699.3229205219386,6833.3339876196405,-3.7886275495646826,6.434569580502897,False,-0.2495850771665573,0.23044319450855255,-19.56603529086256,7.412719405856976,False,-1.2625592947006226,0.8872118592262268
67855,False,0.958125,576,10.547692743680273,5.147873987236286,474.8835449186845,vector_km,False,4.488649589667602,1902.1388486167316,6839.4291572406255,-1.8915406649582245,5.245248127274821,False,-0.24843212962150574,0.22636759281158447,-7.179796373884262,5.5174808678219875,False,-0.5788153409957886,0.6500788927078247
67863,False,0.9622916666666667,576,11.564443578821738,5.389217119065918,466.8763977859858,vector_km,False,4.554589147458955,1865.588292517461,6830.84275896167,-2.542084939169076,5.5262156060430225,False,-0.20092910528182983,0.27392739057540894,-10.643008331372329,5.9627919571081485,False,0.19898782670497894,0.9480019211769104
67872,False,0.9609027777777778,576,11.495074569563258,5.84872484565337,474.8406780711093,vector_km,False,5.4838437154207895,4533.963722330341,6838.834451182467,0.3448240656581225,5.828557044816949,True,-0.24829138815402985,0.22641457617282867,-2.482341573720226,5.9939101842777625,False,-0.3026766777038574,0.5310554504394531
67917,False,0.9615972222222222,576,8.486788398306999,5.326632321128194,487.5059995128104,vector_km,False,4.908386333888757,3058.221407530932,6855.2413369164715,0.10899069512987358,5.320826797523485,True,0.009883313439786434,0.11662841588258743,-0.5124707122308836,5.353929761773448,False,0.13463078439235687,0.24532850086688995
67918,False,1.9615972222222222,576,10.196603115319704,5.6878891778426315,491.4591348297945,vector_km,False,4.928828831566079,4673.126466649592,6855.133614591698,-0.14329261216690092,5.69603951283705,False,0.007497137412428856,0.11661187559366226,3.5874992307690645,5.48383620698178,True,0.15974467992782593,0.3654108941555023
67920,False,1.9622916666666668,576,10.509398727100233,5.643198352631283,491.6597286097931,vector_km,False,4.838573084415202,4646.62890209124,6855.189688376092,-0.26900239527682945,5.658378701396984,False,0.012355431914329529,0.1161324679851532,3.426849482474059,5.449814448746468,True,0.22065669298171997,0.3738004267215729
67931,False,0.9629861111111111,576,9.32578394358552,5.689906360498612,487.53005511805486,vector_km,False,4.901956436781347,2194.888102707167,6855.057977423252,0.12115721139775992,5.6830126386089725,True,0.008187444880604744,0.1167164146900177,-0.8504866866615224,5.738298266663208,False,0.17414291203022003,0.2584955394268036
67932,False,0.964375,576,8.714064827304355,5.149715112302951,489.1374355790076,vector_km,False,4.994468524276726,1874.4062664467187,6855.134717184829,0.08791942273423947,5.145187522494965,True,0.008069447241723537,0.1168416291475296,0.6204772713954365,5.117762310427448,True,0.12826603651046753,0.2870880961418152
67971,False,0.9595138888888889,576,12.943312981550662,5.875549716805758,470.75177267234403,vector_km,False,4.8024684608758434,4392.671198048336,6833.50486721388,-1.693851807954605,5.975072832080529,False,-0.2722145617008209,0.2517877519130707,-14.526048203189523,6.729034912323933,False,-1.209432601928711,0.8333826661109924
67991,False,0.9560416666666667,576,9.484267241475209,5.130382965404095,491.3687853540532,vector_km,False,4.411923338070665,2216.2509587544737,6855.296088645329,-0.06471549380606678,5.133703128080771,False,0.019750740379095078,0.11613837629556656,0.8243817521577324,5.088089034339057,True,-0.04511711373925209,0.3036940097808838
68057,False,1.9609027777777779,576,11.623766179092854,8.38504522025031,473.6855937844157,vector_km,False,7.499211326808108,4261.743706658457,6830.537203116958,-1.8186583912064958,8.537540558936719,False,-0.21522705256938934,0.2777695655822754,-5.647498842158738,8.858590562543183,False,-0.39803755283355713,0.9967551231384277
68111,False,0.9609027777777778,576,13.58858964657702,10.323975062884479,479.3180350796615,vector_km,False,10.015646396178454,3037.2046773017105,6833.374112956615,-2.152137472998339,10.546161209131034,False,-0.2785642743110657,0.2598598003387451,-17.078155371620095,12.08711957635902,False,-2.0186753273010254,0.8631851673126221
68156,False,0.9609027777777778,576,13.174304043327538,10.396554225409648,479.27086271667804,vector_km,False,10.491037904042969,2118.2151856934565,6833.341825309314,-2.1705538991296347,10.622217048741462,False,-0.272107869386673,0.25214090943336487,-15.485345612985846,12.006496590604351,False,-1.8521374464035034,0.5722953677177429
68160,False,0.9622916666666667,576,12.553702855853771,6.393390277036372,472.4613549501819,vector_km,False,4.526053149449126,1394.659091825782,6833.344011025466,-4.040755074946434,6.651731529520926,False,-0.27228784561157227,0.2511011064052582,-22.845283653924508,7.85397843321229,False,-1.5463787317276,0.9553073048591614
68166,False,0.9629861111111111,576,12.938227959175492,10.416975053796225,479.2759129176434,vector_km,False,10.176852036610853,3304.5843270747755,6833.347539095728,-1.9701893281602656,10.622209194820256,False,-0.2732473313808441,0.25291475653648376,-17.23948612719277,12.212808034792507,False,-2.020657539367676,0.9485849142074585
68195,False,0.9678472222222222,576,10.338676414796282,4.688024650715029,466.97108007691895,vector_km,False,3.9844425713185956,4345.104465632072,6830.833892375012,-4.15236422405032,4.882688519541216,False,-0.2025546282529831,0.27744340896606445,-11.3836698456937,5.22169391037553,False,0.17649433016777039,0.9495999217033386
68219,False,0.9615972222222222,576,12.055688080779873,5.809957150297061,471.4863354359122,vector_km,False,4.461295714462267,3150.44293166173,6833.45810270027,-2.3162142814232567,5.944528217788434,False,-0.27263253927230835,0.2521155774593353,-17.854390264381557,6.847289585889879,False,-1.3329787254333496,0.8729696869850159
68221,False,0.970625,576,12.253441200153247,9.426131658669172,479.3674829601823,vector_km,False,9.805231432065284,2645.7648325553278,6833.4812705454715,-1.7493886620222554,9.59103134734816,False,-0.2776024043560028,0.25839781761169434,-20.439054436813286,11.352743851714163,False,-1.9740159511566162,1.1170612573623657
68252,False,0.9685416666666666,576,11.930901872869981,8.077853891834192,473.70527596148213,vector_km,False,6.691314570644863,3671.924054374359,6830.489083740292,-2.712021221828387,8.296927013920229,False,-0.21562296152114868,0.2810050845146179,-2.9245694775400954,8.314096351487517,False,-0.09390214085578918,0.6337673664093018
68271,False,1.9685416666666666,576,12.132601808727486,5.82949090787818,466.8923857133923,vector_km,False,5.1527302510803565,2898.146279471167,6830.435440310543,0.20010617787437068,5.81782574641288,True,-0.19933174550533295,0.273835688829422,-5.550338293859758,6.153047384630249,False,-0.3259428143501282,0.7895057201385498
68309,False,0.9692361111111111,576,13.007644093332601,10.623002498495824,479.0698480475912,vector_km,False,10.094595291172936,4025.2726324772752,6833.103334798225,-1.942914570568366,10.829398372065233,False,-0.2504890561103821,0.23172405362129211,-13.352512507602343,12.04144024712564,False,-1.6210029125213623,0.6841252446174622
68324,False,0.9699305555555555,576,11.081252045802103,7.973931996045371,473.63785436347507,vector_km,False,7.075048167321256,5201.32924305781,6830.603895559358,-2.549402605662654,8.17721963638126,False,-0.21850931644439697,0.27795475721359253,-1.6894188741075622,8.108645118364006,False,0.007149146869778633,0.6611229777336121
68347,False,0.9657638888888889,576,9.870470899012616,6.289718390250167,472.6546158489791,vector_km,False,5.717563522683122,5210.08821646588,6830.723693963293,-3.58934103313715,6.515477843659124,False,-0.21281656622886658,0.27907392382621765,-2.602404915416412,6.453402341064128,False,0.063388891518116,0.7239276170730591
68348,False,0.9678472222222222,576,11.387908547410916,8.132578781214765,473.6725206937617,vector_km,False,6.799290262791146,5221.269036671685,6830.703829656256,-2.3777646541379704,8.32595237518219,False,-0.21871474385261536,0.27954012155532837,-2.4475408454694536,8.331626978919733,False,-0.04071060195565224,0.6793661713600159
68389,False,0.9713194444444444,576,13.715826905816357,8.991719562044237,478.05741767198106,vector_km,False,8.23718397081393,4812.1714879677165,6833.279649985255,-1.4073718115914735,9.118266498678542,False,-0.23173104226589203,0.21560651063919067,-14.972033970699727,10.337962880920756,False,-1.3401532173156738,0.979171633720398
68392,False,0.9727083333333333,576,13.193172551043972,6.451824456958911,471.6992328949091,vector_km,False,4.511597763781992,5577.652644378916,6833.19831537493,-3.3298234114752523,6.666658828526997,False,-0.2353145331144333,0.21721920371055603,-16.344534262311015,7.506345127505175,False,-1.0915145874023438,0.8257225155830383
68395,False,0.9699305555555555,576,13.055455667703427,10.57644689654928,479.1393707286379,vector_km,False,10.199685478333322,3588.586432017926,6833.196048273775,-1.904188480828406,10.777842390224723,False,-0.2529411315917969,0.23390688002109528,-13.639510406671906,12.019022483024198,False,-1.6528862714767456,0.7344018220901489
68515,False,0.9629861111111111,576,10.518996152385625,4.847599020167956,466.87350266676276,vector_km,False,4.1921962077367425,4517.5848203308315,6830.885168496274,0.4699767384891085,4.824816442350943,True,-0.19916826486587524,0.27357831597328186,-6.928533523188718,5.183466554042914,False,-0.4980628788471222,0.7558397650718689
68533,False,0.9588194444444444,576,11.159914387256322,5.567774827386818,469.60676257292835,vector_km,False,4.994434447414278,4921.316180476408,6830.506274342387,-0.7290757768793288,5.608368135037387,False,-0.20171241462230682,0.27899178862571716,-16.969993061162402,6.512625840952507,False,-0.8540022969245911,0.8480315208435059
68616,False,0.9671527777777778,576,13.437527061644687,6.374690658290555,470.82702327176366,vector_km,False,5.190895724790607,1690.517141095308,6833.454674496486,-1.0729553113774326,6.443088250399859,False,-0.2712680697441101,0.25067809224128723,-6.5162369630305195,6.790080617896561,False,-0.9380769729614258,0.8039937615394592
68617,False,0.9699305555555555,576,12.450780498228596,8.9091425310105,478.8264616056531,vector_km,False,8.619853392605364,4125.037603065712,6833.534999433881,-2.7967719196073215,9.158310937875273,False,-0.2757984399795532,0.2553706765174866,-17.85838399421864,10.500171426576445,False,-1.674994945526123,0.6118376851081848
68667,False,0.9602083333333333,576,13.219062250594106,6.11956319916403,470.7249046258071,vector_km,False,4.947276631317436,3157.3763802024573,6833.235509555161,-3.2045649950554145,6.315668589615189,False,-0.2767127752304077,0.26368385553359985,-13.871737405610428,6.96845294790961,False,-1.3727986812591553,1.0468469858169556
68674,False,0.9650694444444444,576,12.95187072788758,6.533125304051271,473.23622812495614,vector_km,False,5.170221765888982,2938.0901652063185,6833.554984678643,-1.8346942697487156,6.652988189823672,False,-0.27377772331237793,0.25326454639434814,-20.295402983524703,7.85904942395664,False,-1.4577882289886475,0.9207752346992493
68676,False,0.9671527777777778,576,13.596189115301058,10.53697473325981,479.32438886825594,vector_km,False,10.386346809106271,2505.2383872628175,6833.481170612904,-1.8886514519995234,10.735981469745209,False,-0.27693283557891846,0.2574249505996704,-16.762243120648424,12.30320806728634,False,-2.0237767696380615,0.9819846153259277
68709,False,0.9657638888888889,576,13.303706693573986,9.260132130283049,473.6121087464967,vector_km,False,8.266823497429414,2207.205666874722,6829.302128676714,-1.3665063623451879,9.38667243514159,False,-0.20939752459526062,0.27273568511009216,-7.729041384927715,9.975851585704518,False,-0.5397825241088867,1.0373783111572266
68721,False,1.958125,576,10.67681872688172,7.537055981848749,473.6596948347137,vector_km,False,6.895322214278167,4443.056719293601,6830.637447043812,-2.823800588068881,7.749887423269655,False,-0.21649572253227234,0.275701642036438,-0.9198455550406548,7.606385266370694,False,0.08329027891159058,0.6606963276863098
68735,False,0.9664583333333333,576,12.490792074836463,5.839431098095002,470.8203451618824,vector_km,False,4.773132120846185,3341.4853088198565,6833.503687184311,-3.7768728127513196,6.059978994035984,False,-0.27189379930496216,0.25118863582611084,-18.081078889913705,6.895263253471821,False,-1.3270078897476196,0.9753028154373169
68739,False,0.9692361111111111,576,13.976922074597496,10.533862319941555,479.24476566289513,vector_km,False,9.933392259531047,2303.1784549773874,6833.435399614317,-1.7137546702215678,10.71438688757564,False,-0.27778878808021545,0.25867003202438354,-18.046936559075853,12.434901781846499,False,-2.1664276123046875,1.1228177547454834
68740,False,0.9699305555555555,576,12.872882908227439,10.197941380571594,479.3582378381443,vector_km,False,9.757816753412953,2539.1612146610705,6833.211410273261,-2.178305029263816,10.420083660763792,False,-0.2777057886123657,0.2598722577095032,-16.78299326945527,11.909461207774218,False,-1.8779722452163696,0.6484336853027344
68769,False,0.964375,576,13.261937276752178,7.0011500103843725,470.92993784362716,vector_km,False,5.790219121903647,2443.6672838681056,6833.494844187993,-0.627447763170208,7.045078579583464,False,-0.25030142068862915,0.23036716878414154,-1.7058048994574415,7.120575980450455,False,-0.7423529028892517,0.8235535621643066
68807,False,0.970625,576,12.61080488483276,9.975400615761028,479.3989273416414,vector_km,False,9.844304497729809,3275.757887521419,6833.52202165292,-2.245164524176513,10.199364781755097,False,-0.28126657009124756,0.2651645839214325,-16.617712199334388,11.633083992480598,False,-1.8481688499450684,0.560294508934021
68825,False,0.9664583333333333,576,12.927630177534411,7.851524166843691,476.4995963590809,vector_km,False,7.070362083161399,1639.2685039257412,6833.436744232616,-1.7918050092858628,7.9922081803496665,False,-0.2740437686443329,0.2529316544532776,-20.767325270913695,9.482075741373249,False,-1.6379199028015137,1.0216166973114014
68910,False,0.9692361111111111,576,14.151463385059287,7.3050910593869895,470.6494281220166,vector_km,False,6.36631373259479,2955.9184465740364,6833.344434021075,-1.0029810639151204,7.378359749514695,False,-0.27574610710144043,0.26011335849761963,-2.6716561858337817,7.500257986823058,False,-0.8902666568756104,0.8769823312759399
68965,False,0.9588194444444444,576,10.688739672001248,5.058615632499927,466.8245834671402,vector_km,False,4.059499988478819,4333.951993888744,6830.571081254218,-0.11550989520565658,5.064458844127436,False,-0.19843973219394684,0.2779030203819275,-7.772397049612367,5.451791335448821,False,-0.438580185174942,0.8010320663452148
68966,False,0.9629861111111111,576,11.328063524563731,5.184832846560653,467.690797494638,vector_km,False,4.4664154256593065,2934.9679452399173,6830.845973002473,0.015487387934454144,5.184029861382404,True,-0.19948071241378784,0.276424378156662,-14.689400325245195,5.946453711055693,False,-0.7329031825065613,0.7973201274871826
68968,False,0.964375,576,10.50985467675764,5.9961892423052054,471.60102090458804,vector_km,False,5.2883054193143835,1316.4545461251414,6830.757061470362,-1.0414566756921761,6.058636965560474,False,-0.20340698957443237,0.27467989921569824,-16.156276841136187,6.964950187826089,False,-0.7934227585792542,0.933220386505127
68973,False,0.9720138888888888,576,11.606937028482207,5.49033340480639,468.152620858893,vector_km,False,4.562746636135216,4312.284564809869,6830.775432569051,-3.6511359575710056,5.690792952304922,False,-0.20478564500808716,0.276773065328598,-8.205325142405172,5.9408331228933715,False,0.21489426493644714,0.9235192537307739
68976,False,0.958125,576,11.118581716124936,7.975453413916449,473.70772490601166,vector_km,False,7.019884653059307,1307.2069723934687,6830.616552374009,-1.4238590653399719,8.08901264049485,False,-0.21263083815574646,0.28034985065460205,-10.090077221444083,8.780182833149924,False,-0.6102589964866638,1.0499868392944336
69026,False,0.9685416666666666,576,13.786383004760864,7.2749439836123795,470.76236346143196,vector_km,False,6.5145939482958966,3638.08945874626,6833.567723153066,-0.9140814125254471,7.341442904429627,False,-0.27288293838500977,0.25296828150749207,-1.8127895688338613,7.40682341946709,False,-0.9629417061805725,0.9310882687568665
69045,False,0.9657638888888889,576,12.890204124642878,6.825961524120068,470.72803294645473,vector_km,False,5.516115170873491,3308.4531239827747,6833.288905483399,-1.3069567921939695,6.915173902022798,False,-0.27471739053726196,0.2578018307685852,-2.7022306787814365,7.0104147608168805,False,-0.916874885559082,0.8910360336303711
69125,False,0.9657638888888889,576,12.487370816859766,7.159124366872133,475.0743384691323,vector_km,False,6.234045637287181,1206.9180879151177,6833.364662824579,-2.150002332411516,7.313045717955125,False,-0.271544873714447,0.24998828768730164,-19.222064481803102,8.535255880926979,False,-1.5300261974334717,0.9736163020133972
69137,False,0.9699305555555555,576,13.586611471469041,9.354206967399863,479.0406334497711,vector_km,False,8.59171638200587,4229.764487406199,6833.597528381546,-2.622439829994705,9.599515426955342,False,-0.2712687849998474,0.25022390484809875,-16.913183158978917,10.93630113655749,False,-1.682875394821167,0.5887448191642761
69144,False,0.9657638888888889,576,13.586923688224488,6.574280894280811,470.72752485672527,vector_km,False,5.4149967234966425,4212.4134537031405,6833.603272295365,-2.2185537281193657,6.720134858379772,False,-0.27158430218696594,0.25110098719596863,-8.721900762306479,7.147683160587449,False,-1.1058660745620728,0.961675226688385
69151,False,0.9713194444444444,576,11.060467584158687,5.822111401473942,470.704182037427,vector_km,False,5.343995479006935,2540.2501994375953,6830.790358835706,-0.6462661566924988,5.85973774713123,False,-0.20121710002422333,0.27561768889427185,-17.029610623595538,6.813594314919876,False,-0.8197616934776306,0.8979715704917908
69165,False,0.9727083333333333,576,11.627952117944915,6.641126888810652,471.94085670371805,vector_km,False,6.100776017240605,2600.0818213194966,6830.823164846299,-3.4533190194283803,6.8704661971116545,False,-0.21136805415153503,0.27928075194358826,-4.50903371343141,6.9405775496297855,False,0.07217917591333389,0.7698076963424683
69198,False,0.9678472222222222,576,10.20874039854516,7.444673713564858,473.67735855867477,vector_km,False,7.323409748328231,2865.654552700238,6830.574347467641,-1.5559602622935875,7.560509888360939,False,-0.2097073793411255,0.27847203612327576,-11.39735359544687,8.293169511866866,False,-0.6954986453056335,1.0479427576065063
69211,False,0.970625,576,13.525765325770408,10.612570963179651,479.2597525582514,vector_km,False,10.588263640038804,2745.0737621279804,6833.329732373746,-2.054638824337096,10.83062097665493,False,-0.27239131927490234,0.252115935087204,-15.371056174361497,12.24383521901108,False,-1.9191335439682007,0.7942259907722473
69220,False,0.9678472222222222,576,13.650351257587317,6.287125640338205,470.7750384424153,vector_km,False,5.125009818815215,1261.2816327519818,6833.188297665647,-3.2152179267937564,6.489270441327928,False,-0.27080392837524414,0.24973216652870178,-15.191582618599831,7.242239537844515,False,-1.31486177444458,0.9838321208953857
69224,False,0.9657638888888889,576,13.543941352363618,6.918601117387839,470.8397748628895,vector_km,False,5.599793450589004,3082.245413358564,6833.35007874367,-0.8640900574612642,6.978384071845,False,-0.26831763982772827,0.24686090648174286,-2.612217289340024,7.099330022217938,False,-0.880294680595398,0.8381300568580627
69225,False,0.9713194444444444,576,12.207990998662353,5.827741319751063,470.9448917593909,vector_km,False,4.220378618049381,4180.244828317833,6833.260661955196,-2.277882799625619,5.9604904471081355,False,-0.26251548528671265,0.24133265018463135,-15.894342051394329,6.754022470572173,False,-1.2165265083312988,0.8466624021530151
69231,False,0.9699305555555555,576,12.951525478374606,10.17346540186508,479.21302521527105,vector_km,False,9.989835862242671,4192.285988130798,6833.442550789507,-1.9078881257681424,10.367563750437183,False,-0.26765939593315125,0.2472001165151596,-17.708685200845164,11.975052375669135,False,-2.0375635623931885,1.0719140768051147
69238,False,0.9720138888888888,576,11.972212676131676,7.3212668537048335,472.8860429518263,vector_km,False,6.292234527651544,4341.040076448224,6830.468224755805,-0.9977939544716596,7.394318021861618,False,-0.20363619923591614,0.2751264274120331,-12.448061030720247,8.232622631120709,False,-0.7278240919113159,1.0094605684280396
69245,False,1.9713194444444444,576,15.543078881101792,10.970753435271394,473.684213242499,vector_km,False,9.710718383227686,4365.8677928718225,6828.421079224437,-1.79904981487089,11.168122764818492,False,-0.2174224555492401,0.28322798013687134,-2.7219208318348453,11.269368668707477,False,-0.1945863515138626,0.7565845251083374
69319,False,0.9775694444444445,576,13.560689387052662,6.960210268979464,470.85092915018186,vector_km,False,5.611344947350972,1722.6904446830235,6833.307964268955,-1.3497093771895674,7.054152889786962,False,-0.2690182328224182,0.24805641174316406,-3.6551548009673196,7.214616739149003,False,-1.0266562700271606,0.9413410425186157
69330,False,0.9803472222222223,576,12.6439932335079,10.038903898265275,479.2441080861913,vector_km,False,10.122815590435948,2056.6937081347633,6833.315336843036,-2.282750027470515,10.26806698998894,False,-0.2659464180469513,0.24560904502868652,-15.380377138890422,11.582925189967286,False,-1.7121257781982422,0.4109094738960266
69333,False,0.9789583333333334,576,13.510328350836062,8.686723896122007,477.5119150883629,vector_km,False,7.872634963083328,1775.0262429309519,6833.363920083408,-2.8107082569982067,8.930882372214016,False,-0.2599458396434784,0.24174992740154266,-18.317530630529323,10.27791721841542,False,-1.6511842012405396,0.6796694397926331
69336,False,0.9803472222222223,576,13.45095824125383,6.22225996392496,470.8644730358633,vector_km,False,5.099096554992684,1747.398895037063,6833.385370710386,-3.078789705279039,6.413830273437859,False,-0.2590240240097046,0.23927125334739685,-14.894552902626202,7.149037777480148,False,-1.2473649978637695,0.9514342546463013
69345,False,0.9803472222222223,576,13.153189896256663,7.429922415349773,475.09491560477636,vector_km,False,6.308196741949359,3787.5047343579868,6833.331528961052,-1.9443795154185262,7.57438831499976,False,-0.271304726600647,0.24972094595432281,-18.674382513649633,8.817414559527023,False,-1.56654691696167,0.9734570980072021
69356,False,0.9713194444444444,576,6.365136350335888,4.206110572953616,423.1090910855719,vector_km,False,4.135484921830994,5532.723664136572,6789.000416129893,-44.82020876089678,6.091298126947599,False,2.6444451808929443,0.6677669286727905,-42.613538786772054,5.998483147635079,False,2.3301899433135986,1.0019540786743164
69362,False,0.9671527777777778,576,41.17497482172803,29.958453213629465,442.10349849628255,vector_km,True,20.3655494761706,3001.7946033541584,6785.943927586593,0.6637492911702125,29.759604202712065,True,0.27322667837142944,0.5951089262962341,-2.024574184727701,30.564984333738792,False,-0.5910651683807373,0.8133036494255066
69369,False,0.9664583333333333,576,33.38670292482493,26.221660743747364,435.09303118507296,vector_km,True,11.89694401864108,2980.3541497517253,6787.171810027414,2.0341928473062043,25.68826160624974,True,0.584698498249054,0.2591955065727234,0.4219462611763314,26.111019436578587,True,0.16171428561210632,1.0378382205963135
69468,False,1.9713194444444444,576,11.43381600700468,8.366574646270703,470.64928642509994,vector_km,False,7.649697838511656,4340.597255278513,6827.590925578323,-1.1551822409078483,8.46322384087224,False,-0.10757961869239807,0.28276631236076355,3.193122144469196,8.099419708187776,True,0.6345333456993103,0.953709602355957
69529,False,0.9720138888888888,576,11.412192876515292,8.174019707522032,473.70283085042365,vector_km,False,6.920750447337468,4212.238431774718,6830.724145233033,-2.376780298243708,8.368298207742653,False,-0.21766060590744019,0.27921539545059204,-1.5538203030125652,8.30102929546514,False,0.028803765773773193,0.6877570152282715
69554,False,0.9782638888888889,576,13.305842907105216,6.989883849182435,470.838119212347,vector_km,False,5.6779128054777175,2504.902251558743,6833.360638998851,-0.7745978066655113,7.044027346244128,False,-0.2553223967552185,0.23504017293453217,-1.8698044610272913,7.120581019402055,False,-0.7682743072509766,0.8314314484596252
69555,False,0.9754861111111112,576,13.293324985551408,7.014898451653268,470.83702032857263,vector_km,False,5.776639082566817,2493.4045146948724,6833.407303560964,-0.7236879960538012,7.065664439755615,False,-0.2564026713371277,0.2351781725883484,-1.8131536952926242,7.14208935233176,False,-0.7643818259239197,0.8260098099708557
69556,False,0.9775694444444445,576,13.521776733036859,6.41164507410334,470.80149912097295,vector_km,False,5.15597742062846,3387.944291073986,6833.349439364598,-0.9554404249451531,6.472904533140872,False,-0.26512765884399414,0.24364638328552246,-4.340005210731923,6.689910814847062,False,-0.9064297080039978,0.8009350299835205
69563,False,0.9796527777777778,576,12.044091165214923,9.97024214990919,479.2165894079326,vector_km,False,9.796636010790735,3831.861228060433,6833.349802262822,-1.81524246862097,10.151226229820216,False,-0.2663883566856384,0.24586473405361176,-19.047152890991548,11.869289427709193,False,-2.0311901569366455,1.1018046140670776
69669,False,0.9789583333333334,576,13.300033096355946,10.551397614985742,479.1239571295491,vector_km,False,10.320352488197386,3308.337719630728,6833.326374927357,-1.7425790214922188,10.735264066472972,False,-0.25040867924690247,0.2316308170557022,-15.229948738995013,12.158370074518608,False,-1.8285740613937378,0.9900457262992859
69691,False,0.9754861111111112,576,21.15511560516279,10.798588527350335,465.6603491893111,vector_km,True,7.33171411325884,1667.399733878879,6830.123215324444,1.7068026922432367,10.61427793747057,True,-0.16473501920700073,0.2928227186203003,-3.388441547140375,11.164492397854653,False,-0.23429615795612335,1.5213654041290283
69708,False,0.9789583333333334,576,13.352908624368865,6.082868444274943,471.00806202707736,vector_km,False,4.500502699802837,3388.5990759684055,6833.0071734213925,-1.63346009769183,6.1822296832706085,False,-0.24156257510185242,0.2247903198003769,-11.43534838626219,6.778465653899325,False,-0.9446746110916138,0.7909916043281555
69724,False,0.9803472222222223,576,34.64654575725035,21.164976548214945,463.41045598298206,vector_km,True,12.11036396714644,2087.241139778662,6837.84065989641,0.5640848882501381,21.045588123848372,True,-0.1837669014930725,0.286388635635376,-3.354956679947252,21.87505235306405,False,0.5442839860916138,0.9955272674560547
69749,False,0.9782638888888889,576,16.97840147311581,8.526293484410594,391.9192246138905,vector_km,False,6.244989175603678,4026.2460897915275,6757.740106951775,0.3111081258002746,8.499767502519903,True,0.03078966587781906,0.14487193524837494,0.811112286217397,8.457135680318476,True,0.0639081597328186,0.5289474725723267
69836,False,0.9720138888888888,576,10.623082859538954,7.619956462290758,429.63482627955136,vector_km,False,6.920108097277534,4731.276815989431,6787.245498237977,23.855112380941335,5.802207292446985,True,2.509852647781372,0.6420166492462158,11.510126918165009,6.742889811221162,True,1.2237988710403442,0.8322955965995789
69845,False,0.9671527777777778,576,9.337250098224104,5.611843191170065,422.8073485926702,vector_km,False,5.209683877440966,3061.937259609728,6787.273077544256,-22.859363427032342,6.894674833480735,False,2.424530506134033,0.6250311136245728,-42.91007769880617,8.019889479127311,False,3.5132627487182617,1.3357720375061035
69962,False,0.9782638888888889,576,22.53899094465487,12.041279355424635,420.16142182258955,vector_km,True,8.27185464712511,2973.8807550203383,6774.083347345728,1.261099907415253,11.889426802495654,True,0.14696796238422394,0.5238210558891296,-7.703362237382327,12.968862732958467,False,-0.8457444310188293,0.9799851179122925
69978,False,0.9789583333333334,576,12.395258710200324,8.353980669358435,357.0282523062642,vector_km,False,7.942987321788678,1328.4954226643736,6712.551800280171,-0.09308545161719195,8.36175702000183,False,-0.025663504377007484,0.11863268166780472,14.46827762487385,7.145303561940535,True,1.6346335411071777,0.8289663791656494
